timestamp,source,x,y,z,yaw,v_surge,v_sway,servo1,servo2,servo5
2026-09-08 04:11:27.109,dummy,0.0,0.0,1.0,53.1,0.0,0.0,,,
2026-09-08 04:11:27.161,dummy,0.035,0.046,1.002,53.1,0.0,0.0,,,
2026-09-08 04:11:27.213,dummy,0.069,0.092,1.003,53.1,0.0,0.0,,,
2026-09-08 04:11:27.264,dummy,0.103,0.137,1.005,53.1,0.0,0.0,,,
2026-09-08 04:11:27.316,dummy,0.137,0.183,1.007,53.0,0.0,0.0,,,
2026-09-08 04:11:27.368,dummy,0.171,0.228,1.009,53.0,0.0,0.0,,,
2026-09-08 04:11:27.419,dummy,0.205,0.273,1.01,52.9,0.0,0.0,,,
2026-09-08 04:11:27.471,dummy,0.239,0.318,1.012,52.9,0.0,0.0,,,
2026-09-08 04:11:27.523,dummy,0.273,0.363,1.014,52.8,0.0,0.0,,,
2026-09-08 04:11:27.574,dummy,0.307,0.408,1.015,52.7,0.0,0.0,,,
2026-09-08 04:11:27.626,dummy,0.341,0.452,1.017,52.6,0.0,0.0,,,
2026-09-08 04:11:27.684,dummy,0.379,0.502,1.019,52.5,0.0,0.0,,,
2026-09-08 04:11:27.736,dummy,0.413,0.546,1.021,52.3,0.0,0.0,,,
2026-09-08 04:11:27.788,dummy,0.447,0.589,1.022,52.2,0.0,0.0,,,
2026-09-08 04:11:27.840,dummy,0.481,0.633,1.024,52.0,0.0,0.0,,,
2026-09-08 04:11:27.892,dummy,0.515,0.676,1.026,51.9,0.0,0.0,,,
2026-09-08 04:11:27.944,dummy,0.548,0.718,1.028,51.7,0.0,0.0,,,
2026-09-08 04:11:28.057,dummy,0.622,0.811,1.031,51.2,0.0,0.0,,,
2026-09-08 04:11:28.108,dummy,0.655,0.852,1.033,51.0,0.0,0.0,,,
2026-09-08 04:11:28.162,dummy,0.689,0.895,1.035,50.8,0.0,0.0,,,
2026-09-08 04:11:28.213,dummy,0.722,0.935,1.036,50.5,0.0,0.0,,,
2026-09-08 04:11:28.264,dummy,0.755,0.974,1.038,50.3,0.0,0.0,,,
2026-09-08 04:11:28.316,dummy,0.788,1.014,1.04,50.0,0.0,0.0,,,
2026-09-08 04:11:28.368,dummy,0.821,1.053,1.041,49.7,0.0,0.0,,,
2026-09-08 04:11:28.420,dummy,0.854,1.091,1.043,49.4,0.0,0.0,,,
2026-09-08 04:11:28.472,dummy,0.887,1.129,1.045,49.0,0.0,0.0,,,
2026-09-08 04:11:28.524,dummy,0.919,1.167,1.047,48.7,0.0,0.0,,,
2026-09-08 04:11:28.575,dummy,0.952,1.203,1.048,48.3,0.0,0.0,,,
2026-09-08 04:11:28.627,dummy,0.984,1.24,1.05,47.9,0.0,0.0,,,
2026-09-08 04:11:28.679,dummy,1.016,1.275,1.052,47.5,0.0,0.0,,,
2026-09-08 04:11:28.732,dummy,1.048,1.31,1.053,47.1,0.0,0.0,,,
2026-09-08 04:11:28.784,dummy,1.081,1.345,1.055,46.6,0.0,0.0,,,
2026-09-08 04:11:28.836,dummy,1.113,1.378,1.057,46.1,0.0,0.0,,,
2026-09-08 04:11:28.888,dummy,1.145,1.411,1.058,45.6,0.0,0.0,,,
2026-09-08 04:11:28.939,dummy,1.176,1.442,1.06,45.1,0.0,0.0,,,
2026-09-08 04:11:28.990,dummy,1.207,1.473,1.062,44.6,0.0,0.0,,,
2026-09-08 04:11:29.042,dummy,1.238,1.504,1.063,44.0,0.0,0.0,,,
2026-09-08 04:11:29.093,dummy,1.269,1.533,1.065,43.4,0.0,0.0,,,
2026-09-08 04:11:29.144,dummy,1.299,1.562,1.067,42.7,0.0,0.0,,,
2026-09-08 04:11:29.196,dummy,1.33,1.589,1.068,42.1,0.0,0.0,,,
2026-09-08 04:11:29.248,dummy,1.361,1.617,1.07,41.4,0.0,0.0,,,
2026-09-08 04:11:29.300,dummy,1.391,1.643,1.072,40.6,0.0,0.0,,,
2026-09-08 04:11:29.351,dummy,1.421,1.669,1.073,39.8,0.0,0.0,,,
2026-09-08 04:11:29.402,dummy,1.451,1.693,1.075,39.0,0.0,0.0,,,
2026-09-08 04:11:29.454,dummy,1.48,1.717,1.077,38.2,0.0,0.0,,,
2026-09-08 04:11:29.506,dummy,1.51,1.74,1.078,37.3,0.0,0.0,,,
2026-09-08 04:11:29.557,dummy,1.539,1.762,1.08,36.3,0.0,0.0,,,
2026-09-08 04:11:29.609,dummy,1.569,1.783,1.081,35.3,0.0,0.0,,,
2026-09-08 04:11:29.661,dummy,1.598,1.803,1.083,34.3,0.0,0.0,,,
2026-09-08 04:11:29.713,dummy,1.627,1.822,1.085,33.2,0.0,0.0,,,
2026-09-08 04:11:29.765,dummy,1.655,1.841,1.086,32.0,0.0,0.0,,,
2026-09-08 04:11:29.816,dummy,1.683,1.858,1.088,30.8,0.0,0.0,,,
2026-09-08 04:11:29.868,dummy,1.712,1.874,1.09,29.5,0.0,0.0,,,
2026-09-08 04:11:29.919,dummy,1.739,1.89,1.091,28.2,0.0,0.0,,,
2026-09-08 04:11:29.971,dummy,1.767,1.904,1.093,26.8,0.0,0.0,,,
2026-09-08 04:11:30.023,dummy,1.795,1.918,1.095,25.3,0.0,0.0,,,
2026-09-08 04:11:30.074,dummy,1.822,1.93,1.096,23.8,0.0,0.0,,,
2026-09-08 04:11:30.126,dummy,1.849,1.941,1.098,22.2,0.0,0.0,,,
2026-09-08 04:11:30.177,dummy,1.875,1.952,1.099,20.5,0.0,0.0,,,
2026-09-08 04:11:30.229,dummy,1.902,1.961,1.101,18.7,0.0,0.0,,,
2026-09-08 04:11:30.281,dummy,1.928,1.969,1.103,16.9,0.0,0.0,,,
2026-09-08 04:11:30.333,dummy,1.954,1.977,1.104,14.9,0.0,0.0,,,
2026-09-08 04:11:30.385,dummy,1.98,1.983,1.106,12.9,0.0,0.0,,,
2026-09-08 04:11:30.436,dummy,2.006,1.989,1.107,10.8,0.0,0.0,,,
2026-09-08 04:11:30.488,dummy,2.031,1.993,1.109,8.6,0.0,0.0,,,
2026-09-08 04:11:30.540,dummy,2.056,1.996,1.111,6.3,0.0,0.0,,,
2026-09-08 04:11:30.592,dummy,2.081,1.999,1.112,4.0,0.0,0.0,,,
2026-09-08 04:11:30.643,dummy,2.105,2.0,1.114,1.7,0.0,0.0,,,
2026-09-08 04:11:30.695,dummy,2.129,2.0,1.115,359.2,0.0,0.0,,,
2026-09-08 04:11:30.746,dummy,2.153,1.999,1.117,356.7,0.0,0.0,,,
2026-09-08 04:11:30.798,dummy,2.176,1.997,1.118,354.2,0.0,0.0,,,
2026-09-08 04:11:30.849,dummy,2.2,1.994,1.12,351.6,0.0,0.0,,,
2026-09-08 04:11:30.901,dummy,2.223,1.99,1.122,349.0,0.0,0.0,,,
2026-09-08 04:11:30.952,dummy,2.245,1.985,1.123,346.4,0.0,0.0,,,
2026-09-08 04:11:31.004,dummy,2.268,1.98,1.125,343.8,0.0,0.0,,,
2026-09-08 04:11:31.055,dummy,2.29,1.973,1.126,341.2,0.0,0.0,,,
2026-09-08 04:11:31.107,dummy,2.312,1.964,1.128,338.6,0.0,0.0,,,
2026-09-08 04:11:31.159,dummy,2.333,1.955,1.129,336.0,0.0,0.0,,,
2026-09-08 04:11:31.210,dummy,2.355,1.945,1.131,333.5,0.0,0.0,,,
2026-09-08 04:11:31.261,dummy,2.375,1.934,1.132,331.0,0.0,0.0,,,
2026-09-08 04:11:31.313,dummy,2.396,1.922,1.134,328.6,0.0,0.0,,,
2026-09-08 04:11:31.365,dummy,2.416,1.909,1.135,326.2,0.0,0.0,,,
2026-09-08 04:11:31.417,dummy,2.437,1.895,1.137,323.9,0.0,0.0,,,
2026-09-08 04:11:31.468,dummy,2.456,1.88,1.138,321.7,0.0,0.0,,,
2026-09-08 04:11:31.519,dummy,2.475,1.865,1.14,319.5,0.0,0.0,,,
2026-09-08 04:11:31.570,dummy,2.494,1.848,1.141,317.4,0.0,0.0,,,
2026-09-08 04:11:31.622,dummy,2.513,1.83,1.143,315.4,0.0,0.0,,,
2026-09-08 04:11:31.673,dummy,2.531,1.811,1.144,313.5,0.0,0.0,,,
2026-09-08 04:11:31.724,dummy,2.549,1.792,1.146,311.7,0.0,0.0,,,
2026-09-08 04:11:31.776,dummy,2.567,1.771,1.147,309.9,0.0,0.0,,,
2026-09-08 04:11:31.827,dummy,2.585,1.75,1.149,308.2,0.0,0.0,,,
2026-09-08 04:11:31.879,dummy,2.602,1.727,1.15,306.5,0.0,0.0,,,
2026-09-08 04:11:31.930,dummy,2.618,1.704,1.152,305.0,0.0,0.0,,,
2026-09-08 04:11:31.981,dummy,2.635,1.68,1.153,303.5,0.0,0.0,,,
2026-09-08 04:11:32.279,dummy,2.723,1.524,1.162,295.9,0.0,0.0,,,
2026-09-08 04:11:32.331,dummy,2.737,1.494,1.163,294.8,0.0,0.0,,,
2026-09-08 04:11:32.383,dummy,2.751,1.463,1.164,293.7,0.0,0.0,,,
2026-09-08 04:11:32.434,dummy,2.764,1.432,1.166,292.7,0.0,0.0,,,
2026-09-08 04:11:32.485,dummy,2.777,1.4,1.167,291.7,0.0,0.0,,,
2026-09-08 04:11:32.537,dummy,2.79,1.368,1.169,290.7,0.0,0.0,,,
2026-09-08 04:11:32.589,dummy,2.802,1.334,1.17,289.8,0.0,0.0,,,
2026-09-08 04:11:32.640,dummy,2.814,1.3,1.171,288.9,0.0,0.0,,,
2026-09-08 04:11:32.692,dummy,2.826,1.265,1.173,288.0,0.0,0.0,,,
2026-09-08 04:11:32.743,dummy,2.837,1.229,1.174,287.2,0.0,0.0,,,
2026-09-08 04:11:32.795,dummy,2.848,1.194,1.176,286.4,0.0,0.0,,,
2026-09-08 04:11:32.846,dummy,2.858,1.157,1.177,285.6,0.0,0.0,,,
2026-09-08 04:11:32.898,dummy,2.869,1.12,1.178,284.8,0.0,0.0,,,
2026-09-08 04:11:32.949,dummy,2.878,1.082,1.18,284.1,0.0,0.0,,,
2026-09-08 04:11:33.001,dummy,2.888,1.043,1.181,283.4,0.0,0.0,,,
2026-09-08 04:11:33.053,dummy,2.897,1.004,1.182,282.7,0.0,0.0,,,
2026-09-08 04:11:33.104,dummy,2.906,0.965,1.184,282.0,0.0,0.0,,,
2026-09-08 04:11:33.156,dummy,2.914,0.924,1.185,281.4,0.0,0.0,,,
2026-09-08 04:11:33.208,dummy,2.922,0.884,1.187,280.7,0.0,0.0,,,
2026-09-08 04:11:33.259,dummy,2.929,0.843,1.188,280.1,0.0,0.0,,,
2026-09-08 04:11:33.311,dummy,2.936,0.802,1.189,279.5,0.0,0.0,,,
2026-09-08 04:11:33.362,dummy,2.943,0.76,1.19,278.9,0.0,0.0,,,
2026-09-08 04:11:33.414,dummy,2.95,0.718,1.192,278.3,0.0,0.0,,,
2026-09-08 04:11:33.465,dummy,2.956,0.675,1.193,277.8,0.0,0.0,,,
2026-09-08 04:11:33.517,dummy,2.961,0.632,1.194,277.2,0.0,0.0,,,
2026-09-08 04:11:33.570,dummy,2.967,0.588,1.196,276.7,0.0,0.0,,,
2026-09-08 04:11:33.621,dummy,2.972,0.544,1.197,276.1,0.0,0.0,,,
2026-09-08 04:11:33.673,dummy,2.976,0.501,1.198,275.6,0.0,0.0,,,
2026-09-08 04:11:33.724,dummy,2.98,0.457,1.2,275.1,0.0,0.0,,,
2026-09-08 04:11:33.776,dummy,2.984,0.413,1.201,274.5,0.0,0.0,,,
2026-09-08 04:11:33.827,dummy,2.987,0.368,1.202,274.0,0.0,0.0,,,
2026-09-08 04:11:33.879,dummy,2.99,0.324,1.203,273.5,0.0,0.0,,,
2026-09-08 04:11:33.931,dummy,2.993,0.278,1.205,273.0,0.0,0.0,,,
2026-09-08 04:11:33.982,dummy,2.995,0.233,1.206,272.5,0.0,0.0,,,
2026-09-08 04:11:34.034,dummy,2.997,0.188,1.207,272.0,0.0,0.0,,,
2026-09-08 04:11:34.086,dummy,2.998,0.143,1.208,271.5,0.0,0.0,,,
2026-09-08 04:11:34.138,dummy,2.999,0.097,1.21,271.0,0.0,0.0,,,
2026-09-08 04:11:34.189,dummy,3.0,0.052,1.211,270.6,0.0,0.0,,,
2026-09-08 04:11:34.240,dummy,3.0,0.007,1.212,270.1,0.0,0.0,,,
2026-09-08 04:11:34.292,dummy,3.0,-0.038,1.213,269.6,0.0,0.0,,,
2026-09-08 04:11:34.342,dummy,2.999,-0.083,1.214,269.1,0.0,0.0,,,
2026-09-08 04:11:34.394,dummy,2.998,-0.128,1.216,268.6,0.0,0.0,,,
2026-09-08 04:11:34.445,dummy,2.997,-0.173,1.217,268.1,0.0,0.0,,,
2026-09-08 04:11:34.497,dummy,2.996,-0.219,1.218,267.6,0.0,0.0,,,
2026-09-08 04:11:34.548,dummy,2.993,-0.263,1.219,267.1,0.0,0.0,,,
2026-09-08 04:11:34.599,dummy,2.991,-0.308,1.22,266.6,0.0,0.0,,,
2026-09-08 04:11:34.651,dummy,2.988,-0.353,1.221,266.1,0.0,0.0,,,
2026-09-08 04:11:34.715,dummy,2.985,-0.397,1.222,265.6,0.0,0.0,,,
2026-09-08 04:11:34.766,dummy,2.98,-0.452,1.224,265.0,0.0,0.0,,,
2026-09-08 04:11:34.818,dummy,2.976,-0.496,1.225,264.5,0.0,0.0,,,
2026-09-08 04:11:34.869,dummy,2.972,-0.54,1.226,263.9,0.0,0.0,,,
2026-09-08 04:11:34.920,dummy,2.967,-0.583,1.227,263.4,0.0,0.0,,,
2026-09-08 04:11:34.971,dummy,2.962,-0.626,1.228,262.9,0.0,0.0,,,
2026-09-08 04:11:35.023,dummy,2.957,-0.669,1.229,262.3,0.0,0.0,,,
2026-09-08 04:11:35.074,dummy,2.951,-0.711,1.231,261.7,0.0,0.0,,,
2026-09-08 04:11:35.125,dummy,2.944,-0.753,1.232,261.2,0.0,0.0,,,
2026-09-08 04:11:35.177,dummy,2.938,-0.795,1.233,260.6,0.0,0.0,,,
2026-09-08 04:11:35.228,dummy,2.93,-0.836,1.234,260.0,0.0,0.0,,,
2026-09-08 04:11:35.280,dummy,2.923,-0.877,1.235,259.4,0.0,0.0,,,
2026-09-08 04:11:35.331,dummy,2.915,-0.917,1.236,258.7,0.0,0.0,,,
2026-09-08 04:11:35.383,dummy,2.907,-0.957,1.237,258.1,0.0,0.0,,,
2026-09-08 04:11:35.434,dummy,2.898,-0.997,1.238,257.4,0.0,0.0,,,
2026-09-08 04:11:35.486,dummy,2.889,-1.036,1.239,256.7,0.0,0.0,,,
2026-09-08 04:11:35.537,dummy,2.88,-1.075,1.24,256.0,0.0,0.0,,,
2026-09-08 04:11:35.605,dummy,2.87,-1.113,1.241,255.3,0.0,0.0,,,
2026-09-08 04:11:35.657,dummy,2.857,-1.162,1.242,254.3,0.0,0.0,,,
2026-09-08 04:11:35.708,dummy,2.847,-1.198,1.243,253.5,0.0,0.0,,,
2026-09-08 04:11:35.759,dummy,2.836,-1.234,1.244,252.7,0.0,0.0,,,
2026-09-08 04:11:35.811,dummy,2.824,-1.269,1.245,251.9,0.0,0.0,,,
2026-09-08 04:11:35.862,dummy,2.813,-1.304,1.246,251.0,0.0,0.0,,,
2026-09-08 04:11:35.913,dummy,2.801,-1.338,1.247,250.1,0.0,0.0,,,
2026-09-08 04:11:35.965,dummy,2.789,-1.371,1.248,249.2,0.0,0.0,,,
2026-09-08 04:11:36.016,dummy,2.776,-1.404,1.249,248.2,0.0,0.0,,,
2026-09-08 04:11:36.067,dummy,2.763,-1.435,1.25,247.2,0.0,0.0,,,
2026-09-08 04:11:36.119,dummy,2.749,-1.467,1.251,246.2,0.0,0.0,,,
2026-09-08 04:11:36.171,dummy,2.736,-1.497,1.252,245.1,0.0,0.0,,,
2026-09-08 04:11:36.222,dummy,2.722,-1.527,1.253,244.0,0.0,0.0,,,
2026-09-08 04:11:36.274,dummy,2.707,-1.556,1.254,242.8,0.0,0.0,,,
2026-09-08 04:11:36.325,dummy,2.692,-1.584,1.255,241.5,0.0,0.0,,,
2026-09-08 04:11:36.377,dummy,2.677,-1.611,1.256,240.2,0.0,0.0,,,
2026-09-08 04:11:36.429,dummy,2.661,-1.638,1.256,238.9,0.0,0.0,,,
2026-09-08 04:11:36.481,dummy,2.645,-1.664,1.257,237.5,0.0,0.0,,,
2026-09-08 04:11:36.533,dummy,2.629,-1.689,1.258,236.0,0.0,0.0,,,
2026-09-08 04:11:36.585,dummy,2.612,-1.713,1.259,234.5,0.0,0.0,,,
2026-09-08 04:11:36.636,dummy,2.595,-1.736,1.26,232.9,0.0,0.0,,,
2026-09-08 04:11:36.688,dummy,2.578,-1.758,1.261,231.2,0.0,0.0,,,
2026-09-08 04:11:36.739,dummy,2.561,-1.779,1.262,229.5,0.0,0.0,,,
2026-09-08 04:11:36.791,dummy,2.543,-1.799,1.262,227.7,0.0,0.0,,,
2026-09-08 04:11:36.842,dummy,2.525,-1.818,1.263,225.8,0.0,0.0,,,
2026-09-08 04:11:36.894,dummy,2.506,-1.837,1.264,223.8,0.0,0.0,,,
2026-09-08 04:11:36.945,dummy,2.487,-1.854,1.265,221.8,0.0,0.0,,,
2026-09-08 04:11:36.997,dummy,2.468,-1.871,1.266,219.7,0.0,0.0,,,
2026-09-08 04:11:37.048,dummy,2.449,-1.886,1.266,217.5,0.0,0.0,,,
2026-09-08 04:11:37.099,dummy,2.429,-1.901,1.267,215.2,0.0,0.0,,,
2026-09-08 04:11:37.151,dummy,2.409,-1.915,1.268,212.9,0.0,0.0,,,
2026-09-08 04:11:37.203,dummy,2.388,-1.927,1.269,210.5,0.0,0.0,,,
2026-09-08 04:11:37.254,dummy,2.368,-1.939,1.27,208.1,0.0,0.0,,,
2026-09-08 04:11:37.305,dummy,2.347,-1.949,1.27,205.6,0.0,0.0,,,
2026-09-08 04:11:37.357,dummy,2.325,-1.959,1.271,203.0,0.0,0.0,,,
2026-09-08 04:11:37.409,dummy,2.303,-1.968,1.272,200.4,0.0,0.0,,,
2026-09-08 04:11:37.461,dummy,2.281,-1.975,1.272,197.8,0.0,0.0,,,
2026-09-08 04:11:37.512,dummy,2.259,-1.982,1.273,195.2,0.0,0.0,,,
2026-09-08 04:11:37.564,dummy,2.237,-1.987,1.274,192.6,0.0,0.0,,,
2026-09-08 04:11:37.615,dummy,2.214,-1.992,1.275,190.0,0.0,0.0,,,
2026-09-08 04:11:37.667,dummy,2.191,-1.996,1.275,187.4,0.0,0.0,,,
2026-09-08 04:11:37.718,dummy,2.167,-1.998,1.276,184.8,0.0,0.0,,,
2026-09-08 04:11:37.770,dummy,2.144,-2.0,1.277,182.3,0.0,0.0,,,
2026-09-08 04:11:37.821,dummy,2.12,-2.0,1.277,179.8,0.0,0.0,,,
2026-09-08 04:11:37.874,dummy,2.095,-1.999,1.278,177.4,0.0,0.0,,,
2026-09-08 04:11:37.948,dummy,2.06,-1.997,1.279,174.0,0.0,0.0,,,
2026-09-08 04:11:37.999,dummy,2.035,-1.994,1.279,171.8,0.0,0.0,,,
2026-09-08 04:11:38.051,dummy,2.01,-1.99,1.28,169.6,0.0,0.0,,,
2026-09-08 04:11:38.102,dummy,1.985,-1.984,1.281,167.5,0.0,0.0,,,
2026-09-08 04:11:38.154,dummy,1.959,-1.978,1.281,165.5,0.0,0.0,,,
2026-09-08 04:11:38.205,dummy,1.933,-1.971,1.282,163.5,0.0,0.0,,,
2026-09-08 04:11:38.257,dummy,1.907,-1.963,1.282,161.7,0.0,0.0,,,
2026-09-08 04:11:38.308,dummy,1.881,-1.954,1.283,159.9,0.0,0.0,,,
2026-09-08 04:11:38.359,dummy,1.854,-1.944,1.284,158.2,0.0,0.0,,,
2026-09-08 04:11:38.410,dummy,1.828,-1.932,1.284,156.6,0.0,0.0,,,
2026-09-08 04:11:38.462,dummy,1.8,-1.92,1.285,155.0,0.0,0.0,,,
2026-09-08 04:11:38.515,dummy,1.773,-1.907,1.285,153.5,0.0,0.0,,,
2026-09-08 04:11:38.566,dummy,1.745,-1.893,1.286,152.1,0.0,0.0,,,
2026-09-08 04:11:38.618,dummy,1.717,-1.877,1.286,150.7,0.0,0.0,,,
2026-09-08 04:11:38.670,dummy,1.689,-1.861,1.287,149.4,0.0,0.0,,,
2026-09-08 04:11:38.721,dummy,1.661,-1.844,1.287,148.2,0.0,0.0,,,
2026-09-08 04:11:38.772,dummy,1.633,-1.826,1.288,147.1,0.0,0.0,,,
2026-09-08 04:11:38.824,dummy,1.604,-1.807,1.288,146.0,0.0,0.0,,,
2026-09-08 04:11:38.876,dummy,1.575,-1.787,1.289,144.9,0.0,0.0,,,
2026-09-08 04:11:38.927,dummy,1.546,-1.766,1.289,143.9,0.0,0.0,,,
2026-09-08 04:11:38.979,dummy,1.517,-1.745,1.29,142.9,0.0,0.0,,,
2026-09-08 04:11:39.031,dummy,1.487,-1.722,1.29,142.0,0.0,0.0,,,
2026-09-08 04:11:39.082,dummy,1.457,-1.698,1.29,141.1,0.0,0.0,,,
2026-09-08 04:11:39.134,dummy,1.427,-1.674,1.291,140.3,0.0,0.0,,,
2026-09-08 04:11:39.186,dummy,1.397,-1.649,1.291,139.5,0.0,0.0,,,
2026-09-08 04:11:39.237,dummy,1.367,-1.622,1.292,138.8,0.0,0.0,,,
2026-09-08 04:11:39.289,dummy,1.337,-1.596,1.292,138.1,0.0,0.0,,,
2026-09-08 04:11:39.341,dummy,1.306,-1.568,1.292,137.4,0.0,0.0,,,
2026-09-08 04:11:39.392,dummy,1.275,-1.539,1.293,136.8,0.0,0.0,,,
2026-09-08 04:11:39.444,dummy,1.244,-1.51,1.293,136.1,0.0,0.0,,,
2026-09-08 04:11:39.495,dummy,1.213,-1.48,1.294,135.6,0.0,0.0,,,
2026-09-08 04:11:39.547,dummy,1.182,-1.448,1.294,135.0,0.0,0.0,,,
2026-09-08 04:11:39.599,dummy,1.15,-1.417,1.294,134.5,0.0,0.0,,,
2026-09-08 04:11:39.651,dummy,1.119,-1.384,1.295,134.0,0.0,0.0,,,
2026-09-08 04:11:39.702,dummy,1.087,-1.351,1.295,133.5,0.0,0.0,,,
2026-09-08 04:11:39.754,dummy,1.055,-1.317,1.295,133.0,0.0,0.0,,,
2026-09-08 04:11:39.805,dummy,1.024,-1.283,1.295,132.6,0.0,0.0,,,
2026-09-08 04:11:39.856,dummy,0.992,-1.248,1.296,132.2,0.0,0.0,,,
2026-09-08 04:11:39.908,dummy,0.96,-1.212,1.296,131.8,0.0,0.0,,,
2026-09-08 04:11:39.960,dummy,0.927,-1.176,1.296,131.4,0.0,0.0,,,
2026-09-08 04:11:40.011,dummy,0.895,-1.139,1.297,131.0,0.0,0.0,,,
2026-09-08 04:11:40.063,dummy,0.862,-1.101,1.297,130.7,0.0,0.0,,,
2026-09-08 04:11:40.115,dummy,0.83,-1.063,1.297,130.4,0.0,0.0,,,
2026-09-08 04:11:40.166,dummy,0.797,-1.024,1.297,130.1,0.0,0.0,,,
2026-09-08 04:11:40.218,dummy,0.764,-0.985,1.298,129.8,0.0,0.0,,,
2026-09-08 04:11:40.270,dummy,0.731,-0.945,1.298,129.5,0.0,0.0,,,
2026-09-08 04:11:40.321,dummy,0.698,-0.905,1.298,129.3,0.0,0.0,,,
2026-09-08 04:11:40.373,dummy,0.664,-0.864,1.298,129.0,0.0,0.0,,,
2026-09-08 04:11:40.425,dummy,0.631,-0.823,1.298,128.8,0.0,0.0,,,
2026-09-08 04:11:40.476,dummy,0.598,-0.781,1.298,128.6,0.0,0.0,,,
2026-09-08 04:11:40.528,dummy,0.564,-0.739,1.299,128.4,0.0,0.0,,,
2026-09-08 04:11:40.579,dummy,0.531,-0.697,1.299,128.2,0.0,0.0,,,
2026-09-08 04:11:40.631,dummy,0.498,-0.654,1.299,128.0,0.0,0.0,,,
2026-09-08 04:11:40.682,dummy,0.464,-0.611,1.299,127.9,0.0,0.0,,,
2026-09-08 04:11:40.734,dummy,0.43,-0.568,1.299,127.7,0.0,0.0,,,
2026-09-08 04:11:40.786,dummy,0.396,-0.524,1.299,127.6,0.0,0.0,,,
2026-09-08 04:11:40.837,dummy,0.363,-0.48,1.299,127.5,0.0,0.0,,,
2026-09-08 04:11:40.889,dummy,0.329,-0.436,1.3,127.4,0.0,0.0,,,
2026-09-08 04:11:40.940,dummy,0.295,-0.392,1.3,127.3,0.0,0.0,,,
2026-09-08 04:11:40.991,dummy,0.261,-0.347,1.3,127.2,0.0,0.0,,,
2026-09-08 04:11:41.043,dummy,0.227,-0.302,1.3,127.1,0.0,0.0,,,
2026-09-08 04:11:41.095,dummy,0.193,-0.257,1.3,127.0,0.0,0.0,,,
2026-09-08 04:11:41.147,dummy,0.159,-0.211,1.3,127.0,0.0,0.0,,,
2026-09-08 04:11:41.199,dummy,0.124,-0.166,1.3,126.9,0.0,0.0,,,
2026-09-08 04:11:41.251,dummy,0.091,-0.121,1.3,126.9,0.0,0.0,,,
2026-09-08 04:11:41.303,dummy,0.056,-0.075,1.3,126.9,0.0,0.0,,,
2026-09-08 04:11:41.354,dummy,0.022,-0.03,1.3,126.9,0.0,0.0,,,
2026-09-08 04:11:41.406,dummy,-0.012,0.016,1.3,126.9,0.0,0.0,,,
2026-09-08 04:11:41.458,dummy,-0.046,0.062,1.3,126.9,0.0,0.0,,,
2026-09-08 04:11:41.510,dummy,-0.08,0.107,1.3,126.9,0.0,0.0,,,
2026-09-08 04:11:41.561,dummy,-0.114,0.152,1.3,126.9,0.0,0.0,,,
2026-09-08 04:11:41.613,dummy,-0.148,0.198,1.3,127.0,0.0,0.0,,,
2026-09-08 04:11:41.665,dummy,-0.182,0.243,1.3,127.0,0.0,0.0,,,
2026-09-08 04:11:41.717,dummy,-0.217,0.288,1.3,127.1,0.0,0.0,,,
2026-09-08 04:11:41.769,dummy,-0.251,0.333,1.3,127.2,0.0,0.0,,,
2026-09-08 04:11:41.821,dummy,-0.285,0.378,1.3,127.2,0.0,0.0,,,
2026-09-08 04:11:41.872,dummy,-0.319,0.423,1.3,127.3,0.0,0.0,,,
2026-09-08 04:11:41.924,dummy,-0.353,0.467,1.299,127.5,0.0,0.0,,,
2026-09-08 04:11:41.976,dummy,-0.387,0.512,1.299,127.6,0.0,0.0,,,
2026-09-08 04:11:42.028,dummy,-0.421,0.555,1.299,127.7,0.0,0.0,,,
2026-09-08 04:11:42.079,dummy,-0.455,0.599,1.299,127.8,0.0,0.0,,,
2026-09-08 04:11:42.131,dummy,-0.488,0.642,1.299,128.0,0.0,0.0,,,
2026-09-08 04:11:42.183,dummy,-0.522,0.686,1.299,128.2,0.0,0.0,,,
2026-09-08 04:11:42.235,dummy,-0.556,0.728,1.299,128.4,0.0,0.0,,,
2026-09-08 04:11:42.301,dummy,-0.599,0.782,1.298,128.6,0.0,0.0,,,
2026-09-08 04:11:42.353,dummy,-0.632,0.824,1.298,128.8,0.0,0.0,,,
2026-09-08 04:11:42.405,dummy,-0.665,0.865,1.298,129.0,0.0,0.0,,,
2026-09-08 04:11:42.456,dummy,-0.699,0.906,1.298,129.3,0.0,0.0,,,
2026-09-08 04:11:42.508,dummy,-0.732,0.946,1.298,129.5,0.0,0.0,,,
2026-09-08 04:11:42.560,dummy,-0.765,0.987,1.298,129.8,0.0,0.0,,,
2026-09-08 04:11:42.612,dummy,-0.798,1.026,1.297,130.1,0.0,0.0,,,
2026-09-08 04:11:42.664,dummy,-0.831,1.065,1.297,130.4,0.0,0.0,,,
2026-09-08 04:11:42.718,dummy,-0.864,1.103,1.297,130.7,0.0,0.0,,,
2026-09-08 04:11:42.769,dummy,-0.898,1.142,1.297,131.1,0.0,0.0,,,
2026-09-08 04:11:42.821,dummy,-0.93,1.179,1.296,131.4,0.0,0.0,,,
2026-09-08 04:11:42.873,dummy,-0.963,1.216,1.296,131.8,0.0,0.0,,,
2026-09-08 04:11:42.924,dummy,-0.995,1.251,1.296,132.2,0.0,0.0,,,
2026-09-08 04:11:42.976,dummy,-1.027,1.286,1.295,132.6,0.0,0.0,,,
2026-09-08 04:11:43.027,dummy,-1.059,1.321,1.295,133.1,0.0,0.0,,,
2026-09-08 04:11:43.079,dummy,-1.091,1.355,1.295,133.5,0.0,0.0,,,
2026-09-08 04:11:43.132,dummy,-1.123,1.388,1.295,134.0,0.0,0.0,,,
2026-09-08 04:11:43.183,dummy,-1.154,1.42,1.294,134.5,0.0,0.0,,,
2026-09-08 04:11:43.235,dummy,-1.186,1.452,1.294,135.1,0.0,0.0,,,
2026-09-08 04:11:43.287,dummy,-1.217,1.483,1.293,135.6,0.0,0.0,,,
2026-09-08 04:11:43.339,dummy,-1.248,1.514,1.293,136.2,0.0,0.0,,,
2026-09-08 04:11:43.391,dummy,-1.28,1.543,1.293,136.8,0.0,0.0,,,
2026-09-08 04:11:43.443,dummy,-1.311,1.572,1.292,137.5,0.0,0.0,,,
2026-09-08 04:11:43.495,dummy,-1.341,1.6,1.292,138.2,0.0,0.0,,,
2026-09-08 04:11:43.546,dummy,-1.371,1.626,1.292,138.9,0.0,0.0,,,
2026-09-08 04:11:43.597,dummy,-1.401,1.652,1.291,139.6,0.0,0.0,,,
2026-09-08 04:11:43.649,dummy,-1.431,1.677,1.291,140.4,0.0,0.0,,,
2026-09-08 04:11:43.701,dummy,-1.461,1.702,1.29,141.3,0.0,0.0,,,
2026-09-08 04:11:43.753,dummy,-1.491,1.725,1.29,142.1,0.0,0.0,,,
2026-09-08 04:11:43.804,dummy,-1.521,1.748,1.289,143.1,0.0,0.0,,,
2026-09-08 04:11:43.856,dummy,-1.55,1.77,1.289,144.0,0.0,0.0,,,
2026-09-08 04:11:43.908,dummy,-1.579,1.79,1.289,145.0,0.0,0.0,,,
2026-09-08 04:11:43.960,dummy,-1.608,1.81,1.288,146.1,0.0,0.0,,,
2026-09-08 04:11:44.011,dummy,-1.637,1.829,1.288,147.2,0.0,0.0,,,
2026-09-08 04:11:44.063,dummy,-1.665,1.847,1.287,148.4,0.0,0.0,,,
2026-09-08 04:11:44.114,dummy,-1.693,1.864,1.287,149.6,0.0,0.0,,,
2026-09-08 04:11:44.166,dummy,-1.722,1.88,1.286,150.9,0.0,0.0,,,
2026-09-08 04:11:44.218,dummy,-1.75,1.895,1.286,152.3,0.0,0.0,,,
2026-09-08 04:11:44.270,dummy,-1.777,1.909,1.285,153.7,0.0,0.0,,,
2026-09-08 04:11:44.321,dummy,-1.804,1.922,1.285,155.2,0.0,0.0,,,
2026-09-08 04:11:44.373,dummy,-1.831,1.934,1.284,156.8,0.0,0.0,,,
2026-09-08 04:11:44.424,dummy,-1.858,1.945,1.283,158.4,0.0,0.0,,,
2026-09-08 04:11:44.476,dummy,-1.885,1.955,1.283,160.2,0.0,0.0,,,
2026-09-08 04:11:44.527,dummy,-1.911,1.964,1.282,162.0,0.0,0.0,,,
2026-09-08 04:11:44.579,dummy,-1.937,1.972,1.282,163.8,0.0,0.0,,,
2026-09-08 04:11:44.631,dummy,-1.963,1.979,1.281,165.8,0.0,0.0,,,
2026-09-08 04:11:44.682,dummy,-1.989,1.985,1.281,167.9,0.0,0.0,,,
2026-09-08 04:11:44.734,dummy,-2.014,1.99,1.28,169.9,0.0,0.0,,,
2026-09-08 04:11:44.786,dummy,-2.039,1.994,1.279,172.2,0.0,0.0,,,
2026-09-08 04:11:44.837,dummy,-2.064,1.997,1.279,174.4,0.0,0.0,,,
2026-09-08 04:11:44.888,dummy,-2.089,1.999,1.278,176.7,0.0,0.0,,,
2026-09-08 04:11:44.940,dummy,-2.113,2.0,1.277,179.1,0.0,0.0,,,
2026-09-08 04:11:44.991,dummy,-2.137,2.0,1.277,181.6,0.0,0.0,,,
2026-09-08 04:11:45.043,dummy,-2.161,1.999,1.276,184.1,0.0,0.0,,,
2026-09-08 04:11:45.095,dummy,-2.184,1.996,1.275,186.7,0.0,0.0,,,
2026-09-08 04:11:45.147,dummy,-2.208,1.993,1.275,189.3,0.0,0.0,,,
2026-09-08 04:11:45.199,dummy,-2.231,1.989,1.274,191.9,0.0,0.0,,,
2026-09-08 04:11:45.251,dummy,-2.254,1.983,1.273,194.6,0.0,0.0,,,
2026-09-08 04:11:45.303,dummy,-2.276,1.977,1.273,197.2,0.0,0.0,,,
2026-09-08 04:11:45.354,dummy,-2.298,1.97,1.272,199.8,0.0,0.0,,,
2026-09-08 04:11:45.409,dummy,-2.321,1.961,1.271,202.5,0.0,0.0,,,
2026-09-08 04:11:45.461,dummy,-2.343,1.951,1.27,205.1,0.0,0.0,,,
2026-09-08 04:11:45.512,dummy,-2.364,1.941,1.27,207.6,0.0,0.0,,,
2026-09-08 04:11:45.564,dummy,-2.385,1.929,1.269,210.1,0.0,0.0,,,
2026-09-08 04:11:45.616,dummy,-2.405,1.917,1.268,212.5,0.0,0.0,,,
2026-09-08 04:11:45.667,dummy,-2.425,1.903,1.267,214.8,0.0,0.0,,,
2026-09-08 04:11:45.718,dummy,-2.445,1.889,1.267,217.1,0.0,0.0,,,
2026-09-08 04:11:45.770,dummy,-2.465,1.874,1.266,219.3,0.0,0.0,,,
2026-09-08 04:11:45.822,dummy,-2.484,1.857,1.265,221.4,0.0,0.0,,,
2026-09-08 04:11:45.873,dummy,-2.503,1.84,1.264,223.5,0.0,0.0,,,
2026-09-08 04:11:45.925,dummy,-2.521,1.822,1.263,225.5,0.0,0.0,,,
2026-09-08 04:11:45.977,dummy,-2.54,1.802,1.263,227.4,0.0,0.0,,,
2026-09-08 04:11:46.029,dummy,-2.558,1.782,1.262,229.2,0.0,0.0,,,
2026-09-08 04:11:46.080,dummy,-2.575,1.761,1.261,230.9,0.0,0.0,,,
2026-09-08 04:11:46.132,dummy,-2.593,1.739,1.26,232.6,0.0,0.0,,,
2026-09-08 04:11:46.184,dummy,-2.61,1.716,1.259,234.2,0.0,0.0,,,
2026-09-08 04:11:46.236,dummy,-2.627,1.692,1.258,235.8,0.0,0.0,,,
2026-09-08 04:11:46.288,dummy,-2.643,1.667,1.257,237.3,0.0,0.0,,,
2026-09-08 04:11:46.339,dummy,-2.659,1.642,1.257,238.7,0.0,0.0,,,
2026-09-08 04:11:46.390,dummy,-2.674,1.616,1.256,240.0,0.0,0.0,,,
2026-09-08 04:11:46.442,dummy,-2.69,1.588,1.255,241.3,0.0,0.0,,,
2026-09-08 04:11:46.494,dummy,-2.705,1.56,1.254,242.6,0.0,0.0,,,
2026-09-08 04:11:46.546,dummy,-2.719,1.531,1.253,243.8,0.0,0.0,,,
2026-09-08 04:11:46.598,dummy,-2.734,1.502,1.252,244.9,0.0,0.0,,,
2026-09-08 04:11:46.650,dummy,-2.747,1.471,1.251,246.0,0.0,0.0,,,
2026-09-08 04:11:46.702,dummy,-2.761,1.44,1.25,247.1,0.0,0.0,,,
2026-09-08 04:11:46.754,dummy,-2.774,1.408,1.249,248.1,0.0,0.0,,,
2026-09-08 04:11:46.805,dummy,-2.787,1.375,1.248,249.1,0.0,0.0,,,
2026-09-08 04:11:46.857,dummy,-2.8,1.342,1.247,250.0,0.0,0.0,,,
2026-09-08 04:11:46.908,dummy,-2.812,1.308,1.246,250.9,0.0,0.0,,,
2026-09-08 04:11:46.960,dummy,-2.823,1.273,1.245,251.8,0.0,0.0,,,
2026-09-08 04:11:47.012,dummy,-2.835,1.238,1.244,252.6,0.0,0.0,,,
2026-09-08 04:11:47.064,dummy,-2.846,1.201,1.243,253.5,0.0,0.0,,,
2026-09-08 04:11:47.115,dummy,-2.856,1.165,1.242,254.2,0.0,0.0,,,
2026-09-08 04:11:47.167,dummy,-2.866,1.128,1.241,255.0,0.0,0.0,,,
2026-09-08 04:11:47.219,dummy,-2.876,1.09,1.24,255.7,0.0,0.0,,,
2026-09-08 04:11:47.270,dummy,-2.886,1.051,1.239,256.5,0.0,0.0,,,
2026-09-08 04:11:47.322,dummy,-2.895,1.012,1.238,257.2,0.0,0.0,,,
2026-09-08 04:11:47.373,dummy,-2.904,0.973,1.237,257.8,0.0,0.0,,,
2026-09-08 04:11:47.424,dummy,-2.912,0.933,1.236,258.5,0.0,0.0,,,
2026-09-08 04:11:47.476,dummy,-2.92,0.893,1.235,259.1,0.0,0.0,,,
2026-09-08 04:11:47.527,dummy,-2.928,0.853,1.234,259.7,0.0,0.0,,,
2026-09-08 04:11:47.578,dummy,-2.935,0.812,1.233,260.3,0.0,0.0,,,
2026-09-08 04:11:47.630,dummy,-2.942,0.77,1.232,260.9,0.0,0.0,,,
2026-09-08 04:11:47.681,dummy,-2.948,0.728,1.231,261.5,0.0,0.0,,,
2026-09-08 04:11:47.733,dummy,-2.954,0.685,1.23,262.1,0.0,0.0,,,
2026-09-08 04:11:47.784,dummy,-2.96,0.643,1.229,262.6,0.0,0.0,,,
2026-09-08 04:11:47.835,dummy,-2.965,0.6,1.228,263.2,0.0,0.0,,,
2026-09-08 04:11:47.887,dummy,-2.97,0.557,1.227,263.7,0.0,0.0,,,
2026-09-08 04:11:47.938,dummy,-2.975,0.513,1.225,264.3,0.0,0.0,,,
2026-09-08 04:11:47.989,dummy,-2.979,0.47,1.224,264.8,0.0,0.0,,,
2026-09-08 04:11:48.070,dummy,-2.985,0.4,1.223,265.6,0.0,0.0,,,
2026-09-08 04:11:48.135,dummy,-2.989,0.344,1.221,266.2,0.0,0.0,,,
2026-09-08 04:11:48.186,dummy,-2.992,0.299,1.22,266.7,0.0,0.0,,,
2026-09-08 04:11:48.238,dummy,-2.994,0.254,1.219,267.2,0.0,0.0,,,
2026-09-08 04:11:48.290,dummy,-2.996,0.209,1.218,267.7,0.0,0.0,,,
2026-09-08 04:11:48.345,dummy,-2.997,0.164,1.216,268.2,0.0,0.0,,,
2026-09-08 04:11:48.396,dummy,-2.999,0.116,1.215,268.8,0.0,0.0,,,
2026-09-08 04:11:48.447,dummy,-3.0,0.071,1.214,269.2,0.0,0.0,,,
2026-09-08 04:11:48.499,dummy,-3.0,0.026,1.213,269.7,0.0,0.0,,,
2026-09-08 04:11:48.550,dummy,-3.0,-0.02,1.212,270.2,0.0,0.0,,,
2026-09-08 04:11:48.601,dummy,-3.0,-0.064,1.21,270.7,0.0,0.0,,,
2026-09-08 04:11:48.653,dummy,-2.999,-0.11,1.209,271.2,0.0,0.0,,,
2026-09-08 04:11:48.705,dummy,-2.998,-0.155,1.208,271.7,0.0,0.0,,,
2026-09-08 04:11:48.756,dummy,-2.996,-0.2,1.207,272.2,0.0,0.0,,,
2026-09-08 04:11:48.807,dummy,-2.994,-0.245,1.206,272.7,0.0,0.0,,,
2026-09-08 04:11:48.859,dummy,-2.992,-0.29,1.204,273.2,0.0,0.0,,,
2026-09-08 04:11:48.910,dummy,-2.989,-0.335,1.203,273.7,0.0,0.0,,,
2026-09-08 04:11:48.962,dummy,-2.986,-0.379,1.202,274.2,0.0,0.0,,,
2026-09-08 04:11:49.013,dummy,-2.983,-0.424,1.201,274.7,0.0,0.0,,,
2026-09-08 04:11:49.065,dummy,-2.979,-0.468,1.199,275.2,0.0,0.0,,,
2026-09-08 04:11:49.116,dummy,-2.975,-0.512,1.198,275.7,0.0,0.0,,,
2026-09-08 04:11:49.168,dummy,-2.97,-0.556,1.197,276.3,0.0,0.0,,,
2026-09-08 04:11:49.219,dummy,-2.965,-0.599,1.195,276.8,0.0,0.0,,,
2026-09-08 04:11:49.270,dummy,-2.96,-0.641,1.194,277.3,0.0,0.0,,,
2026-09-08 04:11:49.321,dummy,-2.954,-0.684,1.193,277.9,0.0,0.0,,,
2026-09-08 04:11:49.372,dummy,-2.948,-0.726,1.192,278.5,0.0,0.0,,,
2026-09-08 04:11:49.424,dummy,-2.942,-0.768,1.19,279.0,0.0,0.0,,,
2026-09-08 04:11:49.475,dummy,-2.935,-0.809,1.189,279.6,0.0,0.0,,,
2026-09-08 04:11:49.526,dummy,-2.928,-0.85,1.188,280.2,0.0,0.0,,,
2026-09-08 04:11:49.578,dummy,-2.92,-0.891,1.186,280.9,0.0,0.0,,,
2026-09-08 04:11:49.629,dummy,-2.912,-0.932,1.185,281.5,0.0,0.0,,,
2026-09-08 04:11:49.681,dummy,-2.904,-0.972,1.184,282.1,0.0,0.0,,,
2026-09-08 04:11:49.733,dummy,-2.895,-1.011,1.182,282.8,0.0,0.0,,,
2026-09-08 04:11:49.785,dummy,-2.886,-1.05,1.181,283.5,0.0,0.0,,,
2026-09-08 04:11:49.837,dummy,-2.877,-1.089,1.18,284.2,0.0,0.0,,,
2026-09-08 04:11:49.888,dummy,-2.867,-1.127,1.178,285.0,0.0,0.0,,,
2026-09-08 04:11:49.940,dummy,-2.856,-1.164,1.177,285.7,0.0,0.0,,,
2026-09-08 04:11:49.992,dummy,-2.846,-1.201,1.175,286.5,0.0,0.0,,,
2026-09-08 04:11:50.044,dummy,-2.835,-1.237,1.174,287.4,0.0,0.0,,,
2026-09-08 04:11:50.095,dummy,-2.823,-1.272,1.173,288.2,0.0,0.0,,,
2026-09-08 04:11:50.147,dummy,-2.812,-1.307,1.171,289.1,0.0,0.0,,,
2026-09-08 04:11:50.199,dummy,-2.8,-1.342,1.17,290.0,0.0,0.0,,,
2026-09-08 04:11:50.250,dummy,-2.787,-1.375,1.168,290.9,0.0,0.0,,,
2026-09-08 04:11:50.302,dummy,-2.774,-1.407,1.167,291.9,0.0,0.0,,,
2026-09-08 04:11:50.354,dummy,-2.761,-1.439,1.166,292.9,0.0,0.0,,,
2026-09-08 04:11:50.406,dummy,-2.748,-1.471,1.164,294.0,0.0,0.0,,,
2026-09-08 04:11:50.457,dummy,-2.734,-1.501,1.163,295.1,0.0,0.0,,,
2026-09-08 04:11:50.508,dummy,-2.72,-1.53,1.161,296.2,0.0,0.0,,,
2026-09-08 04:11:50.560,dummy,-2.705,-1.559,1.16,297.4,0.0,0.0,,,
2026-09-08 04:11:50.612,dummy,-2.69,-1.588,1.158,298.6,0.0,0.0,,,
2026-09-08 04:11:50.664,dummy,-2.675,-1.615,1.157,299.9,0.0,0.0,,,
2026-09-08 04:11:50.715,dummy,-2.659,-1.641,1.155,301.3,0.0,0.0,,,
2026-09-08 04:11:50.767,dummy,-2.643,-1.667,1.154,302.7,0.0,0.0,,,
2026-09-08 04:11:50.818,dummy,-2.627,-1.691,1.153,304.1,0.0,0.0,,,
2026-09-08 04:11:50.869,dummy,-2.611,-1.715,1.151,305.7,0.0,0.0,,,
2026-09-08 04:11:50.921,dummy,-2.594,-1.738,1.15,307.3,0.0,0.0,,,
2026-09-08 04:11:50.972,dummy,-2.577,-1.76,1.148,309.0,0.0,0.0,,,
2026-09-08 04:11:51.024,dummy,-2.559,-1.781,1.147,310.7,0.0,0.0,,,
2026-09-08 04:11:51.076,dummy,-2.541,-1.801,1.145,312.5,0.0,0.0,,,
2026-09-08 04:11:51.127,dummy,-2.523,-1.82,1.144,314.4,0.0,0.0,,,
2026-09-08 04:11:51.179,dummy,-2.504,-1.839,1.142,316.4,0.0,0.0,,,
2026-09-08 04:11:51.230,dummy,-2.485,-1.856,1.141,318.4,0.0,0.0,,,
2026-09-08 04:11:51.281,dummy,-2.466,-1.872,1.139,320.5,0.0,0.0,,,
2026-09-08 04:11:51.333,dummy,-2.447,-1.888,1.138,322.7,0.0,0.0,,,
2026-09-08 04:11:51.384,dummy,-2.427,-1.902,1.136,325.0,0.0,0.0,,,
2026-09-08 04:11:51.435,dummy,-2.407,-1.916,1.135,327.3,0.0,0.0,,,
2026-09-08 04:11:51.486,dummy,-2.387,-1.928,1.133,329.7,0.0,0.0,,,
2026-09-08 04:11:51.538,dummy,-2.366,-1.94,1.132,332.1,0.0,0.0,,,
2026-09-08 04:11:51.589,dummy,-2.345,-1.95,1.13,334.6,0.0,0.0,,,
2026-09-08 04:11:51.641,dummy,-2.324,-1.96,1.129,337.2,0.0,0.0,,,
2026-09-08 04:11:51.692,dummy,-2.302,-1.968,1.127,339.7,0.0,0.0,,,
2026-09-08 04:11:51.743,dummy,-2.28,-1.976,1.126,342.3,0.0,0.0,,,
2026-09-08 04:11:51.795,dummy,-2.258,-1.982,1.124,344.9,0.0,0.0,,,
2026-09-08 04:11:51.847,dummy,-2.235,-1.988,1.122,347.6,0.0,0.0,,,
2026-09-08 04:11:51.898,dummy,-2.213,-1.992,1.121,350.2,0.0,0.0,,,
2026-09-08 04:11:51.950,dummy,-2.189,-1.996,1.119,352.7,0.0,0.0,,,
2026-09-08 04:11:52.001,dummy,-2.166,-1.998,1.118,355.3,0.0,0.0,,,
2026-09-08 04:11:52.053,dummy,-2.142,-2.0,1.116,357.8,0.0,0.0,,,
2026-09-08 04:11:52.104,dummy,-2.118,-2.0,1.115,0.3,0.0,0.0,,,
2026-09-08 04:11:52.156,dummy,-2.094,-1.999,1.113,2.7,0.0,0.0,,,
2026-09-08 04:11:52.207,dummy,-2.07,-1.998,1.111,5.1,0.0,0.0,,,
2026-09-08 04:11:52.259,dummy,-2.045,-1.995,1.11,7.3,0.0,0.0,,,
2026-09-08 04:11:52.310,dummy,-2.02,-1.991,1.108,9.5,0.0,0.0,,,
2026-09-08 04:11:52.361,dummy,-1.995,-1.987,1.107,11.7,0.0,0.0,,,
2026-09-08 04:11:52.413,dummy,-1.969,-1.981,1.105,13.7,0.0,0.0,,,
2026-09-08 04:11:52.465,dummy,-1.944,-1.974,1.104,15.7,0.0,0.0,,,
2026-09-08 04:11:52.517,dummy,-1.917,-1.966,1.102,17.6,0.0,0.0,,,
2026-09-08 04:11:52.568,dummy,-1.891,-1.957,1.1,19.4,0.0,0.0,,,
2026-09-08 04:11:52.620,dummy,-1.864,-1.947,1.099,21.2,0.0,0.0,,,
2026-09-08 04:11:52.671,dummy,-1.838,-1.937,1.097,22.8,0.0,0.0,,,
2026-09-08 04:11:52.723,dummy,-1.811,-1.925,1.095,24.4,0.0,0.0,,,
2026-09-08 04:11:52.774,dummy,-1.784,-1.912,1.094,25.9,0.0,0.0,,,
2026-09-08 04:11:52.825,dummy,-1.756,-1.898,1.092,27.4,0.0,0.0,,,
2026-09-08 04:11:52.877,dummy,-1.728,-1.884,1.091,28.7,0.0,0.0,,,
2026-09-08 04:11:52.929,dummy,-1.7,-1.868,1.089,30.1,0.0,0.0,,,
2026-09-08 04:11:52.981,dummy,-1.672,-1.851,1.087,31.3,0.0,0.0,,,
2026-09-08 04:11:53.034,dummy,-1.643,-1.833,1.086,32.5,0.0,0.0,,,
2026-09-08 04:11:53.085,dummy,-1.614,-1.814,1.084,33.7,0.0,0.0,,,
2026-09-08 04:11:53.137,dummy,-1.586,-1.795,1.082,34.7,0.0,0.0,,,
2026-09-08 04:11:53.188,dummy,-1.557,-1.774,1.081,35.7,0.0,0.0,,,
2026-09-08 04:11:53.239,dummy,-1.528,-1.753,1.079,36.7,0.0,0.0,,,
2026-09-08 04:11:53.291,dummy,-1.498,-1.731,1.078,37.6,0.0,0.0,,,
2026-09-08 04:11:53.343,dummy,-1.469,-1.708,1.076,38.5,0.0,0.0,,,
2026-09-08 04:11:53.395,dummy,-1.439,-1.683,1.074,39.4,0.0,0.0,,,
2026-09-08 04:11:53.447,dummy,-1.408,-1.658,1.073,40.2,0.0,0.0,,,
2026-09-08 04:11:53.499,dummy,-1.378,-1.632,1.071,40.9,0.0,0.0,,,
2026-09-08 04:11:53.550,dummy,-1.348,-1.605,1.069,41.7,0.0,0.0,,,
2026-09-08 04:11:53.602,dummy,-1.317,-1.578,1.068,42.4,0.0,0.0,,,
2026-09-08 04:11:53.653,dummy,-1.287,-1.55,1.066,43.0,0.0,0.0,,,
2026-09-08 04:11:53.718,dummy,-1.248,-1.513,1.064,43.8,0.0,0.0,,,
2026-09-08 04:11:53.770,dummy,-1.217,-1.483,1.062,44.4,0.0,0.0,,,
2026-09-08 04:11:53.821,dummy,-1.186,-1.452,1.061,44.9,0.0,0.0,,,
2026-09-08 04:11:53.872,dummy,-1.154,-1.421,1.059,45.5,0.0,0.0,,,
2026-09-08 04:11:53.924,dummy,-1.123,-1.389,1.057,46.0,0.0,0.0,,,
2026-09-08 04:11:53.975,dummy,-1.092,-1.356,1.056,46.5,0.0,0.0,,,
2026-09-08 04:11:54.026,dummy,-1.06,-1.322,1.054,46.9,0.0,0.0,,,
2026-09-08 04:11:54.077,dummy,-1.029,-1.288,1.052,47.4,0.0,0.0,,,
2026-09-08 04:11:54.129,dummy,-0.996,-1.253,1.051,47.8,0.0,0.0,,,
2026-09-08 04:11:54.181,dummy,-0.964,-1.217,1.049,48.2,0.0,0.0,,,
2026-09-08 04:11:54.233,dummy,-0.931,-1.181,1.047,48.5,0.0,0.0,,,
2026-09-08 04:11:54.284,dummy,-0.899,-1.144,1.045,48.9,0.0,0.0,,,
2026-09-08 04:11:54.336,dummy,-0.867,-1.106,1.044,49.2,0.0,0.0,,,
2026-09-08 04:11:54.387,dummy,-0.834,-1.068,1.042,49.6,0.0,0.0,,,
2026-09-08 04:11:54.438,dummy,-0.802,-1.03,1.04,49.9,0.0,0.0,,,
2026-09-08 04:11:54.490,dummy,-0.769,-0.991,1.039,50.1,0.0,0.0,,,
2026-09-08 04:11:54.545,dummy,-0.734,-0.949,1.037,50.4,0.0,0.0,,,
2026-09-08 04:11:54.596,dummy,-0.701,-0.909,1.035,50.7,0.0,0.0,,,
2026-09-08 04:11:54.648,dummy,-0.668,-0.868,1.034,50.9,0.0,0.0,,,
2026-09-08 04:11:54.699,dummy,-0.634,-0.827,1.032,51.2,0.0,0.0,,,
2026-09-08 04:11:54.751,dummy,-0.601,-0.786,1.03,51.4,0.0,0.0,,,
2026-09-08 04:11:54.802,dummy,-0.568,-0.744,1.029,51.6,0.0,0.0,,,
2026-09-08 04:11:54.854,dummy,-0.534,-0.701,1.027,51.8,0.0,0.0,,,
2026-09-08 04:11:54.905,dummy,-0.501,-0.659,1.025,51.9,0.0,0.0,,,
2026-09-08 04:11:54.957,dummy,-0.467,-0.616,1.023,52.1,0.0,0.0,,,
2026-09-08 04:11:55.008,dummy,-0.434,-0.572,1.022,52.2,0.0,0.0,,,
2026-09-08 04:11:55.060,dummy,-0.4,-0.529,1.02,52.4,0.0,0.0,,,
2026-09-08 04:11:55.112,dummy,-0.366,-0.485,1.018,52.5,0.0,0.0,,,
2026-09-08 04:11:55.163,dummy,-0.332,-0.44,1.017,52.6,0.0,0.0,,,
2026-09-08 04:11:55.215,dummy,-0.299,-0.396,1.015,52.7,0.0,0.0,,,
2026-09-08 04:11:55.266,dummy,-0.265,-0.352,1.013,52.8,0.0,0.0,,,
2026-09-08 04:11:55.318,dummy,-0.23,-0.306,1.012,52.9,0.0,0.0,,,
2026-09-08 04:11:55.370,dummy,-0.197,-0.262,1.01,53.0,0.0,0.0,,,
2026-09-08 04:11:55.420,dummy,-0.163,-0.217,1.008,53.0,0.0,0.0,,,
2026-09-08 04:11:55.471,dummy,-0.13,-0.173,1.006,53.1,0.0,0.0,,,
2026-09-08 04:11:55.523,dummy,-0.096,-0.128,1.005,53.1,0.0,0.0,,,
2026-09-08 04:11:55.574,dummy,-0.062,-0.082,1.003,53.1,0.0,0.0,,,
2026-09-08 04:11:55.626,dummy,-0.028,-0.037,1.001,53.1,0.0,0.0,,,
2026-09-08 04:11:55.677,dummy,0.006,0.008,1.0,53.1,0.0,0.0,,,
2026-09-08 04:11:55.729,dummy,0.04,0.054,0.998,53.1,0.0,0.0,,,
2026-09-08 04:11:55.780,dummy,0.074,0.099,0.996,53.1,0.0,0.0,,,
2026-09-08 04:11:55.831,dummy,0.108,0.144,0.995,53.1,0.0,0.0,,,
2026-09-08 04:11:55.882,dummy,0.141,0.188,0.993,53.0,0.0,0.0,,,
2026-09-08 04:11:55.933,dummy,0.175,0.233,0.991,53.0,0.0,0.0,,,
2026-09-08 04:11:55.984,dummy,0.209,0.278,0.99,52.9,0.0,0.0,,,
2026-09-08 04:11:56.036,dummy,0.242,0.322,0.988,52.9,0.0,0.0,,,
2026-09-08 04:11:56.087,dummy,0.276,0.367,0.986,52.8,0.0,0.0,,,
2026-09-08 04:11:56.139,dummy,0.31,0.412,0.984,52.7,0.0,0.0,,,
2026-09-08 04:11:56.190,dummy,0.344,0.456,0.983,52.6,0.0,0.0,,,
2026-09-08 04:11:56.242,dummy,0.378,0.5,0.981,52.5,0.0,0.0,,,
2026-09-08 04:11:56.294,dummy,0.412,0.544,0.979,52.3,0.0,0.0,,,
2026-09-08 04:11:56.345,dummy,0.445,0.587,0.978,52.2,0.0,0.0,,,
2026-09-08 04:11:56.397,dummy,0.479,0.631,0.976,52.0,0.0,0.0,,,
2026-09-08 04:11:56.448,dummy,0.512,0.673,0.974,51.9,0.0,0.0,,,
2026-09-08 04:11:56.500,dummy,0.546,0.716,0.973,51.7,0.0,0.0,,,
2026-09-08 04:11:56.552,dummy,0.58,0.759,0.971,51.5,0.0,0.0,,,
2026-09-08 04:11:56.604,dummy,0.613,0.8,0.969,51.3,0.0,0.0,,,
2026-09-08 04:11:56.656,dummy,0.647,0.842,0.967,51.1,0.0,0.0,,,
2026-09-08 04:11:56.707,dummy,0.68,0.883,0.966,50.8,0.0,0.0,,,
2026-09-08 04:11:56.759,dummy,0.713,0.924,0.964,50.6,0.0,0.0,,,
2026-09-08 04:11:56.811,dummy,0.746,0.964,0.962,50.3,0.0,0.0,,,
2026-09-08 04:11:56.863,dummy,0.779,1.003,0.961,50.1,0.0,0.0,,,
2026-09-08 04:11:56.914,dummy,0.812,1.042,0.959,49.8,0.0,0.0,,,
2026-09-08 04:11:56.966,dummy,0.845,1.081,0.957,49.5,0.0,0.0,,,
2026-09-08 04:11:57.017,dummy,0.877,1.119,0.956,49.1,0.0,0.0,,,
2026-09-08 04:11:57.068,dummy,0.91,1.156,0.954,48.8,0.0,0.0,,,
2026-09-08 04:11:57.120,dummy,0.942,1.193,0.952,48.4,0.0,0.0,,,
2026-09-08 04:11:57.171,dummy,0.974,1.229,0.951,48.0,0.0,0.0,,,
2026-09-08 04:11:57.223,dummy,1.006,1.264,0.949,47.6,0.0,0.0,,,
2026-09-08 04:11:57.274,dummy,1.038,1.299,0.947,47.2,0.0,0.0,,,
2026-09-08 04:11:57.326,dummy,1.07,1.333,0.946,46.8,0.0,0.0,,,
2026-09-08 04:11:57.377,dummy,1.102,1.366,0.944,46.3,0.0,0.0,,,
2026-09-08 04:11:57.430,dummy,1.133,1.399,0.942,45.8,0.0,0.0,,,
2026-09-08 04:11:57.482,dummy,1.166,1.432,0.941,45.3,0.0,0.0,,,
2026-09-08 04:11:57.534,dummy,1.197,1.463,0.939,44.7,0.0,0.0,,,
2026-09-08 04:11:57.585,dummy,1.228,1.494,0.937,44.2,0.0,0.0,,,
2026-09-08 04:11:57.637,dummy,1.26,1.524,0.936,43.6,0.0,0.0,,,
2026-09-08 04:11:57.689,dummy,1.29,1.553,0.934,42.9,0.0,0.0,,,
2026-09-08 04:11:57.741,dummy,1.321,1.582,0.932,42.3,0.0,0.0,,,
2026-09-08 04:11:57.793,dummy,1.352,1.609,0.931,41.6,0.0,0.0,,,
2026-09-08 04:11:57.845,dummy,1.382,1.636,0.929,40.8,0.0,0.0,,,
2026-09-08 04:11:57.897,dummy,1.413,1.662,0.927,40.1,0.0,0.0,,,
2026-09-08 04:11:57.948,dummy,1.443,1.687,0.926,39.3,0.0,0.0,,,
2026-09-08 04:11:58.000,dummy,1.472,1.71,0.924,38.4,0.0,0.0,,,
2026-09-08 04:11:58.052,dummy,1.502,1.734,0.922,37.5,0.0,0.0,,,
2026-09-08 04:11:58.103,dummy,1.532,1.756,0.921,36.6,0.0,0.0,,,
2026-09-08 04:11:58.155,dummy,1.561,1.777,0.919,35.6,0.0,0.0,,,
2026-09-08 04:11:58.209,dummy,1.591,1.798,0.917,34.5,0.0,0.0,,,
2026-09-08 04:11:58.260,dummy,1.62,1.818,0.916,33.5,0.0,0.0,,,
2026-09-08 04:11:58.311,dummy,1.648,1.836,0.914,32.3,0.0,0.0,,,
2026-09-08 04:11:58.363,dummy,1.676,1.853,0.912,31.1,0.0,0.0,,,
2026-09-08 04:11:58.414,dummy,1.704,1.87,0.911,29.9,0.0,0.0,,,
2026-09-08 04:11:58.466,dummy,1.732,1.886,0.909,28.6,0.0,0.0,,,
2026-09-08 04:11:58.517,dummy,1.76,1.9,0.908,27.2,0.0,0.0,,,
2026-09-08 04:11:58.569,dummy,1.787,1.914,0.906,25.7,0.0,0.0,,,
2026-09-08 04:11:58.620,dummy,1.814,1.927,0.904,24.2,0.0,0.0,,,
2026-09-08 04:11:58.672,dummy,1.841,1.938,0.903,22.6,0.0,0.0,,,
2026-09-08 04:11:58.723,dummy,1.868,1.949,0.901,20.9,0.0,0.0,,,
2026-09-08 04:11:58.775,dummy,1.895,1.959,0.899,19.2,0.0,0.0,,,
2026-09-08 04:11:58.828,dummy,1.921,1.967,0.898,17.3,0.0,0.0,,,
2026-09-08 04:11:58.880,dummy,1.948,1.975,0.896,15.4,0.0,0.0,,,
2026-09-08 04:11:58.933,dummy,1.974,1.982,0.895,13.4,0.0,0.0,,,
2026-09-08 04:11:58.984,dummy,2.0,1.988,0.893,11.3,0.0,0.0,,,
2026-09-08 04:11:59.035,dummy,2.025,1.992,0.891,9.1,0.0,0.0,,,
2026-09-08 04:11:59.087,dummy,2.05,1.996,0.89,6.9,0.0,0.0,,,
2026-09-08 04:11:59.138,dummy,2.074,1.998,0.888,4.6,0.0,0.0,,,
2026-09-08 04:11:59.189,dummy,2.099,2.0,0.887,2.3,0.0,0.0,,,
2026-09-08 04:11:59.246,dummy,2.123,2.0,0.885,359.9,0.0,0.0,,,
2026-09-08 04:11:59.298,dummy,2.149,1.999,0.883,357.1,0.0,0.0,,,
2026-09-08 04:11:59.350,dummy,2.173,1.998,0.882,354.6,0.0,0.0,,,
2026-09-08 04:11:59.401,dummy,2.196,1.995,0.88,352.0,0.0,0.0,,,
2026-09-08 04:11:59.453,dummy,2.219,1.991,0.879,349.4,0.0,0.0,,,
2026-09-08 04:11:59.504,dummy,2.242,1.986,0.877,346.8,0.0,0.0,,,
2026-09-08 04:11:59.556,dummy,2.264,1.98,0.876,344.2,0.0,0.0,,,
2026-09-08 04:11:59.607,dummy,2.286,1.974,0.874,341.6,0.0,0.0,,,
2026-09-08 04:11:59.659,dummy,2.308,1.966,0.872,339.0,0.0,0.0,,,
2026-09-08 04:11:59.710,dummy,2.33,1.957,0.871,336.4,0.0,0.0,,,
2026-09-08 04:11:59.762,dummy,2.351,1.947,0.869,333.9,0.0,0.0,,,
2026-09-08 04:11:59.813,dummy,2.372,1.936,0.868,331.4,0.0,0.0,,,
2026-09-08 04:11:59.864,dummy,2.393,1.925,0.866,329.0,0.0,0.0,,,
2026-09-08 04:11:59.916,dummy,2.413,1.912,0.865,326.6,0.0,0.0,,,
2026-09-08 04:11:59.968,dummy,2.433,1.898,0.863,324.3,0.0,0.0,,,
2026-09-08 04:12:00.020,dummy,2.453,1.883,0.862,322.0,0.0,0.0,,,
2026-09-08 04:12:00.071,dummy,2.473,1.867,0.86,319.8,0.0,0.0,,,
2026-09-08 04:12:00.123,dummy,2.492,1.85,0.859,317.7,0.0,0.0,,,
2026-09-08 04:12:00.174,dummy,2.51,1.833,0.857,315.7,0.0,0.0,,,
2026-09-08 04:12:00.240,dummy,2.534,1.809,0.855,313.3,0.0,0.0,,,
2026-09-08 04:12:00.292,dummy,2.552,1.789,0.854,311.4,0.0,0.0,,,
2026-09-08 04:12:00.344,dummy,2.57,1.768,0.852,309.6,0.0,0.0,,,
2026-09-08 04:12:00.397,dummy,2.588,1.746,0.851,307.9,0.0,0.0,,,
2026-09-08 04:12:00.449,dummy,2.605,1.723,0.849,306.2,0.0,0.0,,,
2026-09-08 04:12:00.501,dummy,2.622,1.699,0.848,304.7,0.0,0.0,,,
2026-09-08 04:12:00.552,dummy,2.638,1.675,0.846,303.2,0.0,0.0,,,
2026-09-08 04:12:00.603,dummy,2.654,1.65,0.845,301.7,0.0,0.0,,,
2026-09-08 04:12:00.655,dummy,2.67,1.624,0.844,300.4,0.0,0.0,,,
2026-09-08 04:12:00.706,dummy,2.685,1.597,0.842,299.1,0.0,0.0,,,
2026-09-08 04:12:00.758,dummy,2.7,1.569,0.841,297.8,0.0,0.0,,,
2026-09-08 04:12:00.809,dummy,2.715,1.541,0.839,296.6,0.0,0.0,,,
2026-09-08 04:12:00.861,dummy,2.729,1.511,0.838,295.4,0.0,0.0,,,
2026-09-08 04:12:00.912,dummy,2.743,1.481,0.836,294.3,0.0,0.0,,,
2026-09-08 04:12:00.964,dummy,2.756,1.451,0.835,293.3,0.0,0.0,,,
2026-09-08 04:12:01.016,dummy,2.77,1.419,0.834,292.2,0.0,0.0,,,
2026-09-08 04:12:01.067,dummy,2.783,1.386,0.832,291.2,0.0,0.0,,,
2026-09-08 04:12:01.119,dummy,2.795,1.353,0.831,290.3,0.0,0.0,,,
2026-09-08 04:12:01.171,dummy,2.807,1.32,0.829,289.4,0.0,0.0,,,
2026-09-08 04:12:01.222,dummy,2.819,1.285,0.828,288.5,0.0,0.0,,,
2026-09-08 04:12:01.273,dummy,2.831,1.25,0.827,287.7,0.0,0.0,,,
2026-09-08 04:12:01.325,dummy,2.842,1.215,0.825,286.8,0.0,0.0,,,
2026-09-08 04:12:01.377,dummy,2.852,1.178,0.824,286.0,0.0,0.0,,,
2026-09-08 04:12:01.428,dummy,2.863,1.141,0.822,285.3,0.0,0.0,,,
2026-09-08 04:12:01.480,dummy,2.873,1.103,0.821,284.5,0.0,0.0,,,
2026-09-08 04:12:01.531,dummy,2.882,1.065,0.82,283.8,0.0,0.0,,,
2026-09-08 04:12:01.583,dummy,2.892,1.026,0.818,283.1,0.0,0.0,,,
2026-09-08 04:12:01.635,dummy,2.901,0.987,0.817,282.4,0.0,0.0,,,
2026-09-08 04:12:01.686,dummy,2.909,0.947,0.816,281.8,0.0,0.0,,,
2026-09-08 04:12:01.738,dummy,2.917,0.907,0.814,281.1,0.0,0.0,,,
2026-09-08 04:12:01.790,dummy,2.925,0.866,0.813,280.5,0.0,0.0,,,
2026-09-08 04:12:01.841,dummy,2.932,0.825,0.812,279.9,0.0,0.0,,,
2026-09-08 04:12:01.893,dummy,2.939,0.784,0.81,279.3,0.0,0.0,,,
2026-09-08 04:12:01.944,dummy,2.946,0.742,0.809,278.7,0.0,0.0,,,
2026-09-08 04:12:01.995,dummy,2.952,0.7,0.808,278.1,0.0,0.0,,,
2026-09-08 04:12:02.047,dummy,2.958,0.657,0.806,277.5,0.0,0.0,,,
2026-09-08 04:12:02.098,dummy,2.964,0.614,0.805,277.0,0.0,0.0,,,
2026-09-08 04:12:02.152,dummy,2.969,0.57,0.804,276.4,0.0,0.0,,,
2026-09-08 04:12:02.205,dummy,2.974,0.524,0.802,275.9,0.0,0.0,,,
2026-09-08 04:12:02.256,dummy,2.978,0.481,0.801,275.3,0.0,0.0,,,
2026-09-08 04:12:02.308,dummy,2.982,0.437,0.8,274.8,0.0,0.0,,,
2026-09-08 04:12:02.360,dummy,2.985,0.392,0.799,274.3,0.0,0.0,,,
2026-09-08 04:12:02.411,dummy,2.989,0.347,0.797,273.8,0.0,0.0,,,
2026-09-08 04:12:02.463,dummy,2.991,0.303,0.796,273.3,0.0,0.0,,,
2026-09-08 04:12:02.514,dummy,2.994,0.258,0.795,272.8,0.0,0.0,,,
2026-09-08 04:12:02.566,dummy,2.996,0.212,0.794,272.3,0.0,0.0,,,
2026-09-08 04:12:02.617,dummy,2.997,0.167,0.792,271.8,0.0,0.0,,,
2026-09-08 04:12:02.669,dummy,2.999,0.122,0.791,271.3,0.0,0.0,,,
2026-09-08 04:12:02.720,dummy,2.999,0.077,0.79,270.8,0.0,0.0,,,
2026-09-08 04:12:02.772,dummy,3.0,0.032,0.789,270.3,0.0,0.0,,,
2026-09-08 04:12:02.823,dummy,3.0,-0.013,0.788,269.9,0.0,0.0,,,
2026-09-08 04:12:02.875,dummy,3.0,-0.059,0.786,269.4,0.0,0.0,,,
2026-09-08 04:12:02.926,dummy,2.999,-0.104,0.785,268.9,0.0,0.0,,,
2026-09-08 04:12:02.978,dummy,2.998,-0.15,0.784,268.4,0.0,0.0,,,
2026-09-08 04:12:03.029,dummy,2.996,-0.194,0.783,267.9,0.0,0.0,,,
2026-09-08 04:12:03.080,dummy,2.995,-0.239,0.782,267.4,0.0,0.0,,,
2026-09-08 04:12:03.131,dummy,2.992,-0.284,0.78,266.9,0.0,0.0,,,
2026-09-08 04:12:03.182,dummy,2.99,-0.328,0.779,266.4,0.0,0.0,,,
2026-09-08 04:12:03.233,dummy,2.987,-0.372,0.778,265.9,0.0,0.0,,,
2026-09-08 04:12:03.284,dummy,2.984,-0.416,0.777,265.4,0.0,0.0,,,
2026-09-08 04:12:03.336,dummy,2.98,-0.46,0.776,264.9,0.0,0.0,,,
2026-09-08 04:12:03.387,dummy,2.976,-0.504,0.775,264.4,0.0,0.0,,,
2026-09-08 04:12:03.439,dummy,2.971,-0.548,0.774,263.8,0.0,0.0,,,
2026-09-08 04:12:03.490,dummy,2.966,-0.592,0.773,263.3,0.0,0.0,,,
2026-09-08 04:12:03.542,dummy,2.961,-0.635,0.771,262.8,0.0,0.0,,,
2026-09-08 04:12:03.594,dummy,2.955,-0.678,0.77,262.2,0.0,0.0,,,
2026-09-08 04:12:03.646,dummy,2.949,-0.72,0.769,261.6,0.0,0.0,,,
2026-09-08 04:12:03.697,dummy,2.943,-0.763,0.768,261.0,0.0,0.0,,,
2026-09-08 04:12:03.749,dummy,2.936,-0.805,0.767,260.4,0.0,0.0,,,
2026-09-08 04:12:03.801,dummy,2.929,-0.846,0.766,259.8,0.0,0.0,,,
2026-09-08 04:12:03.852,dummy,2.921,-0.887,0.765,259.2,0.0,0.0,,,
2026-09-08 04:12:03.904,dummy,2.913,-0.927,0.764,258.6,0.0,0.0,,,
2026-09-08 04:12:03.956,dummy,2.905,-0.967,0.763,257.9,0.0,0.0,,,
2026-09-08 04:12:04.007,dummy,2.896,-1.007,0.762,257.2,0.0,0.0,,,
2026-09-08 04:12:04.059,dummy,2.887,-1.046,0.761,256.6,0.0,0.0,,,
2026-09-08 04:12:04.111,dummy,2.878,-1.085,0.76,255.8,0.0,0.0,,,
2026-09-08 04:12:04.163,dummy,2.868,-1.123,0.759,255.1,0.0,0.0,,,
2026-09-08 04:12:04.215,dummy,2.857,-1.16,0.758,254.3,0.0,0.0,,,
2026-09-08 04:12:04.266,dummy,2.847,-1.197,0.757,253.6,0.0,0.0,,,
2026-09-08 04:12:04.317,dummy,2.836,-1.233,0.756,252.7,0.0,0.0,,,
2026-09-08 04:12:04.369,dummy,2.825,-1.268,0.755,251.9,0.0,0.0,,,
2026-09-08 04:12:04.420,dummy,2.813,-1.303,0.754,251.0,0.0,0.0,,,
2026-09-08 04:12:04.472,dummy,2.801,-1.337,0.753,250.1,0.0,0.0,,,
2026-09-08 04:12:04.524,dummy,2.789,-1.371,0.752,249.2,0.0,0.0,,,
2026-09-08 04:12:04.576,dummy,2.776,-1.404,0.751,248.2,0.0,0.0,,,
2026-09-08 04:12:04.628,dummy,2.763,-1.436,0.75,247.2,0.0,0.0,,,
2026-09-08 04:12:04.680,dummy,2.749,-1.467,0.749,246.2,0.0,0.0,,,
2026-09-08 04:12:04.731,dummy,2.736,-1.497,0.748,245.1,0.0,0.0,,,
2026-09-08 04:12:04.782,dummy,2.721,-1.527,0.747,244.0,0.0,0.0,,,
2026-09-08 04:12:04.834,dummy,2.707,-1.556,0.746,242.8,0.0,0.0,,,
2026-09-08 04:12:04.886,dummy,2.692,-1.584,0.745,241.5,0.0,0.0,,,
2026-09-08 04:12:04.937,dummy,2.677,-1.611,0.744,240.2,0.0,0.0,,,
2026-09-08 04:12:04.989,dummy,2.661,-1.638,0.744,238.9,0.0,0.0,,,
2026-09-08 04:12:05.041,dummy,2.645,-1.664,0.743,237.5,0.0,0.0,,,
2026-09-08 04:12:05.093,dummy,2.629,-1.689,0.742,236.0,0.0,0.0,,,
2026-09-08 04:12:05.144,dummy,2.612,-1.713,0.741,234.5,0.0,0.0,,,
2026-09-08 04:12:05.197,dummy,2.595,-1.736,0.74,232.9,0.0,0.0,,,
2026-09-08 04:12:05.248,dummy,2.578,-1.758,0.739,231.2,0.0,0.0,,,
2026-09-08 04:12:05.300,dummy,2.56,-1.779,0.738,229.4,0.0,0.0,,,
2026-09-08 04:12:05.351,dummy,2.543,-1.799,0.738,227.7,0.0,0.0,,,
2026-09-08 04:12:05.402,dummy,2.524,-1.819,0.737,225.8,0.0,0.0,,,
2026-09-08 04:12:05.454,dummy,2.506,-1.837,0.736,223.8,0.0,0.0,,,
2026-09-08 04:12:05.506,dummy,2.487,-1.855,0.735,221.7,0.0,0.0,,,
2026-09-08 04:12:05.558,dummy,2.468,-1.871,0.734,219.6,0.0,0.0,,,
2026-09-08 04:12:05.610,dummy,2.448,-1.887,0.734,217.4,0.0,0.0,,,
2026-09-08 04:12:05.661,dummy,2.428,-1.901,0.733,215.2,0.0,0.0,,,
2026-09-08 04:12:05.713,dummy,2.408,-1.915,0.732,212.8,0.0,0.0,,,
2026-09-08 04:12:05.765,dummy,2.387,-1.928,0.731,210.4,0.0,0.0,,,
2026-09-08 04:12:05.816,dummy,2.367,-1.939,0.73,207.9,0.0,0.0,,,
2026-09-08 04:12:05.871,dummy,2.345,-1.95,0.73,205.3,0.0,0.0,,,
2026-09-08 04:12:05.923,dummy,2.323,-1.96,0.729,202.7,0.0,0.0,,,
2026-09-08 04:12:05.974,dummy,2.301,-1.969,0.728,200.2,0.0,0.0,,,
2026-09-08 04:12:06.026,dummy,2.279,-1.976,0.727,197.6,0.0,0.0,,,
2026-09-08 04:12:06.077,dummy,2.257,-1.983,0.727,194.9,0.0,0.0,,,
2026-09-08 04:12:06.129,dummy,2.234,-1.988,0.726,192.3,0.0,0.0,,,
2026-09-08 04:12:06.181,dummy,2.211,-1.992,0.725,189.7,0.0,0.0,,,
2026-09-08 04:12:06.232,dummy,2.188,-1.996,0.725,187.1,0.0,0.0,,,
2026-09-08 04:12:06.283,dummy,2.165,-1.998,0.724,184.6,0.0,0.0,,,
2026-09-08 04:12:06.335,dummy,2.141,-2.0,0.723,182.1,0.0,0.0,,,
2026-09-08 04:12:06.386,dummy,2.118,-2.0,0.723,179.6,0.0,0.0,,,
2026-09-08 04:12:06.486,dummy,2.07,-1.998,0.721,175.0,0.0,0.0,,,
2026-09-08 04:12:06.565,dummy,2.033,-1.993,0.721,171.6,0.0,0.0,,,
2026-09-08 04:12:06.625,dummy,2.003,-1.988,0.72,169.0,0.0,0.0,,,
2026-09-08 04:12:06.676,dummy,1.978,-1.983,0.719,166.9,0.0,0.0,,,
2026-09-08 04:12:06.727,dummy,1.952,-1.976,0.719,164.9,0.0,0.0,,,
2026-09-08 04:12:06.779,dummy,1.926,-1.969,0.718,163.0,0.0,0.0,,,
2026-09-08 04:12:06.829,dummy,1.9,-1.961,0.717,161.2,0.0,0.0,,,
2026-09-08 04:12:06.881,dummy,1.874,-1.951,0.717,159.5,0.0,0.0,,,
2026-09-08 04:12:06.932,dummy,1.848,-1.941,0.716,157.8,0.0,0.0,,,
2026-09-08 04:12:06.984,dummy,1.821,-1.929,0.716,156.2,0.0,0.0,,,
2026-09-08 04:12:07.035,dummy,1.793,-1.917,0.715,154.6,0.0,0.0,,,
2026-09-08 04:12:07.087,dummy,1.766,-1.903,0.715,153.1,0.0,0.0,,,
2026-09-08 04:12:07.138,dummy,1.738,-1.889,0.714,151.7,0.0,0.0,,,
2026-09-08 04:12:07.190,dummy,1.71,-1.874,0.714,150.4,0.0,0.0,,,
2026-09-08 04:12:07.242,dummy,1.682,-1.857,0.713,149.1,0.0,0.0,,,
2026-09-08 04:12:07.293,dummy,1.654,-1.84,0.713,147.9,0.0,0.0,,,
2026-09-08 04:12:07.345,dummy,1.626,-1.822,0.712,146.8,0.0,0.0,,,
2026-09-08 04:12:07.396,dummy,1.597,-1.803,0.712,145.7,0.0,0.0,,,
2026-09-08 04:12:07.447,dummy,1.568,-1.783,0.711,144.7,0.0,0.0,,,
2026-09-08 04:12:07.499,dummy,1.539,-1.762,0.711,143.7,0.0,0.0,,,
2026-09-08 04:12:07.550,dummy,1.51,-1.74,0.71,142.7,0.0,0.0,,,
2026-09-08 04:12:07.602,dummy,1.481,-1.717,0.71,141.8,0.0,0.0,,,
2026-09-08 04:12:07.653,dummy,1.451,-1.693,0.71,141.0,0.0,0.0,,,
2026-09-08 04:12:07.704,dummy,1.421,-1.669,0.709,140.2,0.0,0.0,,,
2026-09-08 04:12:07.756,dummy,1.391,-1.643,0.709,139.4,0.0,0.0,,,
2026-09-08 04:12:07.808,dummy,1.361,-1.617,0.708,138.6,0.0,0.0,,,
2026-09-08 04:12:07.859,dummy,1.33,-1.59,0.708,137.9,0.0,0.0,,,
2026-09-08 04:12:07.911,dummy,1.3,-1.562,0.707,137.3,0.0,0.0,,,
2026-09-08 04:12:07.963,dummy,1.269,-1.533,0.707,136.6,0.0,0.0,,,
2026-09-08 04:12:08.014,dummy,1.238,-1.504,0.707,136.0,0.0,0.0,,,
2026-09-08 04:12:08.070,dummy,1.206,-1.473,0.706,135.4,0.0,0.0,,,
2026-09-08 04:12:08.122,dummy,1.173,-1.44,0.706,134.8,0.0,0.0,,,
2026-09-08 04:12:08.174,dummy,1.142,-1.408,0.706,134.3,0.0,0.0,,,
2026-09-08 04:12:08.227,dummy,1.109,-1.374,0.705,133.8,0.0,0.0,,,
2026-09-08 04:12:08.278,dummy,1.077,-1.341,0.705,133.3,0.0,0.0,,,
2026-09-08 04:12:08.330,dummy,1.046,-1.307,0.705,132.9,0.0,0.0,,,
2026-09-08 04:12:08.381,dummy,1.014,-1.272,0.704,132.5,0.0,0.0,,,
2026-09-08 04:12:08.432,dummy,0.982,-1.237,0.704,132.0,0.0,0.0,,,
2026-09-08 04:12:08.484,dummy,0.95,-1.201,0.704,131.7,0.0,0.0,,,
2026-09-08 04:12:08.535,dummy,0.918,-1.165,0.704,131.3,0.0,0.0,,,
2026-09-08 04:12:08.587,dummy,0.885,-1.127,0.703,130.9,0.0,0.0,,,
2026-09-08 04:12:08.638,dummy,0.853,-1.09,0.703,130.6,0.0,0.0,,,
2026-09-08 04:12:08.690,dummy,0.82,-1.051,0.703,130.3,0.0,0.0,,,
2026-09-08 04:12:08.741,dummy,0.787,-1.013,0.703,130.0,0.0,0.0,,,
2026-09-08 04:12:08.793,dummy,0.754,-0.973,0.702,129.7,0.0,0.0,,,
2026-09-08 04:12:08.845,dummy,0.721,-0.933,0.702,129.5,0.0,0.0,,,
2026-09-08 04:12:08.896,dummy,0.688,-0.893,0.702,129.2,0.0,0.0,,,
2026-09-08 04:12:08.948,dummy,0.655,-0.852,0.702,129.0,0.0,0.0,,,
2026-09-08 04:12:09.002,dummy,0.62,-0.809,0.702,128.7,0.0,0.0,,,
2026-09-08 04:12:09.054,dummy,0.586,-0.767,0.701,128.5,0.0,0.0,,,
2026-09-08 04:12:09.105,dummy,0.553,-0.725,0.701,128.3,0.0,0.0,,,
2026-09-08 04:12:09.157,dummy,0.52,-0.682,0.701,128.2,0.0,0.0,,,
2026-09-08 04:12:09.209,dummy,0.486,-0.639,0.701,128.0,0.0,0.0,,,
2026-09-08 04:12:09.261,dummy,0.452,-0.596,0.701,127.8,0.0,0.0,,,
2026-09-08 04:12:09.312,dummy,0.418,-0.552,0.701,127.7,0.0,0.0,,,
2026-09-08 04:12:09.365,dummy,0.384,-0.508,0.701,127.6,0.0,0.0,,,
2026-09-08 04:12:09.417,dummy,0.35,-0.463,0.701,127.4,0.0,0.0,,,
2026-09-08 04:12:09.468,dummy,0.316,-0.419,0.7,127.3,0.0,0.0,,,
2026-09-08 04:12:09.520,dummy,0.282,-0.374,0.7,127.2,0.0,0.0,,,
2026-09-08 04:12:09.572,dummy,0.248,-0.33,0.7,127.2,0.0,0.0,,,
2026-09-08 04:12:09.623,dummy,0.214,-0.285,0.7,127.1,0.0,0.0,,,
2026-09-08 04:12:09.675,dummy,0.18,-0.24,0.7,127.0,0.0,0.0,,,
2026-09-08 04:12:09.726,dummy,0.146,-0.195,0.7,127.0,0.0,0.0,,,
2026-09-08 04:12:09.778,dummy,0.112,-0.149,0.7,126.9,0.0,0.0,,,
2026-09-08 04:12:09.830,dummy,0.078,-0.104,0.7,126.9,0.0,0.0,,,
2026-09-08 04:12:09.882,dummy,0.044,-0.058,0.7,126.9,0.0,0.0,,,
2026-09-08 04:12:09.933,dummy,0.01,-0.013,0.7,126.9,0.0,0.0,,,
2026-09-08 04:12:09.985,dummy,-0.024,0.032,0.7,126.9,0.0,0.0,,,
2026-09-08 04:12:10.036,dummy,-0.058,0.078,0.7,126.9,0.0,0.0,,,
2026-09-08 04:12:10.087,dummy,-0.092,0.123,0.7,126.9,0.0,0.0,,,
2026-09-08 04:12:10.145,dummy,-0.126,0.168,0.7,126.9,0.0,0.0,,,
2026-09-08 04:12:10.197,dummy,-0.164,0.218,0.7,127.0,0.0,0.0,,,
2026-09-08 04:12:10.248,dummy,-0.198,0.263,0.7,127.1,0.0,0.0,,,
2026-09-08 04:12:10.301,dummy,-0.233,0.309,0.7,127.1,0.0,0.0,,,
2026-09-08 04:12:10.352,dummy,-0.266,0.354,0.7,127.2,0.0,0.0,,,
2026-09-08 04:12:10.403,dummy,-0.3,0.398,0.7,127.3,0.0,0.0,,,
2026-09-08 04:12:10.460,dummy,-0.337,0.447,0.7,127.4,0.0,0.0,,,
2026-09-08 04:12:10.511,dummy,-0.371,0.491,0.701,127.5,0.0,0.0,,,
2026-09-08 04:12:10.563,dummy,-0.405,0.535,0.701,127.6,0.0,0.0,,,
2026-09-08 04:12:10.615,dummy,-0.439,0.579,0.701,127.8,0.0,0.0,,,
2026-09-08 04:12:10.667,dummy,-0.472,0.622,0.701,127.9,0.0,0.0,,,
2026-09-08 04:12:10.720,dummy,-0.507,0.666,0.701,128.1,0.0,0.0,,,
2026-09-08 04:12:10.773,dummy,-0.542,0.71,0.701,128.3,0.0,0.0,,,
2026-09-08 04:12:10.827,dummy,-0.577,0.755,0.701,128.5,0.0,0.0,,,
2026-09-08 04:12:10.879,dummy,-0.61,0.797,0.702,128.7,0.0,0.0,,,
2026-09-08 04:12:10.930,dummy,-0.644,0.838,0.702,128.9,0.0,0.0,,,
2026-09-08 04:12:10.982,dummy,-0.677,0.879,0.702,129.1,0.0,0.0,,,
2026-09-08 04:12:11.037,dummy,-0.712,0.922,0.702,129.4,0.0,0.0,,,
2026-09-08 04:12:11.088,dummy,-0.745,0.962,0.702,129.6,0.0,0.0,,,
2026-09-08 04:12:11.140,dummy,-0.778,1.001,0.703,129.9,0.0,0.0,,,
2026-09-08 04:12:11.191,dummy,-0.81,1.04,0.703,130.2,0.0,0.0,,,
2026-09-08 04:12:11.242,dummy,-0.843,1.079,0.703,130.5,0.0,0.0,,,
2026-09-08 04:12:11.294,dummy,-0.875,1.116,0.703,130.8,0.0,0.0,,,
2026-09-08 04:12:11.345,dummy,-0.908,1.153,0.704,131.2,0.0,0.0,,,
2026-09-08 04:12:11.396,dummy,-0.94,1.19,0.704,131.5,0.0,0.0,,,
2026-09-08 04:12:11.448,dummy,-0.972,1.226,0.704,131.9,0.0,0.0,,,
2026-09-08 04:12:11.500,dummy,-1.005,1.262,0.704,132.3,0.0,0.0,,,
2026-09-08 04:12:11.552,dummy,-1.037,1.297,0.705,132.8,0.0,0.0,,,
2026-09-08 04:12:11.605,dummy,-1.07,1.332,0.705,133.2,0.0,0.0,,,
2026-09-08 04:12:11.657,dummy,-1.101,1.366,0.705,133.7,0.0,0.0,,,
2026-09-08 04:12:11.708,dummy,-1.133,1.399,0.706,134.2,0.0,0.0,,,
2026-09-08 04:12:11.760,dummy,-1.164,1.431,0.706,134.7,0.0,0.0,,,
2026-09-08 04:12:11.812,dummy,-1.196,1.462,0.706,135.2,0.0,0.0,,,
2026-09-08 04:12:11.864,dummy,-1.227,1.493,0.707,135.8,0.0,0.0,,,
2026-09-08 04:12:11.915,dummy,-1.258,1.523,0.707,136.4,0.0,0.0,,,
2026-09-08 04:12:12.048,dummy,-1.337,1.596,0.708,138.1,0.0,0.0,,,
2026-09-08 04:12:12.102,dummy,-1.369,1.624,0.708,138.8,0.0,0.0,,,
2026-09-08 04:12:12.157,dummy,-1.401,1.652,0.709,139.6,0.0,0.0,,,
2026-09-08 04:12:12.210,dummy,-1.432,1.678,0.709,140.4,0.0,0.0,,,
2026-09-08 04:12:12.262,dummy,-1.462,1.702,0.71,141.3,0.0,0.0,,,
2026-09-08 04:12:12.315,dummy,-1.492,1.726,0.71,142.2,0.0,0.0,,,
2026-09-08 04:12:12.367,dummy,-1.522,1.749,0.711,143.1,0.0,0.0,,,
2026-09-08 04:12:12.418,dummy,-1.551,1.77,0.711,144.1,0.0,0.0,,,
2026-09-08 04:12:12.470,dummy,-1.58,1.791,0.711,145.1,0.0,0.0,,,
2026-09-08 04:12:12.521,dummy,-1.609,1.811,0.712,146.1,0.0,0.0,,,
2026-09-08 04:12:12.572,dummy,-1.638,1.829,0.712,147.3,0.0,0.0,,,
2026-09-08 04:12:12.623,dummy,-1.666,1.847,0.713,148.4,0.0,0.0,,,
2026-09-08 04:12:12.675,dummy,-1.694,1.864,0.713,149.6,0.0,0.0,,,
2026-09-08 04:12:12.726,dummy,-1.722,1.88,0.714,150.9,0.0,0.0,,,
2026-09-08 04:12:12.777,dummy,-1.749,1.895,0.714,152.3,0.0,0.0,,,
2026-09-08 04:12:12.828,dummy,-1.777,1.909,0.715,153.7,0.0,0.0,,,
2026-09-08 04:12:12.880,dummy,-1.804,1.922,0.715,155.2,0.0,0.0,,,
2026-09-08 04:12:12.931,dummy,-1.831,1.934,0.716,156.7,0.0,0.0,,,
2026-09-08 04:12:12.982,dummy,-1.857,1.945,0.717,158.4,0.0,0.0,,,
2026-09-08 04:12:13.033,dummy,-1.884,1.955,0.717,160.1,0.0,0.0,,,
2026-09-08 04:12:13.084,dummy,-1.91,1.964,0.718,161.9,0.0,0.0,,,
2026-09-08 04:12:13.136,dummy,-1.936,1.972,0.718,163.7,0.0,0.0,,,
2026-09-08 04:12:13.188,dummy,-1.962,1.979,0.719,165.7,0.0,0.0,,,
2026-09-08 04:12:13.239,dummy,-1.987,1.985,0.719,167.7,0.0,0.0,,,
2026-09-08 04:12:13.290,dummy,-2.013,1.99,0.72,169.8,0.0,0.0,,,
2026-09-08 04:12:13.342,dummy,-2.038,1.994,0.721,172.0,0.0,0.0,,,
2026-09-08 04:12:13.393,dummy,-2.062,1.997,0.721,174.3,0.0,0.0,,,
2026-09-08 04:12:13.444,dummy,-2.087,1.999,0.722,176.6,0.0,0.0,,,
2026-09-08 04:12:13.496,dummy,-2.111,2.0,0.723,179.0,0.0,0.0,,,
2026-09-08 04:12:13.548,dummy,-2.135,2.0,0.723,181.4,0.0,0.0,,,
2026-09-08 04:12:13.601,dummy,-2.159,1.999,0.724,184.0,0.0,0.0,,,
2026-09-08 04:12:13.652,dummy,-2.183,1.997,0.725,186.5,0.0,0.0,,,
2026-09-08 04:12:13.703,dummy,-2.206,1.993,0.725,189.1,0.0,0.0,,,
2026-09-08 04:12:13.754,dummy,-2.229,1.989,0.726,191.7,0.0,0.0,,,
2026-09-08 04:12:13.805,dummy,-2.251,1.984,0.727,194.3,0.0,0.0,,,
2026-09-08 04:12:13.856,dummy,-2.273,1.978,0.727,196.9,0.0,0.0,,,
2026-09-08 04:12:13.908,dummy,-2.295,1.971,0.728,199.5,0.0,0.0,,,
2026-09-08 04:12:13.959,dummy,-2.317,1.962,0.729,202.0,0.0,0.0,,,
2026-09-08 04:12:14.010,dummy,-2.338,1.953,0.729,204.6,0.0,0.0,,,
2026-09-08 04:12:14.062,dummy,-2.359,1.943,0.73,207.1,0.0,0.0,,,
2026-09-08 04:12:14.114,dummy,-2.38,1.932,0.731,209.6,0.0,0.0,,,
2026-09-08 04:12:14.165,dummy,-2.401,1.919,0.732,212.0,0.0,0.0,,,
2026-09-08 04:12:14.220,dummy,-2.421,1.906,0.732,214.4,0.0,0.0,,,
2026-09-08 04:12:14.272,dummy,-2.442,1.891,0.733,216.8,0.0,0.0,,,
2026-09-08 04:12:14.323,dummy,-2.462,1.876,0.734,219.0,0.0,0.0,,,
2026-09-08 04:12:14.375,dummy,-2.481,1.859,0.735,221.1,0.0,0.0,,,
2026-09-08 04:12:14.427,dummy,-2.5,1.842,0.736,223.2,0.0,0.0,,,
2026-09-08 04:12:14.479,dummy,-2.519,1.824,0.736,225.2,0.0,0.0,,,
2026-09-08 04:12:14.530,dummy,-2.537,1.805,0.737,227.1,0.0,0.0,,,
2026-09-08 04:12:14.583,dummy,-2.556,1.785,0.738,229.0,0.0,0.0,,,
2026-09-08 04:12:14.635,dummy,-2.574,1.763,0.739,230.8,0.0,0.0,,,
2026-09-08 04:12:14.686,dummy,-2.591,1.742,0.74,232.4,0.0,0.0,,,
2026-09-08 04:12:14.738,dummy,-2.608,1.718,0.741,234.1,0.0,0.0,,,
2026-09-08 04:12:14.789,dummy,-2.625,1.695,0.742,235.6,0.0,0.0,,,
2026-09-08 04:12:14.841,dummy,-2.641,1.671,0.742,237.1,0.0,0.0,,,
2026-09-08 04:12:14.894,dummy,-2.657,1.644,0.743,238.5,0.0,0.0,,,
2026-09-08 04:12:14.945,dummy,-2.673,1.618,0.744,239.9,0.0,0.0,,,
2026-09-08 04:12:14.996,dummy,-2.688,1.591,0.745,241.2,0.0,0.0,,,
2026-09-08 04:12:15.048,dummy,-2.703,1.564,0.746,242.4,0.0,0.0,,,
2026-09-08 04:12:15.100,dummy,-2.718,1.535,0.747,243.6,0.0,0.0,,,
2026-09-08 04:12:15.152,dummy,-2.732,1.505,0.748,244.8,0.0,0.0,,,
2026-09-08 04:12:15.203,dummy,-2.746,1.475,0.749,245.9,0.0,0.0,,,
2026-09-08 04:12:15.255,dummy,-2.759,1.444,0.75,247.0,0.0,0.0,,,
2026-09-08 04:12:15.306,dummy,-2.772,1.412,0.751,248.0,0.0,0.0,,,
2026-09-08 04:12:15.358,dummy,-2.785,1.379,0.752,249.0,0.0,0.0,,,
2026-09-08 04:12:15.410,dummy,-2.798,1.346,0.753,249.9,0.0,0.0,,,
2026-09-08 04:12:15.462,dummy,-2.81,1.312,0.754,250.8,0.0,0.0,,,
2026-09-08 04:12:15.513,dummy,-2.822,1.278,0.754,251.7,0.0,0.0,,,
2026-09-08 04:12:15.564,dummy,-2.833,1.243,0.755,252.5,0.0,0.0,,,
2026-09-08 04:12:15.616,dummy,-2.844,1.207,0.756,253.3,0.0,0.0,,,
2026-09-08 04:12:15.667,dummy,-2.855,1.17,0.757,254.1,0.0,0.0,,,
2026-09-08 04:12:15.719,dummy,-2.865,1.133,0.758,254.9,0.0,0.0,,,
2026-09-08 04:12:15.770,dummy,-2.875,1.096,0.759,255.6,0.0,0.0,,,
2026-09-08 04:12:15.822,dummy,-2.884,1.057,0.76,256.3,0.0,0.0,,,
2026-09-08 04:12:15.873,dummy,-2.894,1.019,0.761,257.0,0.0,0.0,,,
2026-09-08 04:12:15.924,dummy,-2.902,0.98,0.763,257.7,0.0,0.0,,,
2026-09-08 04:12:15.976,dummy,-2.911,0.94,0.764,258.4,0.0,0.0,,,
2026-09-08 04:12:16.027,dummy,-2.919,0.9,0.765,259.0,0.0,0.0,,,
2026-09-08 04:12:16.079,dummy,-2.926,0.859,0.766,259.6,0.0,0.0,,,
2026-09-08 04:12:16.130,dummy,-2.934,0.818,0.767,260.2,0.0,0.0,,,
2026-09-08 04:12:16.183,dummy,-2.941,0.776,0.768,260.9,0.0,0.0,,,
2026-09-08 04:12:16.235,dummy,-2.947,0.733,0.769,261.4,0.0,0.0,,,
2026-09-08 04:12:16.286,dummy,-2.953,0.691,0.77,262.0,0.0,0.0,,,
2026-09-08 04:12:16.340,dummy,-2.959,0.648,0.771,262.6,0.0,0.0,,,
2026-09-08 04:12:16.392,dummy,-2.965,0.603,0.772,263.2,0.0,0.0,,,
2026-09-08 04:12:16.444,dummy,-2.97,0.559,0.773,263.7,0.0,0.0,,,
2026-09-08 04:12:16.496,dummy,-2.975,0.515,0.775,264.2,0.0,0.0,,,
2026-09-08 04:12:16.547,dummy,-2.979,0.471,0.776,264.8,0.0,0.0,,,
2026-09-08 04:12:16.599,dummy,-2.983,0.427,0.777,265.3,0.0,0.0,,,
2026-09-08 04:12:16.650,dummy,-2.986,0.383,0.778,265.8,0.0,0.0,,,
2026-09-08 04:12:16.702,dummy,-2.989,0.338,0.779,266.3,0.0,0.0,,,
2026-09-08 04:12:16.753,dummy,-2.992,0.294,0.78,266.8,0.0,0.0,,,
2026-09-08 04:12:16.805,dummy,-2.994,0.248,0.781,267.3,0.0,0.0,,,
2026-09-08 04:12:16.857,dummy,-2.996,0.203,0.783,267.8,0.0,0.0,,,
2026-09-08 04:12:16.909,dummy,-2.998,0.158,0.784,268.3,0.0,0.0,,,
2026-09-08 04:12:16.962,dummy,-2.999,0.111,0.785,268.8,0.0,0.0,,,
2026-09-08 04:12:17.013,dummy,-3.0,0.066,0.786,269.3,0.0,0.0,,,
2026-09-08 04:12:17.065,dummy,-3.0,0.02,0.787,269.8,0.0,0.0,,,
2026-09-08 04:12:17.117,dummy,-3.0,-0.025,0.789,270.3,0.0,0.0,,,
2026-09-08 04:12:17.168,dummy,-3.0,-0.07,0.79,270.8,0.0,0.0,,,
2026-09-08 04:12:17.219,dummy,-2.999,-0.116,0.791,271.2,0.0,0.0,,,
2026-09-08 04:12:17.271,dummy,-2.998,-0.161,0.792,271.7,0.0,0.0,,,
2026-09-08 04:12:17.322,dummy,-2.996,-0.206,0.793,272.2,0.0,0.0,,,
2026-09-08 04:12:17.373,dummy,-2.994,-0.251,0.795,272.7,0.0,0.0,,,
2026-09-08 04:12:17.426,dummy,-2.992,-0.296,0.796,273.2,0.0,0.0,,,
2026-09-08 04:12:17.477,dummy,-2.989,-0.341,0.797,273.7,0.0,0.0,,,
2026-09-08 04:12:17.528,dummy,-2.986,-0.385,0.798,274.2,0.0,0.0,,,
2026-09-08 04:12:17.580,dummy,-2.982,-0.43,0.8,274.7,0.0,0.0,,,
2026-09-08 04:12:17.632,dummy,-2.979,-0.474,0.801,275.3,0.0,0.0,,,
2026-09-08 04:12:17.685,dummy,-2.974,-0.519,0.802,275.8,0.0,0.0,,,
2026-09-08 04:12:17.736,dummy,-2.97,-0.563,0.804,276.3,0.0,0.0,,,
2026-09-08 04:12:17.788,dummy,-2.964,-0.607,0.805,276.9,0.0,0.0,,,
2026-09-08 04:12:17.840,dummy,-2.959,-0.65,0.806,277.4,0.0,0.0,,,
2026-09-08 04:12:17.891,dummy,-2.953,-0.693,0.807,278.0,0.0,0.0,,,
2026-09-08 04:12:17.943,dummy,-2.947,-0.735,0.809,278.6,0.0,0.0,,,
2026-09-08 04:12:17.995,dummy,-2.94,-0.777,0.81,279.2,0.0,0.0,,,
2026-09-08 04:12:18.047,dummy,-2.933,-0.819,0.811,279.8,0.0,0.0,,,
2026-09-08 04:12:18.100,dummy,-2.926,-0.861,0.813,280.4,0.0,0.0,,,
2026-09-08 04:12:18.152,dummy,-2.918,-0.902,0.814,281.0,0.0,0.0,,,
2026-09-08 04:12:18.203,dummy,-2.91,-0.942,0.815,281.7,0.0,0.0,,,
2026-09-08 04:12:18.254,dummy,-2.902,-0.982,0.817,282.3,0.0,0.0,,,
2026-09-08 04:12:18.306,dummy,-2.893,-1.021,0.818,283.0,0.0,0.0,,,
2026-09-08 04:12:18.358,dummy,-2.884,-1.06,0.819,283.7,0.0,0.0,,,
2026-09-08 04:12:18.409,dummy,-2.874,-1.098,0.821,284.4,0.0,0.0,,,
2026-09-08 04:12:18.461,dummy,-2.864,-1.136,0.822,285.2,0.0,0.0,,,
2026-09-08 04:12:18.512,dummy,-2.854,-1.173,0.824,285.9,0.0,0.0,,,
2026-09-08 04:12:18.563,dummy,-2.843,-1.209,0.825,286.7,0.0,0.0,,,
2026-09-08 04:12:18.615,dummy,-2.832,-1.245,0.826,287.5,0.0,0.0,,,
2026-09-08 04:12:18.667,dummy,-2.821,-1.28,0.828,288.4,0.0,0.0,,,
2026-09-08 04:12:18.719,dummy,-2.809,-1.315,0.829,289.3,0.0,0.0,,,
2026-09-08 04:12:18.771,dummy,-2.797,-1.35,0.831,290.2,0.0,0.0,,,
2026-09-08 04:12:18.823,dummy,-2.784,-1.383,0.832,291.1,0.0,0.0,,,
2026-09-08 04:12:18.874,dummy,-2.771,-1.415,0.833,292.1,0.0,0.0,,,
2026-09-08 04:12:18.926,dummy,-2.758,-1.447,0.835,293.1,0.0,0.0,,,
2026-09-08 04:12:18.977,dummy,-2.744,-1.478,0.836,294.2,0.0,0.0,,,
2026-09-08 04:12:19.029,dummy,-2.731,-1.508,0.838,295.3,0.0,0.0,,,
2026-09-08 04:12:19.081,dummy,-2.716,-1.537,0.839,296.5,0.0,0.0,,,
2026-09-08 04:12:19.133,dummy,-2.701,-1.566,0.841,297.7,0.0,0.0,,,
2026-09-08 04:12:19.185,dummy,-2.686,-1.594,0.842,298.9,0.0,0.0,,,
2026-09-08 04:12:19.237,dummy,-2.671,-1.622,0.843,300.3,0.0,0.0,,,
2026-09-08 04:12:19.288,dummy,-2.655,-1.648,0.845,301.6,0.0,0.0,,,
2026-09-08 04:12:19.340,dummy,-2.639,-1.673,0.846,303.1,0.0,0.0,,,
2026-09-08 04:12:19.392,dummy,-2.623,-1.697,0.848,304.5,0.0,0.0,,,
2026-09-08 04:12:19.443,dummy,-2.606,-1.721,0.849,306.1,0.0,0.0,,,
2026-09-08 04:12:19.495,dummy,-2.589,-1.744,0.851,307.7,0.0,0.0,,,
2026-09-08 04:12:19.546,dummy,-2.572,-1.765,0.852,309.4,0.0,0.0,,,
2026-09-08 04:12:19.598,dummy,-2.554,-1.786,0.854,311.2,0.0,0.0,,,
2026-09-08 04:12:19.650,dummy,-2.536,-1.806,0.855,313.0,0.0,0.0,,,
2026-09-08 04:12:19.701,dummy,-2.518,-1.825,0.857,314.9,0.0,0.0,,,
2026-09-08 04:12:19.752,dummy,-2.499,-1.843,0.858,316.9,0.0,0.0,,,
2026-09-08 04:12:19.804,dummy,-2.48,-1.861,0.86,319.0,0.0,0.0,,,
2026-09-08 04:12:19.855,dummy,-2.461,-1.877,0.861,321.1,0.0,0.0,,,
2026-09-08 04:12:19.907,dummy,-2.441,-1.892,0.863,323.4,0.0,0.0,,,
2026-09-08 04:12:19.959,dummy,-2.421,-1.906,0.864,325.6,0.0,0.0,,,
2026-09-08 04:12:20.010,dummy,-2.401,-1.919,0.866,328.0,0.0,0.0,,,
2026-09-08 04:12:20.062,dummy,-2.38,-1.932,0.867,330.4,0.0,0.0,,,
2026-09-08 04:12:20.114,dummy,-2.36,-1.943,0.869,332.9,0.0,0.0,,,
2026-09-08 04:12:20.166,dummy,-2.338,-1.953,0.87,335.4,0.0,0.0,,,
2026-09-08 04:12:20.218,dummy,-2.317,-1.963,0.872,338.0,0.0,0.0,,,
2026-09-08 04:12:20.269,dummy,-2.295,-1.971,0.873,340.6,0.0,0.0,,,
2026-09-08 04:12:20.321,dummy,-2.273,-1.978,0.875,343.2,0.0,0.0,,,
2026-09-08 04:12:20.373,dummy,-2.25,-1.984,0.877,345.8,0.0,0.0,,,
2026-09-08 04:12:20.424,dummy,-2.227,-1.989,0.878,348.5,0.0,0.0,,,
2026-09-08 04:12:20.476,dummy,-2.204,-1.994,0.88,351.1,0.0,0.0,,,
2026-09-08 04:12:20.528,dummy,-2.181,-1.997,0.881,353.7,0.0,0.0,,,
2026-09-08 04:12:20.580,dummy,-2.158,-1.999,0.883,356.2,0.0,0.0,,,
2026-09-08 04:12:20.631,dummy,-2.134,-2.0,0.884,358.7,0.0,0.0,,,
2026-09-08 04:12:20.684,dummy,-2.109,-2.0,0.886,1.2,0.0,0.0,,,
2026-09-08 04:12:20.736,dummy,-2.085,-1.999,0.888,3.6,0.0,0.0,,,
2026-09-08 04:12:20.788,dummy,-2.06,-1.997,0.889,6.0,0.0,0.0,,,
2026-09-08 04:12:20.839,dummy,-2.035,-1.994,0.891,8.2,0.0,0.0,,,
2026-09-08 04:12:20.891,dummy,-2.01,-1.989,0.892,10.4,0.0,0.0,,,
2026-09-08 04:12:20.943,dummy,-1.984,-1.984,0.894,12.5,0.0,0.0,,,
2026-09-08 04:12:20.995,dummy,-1.959,-1.978,0.896,14.6,0.0,0.0,,,
2026-09-08 04:12:21.047,dummy,-1.932,-1.971,0.897,16.5,0.0,0.0,,,
2026-09-08 04:12:21.098,dummy,-1.906,-1.963,0.899,18.4,0.0,0.0,,,
2026-09-08 04:12:21.155,dummy,-1.877,-1.952,0.901,20.3,0.0,0.0,,,
2026-09-08 04:12:21.206,dummy,-1.851,-1.942,0.902,22.0,0.0,0.0,,,
2026-09-08 04:12:21.258,dummy,-1.824,-1.931,0.904,23.7,0.0,0.0,,,
2026-09-08 04:12:21.310,dummy,-1.796,-1.918,0.905,25.2,0.0,0.0,,,
2026-09-08 04:12:21.361,dummy,-1.769,-1.905,0.907,26.7,0.0,0.0,,,
2026-09-08 04:12:21.413,dummy,-1.741,-1.891,0.909,28.1,0.0,0.0,,,
2026-09-08 04:12:21.464,dummy,-1.714,-1.876,0.91,29.4,0.0,0.0,,,
2026-09-08 04:12:21.516,dummy,-1.686,-1.859,0.912,30.7,0.0,0.0,,,
2026-09-08 04:12:21.567,dummy,-1.658,-1.842,0.913,31.9,0.0,0.0,,,
2026-09-08 04:12:21.619,dummy,-1.629,-1.824,0.915,33.1,0.0,0.0,,,
2026-09-08 04:12:21.670,dummy,-1.601,-1.805,0.917,34.2,0.0,0.0,,,
2026-09-08 04:12:21.721,dummy,-1.572,-1.785,0.918,35.2,0.0,0.0,,,
2026-09-08 04:12:21.774,dummy,-1.542,-1.764,0.92,36.2,0.0,0.0,,,
2026-09-08 04:12:21.826,dummy,-1.513,-1.742,0.922,37.2,0.0,0.0,,,
2026-09-08 04:12:21.878,dummy,-1.483,-1.719,0.923,38.1,0.0,0.0,,,
2026-09-08 04:12:21.930,dummy,-1.453,-1.695,0.925,39.0,0.0,0.0,,,
2026-09-08 04:12:21.982,dummy,-1.423,-1.67,0.927,39.8,0.0,0.0,,,
2026-09-08 04:12:22.034,dummy,-1.393,-1.645,0.928,40.6,0.0,0.0,,,
2026-09-08 04:12:22.085,dummy,-1.362,-1.618,0.93,41.3,0.0,0.0,,,
2026-09-08 04:12:22.137,dummy,-1.332,-1.591,0.932,42.0,0.0,0.0,,,
2026-09-08 04:12:22.188,dummy,-1.301,-1.563,0.933,42.7,0.0,0.0,,,
2026-09-08 04:12:22.240,dummy,-1.271,-1.535,0.935,43.3,0.0,0.0,,,
2026-09-08 04:12:22.291,dummy,-1.24,-1.505,0.937,44.0,0.0,0.0,,,
2026-09-08 04:12:22.343,dummy,-1.209,-1.475,0.938,44.5,0.0,0.0,,,
2026-09-08 04:12:22.395,dummy,-1.177,-1.444,0.94,45.1,0.0,0.0,,,
2026-09-08 04:12:22.446,dummy,-1.146,-1.412,0.942,45.6,0.0,0.0,,,
2026-09-08 04:12:22.497,dummy,-1.115,-1.38,0.943,46.1,0.0,0.0,,,
2026-09-08 04:12:22.552,dummy,-1.082,-1.345,0.945,46.6,0.0,0.0,,,
2026-09-08 04:12:22.603,dummy,-1.05,-1.311,0.947,47.1,0.0,0.0,,,
2026-09-08 04:12:22.654,dummy,-1.018,-1.277,0.948,47.5,0.0,0.0,,,
2026-09-08 04:12:22.706,dummy,-0.986,-1.241,0.95,47.9,0.0,0.0,,,
2026-09-08 04:12:22.757,dummy,-0.954,-1.206,0.952,48.3,0.0,0.0,,,
2026-09-08 04:12:22.809,dummy,-0.921,-1.169,0.953,48.7,0.0,0.0,,,
2026-09-08 04:12:22.860,dummy,-0.889,-1.132,0.955,49.0,0.0,0.0,,,
2026-09-08 04:12:22.913,dummy,-0.856,-1.094,0.957,49.3,0.0,0.0,,,
2026-09-08 04:12:22.964,dummy,-0.823,-1.056,0.958,49.7,0.0,0.0,,,
2026-09-08 04:12:23.016,dummy,-0.791,-1.017,0.96,50.0,0.0,0.0,,,
2026-09-08 04:12:23.067,dummy,-0.758,-0.977,0.962,50.2,0.0,0.0,,,
2026-09-08 04:12:23.119,dummy,-0.725,-0.938,0.963,50.5,0.0,0.0,,,
2026-09-08 04:12:23.170,dummy,-0.692,-0.897,0.965,50.8,0.0,0.0,,,
2026-09-08 04:12:23.222,dummy,-0.659,-0.857,0.967,51.0,0.0,0.0,,,
2026-09-08 04:12:23.274,dummy,-0.625,-0.815,0.969,51.2,0.0,0.0,,,
2026-09-08 04:12:23.326,dummy,-0.592,-0.773,0.97,51.4,0.0,0.0,,,
2026-09-08 04:12:23.378,dummy,-0.558,-0.731,0.972,51.6,0.0,0.0,,,
2026-09-08 04:12:23.429,dummy,-0.524,-0.688,0.974,51.8,0.0,0.0,,,
2026-09-08 04:12:23.481,dummy,-0.491,-0.646,0.975,52.0,0.0,0.0,,,
2026-09-08 04:12:23.533,dummy,-0.457,-0.603,0.977,52.1,0.0,0.0,,,
2026-09-08 04:12:23.585,dummy,-0.423,-0.558,0.979,52.3,0.0,0.0,,,
2026-09-08 04:12:23.637,dummy,-0.389,-0.514,0.981,52.4,0.0,0.0,,,
2026-09-08 04:12:23.688,dummy,-0.355,-0.47,0.982,52.5,0.0,0.0,,,
2026-09-08 04:12:23.740,dummy,-0.321,-0.426,0.984,52.6,0.0,0.0,,,
2026-09-08 04:12:23.791,dummy,-0.288,-0.382,0.986,52.7,0.0,0.0,,,
2026-09-08 04:12:23.843,dummy,-0.254,-0.337,0.987,52.8,0.0,0.0,,,
2026-09-08 04:12:23.894,dummy,-0.22,-0.293,0.989,52.9,0.0,0.0,,,
2026-09-08 04:12:23.945,dummy,-0.186,-0.248,0.991,53.0,0.0,0.0,,,
2026-09-08 04:12:23.997,dummy,-0.153,-0.203,0.992,53.0,0.0,0.0,,,
2026-09-08 04:12:24.049,dummy,-0.118,-0.157,0.994,53.1,0.0,0.0,,,
2026-09-08 04:12:24.102,dummy,-0.083,-0.111,0.996,53.1,0.0,0.0,,,
2026-09-08 04:12:24.154,dummy,-0.049,-0.066,0.998,53.1,0.0,0.0,,,
2026-09-08 04:12:24.205,dummy,-0.015,-0.02,0.999,53.1,0.0,0.0,,,
2026-09-08 04:12:24.257,dummy,0.019,0.026,1.001,53.1,0.0,0.0,,,
2026-09-08 04:12:24.309,dummy,0.053,0.071,1.003,53.1,0.0,0.0,,,
2026-09-08 04:12:24.360,dummy,0.087,0.117,1.004,53.1,0.0,0.0,,,
2026-09-08 04:12:24.412,dummy,0.121,0.162,1.006,53.1,0.0,0.0,,,
2026-09-08 04:12:24.471,dummy,0.157,0.208,1.008,53.0,0.0,0.0,,,
2026-09-08 04:12:24.523,dummy,0.195,0.259,1.01,53.0,0.0,0.0,,,
2026-09-08 04:12:24.575,dummy,0.229,0.304,1.011,52.9,0.0,0.0,,,
2026-09-08 04:12:24.627,dummy,0.263,0.349,1.013,52.8,0.0,0.0,,,
2026-09-08 04:12:24.680,dummy,0.298,0.396,1.015,52.7,0.0,0.0,,,
2026-09-08 04:12:24.732,dummy,0.332,0.44,1.017,52.6,0.0,0.0,,,
2026-09-08 04:12:24.784,dummy,0.366,0.484,1.018,52.5,0.0,0.0,,,
2026-09-08 04:12:24.835,dummy,0.4,0.528,1.02,52.4,0.0,0.0,,,
2026-09-08 04:12:24.886,dummy,0.433,0.572,1.022,52.2,0.0,0.0,,,
2026-09-08 04:12:24.938,dummy,0.467,0.615,1.023,52.1,0.0,0.0,,,
2026-09-08 04:12:24.989,dummy,0.5,0.657,1.025,51.9,0.0,0.0,,,
2026-09-08 04:12:25.040,dummy,0.533,0.699,1.027,51.8,0.0,0.0,,,
2026-09-08 04:12:25.091,dummy,0.566,0.742,1.028,51.6,0.0,0.0,,,
2026-09-08 04:12:25.143,dummy,0.6,0.784,1.03,51.4,0.0,0.0,,,
2026-09-08 04:12:25.196,dummy,0.633,0.826,1.032,51.2,0.0,0.0,,,
2026-09-08 04:12:25.247,dummy,0.667,0.867,1.034,50.9,0.0,0.0,,,
2026-09-08 04:12:25.298,dummy,0.7,0.907,1.035,50.7,0.0,0.0,,,
2026-09-08 04:12:25.349,dummy,0.733,0.947,1.037,50.4,0.0,0.0,,,
2026-09-08 04:12:25.401,dummy,0.765,0.987,1.039,50.2,0.0,0.0,,,
2026-09-08 04:12:25.452,dummy,0.799,1.026,1.04,49.9,0.0,0.0,,,
2026-09-08 04:12:25.504,dummy,0.831,1.065,1.042,49.6,0.0,0.0,,,
2026-09-08 04:12:25.556,dummy,0.864,1.103,1.044,49.3,0.0,0.0,,,
2026-09-08 04:12:25.608,dummy,0.897,1.141,1.045,48.9,0.0,0.0,,,
2026-09-08 04:12:25.660,dummy,0.93,1.179,1.047,48.6,0.0,0.0,,,
2026-09-08 04:12:25.714,dummy,0.962,1.215,1.049,48.2,0.0,0.0,,,
2026-09-08 04:12:25.779,dummy,1.003,1.26,1.051,47.7,0.0,0.0,,,
2026-09-08 04:12:25.843,dummy,1.044,1.305,1.053,47.1,0.0,0.0,,,
2026-09-08 04:12:25.895,dummy,1.076,1.339,1.055,46.7,0.0,0.0,,,
2026-09-08 04:12:25.946,dummy,1.107,1.372,1.056,46.2,0.0,0.0,,,
2026-09-08 04:12:25.998,dummy,1.139,1.405,1.058,45.7,0.0,0.0,,,
2026-09-08 04:12:26.050,dummy,1.171,1.437,1.06,45.2,0.0,0.0,,,
2026-09-08 04:12:26.101,dummy,1.202,1.468,1.061,44.7,0.0,0.0,,,
2026-09-08 04:12:26.153,dummy,1.233,1.498,1.063,44.1,0.0,0.0,,,
2026-09-08 04:12:26.204,dummy,1.264,1.528,1.065,43.5,0.0,0.0,,,
2026-09-08 04:12:26.257,dummy,1.295,1.557,1.066,42.8,0.0,0.0,,,
2026-09-08 04:12:26.308,dummy,1.326,1.586,1.068,42.2,0.0,0.0,,,
2026-09-08 04:12:26.360,dummy,1.356,1.613,1.07,41.5,0.0,0.0,,,
2026-09-08 04:12:26.411,dummy,1.386,1.639,1.071,40.7,0.0,0.0,,,
2026-09-08 04:12:26.463,dummy,1.416,1.665,1.073,40.0,0.0,0.0,,,
2026-09-08 04:12:26.516,dummy,1.447,1.69,1.075,39.1,0.0,0.0,,,
2026-09-08 04:12:26.567,dummy,1.477,1.714,1.076,38.3,0.0,0.0,,,
2026-09-08 04:12:26.618,dummy,1.506,1.737,1.078,37.4,0.0,0.0,,,
2026-09-08 04:12:26.669,dummy,1.535,1.759,1.08,36.5,0.0,0.0,,,
2026-09-08 04:12:26.721,dummy,1.564,1.78,1.081,35.5,0.0,0.0,,,
2026-09-08 04:12:26.773,dummy,1.593,1.8,1.083,34.5,0.0,0.0,,,
2026-09-08 04:12:26.824,dummy,1.622,1.819,1.085,33.4,0.0,0.0,,,
2026-09-08 04:12:26.875,dummy,1.65,1.838,1.086,32.2,0.0,0.0,,,
2026-09-08 04:12:26.927,dummy,1.678,1.855,1.088,31.0,0.0,0.0,,,
2026-09-08 04:12:26.978,dummy,1.706,1.871,1.089,29.8,0.0,0.0,,,
2026-09-08 04:12:27.029,dummy,1.734,1.887,1.091,28.5,0.0,0.0,,,
2026-09-08 04:12:27.081,dummy,1.762,1.901,1.093,27.1,0.0,0.0,,,
2026-09-08 04:12:27.132,dummy,1.789,1.915,1.094,25.6,0.0,0.0,,,
2026-09-08 04:12:27.184,dummy,1.816,1.927,1.096,24.1,0.0,0.0,,,
2026-09-08 04:12:27.235,dummy,1.843,1.939,1.097,22.5,0.0,0.0,,,
2026-09-08 04:12:27.287,dummy,1.87,1.95,1.099,20.8,0.0,0.0,,,
2026-09-08 04:12:27.338,dummy,1.896,1.959,1.101,19.1,0.0,0.0,,,
2026-09-08 04:12:27.389,dummy,1.923,1.968,1.102,17.2,0.0,0.0,,,
2026-09-08 04:12:27.441,dummy,1.949,1.975,1.104,15.3,0.0,0.0,,,
2026-09-08 04:12:27.493,dummy,1.975,1.982,1.105,13.3,0.0,0.0,,,
2026-09-08 04:12:27.545,dummy,2.0,1.988,1.107,11.2,0.0,0.0,,,
2026-09-08 04:12:27.597,dummy,2.025,1.992,1.109,9.1,0.0,0.0,,,
2026-09-08 04:12:27.648,dummy,2.05,1.996,1.11,6.9,0.0,0.0,,,
2026-09-08 04:12:27.701,dummy,2.076,1.998,1.112,4.5,0.0,0.0,,,
2026-09-08 04:12:27.752,dummy,2.1,2.0,1.113,2.2,0.0,0.0,,,
2026-09-08 04:12:27.804,dummy,2.124,2.0,1.115,359.7,0.0,0.0,,,
2026-09-08 04:12:27.855,dummy,2.148,1.999,1.117,357.2,0.0,0.0,,,
2026-09-08 04:12:27.907,dummy,2.172,1.998,1.118,354.7,0.0,0.0,,,
2026-09-08 04:12:27.959,dummy,2.195,1.995,1.12,352.1,0.0,0.0,,,
2026-09-08 04:12:28.010,dummy,2.218,1.991,1.121,349.5,0.0,0.0,,,
2026-09-08 04:12:28.062,dummy,2.241,1.987,1.123,346.9,0.0,0.0,,,
2026-09-08 04:12:28.113,dummy,2.263,1.981,1.124,344.3,0.0,0.0,,,
2026-09-08 04:12:28.164,dummy,2.285,1.974,1.126,341.7,0.0,0.0,,,
2026-09-08 04:12:28.217,dummy,2.307,1.966,1.127,339.1,0.0,0.0,,,
2026-09-08 04:12:28.268,dummy,2.329,1.957,1.129,336.5,0.0,0.0,,,
2026-09-08 04:12:28.320,dummy,2.35,1.948,1.131,334.0,0.0,0.0,,,
2026-09-08 04:12:28.371,dummy,2.371,1.937,1.132,331.5,0.0,0.0,,,
2026-09-08 04:12:28.423,dummy,2.392,1.925,1.134,329.1,0.0,0.0,,,
2026-09-08 04:12:28.474,dummy,2.412,1.912,1.135,326.7,0.0,0.0,,,
2026-09-08 04:12:28.526,dummy,2.432,1.898,1.137,324.3,0.0,0.0,,,
2026-09-08 04:12:28.578,dummy,2.452,1.883,1.138,322.1,0.0,0.0,,,
2026-09-08 04:12:28.629,dummy,2.472,1.868,1.14,319.9,0.0,0.0,,,
2026-09-08 04:12:28.681,dummy,2.491,1.851,1.141,317.8,0.0,0.0,,,
2026-09-08 04:12:28.733,dummy,2.51,1.833,1.143,315.8,0.0,0.0,,,
2026-09-08 04:12:28.785,dummy,2.528,1.814,1.144,313.8,0.0,0.0,,,
2026-09-08 04:12:28.837,dummy,2.547,1.794,1.146,311.9,0.0,0.0,,,
2026-09-08 04:12:28.889,dummy,2.565,1.774,1.147,310.1,0.0,0.0,,,
2026-09-08 04:12:28.941,dummy,2.582,1.752,1.149,308.4,0.0,0.0,,,
2026-09-08 04:12:28.992,dummy,2.6,1.73,1.15,306.7,0.0,0.0,,,
2026-09-08 04:12:29.044,dummy,2.616,1.707,1.152,305.1,0.0,0.0,,,
2026-09-08 04:12:29.095,dummy,2.633,1.683,1.153,303.6,0.0,0.0,,,
2026-09-08 04:12:29.146,dummy,2.649,1.658,1.155,302.2,0.0,0.0,,,
2026-09-08 04:12:29.198,dummy,2.665,1.632,1.156,300.8,0.0,0.0,,,
2026-09-08 04:12:29.249,dummy,2.68,1.606,1.157,299.5,0.0,0.0,,,
2026-09-08 04:12:29.300,dummy,2.695,1.579,1.159,298.2,0.0,0.0,,,
2026-09-08 04:12:29.353,dummy,2.71,1.55,1.16,297.0,0.0,0.0,,,
2026-09-08 04:12:29.404,dummy,2.724,1.521,1.162,295.8,0.0,0.0,,,
2026-09-08 04:12:29.457,dummy,2.739,1.491,1.163,294.7,0.0,0.0,,,
2026-09-08 04:12:29.508,dummy,2.752,1.46,1.165,293.6,0.0,0.0,,,
2026-09-08 04:12:29.560,dummy,2.766,1.428,1.166,292.5,0.0,0.0,,,
2026-09-08 04:12:29.612,dummy,2.779,1.396,1.167,291.5,0.0,0.0,,,
2026-09-08 04:12:29.663,dummy,2.791,1.364,1.169,290.6,0.0,0.0,,,
2026-09-08 04:12:29.715,dummy,2.804,1.33,1.17,289.7,0.0,0.0,,,
2026-09-08 04:12:29.766,dummy,2.816,1.296,1.172,288.8,0.0,0.0,,,
2026-09-08 04:12:29.817,dummy,2.827,1.261,1.173,287.9,0.0,0.0,,,
2026-09-08 04:12:29.869,dummy,2.838,1.225,1.174,287.1,0.0,0.0,,,
2026-09-08 04:12:29.921,dummy,2.849,1.189,1.176,286.3,0.0,0.0,,,
2026-09-08 04:12:29.972,dummy,2.86,1.153,1.177,285.5,0.0,0.0,,,
2026-09-08 04:12:30.023,dummy,2.87,1.115,1.179,284.8,0.0,0.0,,,
2026-09-08 04:12:30.075,dummy,2.879,1.077,1.18,284.0,0.0,0.0,,,
2026-09-08 04:12:30.126,dummy,2.889,1.039,1.181,283.3,0.0,0.0,,,
2026-09-08 04:12:30.178,dummy,2.898,1.0,1.183,282.6,0.0,0.0,,,
2026-09-08 04:12:30.231,dummy,2.907,0.96,1.184,282.0,0.0,0.0,,,
2026-09-08 04:12:30.282,dummy,2.915,0.92,1.185,281.3,0.0,0.0,,,
2026-09-08 04:12:30.334,dummy,2.923,0.879,1.187,280.7,0.0,0.0,,,
2026-09-08 04:12:30.387,dummy,2.93,0.837,1.188,280.0,0.0,0.0,,,
2026-09-08 04:12:30.439,dummy,2.938,0.795,1.189,279.4,0.0,0.0,,,
2026-09-08 04:12:30.490,dummy,2.944,0.753,1.191,278.8,0.0,0.0,,,
2026-09-08 04:12:30.542,dummy,2.951,0.711,1.192,278.3,0.0,0.0,,,
2026-09-08 04:12:30.595,dummy,2.957,0.668,1.193,277.7,0.0,0.0,,,
2026-09-08 04:12:30.647,dummy,2.962,0.624,1.195,277.1,0.0,0.0,,,
2026-09-08 04:12:30.699,dummy,2.968,0.58,1.196,276.6,0.0,0.0,,,
2026-09-08 04:12:30.751,dummy,2.972,0.536,1.197,276.0,0.0,0.0,,,
2026-09-08 04:12:30.803,dummy,2.977,0.492,1.199,275.5,0.0,0.0,,,
2026-09-08 04:12:30.855,dummy,2.981,0.448,1.2,275.0,0.0,0.0,,,
2026-09-08 04:12:30.906,dummy,2.985,0.403,1.201,274.4,0.0,0.0,,,
2026-09-08 04:12:30.958,dummy,2.988,0.359,1.202,273.9,0.0,0.0,,,
2026-09-08 04:12:31.009,dummy,2.991,0.314,1.204,273.4,0.0,0.0,,,
2026-09-08 04:12:31.061,dummy,2.993,0.269,1.205,272.9,0.0,0.0,,,
2026-09-08 04:12:31.112,dummy,2.995,0.224,1.206,272.4,0.0,0.0,,,
2026-09-08 04:12:31.164,dummy,2.997,0.179,1.207,271.9,0.0,0.0,,,
2026-09-08 04:12:31.216,dummy,2.998,0.134,1.209,271.4,0.0,0.0,,,
2026-09-08 04:12:31.268,dummy,2.999,0.088,1.21,270.9,0.0,0.0,,,
2026-09-08 04:12:31.320,dummy,3.0,0.042,1.211,270.5,0.0,0.0,,,
2026-09-08 04:12:31.371,dummy,3.0,-0.003,1.212,270.0,0.0,0.0,,,
2026-09-08 04:12:31.422,dummy,3.0,-0.048,1.213,269.5,0.0,0.0,,,
2026-09-08 04:12:31.474,dummy,2.999,-0.093,1.215,269.0,0.0,0.0,,,
2026-09-08 04:12:31.526,dummy,2.998,-0.139,1.216,268.5,0.0,0.0,,,
2026-09-08 04:12:31.578,dummy,2.997,-0.184,1.217,268.0,0.0,0.0,,,
2026-09-08 04:12:31.629,dummy,2.995,-0.23,1.218,267.5,0.0,0.0,,,
2026-09-08 04:12:31.681,dummy,2.993,-0.275,1.219,267.0,0.0,0.0,,,
2026-09-08 04:12:31.734,dummy,2.99,-0.32,1.22,266.5,0.0,0.0,,,
2026-09-08 04:12:31.786,dummy,2.987,-0.366,1.222,266.0,0.0,0.0,,,
2026-09-08 04:12:31.837,dummy,2.984,-0.41,1.223,265.5,0.0,0.0,,,
2026-09-08 04:12:31.889,dummy,2.98,-0.455,1.224,265.0,0.0,0.0,,,
2026-09-08 04:12:31.941,dummy,2.976,-0.499,1.225,264.4,0.0,0.0,,,
2026-09-08 04:12:31.992,dummy,2.972,-0.543,1.226,263.9,0.0,0.0,,,
2026-09-08 04:12:32.043,dummy,2.967,-0.586,1.227,263.4,0.0,0.0,,,
2026-09-08 04:12:32.095,dummy,2.962,-0.629,1.228,262.8,0.0,0.0,,,
2026-09-08 04:12:32.146,dummy,2.956,-0.672,1.229,262.3,0.0,0.0,,,
2026-09-08 04:12:32.197,dummy,2.95,-0.714,1.231,261.7,0.0,0.0,,,
2026-09-08 04:12:32.249,dummy,2.944,-0.756,1.232,261.1,0.0,0.0,,,
2026-09-08 04:12:32.301,dummy,2.937,-0.798,1.233,260.5,0.0,0.0,,,
2026-09-08 04:12:32.352,dummy,2.93,-0.839,1.234,259.9,0.0,0.0,,,
2026-09-08 04:12:32.404,dummy,2.922,-0.88,1.235,259.3,0.0,0.0,,,
2026-09-08 04:12:32.455,dummy,2.915,-0.921,1.236,258.7,0.0,0.0,,,
2026-09-08 04:12:32.507,dummy,2.906,-0.961,1.237,258.0,0.0,0.0,,,
2026-09-08 04:12:32.558,dummy,2.898,-1.0,1.238,257.4,0.0,0.0,,,
2026-09-08 04:12:32.610,dummy,2.889,-1.039,1.239,256.7,0.0,0.0,,,
2026-09-08 04:12:32.662,dummy,2.879,-1.078,1.24,256.0,0.0,0.0,,,
2026-09-08 04:12:32.713,dummy,2.87,-1.116,1.241,255.2,0.0,0.0,,,
2026-09-08 04:12:32.766,dummy,2.859,-1.154,1.242,254.5,0.0,0.0,,,
2026-09-08 04:12:32.817,dummy,2.849,-1.191,1.243,253.7,0.0,0.0,,,
2026-09-08 04:12:32.870,dummy,2.838,-1.227,1.244,252.9,0.0,0.0,,,
2026-09-08 04:12:32.921,dummy,2.827,-1.263,1.245,252.0,0.0,0.0,,,
2026-09-08 04:12:32.973,dummy,2.815,-1.298,1.246,251.2,0.0,0.0,,,
2026-09-08 04:12:33.024,dummy,2.803,-1.332,1.247,250.3,0.0,0.0,,,
2026-09-08 04:12:33.075,dummy,2.791,-1.365,1.248,249.4,0.0,0.0,,,
2026-09-08 04:12:33.128,dummy,2.778,-1.398,1.249,248.4,0.0,0.0,,,
2026-09-08 04:12:33.180,dummy,2.765,-1.431,1.25,247.4,0.0,0.0,,,
2026-09-08 04:12:33.231,dummy,2.751,-1.462,1.251,246.3,0.0,0.0,,,
2026-09-08 04:12:33.283,dummy,2.738,-1.493,1.252,245.3,0.0,0.0,,,
2026-09-08 04:12:33.335,dummy,2.723,-1.523,1.253,244.1,0.0,0.0,,,
2026-09-08 04:12:33.386,dummy,2.709,-1.552,1.254,242.9,0.0,0.0,,,
2026-09-08 04:12:33.439,dummy,2.694,-1.58,1.255,241.7,0.0,0.0,,,
2026-09-08 04:12:33.491,dummy,2.679,-1.608,1.255,240.4,0.0,0.0,,,
2026-09-08 04:12:33.542,dummy,2.663,-1.635,1.256,239.1,0.0,0.0,,,
2026-09-08 04:12:33.595,dummy,2.647,-1.661,1.257,237.7,0.0,0.0,,,
2026-09-08 04:12:33.646,dummy,2.631,-1.686,1.258,236.2,0.0,0.0,,,
2026-09-08 04:12:33.698,dummy,2.615,-1.71,1.259,234.7,0.0,0.0,,,
2026-09-08 04:12:33.749,dummy,2.598,-1.733,1.26,233.1,0.0,0.0,,,
2026-09-08 04:12:33.801,dummy,2.58,-1.755,1.261,231.4,0.0,0.0,,,
2026-09-08 04:12:33.854,dummy,2.563,-1.777,1.262,229.7,0.0,0.0,,,
2026-09-08 04:12:33.906,dummy,2.544,-1.797,1.262,227.8,0.0,0.0,,,
2026-09-08 04:12:33.958,dummy,2.526,-1.817,1.263,226.0,0.0,0.0,,,
2026-09-08 04:12:34.009,dummy,2.507,-1.835,1.264,224.0,0.0,0.0,,,
2026-09-08 04:12:34.101,dummy,2.474,-1.866,1.265,220.3,0.0,0.0,,,
2026-09-08 04:12:34.163,dummy,2.45,-1.885,1.266,217.7,0.0,0.0,,,
2026-09-08 04:12:34.226,dummy,2.429,-1.901,1.267,215.3,0.0,0.0,,,
2026-09-08 04:12:34.278,dummy,2.406,-1.916,1.268,212.6,0.0,0.0,,,
2026-09-08 04:12:34.329,dummy,2.385,-1.929,1.269,210.2,0.0,0.0,,,
2026-09-08 04:12:34.381,dummy,2.365,-1.94,1.27,207.7,0.0,0.0,,,
2026-09-08 04:12:34.432,dummy,2.344,-1.951,1.27,205.2,0.0,0.0,,,
2026-09-08 04:12:34.484,dummy,2.322,-1.96,1.271,202.7,0.0,0.0,,,
2026-09-08 04:12:34.536,dummy,2.3,-1.969,1.272,200.1,0.0,0.0,,,
2026-09-08 04:12:34.587,dummy,2.279,-1.976,1.273,197.5,0.0,0.0,,,
2026-09-08 04:12:34.638,dummy,2.256,-1.983,1.273,194.9,0.0,0.0,,,
2026-09-08 04:12:34.690,dummy,2.234,-1.988,1.274,192.3,0.0,0.0,,,
2026-09-08 04:12:34.741,dummy,2.211,-1.993,1.275,189.7,0.0,0.0,,,
2026-09-08 04:12:34.793,dummy,2.188,-1.996,1.275,187.1,0.0,0.0,,,
2026-09-08 04:12:34.844,dummy,2.165,-1.998,1.276,184.5,0.0,0.0,,,
2026-09-08 04:12:34.896,dummy,2.141,-2.0,1.277,182.0,0.0,0.0,,,
2026-09-08 04:12:34.947,dummy,2.117,-2.0,1.277,179.6,0.0,0.0,,,
2026-09-08 04:12:34.998,dummy,2.093,-1.999,1.278,177.2,0.0,0.0,,,
2026-09-08 04:12:35.050,dummy,2.068,-1.998,1.279,174.8,0.0,0.0,,,
2026-09-08 04:12:35.102,dummy,2.044,-1.995,1.279,172.5,0.0,0.0,,,
2026-09-08 04:12:35.154,dummy,2.018,-1.991,1.28,170.3,0.0,0.0,,,
2026-09-08 04:12:35.207,dummy,1.992,-1.986,1.28,168.1,0.0,0.0,,,
2026-09-08 04:12:35.259,dummy,1.966,-1.98,1.281,166.1,0.0,0.0,,,
2026-09-08 04:12:35.312,dummy,1.941,-1.973,1.282,164.1,0.0,0.0,,,
2026-09-08 04:12:35.363,dummy,1.914,-1.965,1.282,162.1,0.0,0.0,,,
2026-09-08 04:12:35.415,dummy,1.888,-1.956,1.283,160.3,0.0,0.0,,,
2026-09-08 04:12:35.467,dummy,1.861,-1.946,1.283,158.6,0.0,0.0,,,
2026-09-08 04:12:35.520,dummy,1.833,-1.935,1.284,156.9,0.0,0.0,,,
2026-09-08 04:12:35.571,dummy,1.806,-1.923,1.284,155.3,0.0,0.0,,,
2026-09-08 04:12:35.623,dummy,1.779,-1.91,1.285,153.8,0.0,0.0,,,
2026-09-08 04:12:35.675,dummy,1.751,-1.896,1.286,152.4,0.0,0.0,,,
2026-09-08 04:12:35.727,dummy,1.723,-1.881,1.286,151.0,0.0,0.0,,,
2026-09-08 04:12:35.779,dummy,1.695,-1.865,1.287,149.7,0.0,0.0,,,
2026-09-08 04:12:35.830,dummy,1.667,-1.848,1.287,148.5,0.0,0.0,,,
2026-09-08 04:12:35.881,dummy,1.639,-1.83,1.288,147.3,0.0,0.0,,,
2026-09-08 04:12:35.937,dummy,1.608,-1.81,1.288,146.1,0.0,0.0,,,
2026-09-08 04:12:35.988,dummy,1.579,-1.79,1.289,145.0,0.0,0.0,,,
2026-09-08 04:12:36.047,dummy,1.55,-1.769,1.289,144.0,0.0,0.0,,,
2026-09-08 04:12:36.099,dummy,1.517,-1.745,1.29,142.9,0.0,0.0,,,
2026-09-08 04:12:36.151,dummy,1.487,-1.722,1.29,142.0,0.0,0.0,,,
2026-09-08 04:12:36.203,dummy,1.457,-1.698,1.29,141.1,0.0,0.0,,,
2026-09-08 04:12:36.254,dummy,1.427,-1.674,1.291,140.3,0.0,0.0,,,
2026-09-08 04:12:36.305,dummy,1.398,-1.649,1.291,139.5,0.0,0.0,,,
2026-09-08 04:12:36.358,dummy,1.367,-1.623,1.292,138.8,0.0,0.0,,,
2026-09-08 04:12:36.410,dummy,1.336,-1.595,1.292,138.1,0.0,0.0,,,
2026-09-08 04:12:36.461,dummy,1.306,-1.567,1.292,137.4,0.0,0.0,,,
2026-09-08 04:12:36.513,dummy,1.275,-1.539,1.293,136.7,0.0,0.0,,,
2026-09-08 04:12:36.564,dummy,1.244,-1.51,1.293,136.1,0.0,0.0,,,
2026-09-08 04:12:36.615,dummy,1.213,-1.479,1.294,135.5,0.0,0.0,,,
2026-09-08 04:12:36.667,dummy,1.182,-1.448,1.294,135.0,0.0,0.0,,,
2026-09-08 04:12:36.719,dummy,1.15,-1.417,1.294,134.5,0.0,0.0,,,
2026-09-08 04:12:36.771,dummy,1.119,-1.384,1.295,134.0,0.0,0.0,,,
2026-09-08 04:12:36.822,dummy,1.087,-1.351,1.295,133.5,0.0,0.0,,,
2026-09-08 04:12:36.873,dummy,1.056,-1.318,1.295,133.0,0.0,0.0,,,
2026-09-08 04:12:36.925,dummy,1.024,-1.283,1.295,132.6,0.0,0.0,,,
2026-09-08 04:12:36.977,dummy,0.991,-1.248,1.296,132.2,0.0,0.0,,,
2026-09-08 04:12:37.029,dummy,0.959,-1.212,1.296,131.8,0.0,0.0,,,
2026-09-08 04:12:37.080,dummy,0.927,-1.175,1.296,131.4,0.0,0.0,,,
2026-09-08 04:12:37.132,dummy,0.894,-1.138,1.297,131.0,0.0,0.0,,,
2026-09-08 04:12:37.184,dummy,0.862,-1.1,1.297,130.7,0.0,0.0,,,
2026-09-08 04:12:37.235,dummy,0.829,-1.062,1.297,130.4,0.0,0.0,,,
2026-09-08 04:12:37.287,dummy,0.796,-1.024,1.297,130.1,0.0,0.0,,,
2026-09-08 04:12:37.340,dummy,0.762,-0.983,1.298,129.8,0.0,0.0,,,
2026-09-08 04:12:37.392,dummy,0.729,-0.943,1.298,129.5,0.0,0.0,,,
2026-09-08 04:12:37.443,dummy,0.696,-0.903,1.298,129.3,0.0,0.0,,,
2026-09-08 04:12:37.495,dummy,0.663,-0.862,1.298,129.0,0.0,0.0,,,
2026-09-08 04:12:37.546,dummy,0.63,-0.821,1.298,128.8,0.0,0.0,,,
2026-09-08 04:12:37.598,dummy,0.597,-0.78,1.298,128.6,0.0,0.0,,,
2026-09-08 04:12:37.649,dummy,0.563,-0.738,1.299,128.4,0.0,0.0,,,
2026-09-08 04:12:37.701,dummy,0.53,-0.695,1.299,128.2,0.0,0.0,,,
2026-09-08 04:12:37.752,dummy,0.497,-0.653,1.299,128.0,0.0,0.0,,,
2026-09-08 04:12:37.803,dummy,0.463,-0.61,1.299,127.9,0.0,0.0,,,
2026-09-08 04:12:37.855,dummy,0.43,-0.567,1.299,127.7,0.0,0.0,,,
2026-09-08 04:12:37.907,dummy,0.396,-0.523,1.299,127.6,0.0,0.0,,,
2026-09-08 04:12:37.959,dummy,0.361,-0.478,1.299,127.5,0.0,0.0,,,
2026-09-08 04:12:38.010,dummy,0.328,-0.434,1.3,127.4,0.0,0.0,,,
2026-09-08 04:12:38.062,dummy,0.294,-0.39,1.3,127.3,0.0,0.0,,,
2026-09-08 04:12:38.114,dummy,0.26,-0.345,1.3,127.2,0.0,0.0,,,
2026-09-08 04:12:38.166,dummy,0.225,-0.3,1.3,127.1,0.0,0.0,,,
2026-09-08 04:12:38.218,dummy,0.191,-0.254,1.3,127.0,0.0,0.0,,,
2026-09-08 04:12:38.269,dummy,0.157,-0.209,1.3,127.0,0.0,0.0,,,
2026-09-08 04:12:38.321,dummy,0.123,-0.164,1.3,126.9,0.0,0.0,,,
2026-09-08 04:12:38.372,dummy,0.089,-0.119,1.3,126.9,0.0,0.0,,,
2026-09-08 04:12:38.424,dummy,0.056,-0.074,1.3,126.9,0.0,0.0,,,
2026-09-08 04:12:38.478,dummy,0.02,-0.026,1.3,126.9,0.0,0.0,,,
2026-09-08 04:12:38.529,dummy,-0.014,0.019,1.3,126.9,0.0,0.0,,,
2026-09-08 04:12:38.581,dummy,-0.048,0.064,1.3,126.9,0.0,0.0,,,
2026-09-08 04:12:38.633,dummy,-0.082,0.11,1.3,126.9,0.0,0.0,,,
2026-09-08 04:12:38.684,dummy,-0.116,0.155,1.3,126.9,0.0,0.0,,,
2026-09-08 04:12:38.736,dummy,-0.15,0.2,1.3,127.0,0.0,0.0,,,
2026-09-08 04:12:38.787,dummy,-0.184,0.245,1.3,127.0,0.0,0.0,,,
2026-09-08 04:12:38.838,dummy,-0.218,0.29,1.3,127.1,0.0,0.0,,,
2026-09-08 04:12:38.890,dummy,-0.252,0.335,1.3,127.2,0.0,0.0,,,
2026-09-08 04:12:38.942,dummy,-0.286,0.38,1.3,127.3,0.0,0.0,,,
2026-09-08 04:12:38.994,dummy,-0.32,0.425,1.3,127.3,0.0,0.0,,,
2026-09-08 04:12:39.046,dummy,-0.354,0.469,1.299,127.5,0.0,0.0,,,
2026-09-08 04:12:39.097,dummy,-0.388,0.513,1.299,127.6,0.0,0.0,,,
2026-09-08 04:12:39.149,dummy,-0.422,0.557,1.299,127.7,0.0,0.0,,,
2026-09-08 04:12:39.201,dummy,-0.456,0.6,1.299,127.9,0.0,0.0,,,
2026-09-08 04:12:39.253,dummy,-0.489,0.644,1.299,128.0,0.0,0.0,,,
2026-09-08 04:12:39.304,dummy,-0.523,0.686,1.299,128.2,0.0,0.0,,,
2026-09-08 04:12:39.356,dummy,-0.557,0.729,1.299,128.4,0.0,0.0,,,
2026-09-08 04:12:39.408,dummy,-0.59,0.771,1.299,128.6,0.0,0.0,,,
2026-09-08 04:12:39.459,dummy,-0.623,0.813,1.298,128.8,0.0,0.0,,,
2026-09-08 04:12:39.510,dummy,-0.656,0.854,1.298,129.0,0.0,0.0,,,
2026-09-08 04:12:39.562,dummy,-0.689,0.895,1.298,129.2,0.0,0.0,,,
2026-09-08 04:12:39.614,dummy,-0.723,0.936,1.298,129.5,0.0,0.0,,,
2026-09-08 04:12:39.666,dummy,-0.756,0.975,1.298,129.7,0.0,0.0,,,
2026-09-08 04:12:39.720,dummy,-0.79,1.017,1.297,130.0,0.0,0.0,,,
2026-09-08 04:12:39.772,dummy,-0.824,1.056,1.297,130.3,0.0,0.0,,,
2026-09-08 04:12:39.882,dummy,-0.893,1.137,1.297,131.0,0.0,0.0,,,
2026-09-08 04:12:39.935,dummy,-0.926,1.174,1.296,131.4,0.0,0.0,,,
2026-09-08 04:12:39.987,dummy,-0.959,1.212,1.296,131.8,0.0,0.0,,,
2026-09-08 04:12:40.039,dummy,-0.992,1.248,1.296,132.2,0.0,0.0,,,
2026-09-08 04:12:40.091,dummy,-1.024,1.283,1.295,132.6,0.0,0.0,,,
2026-09-08 04:12:40.143,dummy,-1.056,1.318,1.295,133.0,0.0,0.0,,,
2026-09-08 04:12:40.195,dummy,-1.088,1.352,1.295,133.5,0.0,0.0,,,
2026-09-08 04:12:40.247,dummy,-1.12,1.386,1.295,134.0,0.0,0.0,,,
2026-09-08 04:12:40.299,dummy,-1.152,1.418,1.294,134.5,0.0,0.0,,,
2026-09-08 04:12:40.352,dummy,-1.184,1.45,1.294,135.0,0.0,0.0,,,
2026-09-08 04:12:40.403,dummy,-1.215,1.481,1.294,135.6,0.0,0.0,,,
2026-09-08 04:12:40.455,dummy,-1.246,1.511,1.293,136.2,0.0,0.0,,,
2026-09-08 04:12:40.506,dummy,-1.277,1.541,1.293,136.8,0.0,0.0,,,
2026-09-08 04:12:40.559,dummy,-1.308,1.57,1.292,137.4,0.0,0.0,,,
2026-09-08 04:12:40.610,dummy,-1.339,1.597,1.292,138.1,0.0,0.0,,,
2026-09-08 04:12:40.662,dummy,-1.369,1.624,1.292,138.8,0.0,0.0,,,
2026-09-08 04:12:40.714,dummy,-1.399,1.65,1.291,139.6,0.0,0.0,,,
2026-09-08 04:12:40.768,dummy,-1.431,1.677,1.291,140.4,0.0,0.0,,,
2026-09-08 04:12:40.820,dummy,-1.461,1.701,1.29,141.2,0.0,0.0,,,
2026-09-08 04:12:40.873,dummy,-1.491,1.725,1.29,142.1,0.0,0.0,,,
2026-09-08 04:12:40.924,dummy,-1.521,1.748,1.289,143.1,0.0,0.0,,,
2026-09-08 04:12:40.977,dummy,-1.55,1.769,1.289,144.0,0.0,0.0,,,
2026-09-08 04:12:41.029,dummy,-1.58,1.791,1.289,145.1,0.0,0.0,,,
2026-09-08 04:12:41.081,dummy,-1.609,1.811,1.288,146.1,0.0,0.0,,,
2026-09-08 04:12:41.132,dummy,-1.638,1.829,1.288,147.3,0.0,0.0,,,
2026-09-08 04:12:41.184,dummy,-1.666,1.847,1.287,148.4,0.0,0.0,,,
2026-09-08 04:12:41.236,dummy,-1.694,1.864,1.287,149.7,0.0,0.0,,,
2026-09-08 04:12:41.288,dummy,-1.723,1.88,1.286,151.0,0.0,0.0,,,
2026-09-08 04:12:41.340,dummy,-1.75,1.895,1.286,152.4,0.0,0.0,,,
2026-09-08 04:12:41.391,dummy,-1.778,1.91,1.285,153.8,0.0,0.0,,,
2026-09-08 04:12:41.443,dummy,-1.805,1.922,1.285,155.3,0.0,0.0,,,
2026-09-08 04:12:41.495,dummy,-1.832,1.934,1.284,156.8,0.0,0.0,,,
2026-09-08 04:12:41.547,dummy,-1.859,1.946,1.283,158.5,0.0,0.0,,,
2026-09-08 04:12:41.599,dummy,-1.886,1.956,1.283,160.3,0.0,0.0,,,
2026-09-08 04:12:41.650,dummy,-1.913,1.965,1.282,162.1,0.0,0.0,,,
2026-09-08 04:12:41.701,dummy,-1.939,1.973,1.282,163.9,0.0,0.0,,,
2026-09-08 04:12:41.752,dummy,-1.964,1.98,1.281,165.9,0.0,0.0,,,
2026-09-08 04:12:41.803,dummy,-1.99,1.985,1.281,167.9,0.0,0.0,,,
2026-09-08 04:12:41.855,dummy,-2.015,1.99,1.28,170.0,0.0,0.0,,,
2026-09-08 04:12:41.906,dummy,-2.04,1.994,1.279,172.2,0.0,0.0,,,
2026-09-08 04:12:41.958,dummy,-2.065,1.997,1.279,174.5,0.0,0.0,,,
2026-09-08 04:12:42.009,dummy,-2.089,1.999,1.278,176.8,0.0,0.0,,,
2026-09-08 04:12:42.060,dummy,-2.113,2.0,1.277,179.2,0.0,0.0,,,
2026-09-08 04:12:42.112,dummy,-2.137,2.0,1.277,181.6,0.0,0.0,,,
2026-09-08 04:12:42.163,dummy,-2.161,1.999,1.276,184.1,0.0,0.0,,,
2026-09-08 04:12:42.215,dummy,-2.184,1.996,1.275,186.7,0.0,0.0,,,
2026-09-08 04:12:42.267,dummy,-2.208,1.993,1.275,189.3,0.0,0.0,,,
2026-09-08 04:12:42.318,dummy,-2.23,1.989,1.274,191.9,0.0,0.0,,,
2026-09-08 04:12:42.369,dummy,-2.253,1.984,1.273,194.5,0.0,0.0,,,
2026-09-08 04:12:42.420,dummy,-2.275,1.977,1.273,197.1,0.0,0.0,,,
2026-09-08 04:12:42.472,dummy,-2.297,1.97,1.272,199.7,0.0,0.0,,,
2026-09-08 04:12:42.523,dummy,-2.319,1.962,1.271,202.3,0.0,0.0,,,
2026-09-08 04:12:42.575,dummy,-2.34,1.952,1.27,204.8,0.0,0.0,,,
2026-09-08 04:12:42.627,dummy,-2.361,1.942,1.27,207.3,0.0,0.0,,,
2026-09-08 04:12:42.678,dummy,-2.382,1.931,1.269,209.8,0.0,0.0,,,
2026-09-08 04:12:42.729,dummy,-2.402,1.918,1.268,212.2,0.0,0.0,,,
2026-09-08 04:12:42.781,dummy,-2.423,1.905,1.267,214.6,0.0,0.0,,,
2026-09-08 04:12:42.833,dummy,-2.443,1.891,1.267,216.8,0.0,0.0,,,
2026-09-08 04:12:42.884,dummy,-2.462,1.876,1.266,219.0,0.0,0.0,,,
2026-09-08 04:12:42.936,dummy,-2.482,1.859,1.265,221.2,0.0,0.0,,,
2026-09-08 04:12:42.988,dummy,-2.501,1.842,1.264,223.2,0.0,0.0,,,
2026-09-08 04:12:43.039,dummy,-2.519,1.824,1.264,225.2,0.0,0.0,,,
2026-09-08 04:12:43.091,dummy,-2.538,1.805,1.263,227.1,0.0,0.0,,,
2026-09-08 04:12:43.142,dummy,-2.556,1.785,1.262,229.0,0.0,0.0,,,
2026-09-08 04:12:43.194,dummy,-2.573,1.764,1.261,230.7,0.0,0.0,,,
2026-09-08 04:12:43.245,dummy,-2.591,1.742,1.26,232.4,0.0,0.0,,,
2026-09-08 04:12:43.297,dummy,-2.608,1.719,1.259,234.0,0.0,0.0,,,
2026-09-08 04:12:43.349,dummy,-2.625,1.695,1.258,235.6,0.0,0.0,,,
2026-09-08 04:12:43.401,dummy,-2.641,1.67,1.258,237.1,0.0,0.0,,,
2026-09-08 04:12:43.453,dummy,-2.657,1.645,1.257,238.5,0.0,0.0,,,
2026-09-08 04:12:43.504,dummy,-2.673,1.619,1.256,239.9,0.0,0.0,,,
2026-09-08 04:12:43.556,dummy,-2.688,1.592,1.255,241.2,0.0,0.0,,,
2026-09-08 04:12:43.608,dummy,-2.703,1.563,1.254,242.4,0.0,0.0,,,
2026-09-08 04:12:43.660,dummy,-2.718,1.535,1.253,243.6,0.0,0.0,,,
2026-09-08 04:12:43.711,dummy,-2.732,1.505,1.252,244.8,0.0,0.0,,,
2026-09-08 04:12:43.763,dummy,-2.746,1.475,1.251,245.9,0.0,0.0,,,
2026-09-08 04:12:43.815,dummy,-2.759,1.444,1.25,246.9,0.0,0.0,,,
2026-09-08 04:12:43.868,dummy,-2.773,1.411,1.249,248.0,0.0,0.0,,,
2026-09-08 04:12:43.919,dummy,-2.786,1.379,1.248,249.0,0.0,0.0,,,
2026-09-08 04:12:43.971,dummy,-2.798,1.345,1.247,249.9,0.0,0.0,,,
2026-09-08 04:12:44.023,dummy,-2.81,1.311,1.246,250.8,0.0,0.0,,,
2026-09-08 04:12:44.075,dummy,-2.822,1.277,1.245,251.7,0.0,0.0,,,
2026-09-08 04:12:44.127,dummy,-2.834,1.241,1.245,252.6,0.0,0.0,,,
2026-09-08 04:12:44.179,dummy,-2.845,1.205,1.244,253.4,0.0,0.0,,,
2026-09-08 04:12:44.230,dummy,-2.855,1.168,1.243,254.2,0.0,0.0,,,
2026-09-08 04:12:44.282,dummy,-2.866,1.131,1.242,254.9,0.0,0.0,,,
2026-09-08 04:12:44.334,dummy,-2.875,1.093,1.24,255.7,0.0,0.0,,,
2026-09-08 04:12:44.385,dummy,-2.885,1.055,1.239,256.4,0.0,0.0,,,
2026-09-08 04:12:44.438,dummy,-2.894,1.016,1.238,257.1,0.0,0.0,,,
2026-09-08 04:12:44.489,dummy,-2.903,0.976,1.237,257.8,0.0,0.0,,,
2026-09-08 04:12:44.541,dummy,-2.912,0.936,1.236,258.4,0.0,0.0,,,
2026-09-08 04:12:44.593,dummy,-2.92,0.895,1.235,259.1,0.0,0.0,,,
2026-09-08 04:12:44.645,dummy,-2.927,0.854,1.234,259.7,0.0,0.0,,,
2026-09-08 04:12:44.697,dummy,-2.935,0.813,1.233,260.3,0.0,0.0,,,
2026-09-08 04:12:44.748,dummy,-2.941,0.771,1.232,260.9,0.0,0.0,,,
2026-09-08 04:12:44.800,dummy,-2.948,0.729,1.231,261.5,0.0,0.0,,,
2026-09-08 04:12:44.852,dummy,-2.954,0.686,1.23,262.1,0.0,0.0,,,
2026-09-08 04:12:44.904,dummy,-2.96,0.643,1.229,262.7,0.0,0.0,,,
2026-09-08 04:12:44.956,dummy,-2.965,0.6,1.228,263.2,0.0,0.0,,,
2026-09-08 04:12:45.007,dummy,-2.97,0.556,1.227,263.7,0.0,0.0,,,
2026-09-08 04:12:45.060,dummy,-2.975,0.511,1.225,264.3,0.0,0.0,,,
2026-09-08 04:12:45.112,dummy,-2.979,0.468,1.224,264.8,0.0,0.0,,,
2026-09-08 04:12:45.163,dummy,-2.983,0.424,1.223,265.3,0.0,0.0,,,
2026-09-08 04:12:45.215,dummy,-2.986,0.379,1.222,265.8,0.0,0.0,,,
2026-09-08 04:12:45.266,dummy,-2.989,0.334,1.221,266.3,0.0,0.0,,,
2026-09-08 04:12:45.317,dummy,-2.992,0.29,1.22,266.8,0.0,0.0,,,
2026-09-08 04:12:45.369,dummy,-2.994,0.245,1.219,267.3,0.0,0.0,,,
2026-09-08 04:12:45.420,dummy,-2.996,0.2,1.217,267.8,0.0,0.0,,,
2026-09-08 04:12:45.472,dummy,-2.998,0.155,1.216,268.3,0.0,0.0,,,
2026-09-08 04:12:45.523,dummy,-2.999,0.11,1.215,268.8,0.0,0.0,,,
2026-09-08 04:12:45.582,dummy,-3.0,0.064,1.214,269.3,0.0,0.0,,,
2026-09-08 04:12:45.634,dummy,-3.0,0.013,1.212,269.9,0.0,0.0,,,
2026-09-08 04:12:45.686,dummy,-3.0,-0.033,1.211,270.4,0.0,0.0,,,
2026-09-08 04:12:45.738,dummy,-2.999,-0.079,1.21,270.8,0.0,0.0,,,
2026-09-08 04:12:45.789,dummy,-2.999,-0.124,1.209,271.3,0.0,0.0,,,
2026-09-08 04:12:45.841,dummy,-2.997,-0.17,1.208,271.8,0.0,0.0,,,
2026-09-08 04:12:45.893,dummy,-2.996,-0.215,1.206,272.3,0.0,0.0,,,
2026-09-08 04:12:45.945,dummy,-2.994,-0.261,1.205,272.8,0.0,0.0,,,
2026-09-08 04:12:45.997,dummy,-2.991,-0.306,1.204,273.3,0.0,0.0,,,
2026-09-08 04:12:46.049,dummy,-2.988,-0.351,1.203,273.8,0.0,0.0,,,
2026-09-08 04:12:46.101,dummy,-2.985,-0.396,1.201,274.4,0.0,0.0,,,
2026-09-08 04:12:46.152,dummy,-2.982,-0.44,1.2,274.9,0.0,0.0,,,
2026-09-08 04:12:46.203,dummy,-2.978,-0.484,1.199,275.4,0.0,0.0,,,
2026-09-08 04:12:46.255,dummy,-2.973,-0.528,1.198,275.9,0.0,0.0,,,
2026-09-08 04:12:46.307,dummy,-2.969,-0.572,1.196,276.5,0.0,0.0,,,
2026-09-08 04:12:46.359,dummy,-2.963,-0.615,1.195,277.0,0.0,0.0,,,
2026-09-08 04:12:46.410,dummy,-2.958,-0.658,1.194,277.5,0.0,0.0,,,
2026-09-08 04:12:46.462,dummy,-2.952,-0.701,1.192,278.1,0.0,0.0,,,
2026-09-08 04:12:46.514,dummy,-2.946,-0.743,1.191,278.7,0.0,0.0,,,
2026-09-08 04:12:46.565,dummy,-2.939,-0.785,1.19,279.3,0.0,0.0,,,
2026-09-08 04:12:46.618,dummy,-2.932,-0.828,1.188,279.9,0.0,0.0,,,
2026-09-08 04:12:46.669,dummy,-2.925,-0.869,1.187,280.5,0.0,0.0,,,
2026-09-08 04:12:46.721,dummy,-2.917,-0.909,1.186,281.1,0.0,0.0,,,
2026-09-08 04:12:46.773,dummy,-2.909,-0.95,1.184,281.8,0.0,0.0,,,
2026-09-08 04:12:46.824,dummy,-2.9,-0.99,1.183,282.5,0.0,0.0,,,
2026-09-08 04:12:46.876,dummy,-2.891,-1.029,1.182,283.1,0.0,0.0,,,
2026-09-08 04:12:46.928,dummy,-2.882,-1.068,1.18,283.9,0.0,0.0,,,
2026-09-08 04:12:46.980,dummy,-2.872,-1.106,1.179,284.6,0.0,0.0,,,
2026-09-08 04:12:47.031,dummy,-2.862,-1.144,1.178,285.3,0.0,0.0,,,
2026-09-08 04:12:47.083,dummy,-2.852,-1.181,1.176,286.1,0.0,0.0,,,
2026-09-08 04:12:47.135,dummy,-2.841,-1.217,1.175,286.9,0.0,0.0,,,
2026-09-08 04:12:47.186,dummy,-2.83,-1.253,1.173,287.7,0.0,0.0,,,
2026-09-08 04:12:47.238,dummy,-2.818,-1.288,1.172,288.6,0.0,0.0,,,
2026-09-08 04:12:47.290,dummy,-2.806,-1.322,1.171,289.5,0.0,0.0,,,
2026-09-08 04:12:47.341,dummy,-2.794,-1.356,1.169,290.4,0.0,0.0,,,
2026-09-08 04:12:47.392,dummy,-2.782,-1.389,1.168,291.3,0.0,0.0,,,
2026-09-08 04:12:47.444,dummy,-2.769,-1.421,1.166,292.3,0.0,0.0,,,
2026-09-08 04:12:47.495,dummy,-2.756,-1.453,1.165,293.3,0.0,0.0,,,
2026-09-08 04:12:47.548,dummy,-2.742,-1.484,1.164,294.4,0.0,0.0,,,
2026-09-08 04:12:47.599,dummy,-2.728,-1.514,1.162,295.5,0.0,0.0,,,
2026-09-08 04:12:47.651,dummy,-2.713,-1.543,1.161,296.7,0.0,0.0,,,
2026-09-08 04:12:47.702,dummy,-2.699,-1.572,1.159,297.9,0.0,0.0,,,
2026-09-08 04:12:47.754,dummy,-2.684,-1.599,1.158,299.2,0.0,0.0,,,
2026-09-08 04:12:47.806,dummy,-2.668,-1.626,1.156,300.5,0.0,0.0,,,
2026-09-08 04:12:47.857,dummy,-2.653,-1.652,1.155,301.9,0.0,0.0,,,
2026-09-08 04:12:47.909,dummy,-2.636,-1.677,1.153,303.3,0.0,0.0,,,
2026-09-08 04:12:47.960,dummy,-2.62,-1.702,1.152,304.8,0.0,0.0,,,
2026-09-08 04:12:48.012,dummy,-2.603,-1.725,1.15,306.4,0.0,0.0,,,
2026-09-08 04:12:48.064,dummy,-2.586,-1.748,1.149,308.0,0.0,0.0,,,
2026-09-08 04:12:48.115,dummy,-2.569,-1.769,1.147,309.7,0.0,0.0,,,
2026-09-08 04:12:48.167,dummy,-2.551,-1.79,1.146,311.5,0.0,0.0,,,
2026-09-08 04:12:48.218,dummy,-2.533,-1.81,1.145,313.4,0.0,0.0,,,
2026-09-08 04:12:48.270,dummy,-2.515,-1.829,1.143,315.3,0.0,0.0,,,
2026-09-08 04:12:48.322,dummy,-2.496,-1.846,1.142,317.3,0.0,0.0,,,
2026-09-08 04:12:48.373,dummy,-2.477,-1.863,1.14,319.4,0.0,0.0,,,
2026-09-08 04:12:48.424,dummy,-2.457,-1.879,1.139,321.5,0.0,0.0,,,
2026-09-08 04:12:48.476,dummy,-2.438,-1.894,1.137,323.7,0.0,0.0,,,
2026-09-08 04:12:48.528,dummy,-2.418,-1.908,1.135,326.0,0.0,0.0,,,
2026-09-08 04:12:48.579,dummy,-2.397,-1.922,1.134,328.4,0.0,0.0,,,
2026-09-08 04:12:48.631,dummy,-2.377,-1.934,1.132,330.8,0.0,0.0,,,
2026-09-08 04:12:48.682,dummy,-2.356,-1.945,1.131,333.3,0.0,0.0,,,
2026-09-08 04:12:48.734,dummy,-2.335,-1.955,1.129,335.9,0.0,0.0,,,
2026-09-08 04:12:48.786,dummy,-2.313,-1.964,1.128,338.4,0.0,0.0,,,
2026-09-08 04:12:48.837,dummy,-2.291,-1.972,1.126,341.0,0.0,0.0,,,
2026-09-08 04:12:48.889,dummy,-2.269,-1.979,1.125,343.6,0.0,0.0,,,
2026-09-08 04:12:48.941,dummy,-2.247,-1.985,1.123,346.3,0.0,0.0,,,
2026-09-08 04:12:48.992,dummy,-2.224,-1.99,1.122,348.9,0.0,0.0,,,
2026-09-08 04:12:49.044,dummy,-2.201,-1.994,1.12,351.5,0.0,0.0,,,
2026-09-08 04:12:49.096,dummy,-2.177,-1.997,1.119,354.1,0.0,0.0,,,
2026-09-08 04:12:49.148,dummy,-2.154,-1.999,1.117,356.6,0.0,0.0,,,
2026-09-08 04:12:49.200,dummy,-2.13,-2.0,1.115,359.1,0.0,0.0,,,
2026-09-08 04:12:49.251,dummy,-2.106,-2.0,1.114,1.6,0.0,0.0,,,
2026-09-08 04:12:49.303,dummy,-2.081,-1.999,1.112,4.0,0.0,0.0,,,
2026-09-08 04:12:49.354,dummy,-2.057,-1.996,1.111,6.3,0.0,0.0,,,
2026-09-08 04:12:49.406,dummy,-2.032,-1.993,1.109,8.5,0.0,0.0,,,
2026-09-08 04:12:49.457,dummy,-2.007,-1.989,1.107,10.7,0.0,0.0,,,
2026-09-08 04:12:49.509,dummy,-1.981,-1.984,1.106,12.8,0.0,0.0,,,
2026-09-08 04:12:49.561,dummy,-1.956,-1.977,1.104,14.8,0.0,0.0,,,
2026-09-08 04:12:49.612,dummy,-1.93,-1.97,1.103,16.7,0.0,0.0,,,
2026-09-08 04:12:49.663,dummy,-1.904,-1.962,1.101,18.6,0.0,0.0,,,
2026-09-08 04:12:49.715,dummy,-1.877,-1.952,1.099,20.4,0.0,0.0,,,
2026-09-08 04:12:49.767,dummy,-1.85,-1.942,1.098,22.1,0.0,0.0,,,
2026-09-08 04:12:49.819,dummy,-1.823,-1.931,1.096,23.7,0.0,0.0,,,
2026-09-08 04:12:49.871,dummy,-1.796,-1.918,1.095,25.2,0.0,0.0,,,
2026-09-08 04:12:49.923,dummy,-1.768,-1.905,1.093,26.7,0.0,0.0,,,
2026-09-08 04:12:49.974,dummy,-1.741,-1.89,1.091,28.1,0.0,0.0,,,
2026-09-08 04:12:50.026,dummy,-1.713,-1.875,1.09,29.5,0.0,0.0,,,
2026-09-08 04:12:50.078,dummy,-1.684,-1.858,1.088,30.8,0.0,0.0,,,
2026-09-08 04:12:50.130,dummy,-1.656,-1.841,1.086,32.0,0.0,0.0,,,
2026-09-08 04:12:50.182,dummy,-1.627,-1.823,1.085,33.1,0.0,0.0,,,
2026-09-08 04:12:50.233,dummy,-1.599,-1.804,1.083,34.2,0.0,0.0,,,
2026-09-08 04:12:50.285,dummy,-1.57,-1.784,1.082,35.3,0.0,0.0,,,
2026-09-08 04:12:50.337,dummy,-1.541,-1.763,1.08,36.3,0.0,0.0,,,
2026-09-08 04:12:50.389,dummy,-1.511,-1.74,1.078,37.2,0.0,0.0,,,
2026-09-08 04:12:50.440,dummy,-1.481,-1.718,1.077,38.2,0.0,0.0,,,
2026-09-08 04:12:50.492,dummy,-1.452,-1.694,1.075,39.0,0.0,0.0,,,
2026-09-08 04:12:50.544,dummy,-1.422,-1.669,1.073,39.8,0.0,0.0,,,
2026-09-08 04:12:50.595,dummy,-1.392,-1.644,1.072,40.6,0.0,0.0,,,
2026-09-08 04:12:50.647,dummy,-1.361,-1.617,1.07,41.3,0.0,0.0,,,
2026-09-08 04:12:50.699,dummy,-1.331,-1.59,1.068,42.1,0.0,0.0,,,
2026-09-08 04:12:50.751,dummy,-1.3,-1.562,1.067,42.7,0.0,0.0,,,
2026-09-08 04:12:50.803,dummy,-1.269,-1.533,1.065,43.4,0.0,0.0,,,
2026-09-08 04:12:50.854,dummy,-1.238,-1.504,1.063,44.0,0.0,0.0,,,
2026-09-08 04:12:50.907,dummy,-1.206,-1.473,1.062,44.6,0.0,0.0,,,
2026-09-08 04:12:50.959,dummy,-1.175,-1.441,1.06,45.1,0.0,0.0,,,
2026-09-08 04:12:51.011,dummy,-1.143,-1.409,1.058,45.7,0.0,0.0,,,
2026-09-08 04:12:51.062,dummy,-1.112,-1.377,1.057,46.2,0.0,0.0,,,
2026-09-08 04:12:51.114,dummy,-1.08,-1.343,1.055,46.6,0.0,0.0,,,
2026-09-08 04:12:51.165,dummy,-1.048,-1.31,1.053,47.1,0.0,0.0,,,
2026-09-08 04:12:51.217,dummy,-1.016,-1.275,1.052,47.5,0.0,0.0,,,
2026-09-08 04:12:51.269,dummy,-0.984,-1.24,1.05,47.9,0.0,0.0,,,
2026-09-08 04:12:51.321,dummy,-0.952,-1.203,1.048,48.3,0.0,0.0,,,
2026-09-08 04:12:51.373,dummy,-0.919,-1.166,1.047,48.7,0.0,0.0,,,
2026-09-08 04:12:51.425,dummy,-0.886,-1.129,1.045,49.0,0.0,0.0,,,
2026-09-08 04:12:51.477,dummy,-0.853,-1.091,1.043,49.4,0.0,0.0,,,
2026-09-08 04:12:51.529,dummy,-0.82,-1.052,1.041,49.7,0.0,0.0,,,
2026-09-08 04:12:51.580,dummy,-0.788,-1.013,1.04,50.0,0.0,0.0,,,
2026-09-08 04:12:51.631,dummy,-0.755,-0.974,1.038,50.3,0.0,0.0,,,
2026-09-08 04:12:51.683,dummy,-0.722,-0.934,1.036,50.5,0.0,0.0,,,
2026-09-08 04:12:51.735,dummy,-0.689,-0.894,1.035,50.8,0.0,0.0,,,
2026-09-08 04:12:51.787,dummy,-0.655,-0.853,1.033,51.0,0.0,0.0,,,
2026-09-08 04:12:51.839,dummy,-0.622,-0.811,1.031,51.2,0.0,0.0,,,
2026-09-08 04:12:51.892,dummy,-0.588,-0.768,1.03,51.5,0.0,0.0,,,
2026-09-08 04:12:51.943,dummy,-0.554,-0.726,1.028,51.7,0.0,0.0,,,
2026-09-08 04:12:51.995,dummy,-0.521,-0.683,1.026,51.8,0.0,0.0,,,
2026-09-08 04:12:52.047,dummy,-0.487,-0.641,1.024,52.0,0.0,0.0,,,
2026-09-08 04:12:52.099,dummy,-0.453,-0.597,1.023,52.2,0.0,0.0,,,
2026-09-08 04:12:52.151,dummy,-0.419,-0.553,1.021,52.3,0.0,0.0,,,
2026-09-08 04:12:52.202,dummy,-0.385,-0.51,1.019,52.4,0.0,0.0,,,
2026-09-08 04:12:52.254,dummy,-0.352,-0.466,1.018,52.6,0.0,0.0,,,
2026-09-08 04:12:52.305,dummy,-0.318,-0.421,1.016,52.7,0.0,0.0,,,
2026-09-08 04:12:52.358,dummy,-0.283,-0.376,1.014,52.8,0.0,0.0,,,
2026-09-08 04:12:52.410,dummy,-0.249,-0.331,1.012,52.8,0.0,0.0,,,
2026-09-08 04:12:52.462,dummy,-0.215,-0.286,1.011,52.9,0.0,0.0,,,
2026-09-08 04:12:52.514,dummy,-0.181,-0.241,1.009,53.0,0.0,0.0,,,
2026-09-08 04:12:52.566,dummy,-0.147,-0.195,1.007,53.0,0.0,0.0,,,
2026-09-08 04:12:52.617,dummy,-0.113,-0.15,1.006,53.1,0.0,0.0,,,
2026-09-08 04:12:52.668,dummy,-0.079,-0.105,1.004,53.1,0.0,0.0,,,
2026-09-08 04:12:52.720,dummy,-0.045,-0.06,1.002,53.1,0.0,0.0,,,
2026-09-08 04:12:52.773,dummy,-0.01,-0.013,1.001,53.1,0.0,0.0,,,
2026-09-08 04:12:52.824,dummy,0.024,0.032,0.999,53.1,0.0,0.0,,,
2026-09-08 04:12:52.875,dummy,0.058,0.077,0.997,53.1,0.0,0.0,,,
2026-09-08 04:12:52.927,dummy,0.092,0.123,0.995,53.1,0.0,0.0,,,
2026-09-08 04:12:52.979,dummy,0.126,0.168,0.994,53.1,0.0,0.0,,,
2026-09-08 04:12:53.031,dummy,0.16,0.214,0.992,53.0,0.0,0.0,,,
2026-09-08 04:12:53.082,dummy,0.194,0.258,0.99,53.0,0.0,0.0,,,
2026-09-08 04:12:53.134,dummy,0.228,0.303,0.989,52.9,0.0,0.0,,,
2026-09-08 04:12:53.186,dummy,0.262,0.348,0.987,52.8,0.0,0.0,,,
2026-09-08 04:12:53.238,dummy,0.296,0.393,0.985,52.7,0.0,0.0,,,
2026-09-08 04:12:53.289,dummy,0.33,0.438,0.983,52.6,0.0,0.0,,,
2026-09-08 04:12:53.340,dummy,0.364,0.481,0.982,52.5,0.0,0.0,,,
2026-09-08 04:12:53.391,dummy,0.397,0.525,0.98,52.4,0.0,0.0,,,
2026-09-08 04:12:53.442,dummy,0.431,0.568,0.978,52.3,0.0,0.0,,,
2026-09-08 04:12:53.493,dummy,0.464,0.611,0.977,52.1,0.0,0.0,,,
2026-09-08 04:12:53.545,dummy,0.497,0.654,0.975,52.0,0.0,0.0,,,
2026-09-08 04:12:53.620,dummy,0.546,0.716,0.973,51.7,0.0,0.0,,,
2026-09-08 04:12:53.675,dummy,0.582,0.761,0.971,51.5,0.0,0.0,,,
2026-09-08 04:12:53.727,dummy,0.615,0.803,0.969,51.3,0.0,0.0,,,
2026-09-08 04:12:53.778,dummy,0.648,0.844,0.967,51.1,0.0,0.0,,,
2026-09-08 04:12:53.829,dummy,0.682,0.885,0.966,50.8,0.0,0.0,,,
2026-09-08 04:12:53.881,dummy,0.714,0.925,0.964,50.6,0.0,0.0,,,
2026-09-08 04:12:53.932,dummy,0.747,0.965,0.962,50.3,0.0,0.0,,,
2026-09-08 04:12:53.984,dummy,0.78,1.004,0.961,50.1,0.0,0.0,,,
2026-09-08 04:12:54.035,dummy,0.813,1.044,0.959,49.8,0.0,0.0,,,
2026-09-08 04:12:54.086,dummy,0.845,1.082,0.957,49.5,0.0,0.0,,,
2026-09-08 04:12:54.139,dummy,0.878,1.12,0.956,49.1,0.0,0.0,,,
2026-09-08 04:12:54.191,dummy,0.911,1.157,0.954,48.8,0.0,0.0,,,
2026-09-08 04:12:54.244,dummy,0.944,1.195,0.952,48.4,0.0,0.0,,,
2026-09-08 04:12:54.295,dummy,0.977,1.231,0.95,48.0,0.0,0.0,,,
2026-09-08 04:12:54.347,dummy,1.009,1.267,0.949,47.6,0.0,0.0,,,
2026-09-08 04:12:54.398,dummy,1.041,1.302,0.947,47.2,0.0,0.0,,,
2026-09-08 04:12:54.451,dummy,1.073,1.336,0.945,46.7,0.0,0.0,,,
2026-09-08 04:12:54.502,dummy,1.105,1.37,0.944,46.3,0.0,0.0,,,
2026-09-08 04:12:54.558,dummy,1.139,1.405,0.942,45.7,0.0,0.0,,,
2026-09-08 04:12:54.610,dummy,1.171,1.437,0.94,45.2,0.0,0.0,,,
2026-09-08 04:12:54.662,dummy,1.202,1.468,0.939,44.7,0.0,0.0,,,
2026-09-08 04:12:54.716,dummy,1.234,1.5,0.937,44.1,0.0,0.0,,,
2026-09-08 04:12:54.767,dummy,1.265,1.53,0.935,43.4,0.0,0.0,,,
2026-09-08 04:12:54.822,dummy,1.296,1.559,0.934,42.8,0.0,0.0,,,
2026-09-08 04:12:54.874,dummy,1.329,1.589,0.932,42.1,0.0,0.0,,,
2026-09-08 04:12:54.925,dummy,1.359,1.616,0.93,41.4,0.0,0.0,,,
2026-09-08 04:12:54.976,dummy,1.389,1.642,0.928,40.7,0.0,0.0,,,
2026-09-08 04:12:55.028,dummy,1.419,1.667,0.927,39.9,0.0,0.0,,,
2026-09-08 04:12:55.079,dummy,1.449,1.692,0.925,39.1,0.0,0.0,,,
2026-09-08 04:12:55.131,dummy,1.479,1.716,0.924,38.2,0.0,0.0,,,
2026-09-08 04:12:55.183,dummy,1.509,1.739,0.922,37.3,0.0,0.0,,,
2026-09-08 04:12:55.235,dummy,1.538,1.76,0.92,36.4,0.0,0.0,,,
2026-09-08 04:12:55.287,dummy,1.567,1.782,0.919,35.4,0.0,0.0,,,
2026-09-08 04:12:55.338,dummy,1.596,1.802,0.917,34.3,0.0,0.0,,,
2026-09-08 04:12:55.389,dummy,1.625,1.821,0.915,33.2,0.0,0.0,,,
2026-09-08 04:12:55.441,dummy,1.653,1.839,0.914,32.1,0.0,0.0,,,
2026-09-08 04:12:55.492,dummy,1.681,1.857,0.912,30.9,0.0,0.0,,,
2026-09-08 04:12:55.544,dummy,1.71,1.873,0.91,29.6,0.0,0.0,,,
2026-09-08 04:12:55.595,dummy,1.737,1.888,0.909,28.3,0.0,0.0,,,
2026-09-08 04:12:55.647,dummy,1.765,1.903,0.907,26.9,0.0,0.0,,,
2026-09-08 04:12:55.698,dummy,1.792,1.916,0.906,25.4,0.0,0.0,,,
2026-09-08 04:12:55.750,dummy,1.82,1.929,0.904,23.9,0.0,0.0,,,
2026-09-08 04:12:55.802,dummy,1.846,1.94,0.902,22.3,0.0,0.0,,,
2026-09-08 04:12:55.853,dummy,1.873,1.951,0.901,20.6,0.0,0.0,,,
2026-09-08 04:12:55.904,dummy,1.9,1.96,0.899,18.8,0.0,0.0,,,
2026-09-08 04:12:55.956,dummy,1.926,1.969,0.898,17.0,0.0,0.0,,,
2026-09-08 04:12:56.007,dummy,1.952,1.976,0.896,15.1,0.0,0.0,,,
2026-09-08 04:12:56.059,dummy,1.977,1.983,0.894,13.1,0.0,0.0,,,
2026-09-08 04:12:56.111,dummy,2.003,1.988,0.893,11.0,0.0,0.0,,,
2026-09-08 04:12:56.163,dummy,2.028,1.993,0.891,8.8,0.0,0.0,,,
2026-09-08 04:12:56.214,dummy,2.053,1.996,0.89,6.6,0.0,0.0,,,
2026-09-08 04:12:56.266,dummy,2.078,1.998,0.888,4.3,0.0,0.0,,,
2026-09-08 04:12:56.318,dummy,2.103,2.0,0.886,1.9,0.0,0.0,,,
2026-09-08 04:12:56.370,dummy,2.127,2.0,0.885,359.4,0.0,0.0,,,
2026-09-08 04:12:56.421,dummy,2.15,1.999,0.883,357.0,0.0,0.0,,,
2026-09-08 04:12:56.472,dummy,2.174,1.997,0.882,354.4,0.0,0.0,,,
2026-09-08 04:12:56.523,dummy,2.197,1.995,0.88,351.9,0.0,0.0,,,
2026-09-08 04:12:56.575,dummy,2.22,1.991,0.879,349.3,0.0,0.0,,,
2026-09-08 04:12:56.627,dummy,2.243,1.986,0.877,346.6,0.0,0.0,,,
2026-09-08 04:12:56.679,dummy,2.266,1.98,0.875,344.0,0.0,0.0,,,
2026-09-08 04:12:56.730,dummy,2.288,1.973,0.874,341.4,0.0,0.0,,,
2026-09-08 04:12:56.782,dummy,2.31,1.965,0.872,338.8,0.0,0.0,,,
2026-09-08 04:12:56.834,dummy,2.331,1.956,0.871,336.2,0.0,0.0,,,
2026-09-08 04:12:56.886,dummy,2.353,1.946,0.869,333.7,0.0,0.0,,,
2026-09-08 04:12:56.937,dummy,2.374,1.935,0.868,331.2,0.0,0.0,,,
2026-09-08 04:12:56.989,dummy,2.395,1.923,0.866,328.8,0.0,0.0,,,
2026-09-08 04:12:57.041,dummy,2.415,1.91,0.865,326.4,0.0,0.0,,,
2026-09-08 04:12:57.092,dummy,2.435,1.896,0.863,324.1,0.0,0.0,,,
2026-09-08 04:12:57.144,dummy,2.455,1.881,0.862,321.8,0.0,0.0,,,
2026-09-08 04:12:57.195,dummy,2.474,1.866,0.86,319.7,0.0,0.0,,,
2026-09-08 04:12:57.247,dummy,2.493,1.849,0.859,317.6,0.0,0.0,,,
2026-09-08 04:12:57.299,dummy,2.512,1.831,0.857,315.6,0.0,0.0,,,
2026-09-08 04:12:57.350,dummy,2.53,1.812,0.856,313.6,0.0,0.0,,,
2026-09-08 04:12:57.402,dummy,2.549,1.793,0.854,311.7,0.0,0.0,,,
2026-09-08 04:12:57.453,dummy,2.566,1.772,0.853,310.0,0.0,0.0,,,
2026-09-08 04:12:57.505,dummy,2.584,1.75,0.851,308.2,0.0,0.0,,,
2026-09-08 04:12:57.557,dummy,2.601,1.728,0.85,306.6,0.0,0.0,,,
2026-09-08 04:12:57.608,dummy,2.618,1.705,0.848,305.0,0.0,0.0,,,
2026-09-08 04:12:57.660,dummy,2.634,1.681,0.847,303.5,0.0,0.0,,,
2026-09-08 04:12:57.711,dummy,2.65,1.656,0.845,302.1,0.0,0.0,,,
2026-09-08 04:12:57.762,dummy,2.666,1.63,0.844,300.7,0.0,0.0,,,
2026-09-08 04:12:57.815,dummy,2.682,1.603,0.842,299.4,0.0,0.0,,,
2026-09-08 04:12:57.866,dummy,2.697,1.576,0.841,298.1,0.0,0.0,,,
2026-09-08 04:12:57.918,dummy,2.712,1.547,0.84,296.8,0.0,0.0,,,
2026-09-08 04:12:57.970,dummy,2.726,1.518,0.838,295.7,0.0,0.0,,,
2026-09-08 04:12:58.021,dummy,2.74,1.488,0.837,294.6,0.0,0.0,,,
2026-09-08 04:12:58.073,dummy,2.754,1.457,0.835,293.5,0.0,0.0,,,
2026-09-08 04:12:58.124,dummy,2.767,1.426,0.834,292.5,0.0,0.0,,,
2026-09-08 04:12:58.176,dummy,2.78,1.393,0.832,291.5,0.0,0.0,,,
2026-09-08 04:12:58.227,dummy,2.793,1.361,0.831,290.5,0.0,0.0,,,
2026-09-08 04:12:58.279,dummy,2.805,1.327,0.83,289.6,0.0,0.0,,,
2026-09-08 04:12:58.333,dummy,2.817,1.291,0.828,288.7,0.0,0.0,,,
2026-09-08 04:12:58.384,dummy,2.829,1.256,0.827,287.8,0.0,0.0,,,
2026-09-08 04:12:58.436,dummy,2.84,1.22,0.825,287.0,0.0,0.0,,,
2026-09-08 04:12:58.488,dummy,2.851,1.184,0.824,286.2,0.0,0.0,,,
2026-09-08 04:12:58.540,dummy,2.861,1.147,0.823,285.4,0.0,0.0,,,
2026-09-08 04:12:58.591,dummy,2.871,1.109,0.821,284.6,0.0,0.0,,,
2026-09-08 04:12:58.643,dummy,2.881,1.072,0.82,283.9,0.0,0.0,,,
2026-09-08 04:12:58.695,dummy,2.89,1.033,0.819,283.2,0.0,0.0,,,
2026-09-08 04:12:58.746,dummy,2.899,0.994,0.817,282.5,0.0,0.0,,,
2026-09-08 04:12:58.797,dummy,2.908,0.954,0.816,281.9,0.0,0.0,,,
2026-09-08 04:12:58.850,dummy,2.916,0.915,0.814,281.2,0.0,0.0,,,
2026-09-08 04:12:58.902,dummy,2.924,0.872,0.813,280.6,0.0,0.0,,,
2026-09-08 04:12:58.954,dummy,2.931,0.831,0.812,279.9,0.0,0.0,,,
2026-09-08 04:12:59.005,dummy,2.938,0.79,0.81,279.3,0.0,0.0,,,
2026-09-08 04:12:59.056,dummy,2.945,0.748,0.809,278.8,0.0,0.0,,,
2026-09-08 04:12:59.108,dummy,2.951,0.706,0.808,278.2,0.0,0.0,,,
2026-09-08 04:12:59.159,dummy,2.957,0.664,0.807,277.6,0.0,0.0,,,
2026-09-08 04:12:59.217,dummy,2.963,0.621,0.805,277.1,0.0,0.0,,,
2026-09-08 04:12:59.269,dummy,2.969,0.572,0.804,276.5,0.0,0.0,,,
2026-09-08 04:12:59.320,dummy,2.973,0.528,0.803,275.9,0.0,0.0,,,
2026-09-08 04:12:59.371,dummy,2.978,0.485,0.801,275.4,0.0,0.0,,,
2026-09-08 04:12:59.422,dummy,2.981,0.441,0.8,274.9,0.0,0.0,,,
2026-09-08 04:12:59.475,dummy,2.985,0.396,0.799,274.4,0.0,0.0,,,
2026-09-08 04:12:59.526,dummy,2.988,0.352,0.797,273.8,0.0,0.0,,,
2026-09-08 04:12:59.578,dummy,2.991,0.307,0.796,273.3,0.0,0.0,,,
2026-09-08 04:12:59.630,dummy,2.994,0.262,0.795,272.8,0.0,0.0,,,
2026-09-08 04:12:59.684,dummy,2.996,0.216,0.794,272.3,0.0,0.0,,,
2026-09-08 04:12:59.737,dummy,2.997,0.168,0.792,271.8,0.0,0.0,,,
2026-09-08 04:12:59.790,dummy,2.999,0.123,0.791,271.3,0.0,0.0,,,
2026-09-08 04:12:59.841,dummy,2.999,0.076,0.79,270.8,0.0,0.0,,,
2026-09-08 04:12:59.893,dummy,3.0,0.031,0.789,270.3,0.0,0.0,,,
2026-09-08 04:12:59.944,dummy,3.0,-0.014,0.787,269.8,0.0,0.0,,,
2026-09-08 04:12:59.996,dummy,3.0,-0.06,0.786,269.4,0.0,0.0,,,
2026-09-08 04:13:00.047,dummy,2.999,-0.105,0.785,268.9,0.0,0.0,,,
2026-09-08 04:13:00.098,dummy,2.998,-0.15,0.784,268.4,0.0,0.0,,,
2026-09-08 04:13:00.149,dummy,2.996,-0.195,0.783,267.9,0.0,0.0,,,
2026-09-08 04:13:00.200,dummy,2.995,-0.24,0.782,267.4,0.0,0.0,,,
2026-09-08 04:13:00.252,dummy,2.992,-0.284,0.78,266.9,0.0,0.0,,,
2026-09-08 04:13:00.304,dummy,2.99,-0.329,0.779,266.4,0.0,0.0,,,
2026-09-08 04:13:00.355,dummy,2.987,-0.374,0.778,265.9,0.0,0.0,,,
2026-09-08 04:13:00.407,dummy,2.983,-0.418,0.777,265.4,0.0,0.0,,,
2026-09-08 04:13:00.459,dummy,2.98,-0.463,0.776,264.9,0.0,0.0,,,
2026-09-08 04:13:00.510,dummy,2.975,-0.507,0.775,264.3,0.0,0.0,,,
2026-09-08 04:13:00.562,dummy,2.971,-0.551,0.774,263.8,0.0,0.0,,,
2026-09-08 04:13:00.614,dummy,2.966,-0.594,0.772,263.3,0.0,0.0,,,
2026-09-08 04:13:00.665,dummy,2.961,-0.638,0.771,262.7,0.0,0.0,,,
2026-09-08 04:13:00.717,dummy,2.955,-0.68,0.77,262.2,0.0,0.0,,,
2026-09-08 04:13:00.768,dummy,2.949,-0.723,0.769,261.6,0.0,0.0,,,
2026-09-08 04:13:00.820,dummy,2.942,-0.765,0.768,261.0,0.0,0.0,,,
2026-09-08 04:13:00.871,dummy,2.936,-0.807,0.767,260.4,0.0,0.0,,,
2026-09-08 04:13:00.923,dummy,2.928,-0.848,0.766,259.8,0.0,0.0,,,
2026-09-08 04:13:00.974,dummy,2.921,-0.889,0.765,259.2,0.0,0.0,,,
2026-09-08 04:13:01.027,dummy,2.913,-0.93,0.764,258.5,0.0,0.0,,,
2026-09-08 04:13:01.078,dummy,2.904,-0.97,0.763,257.9,0.0,0.0,,,
2026-09-08 04:13:01.130,dummy,2.896,-1.009,0.762,257.2,0.0,0.0,,,
2026-09-08 04:13:01.182,dummy,2.887,-1.048,0.761,256.5,0.0,0.0,,,
2026-09-08 04:13:01.233,dummy,2.877,-1.086,0.76,255.8,0.0,0.0,,,
2026-09-08 04:13:01.285,dummy,2.867,-1.124,0.759,255.1,0.0,0.0,,,
2026-09-08 04:13:01.337,dummy,2.857,-1.162,0.758,254.3,0.0,0.0,,,
2026-09-08 04:13:01.388,dummy,2.847,-1.198,0.757,253.5,0.0,0.0,,,
2026-09-08 04:13:01.439,dummy,2.836,-1.234,0.756,252.7,0.0,0.0,,,
2026-09-08 04:13:01.491,dummy,2.824,-1.27,0.755,251.9,0.0,0.0,,,
2026-09-08 04:13:01.542,dummy,2.813,-1.304,0.754,251.0,0.0,0.0,,,
2026-09-08 04:13:01.594,dummy,2.801,-1.338,0.753,250.1,0.0,0.0,,,
2026-09-08 04:13:01.646,dummy,2.788,-1.372,0.752,249.2,0.0,0.0,,,
2026-09-08 04:13:01.697,dummy,2.775,-1.405,0.751,248.2,0.0,0.0,,,
2026-09-08 04:13:01.749,dummy,2.762,-1.436,0.75,247.2,0.0,0.0,,,
2026-09-08 04:13:01.800,dummy,2.749,-1.468,0.749,246.2,0.0,0.0,,,
2026-09-08 04:13:01.852,dummy,2.735,-1.498,0.748,245.1,0.0,0.0,,,
2026-09-08 04:13:01.903,dummy,2.721,-1.528,0.747,243.9,0.0,0.0,,,
2026-09-08 04:13:01.955,dummy,2.707,-1.556,0.746,242.7,0.0,0.0,,,
2026-09-08 04:13:02.006,dummy,2.692,-1.584,0.745,241.5,0.0,0.0,,,
2026-09-08 04:13:02.058,dummy,2.677,-1.612,0.744,240.2,0.0,0.0,,,
2026-09-08 04:13:02.112,dummy,2.66,-1.639,0.743,238.8,0.0,0.0,,,
2026-09-08 04:13:02.163,dummy,2.645,-1.665,0.743,237.4,0.0,0.0,,,
2026-09-08 04:13:02.215,dummy,2.628,-1.69,0.742,235.9,0.0,0.0,,,
2026-09-08 04:13:02.266,dummy,2.612,-1.714,0.741,234.4,0.0,0.0,,,
2026-09-08 04:13:02.319,dummy,2.595,-1.737,0.74,232.8,0.0,0.0,,,
2026-09-08 04:13:02.371,dummy,2.577,-1.759,0.739,231.1,0.0,0.0,,,
2026-09-08 04:13:02.423,dummy,2.559,-1.78,0.738,229.3,0.0,0.0,,,
2026-09-08 04:13:02.475,dummy,2.541,-1.801,0.737,227.5,0.0,0.0,,,
2026-09-08 04:13:02.527,dummy,2.523,-1.82,0.737,225.6,0.0,0.0,,,
2026-09-08 04:13:02.579,dummy,2.504,-1.839,0.736,223.6,0.0,0.0,,,
2026-09-08 04:13:02.633,dummy,2.484,-1.857,0.735,221.4,0.0,0.0,,,
2026-09-08 04:13:02.685,dummy,2.465,-1.873,0.734,219.3,0.0,0.0,,,
2026-09-08 04:13:02.736,dummy,2.445,-1.889,0.733,217.1,0.0,0.0,,,
2026-09-08 04:13:02.788,dummy,2.425,-1.903,0.733,214.8,0.0,0.0,,,
2026-09-08 04:13:02.840,dummy,2.405,-1.917,0.732,212.5,0.0,0.0,,,
2026-09-08 04:13:02.891,dummy,2.385,-1.929,0.731,210.1,0.0,0.0,,,
2026-09-08 04:13:02.943,dummy,2.364,-1.941,0.73,207.6,0.0,0.0,,,
2026-09-08 04:13:02.994,dummy,2.343,-1.951,0.73,205.1,0.0,0.0,,,
2026-09-08 04:13:03.045,dummy,2.322,-1.961,0.729,202.6,0.0,0.0,,,
2026-09-08 04:13:03.097,dummy,2.3,-1.969,0.728,200.0,0.0,0.0,,,
2026-09-08 04:13:03.148,dummy,2.278,-1.976,0.727,197.4,0.0,0.0,,,
2026-09-08 04:13:03.200,dummy,2.256,-1.983,0.727,194.8,0.0,0.0,,,
2026-09-08 04:13:03.252,dummy,2.233,-1.988,0.726,192.2,0.0,0.0,,,
2026-09-08 04:13:03.305,dummy,2.21,-1.993,0.725,189.6,0.0,0.0,,,
2026-09-08 04:13:03.357,dummy,2.186,-1.996,0.725,186.9,0.0,0.0,,,
2026-09-08 04:13:03.408,dummy,2.163,-1.998,0.724,184.3,0.0,0.0,,,
2026-09-08 04:13:03.459,dummy,2.139,-2.0,0.723,181.8,0.0,0.0,,,
2026-09-08 04:13:03.511,dummy,2.115,-2.0,0.723,179.4,0.0,0.0,,,
2026-09-08 04:13:03.562,dummy,2.091,-1.999,0.722,177.0,0.0,0.0,,,
2026-09-08 04:13:03.614,dummy,2.066,-1.997,0.721,174.6,0.0,0.0,,,
2026-09-08 04:13:03.666,dummy,2.041,-1.995,0.721,172.3,0.0,0.0,,,
2026-09-08 04:13:03.717,dummy,2.016,-1.991,0.72,170.1,0.0,0.0,,,
2026-09-08 04:13:03.769,dummy,1.991,-1.986,0.72,168.0,0.0,0.0,,,
2026-09-08 04:13:03.820,dummy,1.966,-1.98,0.719,166.0,0.0,0.0,,,
2026-09-08 04:13:03.871,dummy,1.94,-1.973,0.718,164.0,0.0,0.0,,,
2026-09-08 04:13:03.924,dummy,1.914,-1.965,0.718,162.1,0.0,0.0,,,
2026-09-08 04:13:03.975,dummy,1.887,-1.956,0.717,160.3,0.0,0.0,,,
2026-09-08 04:13:04.026,dummy,1.861,-1.946,0.717,158.6,0.0,0.0,,,
2026-09-08 04:13:04.078,dummy,1.834,-1.935,0.716,157.0,0.0,0.0,,,
2026-09-08 04:13:04.131,dummy,1.806,-1.923,0.716,155.3,0.0,0.0,,,
2026-09-08 04:13:04.277,dummy,1.728,-1.884,0.714,151.3,0.0,0.0,,,
2026-09-08 04:13:04.330,dummy,1.7,-1.867,0.714,149.9,0.0,0.0,,,
2026-09-08 04:13:04.382,dummy,1.672,-1.851,0.713,148.7,0.0,0.0,,,
2026-09-08 04:13:04.434,dummy,1.643,-1.833,0.713,147.5,0.0,0.0,,,
2026-09-08 04:13:04.485,dummy,1.614,-1.814,0.712,146.3,0.0,0.0,,,
2026-09-08 04:13:04.537,dummy,1.586,-1.795,0.712,145.3,0.0,0.0,,,
2026-09-08 04:13:04.588,dummy,1.557,-1.774,0.711,144.3,0.0,0.0,,,
2026-09-08 04:13:04.640,dummy,1.528,-1.753,0.711,143.3,0.0,0.0,,,
2026-09-08 04:13:04.691,dummy,1.498,-1.731,0.71,142.4,0.0,0.0,,,
2026-09-08 04:13:04.743,dummy,1.469,-1.707,0.71,141.5,0.0,0.0,,,
2026-09-08 04:13:04.794,dummy,1.439,-1.683,0.709,140.6,0.0,0.0,,,
2026-09-08 04:13:04.846,dummy,1.409,-1.659,0.709,139.8,0.0,0.0,,,
2026-09-08 04:13:04.898,dummy,1.378,-1.632,0.709,139.1,0.0,0.0,,,
2026-09-08 04:13:04.949,dummy,1.348,-1.606,0.708,138.3,0.0,0.0,,,
2026-09-08 04:13:05.001,dummy,1.318,-1.578,0.708,137.7,0.0,0.0,,,
2026-09-08 04:13:05.056,dummy,1.285,-1.548,0.707,137.0,0.0,0.0,,,
2026-09-08 04:13:05.107,dummy,1.254,-1.519,0.707,136.3,0.0,0.0,,,
2026-09-08 04:13:05.159,dummy,1.223,-1.489,0.707,135.7,0.0,0.0,,,
2026-09-08 04:13:05.210,dummy,1.192,-1.459,0.706,135.2,0.0,0.0,,,
2026-09-08 04:13:05.262,dummy,1.161,-1.427,0.706,134.6,0.0,0.0,,,
2026-09-08 04:13:05.314,dummy,1.129,-1.395,0.706,134.1,0.0,0.0,,,
2026-09-08 04:13:05.366,dummy,1.097,-1.362,0.705,133.6,0.0,0.0,,,
2026-09-08 04:13:05.417,dummy,1.065,-1.328,0.705,133.2,0.0,0.0,,,
2026-09-08 04:13:05.469,dummy,1.034,-1.294,0.705,132.7,0.0,0.0,,,
2026-09-08 04:13:05.521,dummy,1.001,-1.258,0.704,132.3,0.0,0.0,,,
2026-09-08 04:13:05.574,dummy,0.968,-1.222,0.704,131.9,0.0,0.0,,,
2026-09-08 04:13:05.626,dummy,0.936,-1.186,0.704,131.5,0.0,0.0,,,
2026-09-08 04:13:05.677,dummy,0.903,-1.149,0.704,131.1,0.0,0.0,,,
2026-09-08 04:13:05.729,dummy,0.871,-1.111,0.703,130.8,0.0,0.0,,,
2026-09-08 04:13:05.779,dummy,0.839,-1.074,0.703,130.5,0.0,0.0,,,
2026-09-08 04:13:05.831,dummy,0.806,-1.035,0.703,130.2,0.0,0.0,,,
2026-09-08 04:13:05.883,dummy,0.773,-0.996,0.703,129.9,0.0,0.0,,,
2026-09-08 04:13:05.935,dummy,0.74,-0.956,0.702,129.6,0.0,0.0,,,
2026-09-08 04:13:05.987,dummy,0.707,-0.916,0.702,129.3,0.0,0.0,,,
2026-09-08 04:13:06.048,dummy,0.674,-0.875,0.702,129.1,0.0,0.0,,,
2026-09-08 04:13:06.099,dummy,0.634,-0.827,0.702,128.8,0.0,0.0,,,
2026-09-08 04:13:06.151,dummy,0.601,-0.785,0.702,128.6,0.0,0.0,,,
2026-09-08 04:13:06.203,dummy,0.567,-0.743,0.701,128.4,0.0,0.0,,,
2026-09-08 04:13:06.254,dummy,0.534,-0.701,0.701,128.2,0.0,0.0,,,
2026-09-08 04:13:06.306,dummy,0.501,-0.658,0.701,128.1,0.0,0.0,,,
2026-09-08 04:13:06.357,dummy,0.467,-0.615,0.701,127.9,0.0,0.0,,,
2026-09-08 04:13:06.408,dummy,0.434,-0.572,0.701,127.8,0.0,0.0,,,
2026-09-08 04:13:06.460,dummy,0.4,-0.529,0.701,127.6,0.0,0.0,,,
2026-09-08 04:13:06.512,dummy,0.366,-0.485,0.701,127.5,0.0,0.0,,,
2026-09-08 04:13:06.564,dummy,0.332,-0.44,0.7,127.4,0.0,0.0,,,
2026-09-08 04:13:06.615,dummy,0.298,-0.396,0.7,127.3,0.0,0.0,,,
2026-09-08 04:13:06.666,dummy,0.265,-0.351,0.7,127.2,0.0,0.0,,,
2026-09-08 04:13:06.718,dummy,0.23,-0.306,0.7,127.1,0.0,0.0,,,
2026-09-08 04:13:06.770,dummy,0.197,-0.261,0.7,127.0,0.0,0.0,,,
2026-09-08 04:13:06.824,dummy,0.162,-0.215,0.7,127.0,0.0,0.0,,,
2026-09-08 04:13:06.875,dummy,0.127,-0.169,0.7,126.9,0.0,0.0,,,
2026-09-08 04:13:06.927,dummy,0.093,-0.124,0.7,126.9,0.0,0.0,,,
2026-09-08 04:13:06.978,dummy,0.059,-0.079,0.7,126.9,0.0,0.0,,,
2026-09-08 04:13:07.030,dummy,0.025,-0.033,0.7,126.9,0.0,0.0,,,
2026-09-08 04:13:07.082,dummy,-0.009,0.012,0.7,126.9,0.0,0.0,,,
2026-09-08 04:13:07.134,dummy,-0.043,0.058,0.7,126.9,0.0,0.0,,,
2026-09-08 04:13:07.186,dummy,-0.078,0.104,0.7,126.9,0.0,0.0,,,
2026-09-08 04:13:07.237,dummy,-0.112,0.149,0.7,126.9,0.0,0.0,,,
2026-09-08 04:13:07.288,dummy,-0.145,0.194,0.7,127.0,0.0,0.0,,,
2026-09-08 04:13:07.340,dummy,-0.179,0.239,0.7,127.0,0.0,0.0,,,
2026-09-08 04:13:07.394,dummy,-0.213,0.284,0.7,127.1,0.0,0.0,,,
2026-09-08 04:13:07.445,dummy,-0.249,0.331,0.7,127.2,0.0,0.0,,,
2026-09-08 04:13:07.498,dummy,-0.283,0.376,0.7,127.2,0.0,0.0,,,
2026-09-08 04:13:07.549,dummy,-0.317,0.42,0.7,127.3,0.0,0.0,,,
2026-09-08 04:13:07.601,dummy,-0.351,0.465,0.701,127.4,0.0,0.0,,,
2026-09-08 04:13:07.654,dummy,-0.385,0.51,0.701,127.6,0.0,0.0,,,
2026-09-08 04:13:07.708,dummy,-0.421,0.556,0.701,127.7,0.0,0.0,,,
2026-09-08 04:13:07.761,dummy,-0.455,0.6,0.701,127.9,0.0,0.0,,,
2026-09-08 04:13:07.812,dummy,-0.489,0.643,0.701,128.0,0.0,0.0,,,
2026-09-08 04:13:07.863,dummy,-0.522,0.686,0.701,128.2,0.0,0.0,,,
2026-09-08 04:13:07.915,dummy,-0.556,0.729,0.701,128.4,0.0,0.0,,,
2026-09-08 04:13:07.967,dummy,-0.59,0.771,0.701,128.6,0.0,0.0,,,
2026-09-08 04:13:08.019,dummy,-0.623,0.813,0.702,128.8,0.0,0.0,,,
2026-09-08 04:13:08.070,dummy,-0.656,0.854,0.702,129.0,0.0,0.0,,,
2026-09-08 04:13:08.121,dummy,-0.689,0.894,0.702,129.2,0.0,0.0,,,
2026-09-08 04:13:08.173,dummy,-0.722,0.935,0.702,129.5,0.0,0.0,,,
2026-09-08 04:13:08.224,dummy,-0.755,0.975,0.702,129.7,0.0,0.0,,,
2026-09-08 04:13:08.276,dummy,-0.788,1.014,0.703,130.0,0.0,0.0,,,
2026-09-08 04:13:08.329,dummy,-0.821,1.053,0.703,130.3,0.0,0.0,,,
2026-09-08 04:13:08.380,dummy,-0.854,1.092,0.703,130.6,0.0,0.0,,,
2026-09-08 04:13:08.432,dummy,-0.887,1.129,0.703,131.0,0.0,0.0,,,
2026-09-08 04:13:08.484,dummy,-0.919,1.167,0.704,131.3,0.0,0.0,,,
2026-09-08 04:13:08.536,dummy,-0.952,1.204,0.704,131.7,0.0,0.0,,,
2026-09-08 04:13:08.588,dummy,-0.984,1.24,0.704,132.1,0.0,0.0,,,
2026-09-08 04:13:08.639,dummy,-1.017,1.275,0.704,132.5,0.0,0.0,,,
2026-09-08 04:13:08.690,dummy,-1.048,1.31,0.705,132.9,0.0,0.0,,,
2026-09-08 04:13:08.742,dummy,-1.08,1.343,0.705,133.4,0.0,0.0,,,
2026-09-08 04:13:08.794,dummy,-1.112,1.377,0.705,133.8,0.0,0.0,,,
2026-09-08 04:13:08.845,dummy,-1.143,1.409,0.706,134.3,0.0,0.0,,,
2026-09-08 04:13:08.897,dummy,-1.175,1.441,0.706,134.9,0.0,0.0,,,
2026-09-08 04:13:08.948,dummy,-1.206,1.472,0.706,135.4,0.0,0.0,,,
2026-09-08 04:13:09.000,dummy,-1.237,1.503,0.707,136.0,0.0,0.0,,,
2026-09-08 04:13:09.052,dummy,-1.268,1.533,0.707,136.6,0.0,0.0,,,
2026-09-08 04:13:09.105,dummy,-1.3,1.562,0.707,137.3,0.0,0.0,,,
2026-09-08 04:13:09.156,dummy,-1.33,1.59,0.708,137.9,0.0,0.0,,,
2026-09-08 04:13:09.238,dummy,-1.379,1.633,0.709,139.1,0.0,0.0,,,
2026-09-08 04:13:09.296,dummy,-1.411,1.66,0.709,139.9,0.0,0.0,,,
2026-09-08 04:13:09.347,dummy,-1.442,1.686,0.709,140.7,0.0,0.0,,,
2026-09-08 04:13:09.398,dummy,-1.472,1.71,0.71,141.6,0.0,0.0,,,
2026-09-08 04:13:09.449,dummy,-1.501,1.733,0.71,142.4,0.0,0.0,,,
2026-09-08 04:13:09.501,dummy,-1.53,1.755,0.711,143.4,0.0,0.0,,,
2026-09-08 04:13:09.552,dummy,-1.559,1.776,0.711,144.3,0.0,0.0,,,
2026-09-08 04:13:09.604,dummy,-1.588,1.797,0.712,145.4,0.0,0.0,,,
2026-09-08 04:13:09.655,dummy,-1.617,1.816,0.712,146.5,0.0,0.0,,,
2026-09-08 04:13:09.707,dummy,-1.646,1.835,0.713,147.6,0.0,0.0,,,
2026-09-08 04:13:09.758,dummy,-1.674,1.852,0.713,148.8,0.0,0.0,,,
2026-09-08 04:13:09.810,dummy,-1.702,1.869,0.714,150.0,0.0,0.0,,,
2026-09-08 04:13:09.862,dummy,-1.73,1.885,0.714,151.3,0.0,0.0,,,
2026-09-08 04:13:09.914,dummy,-1.758,1.899,0.715,152.7,0.0,0.0,,,
2026-09-08 04:13:09.966,dummy,-1.785,1.913,0.715,154.2,0.0,0.0,,,
2026-09-08 04:13:10.018,dummy,-1.813,1.926,0.716,155.7,0.0,0.0,,,
2026-09-08 04:13:10.069,dummy,-1.84,1.938,0.716,157.3,0.0,0.0,,,
2026-09-08 04:13:10.129,dummy,-1.867,1.949,0.717,159.0,0.0,0.0,,,
2026-09-08 04:13:10.181,dummy,-1.898,1.96,0.717,161.0,0.0,0.0,,,
2026-09-08 04:13:10.232,dummy,-1.924,1.968,0.718,162.9,0.0,0.0,,,
2026-09-08 04:13:10.283,dummy,-1.95,1.976,0.719,164.8,0.0,0.0,,,
2026-09-08 04:13:10.336,dummy,-1.975,1.982,0.719,166.8,0.0,0.0,,,
2026-09-08 04:13:10.387,dummy,-2.001,1.988,0.72,168.9,0.0,0.0,,,
2026-09-08 04:13:10.439,dummy,-2.026,1.992,0.72,171.0,0.0,0.0,,,
2026-09-08 04:13:10.490,dummy,-2.051,1.996,0.721,173.2,0.0,0.0,,,
2026-09-08 04:13:10.542,dummy,-2.076,1.998,0.722,175.5,0.0,0.0,,,
2026-09-08 04:13:10.593,dummy,-2.1,2.0,0.722,177.9,0.0,0.0,,,
2026-09-08 04:13:10.656,dummy,-2.125,2.0,0.723,180.4,0.0,0.0,,,
2026-09-08 04:13:10.707,dummy,-2.154,1.999,0.724,183.4,0.0,0.0,,,
2026-09-08 04:13:10.759,dummy,-2.177,1.997,0.724,185.9,0.0,0.0,,,
2026-09-08 04:13:10.811,dummy,-2.2,1.994,0.725,188.5,0.0,0.0,,,
2026-09-08 04:13:10.862,dummy,-2.223,1.99,0.726,191.1,0.0,0.0,,,
2026-09-08 04:13:10.914,dummy,-2.246,1.985,0.726,193.7,0.0,0.0,,,
2026-09-08 04:13:10.965,dummy,-2.268,1.979,0.727,196.3,0.0,0.0,,,
2026-09-08 04:13:11.017,dummy,-2.291,1.972,0.728,198.9,0.0,0.0,,,
2026-09-08 04:13:11.069,dummy,-2.313,1.964,0.729,201.5,0.0,0.0,,,
2026-09-08 04:13:11.121,dummy,-2.334,1.955,0.729,204.1,0.0,0.0,,,
2026-09-08 04:13:11.172,dummy,-2.356,1.945,0.73,206.6,0.0,0.0,,,
2026-09-08 04:13:11.224,dummy,-2.376,1.934,0.731,209.1,0.0,0.0,,,
2026-09-08 04:13:11.275,dummy,-2.397,1.922,0.732,211.6,0.0,0.0,,,
2026-09-08 04:13:11.327,dummy,-2.417,1.909,0.732,213.9,0.0,0.0,,,
2026-09-08 04:13:11.378,dummy,-2.437,1.895,0.733,216.2,0.0,0.0,,,
2026-09-08 04:13:11.430,dummy,-2.457,1.88,0.734,218.4,0.0,0.0,,,
2026-09-08 04:13:11.481,dummy,-2.476,1.864,0.735,220.6,0.0,0.0,,,
2026-09-08 04:13:11.533,dummy,-2.495,1.847,0.735,222.7,0.0,0.0,,,
2026-09-08 04:13:11.585,dummy,-2.514,1.829,0.736,224.7,0.0,0.0,,,
2026-09-08 04:13:11.636,dummy,-2.533,1.81,0.737,226.6,0.0,0.0,,,
2026-09-08 04:13:11.688,dummy,-2.551,1.79,0.738,228.5,0.0,0.0,,,
2026-09-08 04:13:11.739,dummy,-2.568,1.77,0.739,230.2,0.0,0.0,,,
2026-09-08 04:13:11.791,dummy,-2.586,1.748,0.74,232.0,0.0,0.0,,,
2026-09-08 04:13:11.843,dummy,-2.603,1.725,0.74,233.6,0.0,0.0,,,
2026-09-08 04:13:11.894,dummy,-2.62,1.702,0.741,235.2,0.0,0.0,,,
2026-09-08 04:13:11.946,dummy,-2.636,1.678,0.742,236.7,0.0,0.0,,,
2026-09-08 04:13:11.998,dummy,-2.652,1.653,0.743,238.1,0.0,0.0,,,
2026-09-08 04:13:12.049,dummy,-2.668,1.627,0.744,239.5,0.0,0.0,,,
2026-09-08 04:13:12.101,dummy,-2.683,1.6,0.745,240.8,0.0,0.0,,,
2026-09-08 04:13:12.152,dummy,-2.698,1.572,0.746,242.1,0.0,0.0,,,
2026-09-08 04:13:12.203,dummy,-2.713,1.544,0.747,243.3,0.0,0.0,,,
2026-09-08 04:13:12.255,dummy,-2.727,1.515,0.748,244.4,0.0,0.0,,,
2026-09-08 04:13:12.306,dummy,-2.741,1.485,0.748,245.5,0.0,0.0,,,
2026-09-08 04:13:12.358,dummy,-2.755,1.454,0.749,246.6,0.0,0.0,,,
2026-09-08 04:13:12.410,dummy,-2.768,1.422,0.75,247.7,0.0,0.0,,,
2026-09-08 04:13:12.462,dummy,-2.781,1.39,0.751,248.7,0.0,0.0,,,
2026-09-08 04:13:12.513,dummy,-2.794,1.357,0.752,249.6,0.0,0.0,,,
2026-09-08 04:13:12.564,dummy,-2.806,1.324,0.753,250.5,0.0,0.0,,,
2026-09-08 04:13:12.616,dummy,-2.818,1.289,0.754,251.4,0.0,0.0,,,
2026-09-08 04:13:12.667,dummy,-2.829,1.254,0.755,252.2,0.0,0.0,,,
2026-09-08 04:13:12.719,dummy,-2.84,1.219,0.756,253.1,0.0,0.0,,,
2026-09-08 04:13:12.770,dummy,-2.851,1.182,0.757,253.9,0.0,0.0,,,
2026-09-08 04:13:12.821,dummy,-2.861,1.146,0.758,254.6,0.0,0.0,,,
2026-09-08 04:13:12.872,dummy,-2.871,1.109,0.759,255.4,0.0,0.0,,,
2026-09-08 04:13:12.924,dummy,-2.881,1.071,0.76,256.1,0.0,0.0,,,
2026-09-08 04:13:12.975,dummy,-2.89,1.032,0.761,256.8,0.0,0.0,,,
2026-09-08 04:13:13.026,dummy,-2.899,0.993,0.762,257.5,0.0,0.0,,,
2026-09-08 04:13:13.078,dummy,-2.908,0.954,0.763,258.1,0.0,0.0,,,
2026-09-08 04:13:13.129,dummy,-2.916,0.914,0.764,258.8,0.0,0.0,,,
2026-09-08 04:13:13.181,dummy,-2.924,0.873,0.765,259.4,0.0,0.0,,,
2026-09-08 04:13:13.233,dummy,-2.931,0.832,0.766,260.0,0.0,0.0,,,
2026-09-08 04:13:13.285,dummy,-2.938,0.79,0.767,260.7,0.0,0.0,,,
2026-09-08 04:13:13.337,dummy,-2.945,0.748,0.769,261.2,0.0,0.0,,,
2026-09-08 04:13:13.388,dummy,-2.951,0.706,0.77,261.8,0.0,0.0,,,
2026-09-08 04:13:13.440,dummy,-2.957,0.663,0.771,262.4,0.0,0.0,,,
2026-09-08 04:13:13.491,dummy,-2.963,0.62,0.772,262.9,0.0,0.0,,,
2026-09-08 04:13:13.543,dummy,-2.968,0.577,0.773,263.5,0.0,0.0,,,
2026-09-08 04:13:13.594,dummy,-2.973,0.533,0.774,264.0,0.0,0.0,,,
2026-09-08 04:13:13.646,dummy,-2.977,0.489,0.775,264.6,0.0,0.0,,,
2026-09-08 04:13:13.699,dummy,-2.981,0.444,0.776,265.1,0.0,0.0,,,
2026-09-08 04:13:13.750,dummy,-2.985,0.4,0.777,265.6,0.0,0.0,,,
2026-09-08 04:13:13.802,dummy,-2.988,0.355,0.779,266.1,0.0,0.0,,,
2026-09-08 04:13:13.854,dummy,-2.991,0.31,0.78,266.6,0.0,0.0,,,
2026-09-08 04:13:13.906,dummy,-2.993,0.265,0.781,267.1,0.0,0.0,,,
2026-09-08 04:13:13.958,dummy,-2.995,0.219,0.782,267.6,0.0,0.0,,,
2026-09-08 04:13:14.011,dummy,-2.997,0.173,0.783,268.1,0.0,0.0,,,
2026-09-08 04:13:14.062,dummy,-2.998,0.128,0.785,268.6,0.0,0.0,,,
2026-09-08 04:13:14.114,dummy,-2.999,0.083,0.786,269.1,0.0,0.0,,,
2026-09-08 04:13:14.166,dummy,-3.0,0.037,0.787,269.6,0.0,0.0,,,
2026-09-08 04:13:14.217,dummy,-3.0,-0.008,0.788,270.1,0.0,0.0,,,
2026-09-08 04:13:14.269,dummy,-3.0,-0.054,0.789,270.6,0.0,0.0,,,
2026-09-08 04:13:14.321,dummy,-2.999,-0.099,0.791,271.1,0.0,0.0,,,
2026-09-08 04:13:14.372,dummy,-2.998,-0.144,0.792,271.6,0.0,0.0,,,
2026-09-08 04:13:14.423,dummy,-2.997,-0.189,0.793,272.0,0.0,0.0,,,
2026-09-08 04:13:14.475,dummy,-2.995,-0.235,0.794,272.5,0.0,0.0,,,
2026-09-08 04:13:14.527,dummy,-2.993,-0.28,0.795,273.0,0.0,0.0,,,
2026-09-08 04:13:14.578,dummy,-2.99,-0.324,0.797,273.5,0.0,0.0,,,
2026-09-08 04:13:14.630,dummy,-2.987,-0.369,0.798,274.0,0.0,0.0,,,
2026-09-08 04:13:14.681,dummy,-2.984,-0.413,0.799,274.6,0.0,0.0,,,
2026-09-08 04:13:14.733,dummy,-2.98,-0.458,0.8,275.1,0.0,0.0,,,
2026-09-08 04:13:14.785,dummy,-2.976,-0.502,0.802,275.6,0.0,0.0,,,
2026-09-08 04:13:14.837,dummy,-2.971,-0.546,0.803,276.1,0.0,0.0,,,
2026-09-08 04:13:14.888,dummy,-2.966,-0.59,0.804,276.7,0.0,0.0,,,
2026-09-08 04:13:14.940,dummy,-2.961,-0.633,0.806,277.2,0.0,0.0,,,
2026-09-08 04:13:14.992,dummy,-2.955,-0.676,0.807,277.8,0.0,0.0,,,
2026-09-08 04:13:15.043,dummy,-2.949,-0.719,0.808,278.4,0.0,0.0,,,
2026-09-08 04:13:15.095,dummy,-2.943,-0.761,0.81,278.9,0.0,0.0,,,
2026-09-08 04:13:15.146,dummy,-2.936,-0.802,0.811,279.5,0.0,0.0,,,
2026-09-08 04:13:15.197,dummy,-2.929,-0.843,0.812,280.1,0.0,0.0,,,
2026-09-08 04:13:15.249,dummy,-2.922,-0.884,0.813,280.7,0.0,0.0,,,
2026-09-08 04:13:15.301,dummy,-2.914,-0.925,0.815,281.4,0.0,0.0,,,
2026-09-08 04:13:15.353,dummy,-2.905,-0.965,0.816,282.0,0.0,0.0,,,
2026-09-08 04:13:15.404,dummy,-2.897,-1.005,0.818,282.7,0.0,0.0,,,
2026-09-08 04:13:15.456,dummy,-2.888,-1.044,0.819,283.4,0.0,0.0,,,
2026-09-08 04:13:15.507,dummy,-2.878,-1.082,0.82,284.1,0.0,0.0,,,
2026-09-08 04:13:15.559,dummy,-2.868,-1.12,0.822,284.9,0.0,0.0,,,
2026-09-08 04:13:15.611,dummy,-2.858,-1.158,0.823,285.6,0.0,0.0,,,
2026-09-08 04:13:15.662,dummy,-2.848,-1.194,0.824,286.4,0.0,0.0,,,
2026-09-08 04:13:15.715,dummy,-2.837,-1.231,0.826,287.2,0.0,0.0,,,
2026-09-08 04:13:15.766,dummy,-2.825,-1.266,0.827,288.0,0.0,0.0,,,
2026-09-08 04:13:15.817,dummy,-2.814,-1.301,0.829,288.9,0.0,0.0,,,
2026-09-08 04:13:15.869,dummy,-2.802,-1.335,0.83,289.8,0.0,0.0,,,
2026-09-08 04:13:15.921,dummy,-2.789,-1.369,0.831,290.7,0.0,0.0,,,
2026-09-08 04:13:15.972,dummy,-2.777,-1.401,0.833,291.7,0.0,0.0,,,
2026-09-08 04:13:16.023,dummy,-2.764,-1.433,0.834,292.7,0.0,0.0,,,
2026-09-08 04:13:16.076,dummy,-2.75,-1.465,0.836,293.7,0.0,0.0,,,
2026-09-08 04:13:16.128,dummy,-2.736,-1.496,0.837,294.8,0.0,0.0,,,
2026-09-08 04:13:16.180,dummy,-2.722,-1.526,0.839,296.0,0.0,0.0,,,
2026-09-08 04:13:16.232,dummy,-2.707,-1.555,0.84,297.2,0.0,0.0,,,
2026-09-08 04:13:16.283,dummy,-2.693,-1.583,0.841,298.4,0.0,0.0,,,
2026-09-08 04:13:16.335,dummy,-2.677,-1.61,0.843,299.7,0.0,0.0,,,
2026-09-08 04:13:16.387,dummy,-2.662,-1.637,0.844,301.1,0.0,0.0,,,
2026-09-08 04:13:16.439,dummy,-2.646,-1.663,0.846,302.5,0.0,0.0,,,
2026-09-08 04:13:16.490,dummy,-2.63,-1.687,0.847,303.9,0.0,0.0,,,
2026-09-08 04:13:16.543,dummy,-2.613,-1.712,0.849,305.5,0.0,0.0,,,
2026-09-08 04:13:16.594,dummy,-2.596,-1.735,0.85,307.1,0.0,0.0,,,
2026-09-08 04:13:16.646,dummy,-2.579,-1.757,0.852,308.7,0.0,0.0,,,
2026-09-08 04:13:16.699,dummy,-2.561,-1.778,0.853,310.5,0.0,0.0,,,
2026-09-08 04:13:16.750,dummy,-2.543,-1.799,0.855,312.3,0.0,0.0,,,
2026-09-08 04:13:16.802,dummy,-2.525,-1.818,0.856,314.2,0.0,0.0,,,
2026-09-08 04:13:16.854,dummy,-2.506,-1.837,0.858,316.2,0.0,0.0,,,
2026-09-08 04:13:16.906,dummy,-2.487,-1.855,0.859,318.3,0.0,0.0,,,
2026-09-08 04:13:16.957,dummy,-2.468,-1.871,0.861,320.4,0.0,0.0,,,
2026-09-08 04:13:17.009,dummy,-2.448,-1.887,0.862,322.6,0.0,0.0,,,
2026-09-08 04:13:17.061,dummy,-2.428,-1.901,0.864,324.8,0.0,0.0,,,
2026-09-08 04:13:17.112,dummy,-2.408,-1.915,0.865,327.2,0.0,0.0,,,
2026-09-08 04:13:17.163,dummy,-2.388,-1.927,0.867,329.5,0.0,0.0,,,
2026-09-08 04:13:17.215,dummy,-2.367,-1.939,0.868,332.0,0.0,0.0,,,
2026-09-08 04:13:17.266,dummy,-2.346,-1.95,0.87,334.5,0.0,0.0,,,
2026-09-08 04:13:17.317,dummy,-2.325,-1.959,0.871,337.0,0.0,0.0,,,
2026-09-08 04:13:17.369,dummy,-2.303,-1.968,0.873,339.6,0.0,0.0,,,
2026-09-08 04:13:17.421,dummy,-2.281,-1.975,0.874,342.2,0.0,0.0,,,
2026-09-08 04:13:17.472,dummy,-2.259,-1.982,0.876,344.8,0.0,0.0,,,
2026-09-08 04:13:17.523,dummy,-2.237,-1.987,0.877,347.4,0.0,0.0,,,
2026-09-08 04:13:17.575,dummy,-2.214,-1.992,0.879,350.0,0.0,0.0,,,
2026-09-08 04:13:17.627,dummy,-2.191,-1.996,0.881,352.6,0.0,0.0,,,
2026-09-08 04:13:17.679,dummy,-2.167,-1.998,0.882,355.2,0.0,0.0,,,
2026-09-08 04:13:17.731,dummy,-2.143,-2.0,0.884,357.7,0.0,0.0,,,
2026-09-08 04:13:17.783,dummy,-2.119,-2.0,0.885,0.2,0.0,0.0,,,
2026-09-08 04:13:17.836,dummy,-2.094,-1.999,0.887,2.7,0.0,0.0,,,
2026-09-08 04:13:17.888,dummy,-2.069,-1.998,0.889,5.1,0.0,0.0,,,
2026-09-08 04:13:17.939,dummy,-2.045,-1.995,0.89,7.4,0.0,0.0,,,
2026-09-08 04:13:17.991,dummy,-2.02,-1.991,0.892,9.6,0.0,0.0,,,
2026-09-08 04:13:18.043,dummy,-1.994,-1.986,0.893,11.7,0.0,0.0,,,
2026-09-08 04:13:18.094,dummy,-1.969,-1.981,0.895,13.8,0.0,0.0,,,
2026-09-08 04:13:18.146,dummy,-1.943,-1.974,0.897,15.8,0.0,0.0,,,
2026-09-08 04:13:18.197,dummy,-1.917,-1.966,0.898,17.7,0.0,0.0,,,
2026-09-08 04:13:18.249,dummy,-1.89,-1.957,0.9,19.5,0.0,0.0,,,
2026-09-08 04:13:18.306,dummy,-1.863,-1.947,0.901,21.3,0.0,0.0,,,
2026-09-08 04:13:18.358,dummy,-1.834,-1.935,0.903,23.0,0.0,0.0,,,
2026-09-08 04:13:18.411,dummy,-1.806,-1.923,0.905,24.7,0.0,0.0,,,
2026-09-08 04:13:18.462,dummy,-1.779,-1.91,0.906,26.2,0.0,0.0,,,
2026-09-08 04:13:18.514,dummy,-1.752,-1.896,0.908,27.6,0.0,0.0,,,
2026-09-08 04:13:18.565,dummy,-1.724,-1.881,0.91,28.9,0.0,0.0,,,
2026-09-08 04:13:18.616,dummy,-1.696,-1.865,0.911,30.2,0.0,0.0,,,
2026-09-08 04:13:18.668,dummy,-1.668,-1.849,0.913,31.5,0.0,0.0,,,
2026-09-08 04:13:18.719,dummy,-1.64,-1.831,0.914,32.7,0.0,0.0,,,
2026-09-08 04:13:18.771,dummy,-1.611,-1.812,0.916,33.8,0.0,0.0,,,
2026-09-08 04:13:18.822,dummy,-1.582,-1.793,0.918,34.8,0.0,0.0,,,
2026-09-08 04:13:18.874,dummy,-1.553,-1.772,0.919,35.9,0.0,0.0,,,
2026-09-08 04:13:18.925,dummy,-1.524,-1.75,0.921,36.8,0.0,0.0,,,
2026-09-08 04:13:18.977,dummy,-1.495,-1.728,0.923,37.7,0.0,0.0,,,
2026-09-08 04:13:19.028,dummy,-1.465,-1.705,0.924,38.6,0.0,0.0,,,
2026-09-08 04:13:19.080,dummy,-1.436,-1.681,0.926,39.5,0.0,0.0,,,
2026-09-08 04:13:19.131,dummy,-1.406,-1.656,0.928,40.3,0.0,0.0,,,
2026-09-08 04:13:19.183,dummy,-1.375,-1.63,0.929,41.0,0.0,0.0,,,
2026-09-08 04:13:19.235,dummy,-1.345,-1.603,0.931,41.7,0.0,0.0,,,
2026-09-08 04:13:19.287,dummy,-1.314,-1.575,0.933,42.4,0.0,0.0,,,
2026-09-08 04:13:19.338,dummy,-1.284,-1.547,0.934,43.1,0.0,0.0,,,
2026-09-08 04:13:19.390,dummy,-1.253,-1.518,0.936,43.7,0.0,0.0,,,
2026-09-08 04:13:19.441,dummy,-1.222,-1.488,0.938,44.3,0.0,0.0,,,
2026-09-08 04:13:19.493,dummy,-1.19,-1.457,0.939,44.9,0.0,0.0,,,
2026-09-08 04:13:19.545,dummy,-1.159,-1.425,0.941,45.4,0.0,0.0,,,
2026-09-08 04:13:19.596,dummy,-1.128,-1.393,0.943,45.9,0.0,0.0,,,
2026-09-08 04:13:19.648,dummy,-1.096,-1.36,0.944,46.4,0.0,0.0,,,
2026-09-08 04:13:19.699,dummy,-1.064,-1.327,0.946,46.9,0.0,0.0,,,
2026-09-08 04:13:19.750,dummy,-1.033,-1.293,0.948,47.3,0.0,0.0,,,
2026-09-08 04:13:19.802,dummy,-1.001,-1.258,0.949,47.7,0.0,0.0,,,
2026-09-08 04:13:19.853,dummy,-0.969,-1.222,0.951,48.1,0.0,0.0,,,
2026-09-08 04:13:19.905,dummy,-0.936,-1.186,0.953,48.5,0.0,0.0,,,
2026-09-08 04:13:19.956,dummy,-0.904,-1.149,0.954,48.9,0.0,0.0,,,
2026-09-08 04:13:20.007,dummy,-0.872,-1.113,0.956,49.2,0.0,0.0,,,
2026-09-08 04:13:20.059,dummy,-0.839,-1.075,0.958,49.5,0.0,0.0,,,
2026-09-08 04:13:20.110,dummy,-0.807,-1.036,0.959,49.8,0.0,0.0,,,
2026-09-08 04:13:20.162,dummy,-0.774,-0.997,0.961,50.1,0.0,0.0,,,
2026-09-08 04:13:20.213,dummy,-0.741,-0.958,0.963,50.4,0.0,0.0,,,
2026-09-08 04:13:20.264,dummy,-0.708,-0.918,0.964,50.6,0.0,0.0,,,
2026-09-08 04:13:20.316,dummy,-0.675,-0.877,0.966,50.9,0.0,0.0,,,
2026-09-08 04:13:20.367,dummy,-0.642,-0.836,0.968,51.1,0.0,0.0,,,
2026-09-08 04:13:20.420,dummy,-0.608,-0.794,0.969,51.3,0.0,0.0,,,
2026-09-08 04:13:20.471,dummy,-0.575,-0.752,0.971,51.5,0.0,0.0,,,
2026-09-08 04:13:20.523,dummy,-0.541,-0.71,0.973,51.7,0.0,0.0,,,
2026-09-08 04:13:20.575,dummy,-0.508,-0.667,0.975,51.9,0.0,0.0,,,
2026-09-08 04:13:20.626,dummy,-0.474,-0.624,0.976,52.1,0.0,0.0,,,
2026-09-08 04:13:20.678,dummy,-0.44,-0.58,0.978,52.2,0.0,0.0,,,
2026-09-08 04:13:20.730,dummy,-0.406,-0.537,0.98,52.4,0.0,0.0,,,
2026-09-08 04:13:20.782,dummy,-0.372,-0.493,0.981,52.5,0.0,0.0,,,
2026-09-08 04:13:20.834,dummy,-0.338,-0.448,0.983,52.6,0.0,0.0,,,
2026-09-08 04:13:20.885,dummy,-0.305,-0.404,0.985,52.7,0.0,0.0,,,
2026-09-08 04:13:20.936,dummy,-0.271,-0.36,0.986,52.8,0.0,0.0,,,
2026-09-08 04:13:20.988,dummy,-0.237,-0.315,0.988,52.9,0.0,0.0,,,
2026-09-08 04:13:21.040,dummy,-0.203,-0.27,0.99,52.9,0.0,0.0,,,
2026-09-08 04:13:21.091,dummy,-0.169,-0.225,0.992,53.0,0.0,0.0,,,
2026-09-08 04:13:21.143,dummy,-0.135,-0.18,0.993,53.0,0.0,0.0,,,
2026-09-08 04:13:21.194,dummy,-0.101,-0.135,0.995,53.1,0.0,0.0,,,
2026-09-08 04:13:21.246,dummy,-0.067,-0.09,0.997,53.1,0.0,0.0,,,
2026-09-08 04:13:21.297,dummy,-0.033,-0.045,0.998,53.1,0.0,0.0,,,
2026-09-08 04:13:21.349,dummy,0.001,0.001,1.0,53.1,0.0,0.0,,,
2026-09-08 04:13:21.400,dummy,0.034,0.046,1.002,53.1,0.0,0.0,,,
2026-09-08 04:13:21.452,dummy,0.068,0.091,1.003,53.1,0.0,0.0,,,
2026-09-08 04:13:21.504,dummy,0.103,0.137,1.005,53.1,0.0,0.0,,,
2026-09-08 04:13:21.555,dummy,0.137,0.182,1.007,53.0,0.0,0.0,,,
2026-09-08 04:13:21.606,dummy,0.17,0.227,1.009,53.0,0.0,0.0,,,
2026-09-08 04:13:21.658,dummy,0.204,0.272,1.01,52.9,0.0,0.0,,,
2026-09-08 04:13:21.709,dummy,0.238,0.317,1.012,52.9,0.0,0.0,,,
2026-09-08 04:13:21.760,dummy,0.272,0.361,1.014,52.8,0.0,0.0,,,
2026-09-08 04:13:21.812,dummy,0.306,0.406,1.015,52.7,0.0,0.0,,,
2026-09-08 04:13:21.863,dummy,0.34,0.45,1.017,52.6,0.0,0.0,,,
2026-09-08 04:13:21.915,dummy,0.373,0.494,1.019,52.5,0.0,0.0,,,
2026-09-08 04:13:21.966,dummy,0.407,0.537,1.02,52.4,0.0,0.0,,,
2026-09-08 04:13:22.017,dummy,0.44,0.58,1.022,52.2,0.0,0.0,,,
2026-09-08 04:13:22.068,dummy,0.474,0.624,1.024,52.1,0.0,0.0,,,
2026-09-08 04:13:22.120,dummy,0.507,0.666,1.025,51.9,0.0,0.0,,,
2026-09-08 04:13:22.171,dummy,0.541,0.709,1.027,51.7,0.0,0.0,,,
2026-09-08 04:13:22.223,dummy,0.574,0.751,1.029,51.5,0.0,0.0,,,
2026-09-08 04:13:22.275,dummy,0.608,0.793,1.031,51.3,0.0,0.0,,,
2026-09-08 04:13:22.327,dummy,0.641,0.835,1.032,51.1,0.0,0.0,,,
2026-09-08 04:13:22.378,dummy,0.675,0.876,1.034,50.9,0.0,0.0,,,
2026-09-08 04:13:22.430,dummy,0.708,0.917,1.036,50.6,0.0,0.0,,,
2026-09-08 04:13:22.503,dummy,0.755,0.974,1.038,50.3,0.0,0.0,,,
2026-09-08 04:13:22.559,dummy,0.79,1.016,1.04,50.0,0.0,0.0,,,
2026-09-08 04:13:22.611,dummy,0.823,1.055,1.042,49.7,0.0,0.0,,,
2026-09-08 04:13:22.662,dummy,0.855,1.093,1.043,49.4,0.0,0.0,,,
2026-09-08 04:13:22.713,dummy,0.887,1.13,1.045,49.0,0.0,0.0,,,
2026-09-08 04:13:22.765,dummy,0.92,1.168,1.047,48.7,0.0,0.0,,,
2026-09-08 04:13:22.816,dummy,0.952,1.204,1.048,48.3,0.0,0.0,,,
2026-09-08 04:13:22.868,dummy,0.985,1.24,1.05,47.9,0.0,0.0,,,
2026-09-08 04:13:22.920,dummy,1.017,1.276,1.052,47.5,0.0,0.0,,,
2026-09-08 04:13:22.972,dummy,1.049,1.311,1.053,47.1,0.0,0.0,,,
2026-09-08 04:13:23.024,dummy,1.081,1.345,1.055,46.6,0.0,0.0,,,
2026-09-08 04:13:23.076,dummy,1.113,1.378,1.057,46.1,0.0,0.0,,,
2026-09-08 04:13:23.129,dummy,1.145,1.411,1.058,45.6,0.0,0.0,,,
2026-09-08 04:13:23.181,dummy,1.177,1.444,1.06,45.1,0.0,0.0,,,
2026-09-08 04:13:23.233,dummy,1.209,1.475,1.062,44.5,0.0,0.0,,,
2026-09-08 04:13:23.285,dummy,1.24,1.506,1.063,43.9,0.0,0.0,,,
2026-09-08 04:13:23.337,dummy,1.271,1.535,1.065,43.3,0.0,0.0,,,
2026-09-08 04:13:23.388,dummy,1.302,1.564,1.067,42.7,0.0,0.0,,,
2026-09-08 04:13:23.439,dummy,1.332,1.592,1.068,42.0,0.0,0.0,,,
2026-09-08 04:13:23.491,dummy,1.363,1.619,1.07,41.3,0.0,0.0,,,
2026-09-08 04:13:23.542,dummy,1.393,1.645,1.072,40.6,0.0,0.0,,,
2026-09-08 04:13:23.595,dummy,1.423,1.67,1.073,39.8,0.0,0.0,,,
2026-09-08 04:13:23.647,dummy,1.453,1.695,1.075,39.0,0.0,0.0,,,
2026-09-08 04:13:23.698,dummy,1.483,1.719,1.077,38.1,0.0,0.0,,,
2026-09-08 04:13:23.752,dummy,1.512,1.742,1.078,37.2,0.0,0.0,,,
2026-09-08 04:13:23.805,dummy,1.544,1.765,1.08,36.2,0.0,0.0,,,
2026-09-08 04:13:23.857,dummy,1.573,1.786,1.082,35.2,0.0,0.0,,,
2026-09-08 04:13:23.909,dummy,1.602,1.806,1.083,34.1,0.0,0.0,,,
2026-09-08 04:13:23.960,dummy,1.631,1.825,1.085,33.0,0.0,0.0,,,
2026-09-08 04:13:24.012,dummy,1.659,1.843,1.087,31.8,0.0,0.0,,,
2026-09-08 04:13:24.064,dummy,1.688,1.86,1.088,30.6,0.0,0.0,,,
2026-09-08 04:13:24.115,dummy,1.716,1.877,1.09,29.3,0.0,0.0,,,
2026-09-08 04:13:24.167,dummy,1.744,1.892,1.092,28.0,0.0,0.0,,,
2026-09-08 04:13:24.219,dummy,1.772,1.906,1.093,26.6,0.0,0.0,,,
2026-09-08 04:13:24.270,dummy,1.799,1.919,1.095,25.1,0.0,0.0,,,
2026-09-08 04:13:24.321,dummy,1.825,1.931,1.096,23.6,0.0,0.0,,,
2026-09-08 04:13:24.373,dummy,1.852,1.943,1.098,21.9,0.0,0.0,,,
2026-09-08 04:13:24.425,dummy,1.879,1.953,1.1,20.2,0.0,0.0,,,
2026-09-08 04:13:24.476,dummy,1.906,1.962,1.101,18.4,0.0,0.0,,,
2026-09-08 04:13:24.528,dummy,1.932,1.971,1.103,16.6,0.0,0.0,,,
2026-09-08 04:13:24.579,dummy,1.957,1.978,1.104,14.6,0.0,0.0,,,
2026-09-08 04:13:24.631,dummy,1.983,1.984,1.106,12.6,0.0,0.0,,,
2026-09-08 04:13:24.683,dummy,2.009,1.989,1.108,10.5,0.0,0.0,,,
2026-09-08 04:13:24.735,dummy,2.034,1.993,1.109,8.3,0.0,0.0,,,
2026-09-08 04:13:24.787,dummy,2.059,1.997,1.111,6.0,0.0,0.0,,,
2026-09-08 04:13:24.838,dummy,2.084,1.999,1.112,3.7,0.0,0.0,,,
2026-09-08 04:13:24.890,dummy,2.108,2.0,1.114,1.3,0.0,0.0,,,
2026-09-08 04:13:24.941,dummy,2.132,2.0,1.116,358.9,0.0,0.0,,,
2026-09-08 04:13:24.993,dummy,2.156,1.999,1.117,356.4,0.0,0.0,,,
2026-09-08 04:13:25.044,dummy,2.179,1.997,1.119,353.8,0.0,0.0,,,
2026-09-08 04:13:25.095,dummy,2.203,1.994,1.12,351.3,0.0,0.0,,,
2026-09-08 04:13:25.147,dummy,2.226,1.99,1.122,348.7,0.0,0.0,,,
2026-09-08 04:13:25.199,dummy,2.248,1.985,1.123,346.0,0.0,0.0,,,
2026-09-08 04:13:25.250,dummy,2.271,1.979,1.125,343.4,0.0,0.0,,,
2026-09-08 04:13:25.302,dummy,2.293,1.971,1.126,340.8,0.0,0.0,,,
2026-09-08 04:13:25.354,dummy,2.315,1.963,1.128,338.2,0.0,0.0,,,
2026-09-08 04:13:25.406,dummy,2.336,1.954,1.13,335.6,0.0,0.0,,,
2026-09-08 04:13:25.457,dummy,2.358,1.944,1.131,333.1,0.0,0.0,,,
2026-09-08 04:13:25.509,dummy,2.379,1.933,1.133,330.6,0.0,0.0,,,
2026-09-08 04:13:25.561,dummy,2.399,1.92,1.134,328.2,0.0,0.0,,,
2026-09-08 04:13:25.613,dummy,2.42,1.907,1.136,325.8,0.0,0.0,,,
2026-09-08 04:13:25.665,dummy,2.44,1.893,1.137,323.5,0.0,0.0,,,
2026-09-08 04:13:25.716,dummy,2.459,1.878,1.139,321.3,0.0,0.0,,,
2026-09-08 04:13:25.768,dummy,2.479,1.862,1.14,319.2,0.0,0.0,,,
2026-09-08 04:13:25.821,dummy,2.498,1.845,1.142,317.1,0.0,0.0,,,
2026-09-08 04:13:25.872,dummy,2.517,1.826,1.143,315.0,0.0,0.0,,,
2026-09-08 04:13:25.924,dummy,2.535,1.807,1.145,313.1,0.0,0.0,,,
2026-09-08 04:13:25.976,dummy,2.553,1.787,1.146,311.3,0.0,0.0,,,
2026-09-08 04:13:26.027,dummy,2.571,1.766,1.148,309.5,0.0,0.0,,,
2026-09-08 04:13:26.080,dummy,2.589,1.744,1.149,307.8,0.0,0.0,,,
2026-09-08 04:13:26.131,dummy,2.606,1.722,1.151,306.1,0.0,0.0,,,
2026-09-08 04:13:26.183,dummy,2.622,1.698,1.152,304.6,0.0,0.0,,,
2026-09-08 04:13:26.235,dummy,2.639,1.673,1.154,303.1,0.0,0.0,,,
2026-09-08 04:13:26.286,dummy,2.655,1.648,1.155,301.6,0.0,0.0,,,
2026-09-08 04:13:26.345,dummy,2.673,1.618,1.157,300.1,0.0,0.0,,,
2026-09-08 04:13:26.397,dummy,2.688,1.591,1.158,298.8,0.0,0.0,,,
2026-09-08 04:13:26.448,dummy,2.703,1.563,1.16,297.5,0.0,0.0,,,
2026-09-08 04:13:26.500,dummy,2.718,1.535,1.161,296.3,0.0,0.0,,,
2026-09-08 04:13:26.552,dummy,2.732,1.505,1.163,295.2,0.0,0.0,,,
2026-09-08 04:13:26.604,dummy,2.746,1.474,1.164,294.1,0.0,0.0,,,
2026-09-08 04:13:26.655,dummy,2.76,1.443,1.165,293.0,0.0,0.0,,,
2026-09-08 04:13:26.707,dummy,2.773,1.412,1.167,292.0,0.0,0.0,,,
2026-09-08 04:13:26.758,dummy,2.785,1.379,1.168,291.0,0.0,0.0,,,
2026-09-08 04:13:26.810,dummy,2.798,1.346,1.17,290.1,0.0,0.0,,,
2026-09-08 04:13:26.862,dummy,2.81,1.312,1.171,289.2,0.0,0.0,,,
2026-09-08 04:13:26.916,dummy,2.822,1.277,1.172,288.3,0.0,0.0,,,
2026-09-08 04:13:26.967,dummy,2.834,1.24,1.174,287.4,0.0,0.0,,,
2026-09-08 04:13:27.019,dummy,2.845,1.204,1.175,286.6,0.0,0.0,,,
2026-09-08 04:13:27.075,dummy,2.856,1.166,1.177,285.8,0.0,0.0,,,
2026-09-08 04:13:27.129,dummy,2.867,1.126,1.178,285.0,0.0,0.0,,,
2026-09-08 04:13:27.180,dummy,2.877,1.088,1.18,284.2,0.0,0.0,,,
2026-09-08 04:13:27.254,dummy,2.89,1.033,1.181,283.2,0.0,0.0,,,
2026-09-08 04:13:27.316,dummy,2.901,0.986,1.183,282.4,0.0,0.0,,,
2026-09-08 04:13:27.367,dummy,2.909,0.947,1.184,281.7,0.0,0.0,,,
2026-09-08 04:13:27.418,dummy,2.917,0.907,1.186,281.1,0.0,0.0,,,
2026-09-08 04:13:27.471,dummy,2.925,0.866,1.187,280.5,0.0,0.0,,,
2026-09-08 04:13:27.522,dummy,2.933,0.824,1.188,279.8,0.0,0.0,,,
2026-09-08 04:13:27.574,dummy,2.94,0.783,1.19,279.2,0.0,0.0,,,
2026-09-08 04:13:27.626,dummy,2.946,0.741,1.191,278.7,0.0,0.0,,,
2026-09-08 04:13:27.677,dummy,2.952,0.698,1.192,278.1,0.0,0.0,,,
2026-09-08 04:13:27.728,dummy,2.958,0.656,1.194,277.5,0.0,0.0,,,
2026-09-08 04:13:27.780,dummy,2.964,0.613,1.195,277.0,0.0,0.0,,,
2026-09-08 04:13:27.832,dummy,2.969,0.569,1.196,276.4,0.0,0.0,,,
2026-09-08 04:13:27.884,dummy,2.974,0.525,1.198,275.9,0.0,0.0,,,
2026-09-08 04:13:27.936,dummy,2.978,0.481,1.199,275.3,0.0,0.0,,,
2026-09-08 04:13:27.987,dummy,2.982,0.437,1.2,274.8,0.0,0.0,,,
2026-09-08 04:13:28.039,dummy,2.985,0.393,1.201,274.3,0.0,0.0,,,
2026-09-08 04:13:28.090,dummy,2.989,0.348,1.203,273.8,0.0,0.0,,,
2026-09-08 04:13:28.142,dummy,2.991,0.303,1.204,273.3,0.0,0.0,,,
2026-09-08 04:13:28.193,dummy,2.994,0.258,1.205,272.8,0.0,0.0,,,
2026-09-08 04:13:28.245,dummy,2.996,0.213,1.206,272.3,0.0,0.0,,,
2026-09-08 04:13:28.297,dummy,2.997,0.168,1.208,271.8,0.0,0.0,,,
2026-09-08 04:13:28.350,dummy,2.999,0.122,1.209,271.3,0.0,0.0,,,
2026-09-08 04:13:28.402,dummy,2.999,0.076,1.21,270.8,0.0,0.0,,,
2026-09-08 04:13:28.454,dummy,3.0,0.03,1.211,270.3,0.0,0.0,,,
2026-09-08 04:13:28.505,dummy,3.0,-0.015,1.213,269.8,0.0,0.0,,,
2026-09-08 04:13:28.557,dummy,3.0,-0.061,1.214,269.3,0.0,0.0,,,
2026-09-08 04:13:28.608,dummy,2.999,-0.106,1.215,268.9,0.0,0.0,,,
2026-09-08 04:13:28.660,dummy,2.998,-0.151,1.216,268.4,0.0,0.0,,,
2026-09-08 04:13:28.711,dummy,2.996,-0.196,1.217,267.9,0.0,0.0,,,
2026-09-08 04:13:28.763,dummy,2.995,-0.241,1.218,267.4,0.0,0.0,,,
2026-09-08 04:13:28.814,dummy,2.992,-0.286,1.22,266.9,0.0,0.0,,,
2026-09-08 04:13:28.866,dummy,2.99,-0.331,1.221,266.4,0.0,0.0,,,
2026-09-08 04:13:28.919,dummy,2.987,-0.376,1.222,265.9,0.0,0.0,,,
2026-09-08 04:13:28.971,dummy,2.983,-0.422,1.223,265.3,0.0,0.0,,,
2026-09-08 04:13:29.022,dummy,2.979,-0.466,1.224,264.8,0.0,0.0,,,
2026-09-08 04:13:29.074,dummy,2.975,-0.51,1.225,264.3,0.0,0.0,,,
2026-09-08 04:13:29.126,dummy,2.97,-0.554,1.226,263.8,0.0,0.0,,,
2026-09-08 04:13:29.177,dummy,2.966,-0.598,1.228,263.2,0.0,0.0,,,
2026-09-08 04:13:29.229,dummy,2.96,-0.64,1.229,262.7,0.0,0.0,,,
2026-09-08 04:13:29.281,dummy,2.954,-0.684,1.23,262.1,0.0,0.0,,,
2026-09-08 04:13:29.332,dummy,2.948,-0.726,1.231,261.5,0.0,0.0,,,
2026-09-08 04:13:29.383,dummy,2.942,-0.768,1.232,261.0,0.0,0.0,,,
2026-09-08 04:13:29.435,dummy,2.935,-0.809,1.233,260.4,0.0,0.0,,,
2026-09-08 04:13:29.486,dummy,2.928,-0.851,1.234,259.8,0.0,0.0,,,
2026-09-08 04:13:29.538,dummy,2.92,-0.891,1.235,259.1,0.0,0.0,,,
2026-09-08 04:13:29.590,dummy,2.912,-0.932,1.236,258.5,0.0,0.0,,,
2026-09-08 04:13:29.642,dummy,2.904,-0.973,1.237,257.8,0.0,0.0,,,
2026-09-08 04:13:29.695,dummy,2.895,-1.012,1.238,257.2,0.0,0.0,,,
2026-09-08 04:13:29.747,dummy,2.886,-1.052,1.239,256.4,0.0,0.0,,,
2026-09-08 04:13:29.798,dummy,2.876,-1.09,1.24,255.7,0.0,0.0,,,
2026-09-08 04:13:29.850,dummy,2.866,-1.128,1.241,255.0,0.0,0.0,,,
2026-09-08 04:13:29.903,dummy,2.856,-1.166,1.242,254.2,0.0,0.0,,,
2026-09-08 04:13:29.954,dummy,2.845,-1.203,1.243,253.4,0.0,0.0,,,
2026-09-08 04:13:30.005,dummy,2.834,-1.239,1.244,252.6,0.0,0.0,,,
2026-09-08 04:13:30.057,dummy,2.823,-1.274,1.245,251.8,0.0,0.0,,,
2026-09-08 04:13:30.109,dummy,2.811,-1.309,1.246,250.9,0.0,0.0,,,
2026-09-08 04:13:30.161,dummy,2.799,-1.343,1.247,250.0,0.0,0.0,,,
2026-09-08 04:13:30.212,dummy,2.787,-1.376,1.248,249.1,0.0,0.0,,,
2026-09-08 04:13:30.265,dummy,2.774,-1.409,1.249,248.1,0.0,0.0,,,
2026-09-08 04:13:30.317,dummy,2.76,-1.442,1.25,247.0,0.0,0.0,,,
2026-09-08 04:13:30.369,dummy,2.747,-1.473,1.251,246.0,0.0,0.0,,,
2026-09-08 04:13:30.420,dummy,2.733,-1.503,1.252,244.9,0.0,0.0,,,
2026-09-08 04:13:30.472,dummy,2.719,-1.532,1.253,243.7,0.0,0.0,,,
2026-09-08 04:13:30.524,dummy,2.704,-1.561,1.254,242.5,0.0,0.0,,,
2026-09-08 04:13:30.577,dummy,2.689,-1.59,1.255,241.3,0.0,0.0,,,
2026-09-08 04:13:30.630,dummy,2.673,-1.618,1.256,239.9,0.0,0.0,,,
2026-09-08 04:13:30.682,dummy,2.657,-1.645,1.257,238.5,0.0,0.0,,,
2026-09-08 04:13:30.734,dummy,2.641,-1.67,1.258,237.1,0.0,0.0,,,
2026-09-08 04:13:30.786,dummy,2.625,-1.695,1.258,235.6,0.0,0.0,,,
2026-09-08 04:13:30.838,dummy,2.608,-1.719,1.259,234.0,0.0,0.0,,,
2026-09-08 04:13:30.890,dummy,2.591,-1.742,1.26,232.4,0.0,0.0,,,
2026-09-08 04:13:30.941,dummy,2.573,-1.764,1.261,230.7,0.0,0.0,,,
2026-09-08 04:13:30.993,dummy,2.556,-1.784,1.262,229.0,0.0,0.0,,,
2026-09-08 04:13:31.046,dummy,2.537,-1.805,1.263,227.1,0.0,0.0,,,
2026-09-08 04:13:31.097,dummy,2.519,-1.824,1.264,225.2,0.0,0.0,,,
2026-09-08 04:13:31.149,dummy,2.5,-1.842,1.264,223.2,0.0,0.0,,,
2026-09-08 04:13:31.201,dummy,2.482,-1.859,1.265,221.2,0.0,0.0,,,
2026-09-08 04:13:31.252,dummy,2.462,-1.876,1.266,219.0,0.0,0.0,,,
2026-09-08 04:13:31.304,dummy,2.442,-1.891,1.267,216.8,0.0,0.0,,,
2026-09-08 04:13:31.356,dummy,2.422,-1.905,1.267,214.5,0.0,0.0,,,
2026-09-08 04:13:31.408,dummy,2.402,-1.919,1.268,212.1,0.0,0.0,,,
2026-09-08 04:13:31.460,dummy,2.381,-1.931,1.269,209.7,0.0,0.0,,,
2026-09-08 04:13:31.512,dummy,2.36,-1.943,1.27,207.2,0.0,0.0,,,
2026-09-08 04:13:31.592,dummy,2.327,-1.958,1.271,203.2,0.0,0.0,,,
2026-09-08 04:13:31.669,dummy,2.295,-1.971,1.272,199.4,0.0,0.0,,,
2026-09-08 04:13:31.724,dummy,2.272,-1.978,1.273,196.7,0.0,0.0,,,
2026-09-08 04:13:31.776,dummy,2.249,-1.985,1.273,194.0,0.0,0.0,,,
2026-09-08 04:13:31.827,dummy,2.226,-1.99,1.274,191.4,0.0,0.0,,,
2026-09-08 04:13:31.879,dummy,2.203,-1.994,1.275,188.8,0.0,0.0,,,
2026-09-08 04:13:31.933,dummy,2.18,-1.997,1.276,186.2,0.0,0.0,,,
2026-09-08 04:13:31.985,dummy,2.155,-1.999,1.276,183.5,0.0,0.0,,,
2026-09-08 04:13:32.036,dummy,2.131,-2.0,1.277,181.0,0.0,0.0,,,
2026-09-08 04:13:32.088,dummy,2.107,-2.0,1.278,178.6,0.0,0.0,,,
2026-09-08 04:13:32.139,dummy,2.083,-1.999,1.278,176.2,0.0,0.0,,,
2026-09-08 04:13:32.191,dummy,2.058,-1.997,1.279,173.9,0.0,0.0,,,
2026-09-08 04:13:32.243,dummy,2.033,-1.993,1.279,171.6,0.0,0.0,,,
2026-09-08 04:13:32.294,dummy,2.008,-1.989,1.28,169.4,0.0,0.0,,,
2026-09-08 04:13:32.346,dummy,1.983,-1.984,1.281,167.3,0.0,0.0,,,
2026-09-08 04:13:32.398,dummy,1.957,-1.978,1.281,165.3,0.0,0.0,,,
2026-09-08 04:13:32.450,dummy,1.931,-1.97,1.282,163.4,0.0,0.0,,,
2026-09-08 04:13:32.503,dummy,1.904,-1.962,1.282,161.4,0.0,0.0,,,
2026-09-08 04:13:32.555,dummy,1.877,-1.952,1.283,159.6,0.0,0.0,,,
2026-09-08 04:13:32.607,dummy,1.85,-1.942,1.284,157.9,0.0,0.0,,,
2026-09-08 04:13:32.658,dummy,1.823,-1.931,1.284,156.3,0.0,0.0,,,
2026-09-08 04:13:32.710,dummy,1.796,-1.918,1.285,154.8,0.0,0.0,,,
2026-09-08 04:13:32.762,dummy,1.769,-1.905,1.285,153.3,0.0,0.0,,,
2026-09-08 04:13:32.814,dummy,1.741,-1.89,1.286,151.9,0.0,0.0,,,
2026-09-08 04:13:32.866,dummy,1.713,-1.875,1.286,150.5,0.0,0.0,,,
2026-09-08 04:13:32.917,dummy,1.685,-1.859,1.287,149.3,0.0,0.0,,,
2026-09-08 04:13:32.969,dummy,1.657,-1.841,1.287,148.0,0.0,0.0,,,
2026-09-08 04:13:33.021,dummy,1.628,-1.823,1.288,146.9,0.0,0.0,,,
2026-09-08 04:13:33.074,dummy,1.599,-1.804,1.288,145.8,0.0,0.0,,,
2026-09-08 04:13:33.126,dummy,1.569,-1.783,1.289,144.7,0.0,0.0,,,
2026-09-08 04:13:33.179,dummy,1.54,-1.762,1.289,143.7,0.0,0.0,,,
2026-09-08 04:13:33.230,dummy,1.51,-1.74,1.29,142.7,0.0,0.0,,,
2026-09-08 04:13:33.283,dummy,1.48,-1.716,1.29,141.8,0.0,0.0,,,
2026-09-08 04:13:33.337,dummy,1.449,-1.692,1.291,140.9,0.0,0.0,,,
2026-09-08 04:13:33.388,dummy,1.419,-1.667,1.291,140.1,0.0,0.0,,,
2026-09-08 04:13:33.439,dummy,1.389,-1.642,1.291,139.3,0.0,0.0,,,
2026-09-08 04:13:33.491,dummy,1.359,-1.615,1.292,138.6,0.0,0.0,,,
2026-09-08 04:13:33.543,dummy,1.328,-1.588,1.292,137.9,0.0,0.0,,,
2026-09-08 04:13:33.594,dummy,1.298,-1.56,1.293,137.2,0.0,0.0,,,
2026-09-08 04:13:33.646,dummy,1.267,-1.531,1.293,136.6,0.0,0.0,,,
2026-09-08 04:13:33.697,dummy,1.236,-1.502,1.293,136.0,0.0,0.0,,,
2026-09-08 04:13:33.749,dummy,1.205,-1.471,1.294,135.4,0.0,0.0,,,
2026-09-08 04:13:33.802,dummy,1.173,-1.439,1.294,134.8,0.0,0.0,,,
2026-09-08 04:13:33.854,dummy,1.141,-1.407,1.294,134.3,0.0,0.0,,,
2026-09-08 04:13:33.908,dummy,1.108,-1.373,1.295,133.8,0.0,0.0,,,
2026-09-08 04:13:33.960,dummy,1.076,-1.339,1.295,133.3,0.0,0.0,,,
2026-09-08 04:13:34.012,dummy,1.044,-1.305,1.295,132.9,0.0,0.0,,,
2026-09-08 04:13:34.064,dummy,1.012,-1.27,1.296,132.4,0.0,0.0,,,
2026-09-08 04:13:34.116,dummy,0.98,-1.235,1.296,132.0,0.0,0.0,,,
2026-09-08 04:13:34.168,dummy,0.947,-1.199,1.296,131.6,0.0,0.0,,,
2026-09-08 04:13:34.220,dummy,0.914,-1.161,1.296,131.3,0.0,0.0,,,
2026-09-08 04:13:34.276,dummy,0.879,-1.121,1.297,130.9,0.0,0.0,,,
2026-09-08 04:13:34.329,dummy,0.846,-1.082,1.297,130.5,0.0,0.0,,,
2026-09-08 04:13:34.381,dummy,0.813,-1.043,1.297,130.2,0.0,0.0,,,
2026-09-08 04:13:34.432,dummy,0.78,-1.004,1.297,129.9,0.0,0.0,,,
2026-09-08 04:13:34.483,dummy,0.747,-0.965,1.298,129.7,0.0,0.0,,,
2026-09-08 04:13:34.535,dummy,0.714,-0.925,1.298,129.4,0.0,0.0,,,
2026-09-08 04:13:34.587,dummy,0.681,-0.884,1.298,129.2,0.0,0.0,,,
2026-09-08 04:13:34.638,dummy,0.648,-0.844,1.298,128.9,0.0,0.0,,,
2026-09-08 04:13:34.689,dummy,0.615,-0.802,1.298,128.7,0.0,0.0,,,
2026-09-08 04:13:34.741,dummy,0.581,-0.761,1.299,128.5,0.0,0.0,,,
2026-09-08 04:13:34.793,dummy,0.548,-0.718,1.299,128.3,0.0,0.0,,,
2026-09-08 04:13:34.845,dummy,0.514,-0.676,1.299,128.1,0.0,0.0,,,
2026-09-08 04:13:34.896,dummy,0.481,-0.633,1.299,128.0,0.0,0.0,,,
2026-09-08 04:13:34.948,dummy,0.447,-0.59,1.299,127.8,0.0,0.0,,,
2026-09-08 04:13:35.001,dummy,0.412,-0.545,1.299,127.7,0.0,0.0,,,
2026-09-08 04:13:35.052,dummy,0.379,-0.501,1.299,127.5,0.0,0.0,,,
2026-09-08 04:13:35.104,dummy,0.345,-0.457,1.3,127.4,0.0,0.0,,,
2026-09-08 04:13:35.155,dummy,0.311,-0.413,1.3,127.3,0.0,0.0,,,
2026-09-08 04:13:35.207,dummy,0.277,-0.368,1.3,127.2,0.0,0.0,,,
2026-09-08 04:13:35.258,dummy,0.244,-0.324,1.3,127.1,0.0,0.0,,,
2026-09-08 04:13:35.309,dummy,0.21,-0.28,1.3,127.1,0.0,0.0,,,
2026-09-08 04:13:35.360,dummy,0.177,-0.235,1.3,127.0,0.0,0.0,,,
2026-09-08 04:13:35.411,dummy,0.143,-0.19,1.3,127.0,0.0,0.0,,,
2026-09-08 04:13:35.462,dummy,0.109,-0.145,1.3,126.9,0.0,0.0,,,
2026-09-08 04:13:35.514,dummy,0.075,-0.1,1.3,126.9,0.0,0.0,,,
2026-09-08 04:13:35.566,dummy,0.041,-0.054,1.3,126.9,0.0,0.0,,,
2026-09-08 04:13:35.618,dummy,0.007,-0.009,1.3,126.9,0.0,0.0,,,
2026-09-08 04:13:35.669,dummy,-0.027,0.037,1.3,126.9,0.0,0.0,,,
2026-09-08 04:13:35.722,dummy,-0.062,0.083,1.3,126.9,0.0,0.0,,,
2026-09-08 04:13:35.774,dummy,-0.096,0.128,1.3,126.9,0.0,0.0,,,
2026-09-08 04:13:35.831,dummy,-0.133,0.177,1.3,127.0,0.0,0.0,,,
2026-09-08 04:13:35.896,dummy,-0.177,0.236,1.3,127.0,0.0,0.0,,,
2026-09-08 04:13:35.974,dummy,-0.228,0.303,1.3,127.1,0.0,0.0,,,
2026-09-08 04:13:36.034,dummy,-0.263,0.35,1.3,127.2,0.0,0.0,,,
2026-09-08 04:13:36.086,dummy,-0.302,0.401,1.3,127.3,0.0,0.0,,,
2026-09-08 04:13:36.138,dummy,-0.336,0.446,1.3,127.4,0.0,0.0,,,
2026-09-08 04:13:36.190,dummy,-0.37,0.489,1.299,127.5,0.0,0.0,,,
2026-09-08 04:13:36.243,dummy,-0.405,0.535,1.299,127.6,0.0,0.0,,,
2026-09-08 04:13:36.294,dummy,-0.438,0.578,1.299,127.8,0.0,0.0,,,
2026-09-08 04:13:36.346,dummy,-0.472,0.621,1.299,127.9,0.0,0.0,,,
2026-09-08 04:13:36.397,dummy,-0.506,0.664,1.299,128.1,0.0,0.0,,,
2026-09-08 04:13:36.449,dummy,-0.539,0.707,1.299,128.3,0.0,0.0,,,
2026-09-08 04:13:36.501,dummy,-0.572,0.749,1.299,128.5,0.0,0.0,,,
2026-09-08 04:13:36.552,dummy,-0.606,0.791,1.298,128.7,0.0,0.0,,,
2026-09-08 04:13:36.604,dummy,-0.639,0.832,1.298,128.9,0.0,0.0,,,
2026-09-08 04:13:36.655,dummy,-0.672,0.873,1.298,129.1,0.0,0.0,,,
2026-09-08 04:13:36.706,dummy,-0.705,0.914,1.298,129.3,0.0,0.0,,,
2026-09-08 04:13:36.758,dummy,-0.738,0.954,1.298,129.6,0.0,0.0,,,
2026-09-08 04:13:36.809,dummy,-0.771,0.993,1.297,129.9,0.0,0.0,,,
2026-09-08 04:13:36.861,dummy,-0.804,1.033,1.297,130.2,0.0,0.0,,,
2026-09-08 04:13:36.913,dummy,-0.837,1.071,1.297,130.5,0.0,0.0,,,
2026-09-08 04:13:36.964,dummy,-0.869,1.109,1.297,130.8,0.0,0.0,,,
2026-09-08 04:13:37.016,dummy,-0.902,1.147,1.297,131.1,0.0,0.0,,,
2026-09-08 04:13:37.068,dummy,-0.935,1.184,1.296,131.5,0.0,0.0,,,
2026-09-08 04:13:37.119,dummy,-0.967,1.221,1.296,131.9,0.0,0.0,,,
2026-09-08 04:13:37.171,dummy,-0.999,1.256,1.296,132.3,0.0,0.0,,,
2026-09-08 04:13:37.223,dummy,-1.031,1.291,1.295,132.7,0.0,0.0,,,
2026-09-08 04:13:37.275,dummy,-1.064,1.326,1.295,133.1,0.0,0.0,,,
2026-09-08 04:13:37.327,dummy,-1.096,1.36,1.295,133.6,0.0,0.0,,,
2026-09-08 04:13:37.385,dummy,-1.127,1.393,1.294,134.1,0.0,0.0,,,
2026-09-08 04:13:37.437,dummy,-1.163,1.429,1.294,134.7,0.0,0.0,,,
2026-09-08 04:13:37.489,dummy,-1.194,1.461,1.294,135.2,0.0,0.0,,,
2026-09-08 04:13:37.541,dummy,-1.226,1.491,1.293,135.8,0.0,0.0,,,
2026-09-08 04:13:37.592,dummy,-1.256,1.521,1.293,136.4,0.0,0.0,,,
2026-09-08 04:13:37.643,dummy,-1.287,1.55,1.293,137.0,0.0,0.0,,,
2026-09-08 04:13:37.695,dummy,-1.317,1.578,1.292,137.6,0.0,0.0,,,
2026-09-08 04:13:37.746,dummy,-1.348,1.606,1.292,138.3,0.0,0.0,,,
2026-09-08 04:13:37.798,dummy,-1.379,1.633,1.291,139.1,0.0,0.0,,,
2026-09-08 04:13:37.850,dummy,-1.409,1.658,1.291,139.8,0.0,0.0,,,
2026-09-08 04:13:37.901,dummy,-1.439,1.683,1.291,140.6,0.0,0.0,,,
2026-09-08 04:13:37.953,dummy,-1.469,1.707,1.29,141.5,0.0,0.0,,,
2026-09-08 04:13:38.004,dummy,-1.498,1.731,1.29,142.3,0.0,0.0,,,
2026-09-08 04:13:38.056,dummy,-1.527,1.753,1.289,143.3,0.0,0.0,,,
2026-09-08 04:13:38.107,dummy,-1.556,1.774,1.289,144.2,0.0,0.0,,,
2026-09-08 04:13:38.162,dummy,-1.587,1.795,1.288,145.3,0.0,0.0,,,
2026-09-08 04:13:38.213,dummy,-1.616,1.815,1.288,146.4,0.0,0.0,,,
2026-09-08 04:13:38.264,dummy,-1.644,1.834,1.287,147.5,0.0,0.0,,,
2026-09-08 04:13:38.320,dummy,-1.675,1.853,1.287,148.8,0.0,0.0,,,
2026-09-08 04:13:38.371,dummy,-1.703,1.869,1.286,150.1,0.0,0.0,,,
2026-09-08 04:13:38.423,dummy,-1.731,1.885,1.286,151.4,0.0,0.0,,,
2026-09-08 04:13:38.474,dummy,-1.758,1.9,1.285,152.8,0.0,0.0,,,
2026-09-08 04:13:38.526,dummy,-1.786,1.913,1.285,154.2,0.0,0.0,,,
2026-09-08 04:13:38.578,dummy,-1.813,1.926,1.284,155.7,0.0,0.0,,,
2026-09-08 04:13:38.630,dummy,-1.84,1.938,1.284,157.3,0.0,0.0,,,
2026-09-08 04:13:38.681,dummy,-1.867,1.949,1.283,159.0,0.0,0.0,,,
2026-09-08 04:13:38.733,dummy,-1.894,1.958,1.283,160.7,0.0,0.0,,,
2026-09-08 04:13:38.785,dummy,-1.92,1.967,1.282,162.6,0.0,0.0,,,
2026-09-08 04:13:38.836,dummy,-1.946,1.975,1.282,164.5,0.0,0.0,,,
2026-09-08 04:13:38.887,dummy,-1.972,1.981,1.281,166.4,0.0,0.0,,,
2026-09-08 04:13:38.939,dummy,-1.997,1.987,1.28,168.5,0.0,0.0,,,
2026-09-08 04:13:38.991,dummy,-2.023,1.992,1.28,170.7,0.0,0.0,,,
2026-09-08 04:13:39.042,dummy,-2.048,1.995,1.279,172.9,0.0,0.0,,,
2026-09-08 04:13:39.094,dummy,-2.072,1.998,1.278,175.2,0.0,0.0,,,
2026-09-08 04:13:39.146,dummy,-2.097,1.999,1.278,177.6,0.0,0.0,,,
2026-09-08 04:13:39.198,dummy,-2.121,2.0,1.277,180.0,0.0,0.0,,,
2026-09-08 04:13:39.250,dummy,-2.145,1.999,1.277,182.5,0.0,0.0,,,
2026-09-08 04:13:39.302,dummy,-2.169,1.998,1.276,185.0,0.0,0.0,,,
2026-09-08 04:13:39.353,dummy,-2.193,1.995,1.275,187.6,0.0,0.0,,,
2026-09-08 04:13:39.405,dummy,-2.216,1.992,1.274,190.2,0.0,0.0,,,
2026-09-08 04:13:39.456,dummy,-2.238,1.987,1.274,192.8,0.0,0.0,,,
2026-09-08 04:13:39.508,dummy,-2.261,1.981,1.273,195.4,0.0,0.0,,,
2026-09-08 04:13:39.559,dummy,-2.283,1.975,1.272,198.0,0.0,0.0,,,
2026-09-08 04:13:39.622,dummy,-2.31,1.965,1.272,201.2,0.0,0.0,,,
2026-09-08 04:13:39.689,dummy,-2.338,1.953,1.271,204.5,0.0,0.0,,,
2026-09-08 04:13:39.741,dummy,-2.359,1.943,1.27,207.0,0.0,0.0,,,
2026-09-08 04:13:39.792,dummy,-2.38,1.932,1.269,209.5,0.0,0.0,,,
2026-09-08 04:13:39.844,dummy,-2.401,1.92,1.268,212.0,0.0,0.0,,,
2026-09-08 04:13:39.895,dummy,-2.421,1.906,1.268,214.3,0.0,0.0,,,
2026-09-08 04:13:39.947,dummy,-2.441,1.892,1.267,216.6,0.0,0.0,,,
2026-09-08 04:13:40.000,dummy,-2.461,1.877,1.266,218.8,0.0,0.0,,,
2026-09-08 04:13:40.051,dummy,-2.48,1.861,1.265,221.0,0.0,0.0,,,
2026-09-08 04:13:40.103,dummy,-2.499,1.843,1.264,223.1,0.0,0.0,,,
2026-09-08 04:13:40.155,dummy,-2.518,1.825,1.264,225.1,0.0,0.0,,,
2026-09-08 04:13:40.207,dummy,-2.536,1.806,1.263,227.0,0.0,0.0,,,
2026-09-08 04:13:40.259,dummy,-2.554,1.786,1.262,228.9,0.0,0.0,,,
2026-09-08 04:13:40.310,dummy,-2.572,1.765,1.261,230.6,0.0,0.0,,,
2026-09-08 04:13:40.362,dummy,-2.589,1.744,1.26,232.3,0.0,0.0,,,
2026-09-08 04:13:40.414,dummy,-2.607,1.72,1.259,233.9,0.0,0.0,,,
2026-09-08 04:13:40.466,dummy,-2.623,1.697,1.259,235.5,0.0,0.0,,,
2026-09-08 04:13:40.518,dummy,-2.64,1.672,1.258,237.0,0.0,0.0,,,
2026-09-08 04:13:40.570,dummy,-2.656,1.646,1.257,238.4,0.0,0.0,,,
2026-09-08 04:13:40.621,dummy,-2.672,1.62,1.256,239.8,0.0,0.0,,,
2026-09-08 04:13:40.673,dummy,-2.687,1.593,1.255,241.1,0.0,0.0,,,
2026-09-08 04:13:40.724,dummy,-2.702,1.565,1.254,242.4,0.0,0.0,,,
2026-09-08 04:13:40.776,dummy,-2.717,1.537,1.253,243.6,0.0,0.0,,,
2026-09-08 04:13:40.828,dummy,-2.731,1.507,1.252,244.7,0.0,0.0,,,
2026-09-08 04:13:40.880,dummy,-2.745,1.477,1.251,245.8,0.0,0.0,,,
2026-09-08 04:13:40.932,dummy,-2.759,1.445,1.25,246.9,0.0,0.0,,,
2026-09-08 04:13:40.984,dummy,-2.772,1.413,1.249,247.9,0.0,0.0,,,
2026-09-08 04:13:41.036,dummy,-2.785,1.381,1.248,248.9,0.0,0.0,,,
2026-09-08 04:13:41.088,dummy,-2.798,1.347,1.247,249.9,0.0,0.0,,,
2026-09-08 04:13:41.141,dummy,-2.81,1.313,1.247,250.8,0.0,0.0,,,
2026-09-08 04:13:41.192,dummy,-2.822,1.278,1.246,251.7,0.0,0.0,,,
2026-09-08 04:13:41.244,dummy,-2.833,1.243,1.245,252.5,0.0,0.0,,,
2026-09-08 04:13:41.297,dummy,-2.844,1.206,1.244,253.3,0.0,0.0,,,
2026-09-08 04:13:41.348,dummy,-2.855,1.169,1.243,254.1,0.0,0.0,,,
2026-09-08 04:13:41.400,dummy,-2.865,1.132,1.242,254.9,0.0,0.0,,,
2026-09-08 04:13:41.452,dummy,-2.875,1.094,1.241,255.7,0.0,0.0,,,
2026-09-08 04:13:41.503,dummy,-2.885,1.056,1.239,256.4,0.0,0.0,,,
2026-09-08 04:13:41.555,dummy,-2.894,1.017,1.238,257.1,0.0,0.0,,,
2026-09-08 04:13:41.607,dummy,-2.903,0.977,1.237,257.8,0.0,0.0,,,
2026-09-08 04:13:41.660,dummy,-2.911,0.937,1.236,258.4,0.0,0.0,,,
2026-09-08 04:13:41.711,dummy,-2.919,0.896,1.235,259.1,0.0,0.0,,,
2026-09-08 04:13:41.763,dummy,-2.927,0.856,1.234,259.7,0.0,0.0,,,
2026-09-08 04:13:41.815,dummy,-2.934,0.814,1.233,260.3,0.0,0.0,,,
2026-09-08 04:13:41.867,dummy,-2.941,0.772,1.232,260.9,0.0,0.0,,,
2026-09-08 04:13:41.919,dummy,-2.948,0.73,1.231,261.5,0.0,0.0,,,
2026-09-08 04:13:41.970,dummy,-2.954,0.688,1.23,262.1,0.0,0.0,,,
2026-09-08 04:13:42.021,dummy,-2.96,0.645,1.229,262.6,0.0,0.0,,,
2026-09-08 04:13:42.073,dummy,-2.965,0.602,1.228,263.2,0.0,0.0,,,
2026-09-08 04:13:42.125,dummy,-2.97,0.558,1.227,263.7,0.0,0.0,,,
2026-09-08 04:13:42.176,dummy,-2.975,0.515,1.225,264.3,0.0,0.0,,,
2026-09-08 04:13:42.228,dummy,-2.979,0.471,1.224,264.8,0.0,0.0,,,
2026-09-08 04:13:42.281,dummy,-2.983,0.426,1.223,265.3,0.0,0.0,,,
2026-09-08 04:13:42.333,dummy,-2.986,0.38,1.222,265.8,0.0,0.0,,,
2026-09-08 04:13:42.384,dummy,-2.989,0.336,1.221,266.3,0.0,0.0,,,
2026-09-08 04:13:42.436,dummy,-2.992,0.291,1.22,266.8,0.0,0.0,,,
2026-09-08 04:13:42.488,dummy,-2.994,0.245,1.219,267.3,0.0,0.0,,,
2026-09-08 04:13:42.540,dummy,-2.996,0.2,1.217,267.8,0.0,0.0,,,
2026-09-08 04:13:42.592,dummy,-2.998,0.155,1.216,268.3,0.0,0.0,,,
2026-09-08 04:13:42.644,dummy,-2.999,0.109,1.215,268.8,0.0,0.0,,,
2026-09-08 04:13:42.695,dummy,-3.0,0.064,1.214,269.3,0.0,0.0,,,
2026-09-08 04:13:42.747,dummy,-3.0,0.018,1.213,269.8,0.0,0.0,,,
2026-09-08 04:13:42.799,dummy,-3.0,-0.028,1.211,270.3,0.0,0.0,,,
2026-09-08 04:13:42.851,dummy,-3.0,-0.073,1.21,270.8,0.0,0.0,,,
2026-09-08 04:13:42.902,dummy,-2.999,-0.119,1.209,271.3,0.0,0.0,,,
2026-09-08 04:13:42.955,dummy,-2.997,-0.163,1.208,271.8,0.0,0.0,,,
2026-09-08 04:13:43.007,dummy,-2.996,-0.21,1.206,272.3,0.0,0.0,,,
2026-09-08 04:13:43.059,dummy,-2.994,-0.255,1.205,272.8,0.0,0.0,,,
2026-09-08 04:13:43.110,dummy,-2.991,-0.3,1.204,273.3,0.0,0.0,,,
2026-09-08 04:13:43.161,dummy,-2.989,-0.345,1.203,273.8,0.0,0.0,,,
2026-09-08 04:13:43.213,dummy,-2.986,-0.389,1.201,274.3,0.0,0.0,,,
2026-09-08 04:13:43.265,dummy,-2.982,-0.434,1.2,274.8,0.0,0.0,,,
2026-09-08 04:13:43.317,dummy,-2.978,-0.479,1.199,275.3,0.0,0.0,,,
2026-09-08 04:13:43.369,dummy,-2.974,-0.523,1.198,275.9,0.0,0.0,,,
2026-09-08 04:13:43.421,dummy,-2.969,-0.567,1.196,276.4,0.0,0.0,,,
2026-09-08 04:13:43.472,dummy,-2.964,-0.61,1.195,276.9,0.0,0.0,,,
2026-09-08 04:13:43.523,dummy,-2.959,-0.653,1.194,277.5,0.0,0.0,,,
2026-09-08 04:13:43.575,dummy,-2.953,-0.695,1.192,278.0,0.0,0.0,,,
2026-09-08 04:13:43.627,dummy,-2.947,-0.738,1.191,278.6,0.0,0.0,,,
2026-09-08 04:13:43.679,dummy,-2.94,-0.78,1.19,279.2,0.0,0.0,,,
2026-09-08 04:13:43.730,dummy,-2.933,-0.822,1.189,279.8,0.0,0.0,,,
2026-09-08 04:13:43.782,dummy,-2.926,-0.863,1.187,280.4,0.0,0.0,,,
2026-09-08 04:13:43.833,dummy,-2.918,-0.904,1.186,281.1,0.0,0.0,,,
2026-09-08 04:13:43.884,dummy,-2.91,-0.944,1.185,281.7,0.0,0.0,,,
2026-09-08 04:13:43.936,dummy,-2.901,-0.983,1.183,282.3,0.0,0.0,,,
2026-09-08 04:13:43.987,dummy,-2.893,-1.023,1.182,283.0,0.0,0.0,,,
2026-09-08 04:13:44.066,dummy,-2.878,-1.082,1.18,284.1,0.0,0.0,,,
2026-09-08 04:13:44.132,dummy,-2.866,-1.129,1.178,285.0,0.0,0.0,,,
2026-09-08 04:13:44.183,dummy,-2.856,-1.166,1.177,285.8,0.0,0.0,,,
2026-09-08 04:13:44.235,dummy,-2.845,-1.203,1.175,286.6,0.0,0.0,,,
2026-09-08 04:13:44.286,dummy,-2.834,-1.239,1.174,287.4,0.0,0.0,,,
2026-09-08 04:13:44.338,dummy,-2.823,-1.275,1.173,288.2,0.0,0.0,,,
2026-09-08 04:13:44.390,dummy,-2.811,-1.309,1.171,289.1,0.0,0.0,,,
2026-09-08 04:13:44.442,dummy,-2.799,-1.344,1.17,290.0,0.0,0.0,,,
2026-09-08 04:13:44.493,dummy,-2.786,-1.377,1.168,291.0,0.0,0.0,,,
2026-09-08 04:13:44.545,dummy,-2.774,-1.409,1.167,291.9,0.0,0.0,,,
2026-09-08 04:13:44.596,dummy,-2.76,-1.441,1.165,293.0,0.0,0.0,,,
2026-09-08 04:13:44.648,dummy,-2.747,-1.472,1.164,294.0,0.0,0.0,,,
2026-09-08 04:13:44.699,dummy,-2.733,-1.503,1.163,295.1,0.0,0.0,,,
2026-09-08 04:13:44.751,dummy,-2.719,-1.532,1.161,296.2,0.0,0.0,,,
2026-09-08 04:13:44.802,dummy,-2.705,-1.561,1.16,297.4,0.0,0.0,,,
2026-09-08 04:13:44.854,dummy,-2.689,-1.589,1.158,298.7,0.0,0.0,,,
2026-09-08 04:13:44.906,dummy,-2.674,-1.616,1.157,300.0,0.0,0.0,,,
2026-09-08 04:13:44.957,dummy,-2.659,-1.642,1.155,301.3,0.0,0.0,,,
2026-09-08 04:13:45.008,dummy,-2.643,-1.667,1.154,302.7,0.0,0.0,,,
2026-09-08 04:13:45.060,dummy,-2.626,-1.692,1.152,304.2,0.0,0.0,,,
2026-09-08 04:13:45.112,dummy,-2.61,-1.716,1.151,305.8,0.0,0.0,,,
2026-09-08 04:13:45.163,dummy,-2.593,-1.739,1.15,307.4,0.0,0.0,,,
2026-09-08 04:13:45.215,dummy,-2.576,-1.761,1.148,309.0,0.0,0.0,,,
2026-09-08 04:13:45.266,dummy,-2.558,-1.782,1.147,310.8,0.0,0.0,,,
2026-09-08 04:13:45.318,dummy,-2.54,-1.802,1.145,312.6,0.0,0.0,,,
2026-09-08 04:13:45.370,dummy,-2.522,-1.821,1.144,314.5,0.0,0.0,,,
2026-09-08 04:13:45.421,dummy,-2.503,-1.84,1.142,316.5,0.0,0.0,,,
2026-09-08 04:13:45.473,dummy,-2.484,-1.857,1.141,318.5,0.0,0.0,,,
2026-09-08 04:13:45.524,dummy,-2.465,-1.873,1.139,320.7,0.0,0.0,,,
2026-09-08 04:13:45.576,dummy,-2.446,-1.889,1.138,322.9,0.0,0.0,,,
2026-09-08 04:13:45.627,dummy,-2.426,-1.903,1.136,325.1,0.0,0.0,,,
2026-09-08 04:13:45.679,dummy,-2.405,-1.917,1.135,327.5,0.0,0.0,,,
2026-09-08 04:13:45.730,dummy,-2.385,-1.929,1.133,329.9,0.0,0.0,,,
2026-09-08 04:13:45.782,dummy,-2.364,-1.941,1.132,332.3,0.0,0.0,,,
2026-09-08 04:13:45.834,dummy,-2.343,-1.951,1.13,334.8,0.0,0.0,,,
2026-09-08 04:13:45.885,dummy,-2.322,-1.961,1.128,337.4,0.0,0.0,,,
2026-09-08 04:13:45.937,dummy,-2.3,-1.969,1.127,340.0,0.0,0.0,,,
2026-09-08 04:13:45.989,dummy,-2.278,-1.976,1.125,342.6,0.0,0.0,,,
2026-09-08 04:13:46.041,dummy,-2.255,-1.983,1.124,345.2,0.0,0.0,,,
2026-09-08 04:13:46.092,dummy,-2.233,-1.988,1.122,347.8,0.0,0.0,,,
2026-09-08 04:13:46.144,dummy,-2.21,-1.993,1.121,350.5,0.0,0.0,,,
2026-09-08 04:13:46.195,dummy,-2.187,-1.996,1.119,353.1,0.0,0.0,,,
2026-09-08 04:13:46.247,dummy,-2.163,-1.998,1.118,355.6,0.0,0.0,,,
2026-09-08 04:13:46.299,dummy,-2.139,-2.0,1.116,358.1,0.0,0.0,,,
2026-09-08 04:13:46.351,dummy,-2.115,-2.0,1.114,0.6,0.0,0.0,,,
2026-09-08 04:13:46.403,dummy,-2.091,-1.999,1.113,3.0,0.0,0.0,,,
2026-09-08 04:13:46.455,dummy,-2.066,-1.997,1.111,5.4,0.0,0.0,,,
2026-09-08 04:13:46.509,dummy,-2.04,-1.994,1.11,7.8,0.0,0.0,,,
2026-09-08 04:13:46.561,dummy,-2.015,-1.99,1.108,10.0,0.0,0.0,,,
2026-09-08 04:13:46.612,dummy,-1.99,-1.985,1.106,12.1,0.0,0.0,,,
2026-09-08 04:13:46.663,dummy,-1.964,-1.98,1.105,14.1,0.0,0.0,,,
2026-09-08 04:13:46.715,dummy,-1.938,-1.973,1.103,16.1,0.0,0.0,,,
2026-09-08 04:13:46.766,dummy,-1.912,-1.965,1.102,18.0,0.0,0.0,,,
2026-09-08 04:13:46.818,dummy,-1.886,-1.956,1.1,19.8,0.0,0.0,,,
2026-09-08 04:13:46.869,dummy,-1.859,-1.946,1.098,21.5,0.0,0.0,,,
2026-09-08 04:13:46.921,dummy,-1.832,-1.934,1.097,23.1,0.0,0.0,,,
2026-09-08 04:13:46.973,dummy,-1.805,-1.922,1.095,24.7,0.0,0.0,,,
2026-09-08 04:13:47.025,dummy,-1.778,-1.909,1.094,26.2,0.0,0.0,,,
2026-09-08 04:13:47.076,dummy,-1.75,-1.895,1.092,27.7,0.0,0.0,,,
2026-09-08 04:13:47.127,dummy,-1.723,-1.88,1.09,29.0,0.0,0.0,,,
2026-09-08 04:13:47.179,dummy,-1.695,-1.865,1.089,30.3,0.0,0.0,,,
2026-09-08 04:13:47.230,dummy,-1.667,-1.848,1.087,31.5,0.0,0.0,,,
2026-09-08 04:13:47.282,dummy,-1.638,-1.83,1.085,32.7,0.0,0.0,,,
2026-09-08 04:13:47.334,dummy,-1.609,-1.811,1.084,33.9,0.0,0.0,,,
2026-09-08 04:13:47.385,dummy,-1.58,-1.791,1.082,34.9,0.0,0.0,,,
2026-09-08 04:13:47.437,dummy,-1.552,-1.771,1.081,35.9,0.0,0.0,,,
2026-09-08 04:13:47.488,dummy,-1.523,-1.749,1.079,36.9,0.0,0.0,,,
2026-09-08 04:13:47.539,dummy,-1.493,-1.727,1.077,37.8,0.0,0.0,,,
2026-09-08 04:13:47.591,dummy,-1.464,-1.704,1.076,38.7,0.0,0.0,,,
2026-09-08 04:13:47.643,dummy,-1.434,-1.679,1.074,39.5,0.0,0.0,,,
2026-09-08 04:13:47.694,dummy,-1.404,-1.654,1.072,40.3,0.0,0.0,,,
2026-09-08 04:13:47.746,dummy,-1.374,-1.628,1.071,41.1,0.0,0.0,,,
2026-09-08 04:13:47.797,dummy,-1.343,-1.602,1.069,41.8,0.0,0.0,,,
2026-09-08 04:13:47.848,dummy,-1.313,-1.574,1.067,42.5,0.0,0.0,,,
2026-09-08 04:13:47.907,dummy,-1.278,-1.542,1.066,43.2,0.0,0.0,,,
2026-09-08 04:13:47.958,dummy,-1.247,-1.513,1.064,43.8,0.0,0.0,,,
2026-09-08 04:13:48.010,dummy,-1.217,-1.483,1.062,44.4,0.0,0.0,,,
2026-09-08 04:13:48.062,dummy,-1.185,-1.452,1.061,45.0,0.0,0.0,,,
2026-09-08 04:13:48.114,dummy,-1.154,-1.42,1.059,45.5,0.0,0.0,,,
2026-09-08 04:13:48.165,dummy,-1.122,-1.388,1.057,46.0,0.0,0.0,,,
2026-09-08 04:13:48.217,dummy,-1.09,-1.355,1.055,46.5,0.0,0.0,,,
2026-09-08 04:13:48.268,dummy,-1.059,-1.321,1.054,46.9,0.0,0.0,,,
2026-09-08 04:13:48.320,dummy,-1.027,-1.286,1.052,47.4,0.0,0.0,,,
2026-09-08 04:13:48.372,dummy,-0.994,-1.251,1.05,47.8,0.0,0.0,,,
2026-09-08 04:13:48.423,dummy,-0.962,-1.215,1.049,48.2,0.0,0.0,,,
2026-09-08 04:13:48.475,dummy,-0.93,-1.179,1.047,48.6,0.0,0.0,,,
2026-09-08 04:13:48.527,dummy,-0.897,-1.142,1.045,48.9,0.0,0.0,,,
2026-09-08 04:13:48.578,dummy,-0.865,-1.105,1.044,49.3,0.0,0.0,,,
2026-09-08 04:13:48.629,dummy,-0.833,-1.067,1.042,49.6,0.0,0.0,,,
2026-09-08 04:13:48.680,dummy,-0.8,-1.028,1.04,49.9,0.0,0.0,,,
2026-09-08 04:13:48.732,dummy,-0.767,-0.989,1.039,50.2,0.0,0.0,,,
2026-09-08 04:13:48.784,dummy,-0.734,-0.949,1.037,50.4,0.0,0.0,,,
2026-09-08 04:13:48.835,dummy,-0.701,-0.909,1.035,50.7,0.0,0.0,,,
2026-09-08 04:13:48.887,dummy,-0.668,-0.868,1.034,50.9,0.0,0.0,,,
2026-09-08 04:13:48.939,dummy,-0.635,-0.827,1.032,51.2,0.0,0.0,,,
2026-09-08 04:13:48.991,dummy,-0.601,-0.785,1.03,51.4,0.0,0.0,,,
2026-09-08 04:13:49.042,dummy,-0.568,-0.743,1.029,51.6,0.0,0.0,,,
2026-09-08 04:13:49.094,dummy,-0.534,-0.701,1.027,51.8,0.0,0.0,,,
2026-09-08 04:13:49.156,dummy,-0.494,-0.649,1.025,52.0,0.0,0.0,,,
2026-09-08 04:13:49.214,dummy,-0.456,-0.601,1.023,52.1,0.0,0.0,,,
2026-09-08 04:13:49.266,dummy,-0.422,-0.557,1.021,52.3,0.0,0.0,,,
2026-09-08 04:13:49.318,dummy,-0.388,-0.514,1.019,52.4,0.0,0.0,,,
2026-09-08 04:13:49.369,dummy,-0.355,-0.47,1.018,52.5,0.0,0.0,,,
2026-09-08 04:13:49.420,dummy,-0.321,-0.426,1.016,52.6,0.0,0.0,,,
2026-09-08 04:13:49.471,dummy,-0.288,-0.382,1.014,52.7,0.0,0.0,,,
2026-09-08 04:13:49.523,dummy,-0.254,-0.337,1.013,52.8,0.0,0.0,,,
2026-09-08 04:13:49.574,dummy,-0.22,-0.292,1.011,52.9,0.0,0.0,,,
2026-09-08 04:13:49.626,dummy,-0.186,-0.247,1.009,53.0,0.0,0.0,,,
2026-09-08 04:13:49.677,dummy,-0.152,-0.202,1.008,53.0,0.0,0.0,,,
2026-09-08 04:13:49.728,dummy,-0.118,-0.157,1.006,53.1,0.0,0.0,,,
2026-09-08 04:13:49.780,dummy,-0.084,-0.112,1.004,53.1,0.0,0.0,,,
2026-09-08 04:13:49.831,dummy,-0.051,-0.067,1.003,53.1,0.0,0.0,,,
2026-09-08 04:13:49.883,dummy,-0.017,-0.022,1.001,53.1,0.0,0.0,,,
2026-09-08 04:13:49.935,dummy,0.018,0.023,0.999,53.1,0.0,0.0,,,
2026-09-08 04:13:49.988,dummy,0.053,0.071,0.997,53.1,0.0,0.0,,,
2026-09-08 04:13:50.040,dummy,0.087,0.116,0.996,53.1,0.0,0.0,,,
2026-09-08 04:13:50.092,dummy,0.121,0.161,0.994,53.1,0.0,0.0,,,
2026-09-08 04:13:50.143,dummy,0.156,0.207,0.992,53.0,0.0,0.0,,,
2026-09-08 04:13:50.195,dummy,0.189,0.252,0.991,53.0,0.0,0.0,,,
2026-09-08 04:13:50.246,dummy,0.223,0.297,0.989,52.9,0.0,0.0,,,
2026-09-08 04:13:50.297,dummy,0.257,0.341,0.987,52.8,0.0,0.0,,,
2026-09-08 04:13:50.349,dummy,0.291,0.386,0.985,52.7,0.0,0.0,,,
2026-09-08 04:13:50.401,dummy,0.325,0.431,0.984,52.6,0.0,0.0,,,
2026-09-08 04:13:50.452,dummy,0.359,0.475,0.982,52.5,0.0,0.0,,,
2026-09-08 04:13:50.504,dummy,0.393,0.519,0.98,52.4,0.0,0.0,,,
2026-09-08 04:13:50.556,dummy,0.426,0.563,0.979,52.3,0.0,0.0,,,
2026-09-08 04:13:50.607,dummy,0.46,0.606,0.977,52.1,0.0,0.0,,,
2026-09-08 04:13:50.659,dummy,0.494,0.649,0.975,52.0,0.0,0.0,,,
2026-09-08 04:13:50.711,dummy,0.527,0.692,0.974,51.8,0.0,0.0,,,
2026-09-08 04:13:50.762,dummy,0.561,0.734,0.972,51.6,0.0,0.0,,,
2026-09-08 04:13:50.814,dummy,0.594,0.776,0.97,51.4,0.0,0.0,,,
2026-09-08 04:13:50.865,dummy,0.627,0.818,0.968,51.2,0.0,0.0,,,
2026-09-08 04:13:50.919,dummy,0.661,0.859,0.967,51.0,0.0,0.0,,,
2026-09-08 04:13:50.970,dummy,0.695,0.902,0.965,50.7,0.0,0.0,,,
2026-09-08 04:13:51.025,dummy,0.728,0.942,0.963,50.5,0.0,0.0,,,
2026-09-08 04:13:51.079,dummy,0.765,0.986,0.961,50.2,0.0,0.0,,,
2026-09-08 04:13:51.131,dummy,0.798,1.025,0.96,49.9,0.0,0.0,,,
2026-09-08 04:13:51.183,dummy,0.831,1.064,0.958,49.6,0.0,0.0,,,
2026-09-08 04:13:51.235,dummy,0.864,1.103,0.956,49.3,0.0,0.0,,,
2026-09-08 04:13:51.287,dummy,0.897,1.141,0.955,48.9,0.0,0.0,,,
2026-09-08 04:13:51.339,dummy,0.929,1.178,0.953,48.6,0.0,0.0,,,
2026-09-08 04:13:51.391,dummy,0.962,1.215,0.951,48.2,0.0,0.0,,,
2026-09-08 04:13:51.443,dummy,0.994,1.25,0.95,47.8,0.0,0.0,,,
2026-09-08 04:13:51.495,dummy,1.026,1.286,0.948,47.4,0.0,0.0,,,
2026-09-08 04:13:51.546,dummy,1.058,1.32,0.946,46.9,0.0,0.0,,,
2026-09-08 04:13:51.598,dummy,1.09,1.354,0.945,46.5,0.0,0.0,,,
2026-09-08 04:13:51.650,dummy,1.122,1.387,0.943,46.0,0.0,0.0,,,
2026-09-08 04:13:51.702,dummy,1.154,1.42,0.941,45.5,0.0,0.0,,,
2026-09-08 04:13:51.753,dummy,1.185,1.452,0.94,45.0,0.0,0.0,,,
2026-09-08 04:13:51.805,dummy,1.216,1.482,0.938,44.4,0.0,0.0,,,
2026-09-08 04:13:51.857,dummy,1.247,1.512,0.936,43.8,0.0,0.0,,,
2026-09-08 04:13:51.908,dummy,1.278,1.542,0.935,43.2,0.0,0.0,,,
2026-09-08 04:13:51.960,dummy,1.309,1.57,0.933,42.5,0.0,0.0,,,
2026-09-08 04:13:52.011,dummy,1.339,1.598,0.931,41.9,0.0,0.0,,,
2026-09-08 04:13:52.063,dummy,1.369,1.624,0.93,41.2,0.0,0.0,,,
2026-09-08 04:13:52.114,dummy,1.4,1.651,0.928,40.4,0.0,0.0,,,
2026-09-08 04:13:52.166,dummy,1.43,1.676,0.926,39.6,0.0,0.0,,,
2026-09-08 04:13:52.218,dummy,1.46,1.7,0.925,38.8,0.0,0.0,,,
2026-09-08 04:13:52.270,dummy,1.49,1.724,0.923,37.9,0.0,0.0,,,
2026-09-08 04:13:52.321,dummy,1.519,1.747,0.921,37.0,0.0,0.0,,,
2026-09-08 04:13:52.377,dummy,1.548,1.768,0.92,36.0,0.0,0.0,,,
2026-09-08 04:13:52.428,dummy,1.58,1.791,0.918,34.9,0.0,0.0,,,
2026-09-08 04:13:52.480,dummy,1.609,1.81,0.916,33.9,0.0,0.0,,,
2026-09-08 04:13:52.532,dummy,1.638,1.83,0.915,32.7,0.0,0.0,,,
2026-09-08 04:13:52.584,dummy,1.666,1.847,0.913,31.6,0.0,0.0,,,
2026-09-08 04:13:52.638,dummy,1.696,1.865,0.911,30.3,0.0,0.0,,,
2026-09-08 04:13:52.690,dummy,1.724,1.881,0.91,29.0,0.0,0.0,,,
2026-09-08 04:13:52.742,dummy,1.752,1.896,0.908,27.6,0.0,0.0,,,
2026-09-08 04:13:52.793,dummy,1.779,1.91,0.906,26.2,0.0,0.0,,,
2026-09-08 04:13:52.845,dummy,1.806,1.923,0.905,24.7,0.0,0.0,,,
2026-09-08 04:13:52.896,dummy,1.833,1.935,0.903,23.1,0.0,0.0,,,
2026-09-08 04:13:52.948,dummy,1.86,1.946,0.902,21.4,0.0,0.0,,,
2026-09-08 04:13:53.009,dummy,1.892,1.958,0.9,19.4,0.0,0.0,,,
2026-09-08 04:13:53.063,dummy,1.919,1.967,0.898,17.5,0.0,0.0,,,
2026-09-08 04:13:53.114,dummy,1.945,1.974,0.896,15.6,0.0,0.0,,,
2026-09-08 04:13:53.166,dummy,1.971,1.981,0.895,13.6,0.0,0.0,,,
2026-09-08 04:13:53.217,dummy,1.996,1.987,0.893,11.5,0.0,0.0,,,
2026-09-08 04:13:53.269,dummy,2.022,1.992,0.892,9.4,0.0,0.0,,,
2026-09-08 04:13:53.320,dummy,2.047,1.995,0.89,7.2,0.0,0.0,,,
2026-09-08 04:13:53.372,dummy,2.071,1.998,0.888,4.9,0.0,0.0,,,
2026-09-08 04:13:53.423,dummy,2.096,1.999,0.887,2.6,0.0,0.0,,,
2026-09-08 04:13:53.475,dummy,2.12,2.0,0.885,0.2,0.0,0.0,,,
2026-09-08 04:13:53.526,dummy,2.144,2.0,0.884,357.7,0.0,0.0,,,
2026-09-08 04:13:53.577,dummy,2.167,1.998,0.882,355.2,0.0,0.0,,,
2026-09-08 04:13:53.629,dummy,2.191,1.996,0.881,352.6,0.0,0.0,,,
2026-09-08 04:13:53.680,dummy,2.214,1.992,0.879,350.0,0.0,0.0,,,
2026-09-08 04:13:53.732,dummy,2.236,1.988,0.877,347.4,0.0,0.0,,,
2026-09-08 04:13:53.786,dummy,2.26,1.982,0.876,344.7,0.0,0.0,,,
2026-09-08 04:13:53.837,dummy,2.282,1.975,0.874,342.1,0.0,0.0,,,
2026-09-08 04:13:53.888,dummy,2.304,1.967,0.873,339.5,0.0,0.0,,,
2026-09-08 04:13:53.940,dummy,2.326,1.959,0.871,336.9,0.0,0.0,,,
2026-09-08 04:13:53.992,dummy,2.347,1.949,0.87,334.4,0.0,0.0,,,
2026-09-08 04:13:54.043,dummy,2.368,1.938,0.868,331.8,0.0,0.0,,,
2026-09-08 04:13:54.095,dummy,2.389,1.927,0.867,329.4,0.0,0.0,,,
2026-09-08 04:13:54.147,dummy,2.409,1.914,0.865,327.0,0.0,0.0,,,
2026-09-08 04:13:54.199,dummy,2.43,1.9,0.864,324.6,0.0,0.0,,,
2026-09-08 04:13:54.251,dummy,2.45,1.885,0.862,322.4,0.0,0.0,,,
2026-09-08 04:13:54.302,dummy,2.469,1.87,0.861,320.2,0.0,0.0,,,
2026-09-08 04:13:54.354,dummy,2.488,1.853,0.859,318.1,0.0,0.0,,,
2026-09-08 04:13:54.405,dummy,2.507,1.836,0.858,316.1,0.0,0.0,,,
2026-09-08 04:13:54.458,dummy,2.526,1.817,0.856,314.1,0.0,0.0,,,
2026-09-08 04:13:54.509,dummy,2.544,1.797,0.855,312.2,0.0,0.0,,,
2026-09-08 04:13:54.561,dummy,2.562,1.777,0.853,310.4,0.0,0.0,,,
2026-09-08 04:13:54.612,dummy,2.58,1.756,0.852,308.6,0.0,0.0,,,
2026-09-08 04:13:54.664,dummy,2.597,1.734,0.85,307.0,0.0,0.0,,,
2026-09-08 04:13:54.716,dummy,2.614,1.711,0.849,305.4,0.0,0.0,,,
2026-09-08 04:13:54.767,dummy,2.63,1.687,0.847,303.9,0.0,0.0,,,
2026-09-08 04:13:54.819,dummy,2.646,1.662,0.846,302.4,0.0,0.0,,,
2026-09-08 04:13:54.871,dummy,2.662,1.636,0.844,301.0,0.0,0.0,,,
2026-09-08 04:13:54.923,dummy,2.678,1.609,0.843,299.6,0.0,0.0,,,
2026-09-08 04:13:54.974,dummy,2.693,1.582,0.841,298.4,0.0,0.0,,,
2026-09-08 04:13:55.026,dummy,2.708,1.554,0.84,297.1,0.0,0.0,,,
2026-09-08 04:13:55.077,dummy,2.722,1.525,0.838,296.0,0.0,0.0,,,
2026-09-08 04:13:55.128,dummy,2.736,1.495,0.837,294.8,0.0,0.0,,,
2026-09-08 04:13:55.180,dummy,2.75,1.465,0.836,293.7,0.0,0.0,,,
2026-09-08 04:13:55.232,dummy,2.764,1.433,0.834,292.7,0.0,0.0,,,
2026-09-08 04:13:55.283,dummy,2.777,1.401,0.833,291.7,0.0,0.0,,,
2026-09-08 04:13:55.338,dummy,2.79,1.366,0.831,290.7,0.0,0.0,,,
2026-09-08 04:13:55.390,dummy,2.803,1.333,0.83,289.7,0.0,0.0,,,
2026-09-08 04:13:55.441,dummy,2.815,1.299,0.828,288.8,0.0,0.0,,,
2026-09-08 04:13:55.493,dummy,2.826,1.264,0.827,288.0,0.0,0.0,,,
2026-09-08 04:13:55.544,dummy,2.837,1.229,0.826,287.2,0.0,0.0,,,
2026-09-08 04:13:55.595,dummy,2.848,1.193,0.824,286.4,0.0,0.0,,,
2026-09-08 04:13:55.648,dummy,2.859,1.156,0.823,285.6,0.0,0.0,,,
2026-09-08 04:13:55.699,dummy,2.869,1.118,0.822,284.8,0.0,0.0,,,
2026-09-08 04:13:55.751,dummy,2.879,1.08,0.82,284.1,0.0,0.0,,,
2026-09-08 04:13:55.803,dummy,2.888,1.042,0.819,283.4,0.0,0.0,,,
2026-09-08 04:13:55.855,dummy,2.897,1.002,0.817,282.7,0.0,0.0,,,
2026-09-08 04:13:55.906,dummy,2.906,0.963,0.816,282.0,0.0,0.0,,,
2026-09-08 04:13:55.958,dummy,2.914,0.923,0.815,281.4,0.0,0.0,,,
2026-09-08 04:13:56.009,dummy,2.922,0.883,0.813,280.7,0.0,0.0,,,
2026-09-08 04:13:56.061,dummy,2.93,0.841,0.812,280.1,0.0,0.0,,,
2026-09-08 04:13:56.112,dummy,2.937,0.8,0.811,279.5,0.0,0.0,,,
2026-09-08 04:13:56.163,dummy,2.943,0.759,0.809,278.9,0.0,0.0,,,
2026-09-08 04:13:56.214,dummy,2.95,0.717,0.808,278.3,0.0,0.0,,,
2026-09-08 04:13:56.265,dummy,2.956,0.675,0.807,277.8,0.0,0.0,,,
2026-09-08 04:13:56.317,dummy,2.961,0.632,0.806,277.2,0.0,0.0,,,
2026-09-08 04:13:56.370,dummy,2.967,0.588,0.804,276.6,0.0,0.0,,,
2026-09-08 04:13:56.421,dummy,2.972,0.544,0.803,276.1,0.0,0.0,,,
2026-09-08 04:13:56.476,dummy,2.976,0.5,0.802,275.6,0.0,0.0,,,
2026-09-08 04:13:56.528,dummy,2.98,0.453,0.8,275.0,0.0,0.0,,,
2026-09-08 04:13:56.580,dummy,2.984,0.409,0.799,274.5,0.0,0.0,,,
2026-09-08 04:13:56.631,dummy,2.987,0.365,0.798,274.0,0.0,0.0,,,
2026-09-08 04:13:56.682,dummy,2.99,0.32,0.797,273.5,0.0,0.0,,,
2026-09-08 04:13:56.733,dummy,2.993,0.276,0.795,273.0,0.0,0.0,,,
2026-09-08 04:13:56.784,dummy,2.995,0.231,0.794,272.5,0.0,0.0,,,
2026-09-08 04:13:56.836,dummy,2.997,0.186,0.793,272.0,0.0,0.0,,,
2026-09-08 04:13:56.887,dummy,2.998,0.141,0.792,271.5,0.0,0.0,,,
2026-09-08 04:13:56.938,dummy,2.999,0.096,0.79,271.0,0.0,0.0,,,
2026-09-08 04:13:56.989,dummy,3.0,0.051,0.789,270.6,0.0,0.0,,,
2026-09-08 04:13:57.040,dummy,3.0,0.006,0.788,270.1,0.0,0.0,,,
2026-09-08 04:13:57.092,dummy,3.0,-0.039,0.787,269.6,0.0,0.0,,,
2026-09-08 04:13:57.144,dummy,2.999,-0.085,0.786,269.1,0.0,0.0,,,
2026-09-08 04:13:57.196,dummy,2.998,-0.13,0.784,268.6,0.0,0.0,,,
2026-09-08 04:13:57.247,dummy,2.997,-0.175,0.783,268.1,0.0,0.0,,,
2026-09-08 04:13:57.299,dummy,2.995,-0.221,0.782,267.6,0.0,0.0,,,
2026-09-08 04:13:57.350,dummy,2.993,-0.265,0.781,267.1,0.0,0.0,,,
2026-09-08 04:13:57.401,dummy,2.991,-0.31,0.78,266.6,0.0,0.0,,,
2026-09-08 04:13:57.452,dummy,2.988,-0.354,0.779,266.1,0.0,0.0,,,
2026-09-08 04:13:57.508,dummy,2.985,-0.402,0.777,265.6,0.0,0.0,,,
2026-09-08 04:13:57.559,dummy,2.981,-0.446,0.776,265.1,0.0,0.0,,,
2026-09-08 04:13:57.610,dummy,2.977,-0.49,0.775,264.5,0.0,0.0,,,
2026-09-08 04:13:57.661,dummy,2.973,-0.534,0.774,264.0,0.0,0.0,,,
2026-09-08 04:13:57.712,dummy,2.968,-0.577,0.773,263.5,0.0,0.0,,,
2026-09-08 04:13:57.764,dummy,2.963,-0.62,0.772,262.9,0.0,0.0,,,
2026-09-08 04:13:57.815,dummy,2.957,-0.662,0.771,262.4,0.0,0.0,,,
2026-09-08 04:13:57.867,dummy,2.951,-0.705,0.77,261.8,0.0,0.0,,,
2026-09-08 04:13:57.918,dummy,2.945,-0.747,0.769,261.3,0.0,0.0,,,
2026-09-08 04:13:57.970,dummy,2.939,-0.789,0.767,260.7,0.0,0.0,,,
2026-09-08 04:13:58.021,dummy,2.931,-0.831,0.766,260.1,0.0,0.0,,,
2026-09-08 04:13:58.072,dummy,2.924,-0.872,0.765,259.4,0.0,0.0,,,
2026-09-08 04:13:58.123,dummy,2.916,-0.912,0.764,258.8,0.0,0.0,,,
2026-09-08 04:13:58.174,dummy,2.908,-0.951,0.763,258.2,0.0,0.0,,,
2026-09-08 04:13:58.225,dummy,2.9,-0.991,0.762,257.5,0.0,0.0,,,
2026-09-08 04:13:58.277,dummy,2.891,-1.03,0.761,256.8,0.0,0.0,,,
2026-09-08 04:13:58.329,dummy,2.882,-1.069,0.76,256.1,0.0,0.0,,,
2026-09-08 04:13:58.381,dummy,2.872,-1.107,0.759,255.4,0.0,0.0,,,
2026-09-08 04:13:58.432,dummy,2.862,-1.144,0.758,254.7,0.0,0.0,,,
2026-09-08 04:13:58.483,dummy,2.852,-1.181,0.757,253.9,0.0,0.0,,,
2026-09-08 04:13:58.534,dummy,2.841,-1.217,0.756,253.1,0.0,0.0,,,
2026-09-08 04:13:58.585,dummy,2.83,-1.252,0.755,252.3,0.0,0.0,,,
2026-09-08 04:13:58.637,dummy,2.819,-1.287,0.754,251.4,0.0,0.0,,,
2026-09-08 04:13:58.689,dummy,2.807,-1.322,0.753,250.6,0.0,0.0,,,
2026-09-08 04:13:58.740,dummy,2.794,-1.356,0.752,249.6,0.0,0.0,,,
2026-09-08 04:13:58.791,dummy,2.782,-1.388,0.751,248.7,0.0,0.0,,,
2026-09-08 04:13:58.842,dummy,2.769,-1.42,0.75,247.7,0.0,0.0,,,
2026-09-08 04:13:58.894,dummy,2.756,-1.452,0.749,246.7,0.0,0.0,,,
2026-09-08 04:13:58.945,dummy,2.742,-1.482,0.749,245.6,0.0,0.0,,,
2026-09-08 04:13:58.996,dummy,2.729,-1.512,0.748,244.5,0.0,0.0,,,
2026-09-08 04:13:59.047,dummy,2.714,-1.541,0.747,243.4,0.0,0.0,,,
2026-09-08 04:13:59.098,dummy,2.7,-1.57,0.746,242.2,0.0,0.0,,,
2026-09-08 04:13:59.149,dummy,2.685,-1.597,0.745,240.9,0.0,0.0,,,
2026-09-08 04:13:59.200,dummy,2.67,-1.624,0.744,239.6,0.0,0.0,,,
2026-09-08 04:13:59.251,dummy,2.654,-1.649,0.743,238.3,0.0,0.0,,,
2026-09-08 04:13:59.302,dummy,2.638,-1.674,0.742,236.9,0.0,0.0,,,
2026-09-08 04:13:59.354,dummy,2.622,-1.699,0.741,235.4,0.0,0.0,,,
2026-09-08 04:13:59.407,dummy,2.605,-1.723,0.741,233.8,0.0,0.0,,,
2026-09-08 04:13:59.458,dummy,2.588,-1.745,0.74,232.2,0.0,0.0,,,
2026-09-08 04:13:59.510,dummy,2.571,-1.767,0.739,230.5,0.0,0.0,,,
2026-09-08 04:13:59.561,dummy,2.553,-1.788,0.738,228.7,0.0,0.0,,,
2026-09-08 04:13:59.612,dummy,2.535,-1.808,0.737,226.9,0.0,0.0,,,
2026-09-08 04:13:59.664,dummy,2.517,-1.826,0.736,224.9,0.0,0.0,,,
2026-09-08 04:13:59.715,dummy,2.498,-1.844,0.736,223.0,0.0,0.0,,,
2026-09-08 04:13:59.768,dummy,2.478,-1.862,0.735,220.8,0.0,0.0,,,
2026-09-08 04:13:59.820,dummy,2.459,-1.878,0.734,218.7,0.0,0.0,,,
2026-09-08 04:13:59.871,dummy,2.44,-1.893,0.733,216.5,0.0,0.0,,,
2026-09-08 04:13:59.923,dummy,2.419,-1.907,0.732,214.2,0.0,0.0,,,
2026-09-08 04:13:59.974,dummy,2.399,-1.92,0.732,211.8,0.0,0.0,,,
2026-09-08 04:14:00.026,dummy,2.379,-1.933,0.731,209.4,0.0,0.0,,,
2026-09-08 04:14:00.077,dummy,2.358,-1.944,0.73,206.9,0.0,0.0,,,
2026-09-08 04:14:00.128,dummy,2.337,-1.954,0.729,204.4,0.0,0.0,,,
2026-09-08 04:14:00.180,dummy,2.315,-1.963,0.729,201.9,0.0,0.0,,,
2026-09-08 04:14:00.231,dummy,2.294,-1.971,0.728,199.3,0.0,0.0,,,
2026-09-08 04:14:00.283,dummy,2.272,-1.978,0.727,196.7,0.0,0.0,,,
2026-09-08 04:14:00.334,dummy,2.249,-1.984,0.727,194.1,0.0,0.0,,,
2026-09-08 04:14:00.385,dummy,2.227,-1.99,0.726,191.5,0.0,0.0,,,
2026-09-08 04:14:00.450,dummy,2.198,-1.995,0.725,188.2,0.0,0.0,,,
2026-09-08 04:14:00.506,dummy,2.173,-1.998,0.724,185.4,0.0,0.0,,,
2026-09-08 04:14:00.557,dummy,2.15,-1.999,0.724,182.9,0.0,0.0,,,
2026-09-08 04:14:00.608,dummy,2.126,-2.0,0.723,180.5,0.0,0.0,,,
2026-09-08 04:14:00.660,dummy,2.102,-2.0,0.722,178.0,0.0,0.0,,,
2026-09-08 04:14:00.712,dummy,2.077,-1.998,0.722,175.6,0.0,0.0,,,
2026-09-08 04:14:00.763,dummy,2.052,-1.996,0.721,173.3,0.0,0.0,,,
2026-09-08 04:14:00.814,dummy,2.028,-1.993,0.72,171.1,0.0,0.0,,,
2026-09-08 04:14:00.866,dummy,2.002,-1.988,0.72,169.0,0.0,0.0,,,
2026-09-08 04:14:00.918,dummy,1.977,-1.983,0.719,166.9,0.0,0.0,,,
2026-09-08 04:14:00.971,dummy,1.95,-1.976,0.719,164.8,0.0,0.0,,,
2026-09-08 04:14:01.022,dummy,1.925,-1.968,0.718,162.9,0.0,0.0,,,
2026-09-08 04:14:01.074,dummy,1.898,-1.96,0.717,161.1,0.0,0.0,,,
2026-09-08 04:14:01.126,dummy,1.871,-1.95,0.717,159.3,0.0,0.0,,,
2026-09-08 04:14:01.178,dummy,1.844,-1.94,0.716,157.6,0.0,0.0,,,
2026-09-08 04:14:01.230,dummy,1.817,-1.928,0.716,156.0,0.0,0.0,,,
2026-09-08 04:14:01.281,dummy,1.79,-1.915,0.715,154.4,0.0,0.0,,,
2026-09-08 04:14:01.335,dummy,1.762,-1.902,0.715,153.0,0.0,0.0,,,
2026-09-08 04:14:01.387,dummy,1.734,-1.887,0.714,151.5,0.0,0.0,,,
2026-09-08 04:14:01.438,dummy,1.706,-1.871,0.714,150.2,0.0,0.0,,,
2026-09-08 04:14:01.489,dummy,1.678,-1.855,0.713,149.0,0.0,0.0,,,
2026-09-08 04:14:01.541,dummy,1.65,-1.837,0.713,147.8,0.0,0.0,,,
2026-09-08 04:14:01.592,dummy,1.622,-1.819,0.712,146.6,0.0,0.0,,,
2026-09-08 04:14:01.643,dummy,1.593,-1.8,0.712,145.5,0.0,0.0,,,
2026-09-08 04:14:01.695,dummy,1.564,-1.779,0.711,144.5,0.0,0.0,,,
2026-09-08 04:14:01.747,dummy,1.535,-1.758,0.711,143.5,0.0,0.0,,,
2026-09-08 04:14:01.799,dummy,1.505,-1.736,0.71,142.6,0.0,0.0,,,
2026-09-08 04:14:01.850,dummy,1.476,-1.713,0.71,141.7,0.0,0.0,,,
2026-09-08 04:14:01.902,dummy,1.446,-1.689,0.709,140.8,0.0,0.0,,,
2026-09-08 04:14:01.953,dummy,1.416,-1.664,0.709,140.0,0.0,0.0,,,
2026-09-08 04:14:02.005,dummy,1.386,-1.639,0.709,139.2,0.0,0.0,,,
2026-09-08 04:14:02.056,dummy,1.356,-1.613,0.708,138.5,0.0,0.0,,,
2026-09-08 04:14:02.109,dummy,1.325,-1.585,0.708,137.8,0.0,0.0,,,
2026-09-08 04:14:02.161,dummy,1.294,-1.557,0.707,137.1,0.0,0.0,,,
2026-09-08 04:14:02.212,dummy,1.263,-1.528,0.707,136.5,0.0,0.0,,,
2026-09-08 04:14:02.265,dummy,1.232,-1.498,0.707,135.9,0.0,0.0,,,
2026-09-08 04:14:02.317,dummy,1.2,-1.467,0.706,135.3,0.0,0.0,,,
2026-09-08 04:14:02.369,dummy,1.169,-1.435,0.706,134.8,0.0,0.0,,,
2026-09-08 04:14:02.420,dummy,1.137,-1.403,0.706,134.2,0.0,0.0,,,
2026-09-08 04:14:02.472,dummy,1.106,-1.371,0.705,133.8,0.0,0.0,,,
2026-09-08 04:14:02.523,dummy,1.074,-1.337,0.705,133.3,0.0,0.0,,,
2026-09-08 04:14:02.575,dummy,1.042,-1.303,0.705,132.8,0.0,0.0,,,
2026-09-08 04:14:02.627,dummy,1.01,-1.268,0.704,132.4,0.0,0.0,,,
2026-09-08 04:14:02.679,dummy,0.978,-1.233,0.704,132.0,0.0,0.0,,,
2026-09-08 04:14:02.730,dummy,0.946,-1.197,0.704,131.6,0.0,0.0,,,
2026-09-08 04:14:02.781,dummy,0.913,-1.16,0.704,131.3,0.0,0.0,,,
2026-09-08 04:14:02.833,dummy,0.881,-1.123,0.703,130.9,0.0,0.0,,,
2026-09-08 04:14:02.883,dummy,0.849,-1.086,0.703,130.6,0.0,0.0,,,
2026-09-08 04:14:02.934,dummy,0.817,-1.048,0.703,130.3,0.0,0.0,,,
2026-09-08 04:14:02.986,dummy,0.784,-1.009,0.703,130.0,0.0,0.0,,,
2026-09-08 04:14:03.037,dummy,0.751,-0.97,0.702,129.7,0.0,0.0,,,
2026-09-08 04:14:03.089,dummy,0.718,-0.93,0.702,129.4,0.0,0.0,,,
2026-09-08 04:14:03.140,dummy,0.685,-0.89,0.702,129.2,0.0,0.0,,,
2026-09-08 04:14:03.191,dummy,0.652,-0.849,0.702,129.0,0.0,0.0,,,
2026-09-08 04:14:03.243,dummy,0.619,-0.808,0.702,128.7,0.0,0.0,,,
2026-09-08 04:14:03.294,dummy,0.586,-0.766,0.701,128.5,0.0,0.0,,,
2026-09-08 04:14:03.345,dummy,0.553,-0.724,0.701,128.3,0.0,0.0,,,
2026-09-08 04:14:03.397,dummy,0.519,-0.682,0.701,128.2,0.0,0.0,,,
2026-09-08 04:14:03.449,dummy,0.486,-0.639,0.701,128.0,0.0,0.0,,,
2026-09-08 04:14:03.501,dummy,0.452,-0.595,0.701,127.8,0.0,0.0,,,
2026-09-08 04:14:03.554,dummy,0.418,-0.552,0.701,127.7,0.0,0.0,,,
2026-09-08 04:14:03.606,dummy,0.383,-0.506,0.701,127.6,0.0,0.0,,,
2026-09-08 04:14:03.658,dummy,0.349,-0.462,0.701,127.4,0.0,0.0,,,
2026-09-08 04:14:03.710,dummy,0.315,-0.417,0.7,127.3,0.0,0.0,,,
2026-09-08 04:14:03.762,dummy,0.281,-0.373,0.7,127.2,0.0,0.0,,,
2026-09-08 04:14:03.813,dummy,0.247,-0.328,0.7,127.2,0.0,0.0,,,
2026-09-08 04:14:03.864,dummy,0.213,-0.284,0.7,127.1,0.0,0.0,,,
2026-09-08 04:14:03.916,dummy,0.179,-0.238,0.7,127.0,0.0,0.0,,,
2026-09-08 04:14:03.969,dummy,0.145,-0.193,0.7,127.0,0.0,0.0,,,
2026-09-08 04:14:04.020,dummy,0.111,-0.147,0.7,126.9,0.0,0.0,,,
2026-09-08 04:14:04.072,dummy,0.076,-0.102,0.7,126.9,0.0,0.0,,,
2026-09-08 04:14:04.124,dummy,0.042,-0.056,0.7,126.9,0.0,0.0,,,
2026-09-08 04:14:04.175,dummy,0.008,-0.011,0.7,126.9,0.0,0.0,,,
2026-09-08 04:14:04.226,dummy,-0.026,0.034,0.7,126.9,0.0,0.0,,,
2026-09-08 04:14:04.278,dummy,-0.059,0.079,0.7,126.9,0.0,0.0,,,
2026-09-08 04:14:04.329,dummy,-0.093,0.125,0.7,126.9,0.0,0.0,,,
2026-09-08 04:14:04.381,dummy,-0.128,0.17,0.7,126.9,0.0,0.0,,,
2026-09-08 04:14:04.433,dummy,-0.162,0.215,0.7,127.0,0.0,0.0,,,
2026-09-08 04:14:04.484,dummy,-0.196,0.26,0.7,127.0,0.0,0.0,,,
2026-09-08 04:14:04.535,dummy,-0.229,0.305,0.7,127.1,0.0,0.0,,,
2026-09-08 04:14:04.587,dummy,-0.263,0.35,0.7,127.2,0.0,0.0,,,
2026-09-08 04:14:04.638,dummy,-0.297,0.394,0.7,127.3,0.0,0.0,,,
2026-09-08 04:14:04.690,dummy,-0.331,0.438,0.7,127.4,0.0,0.0,,,
2026-09-08 04:14:04.742,dummy,-0.365,0.483,0.701,127.5,0.0,0.0,,,
2026-09-08 04:14:04.793,dummy,-0.399,0.527,0.701,127.6,0.0,0.0,,,
2026-09-08 04:14:04.845,dummy,-0.432,0.57,0.701,127.8,0.0,0.0,,,
2026-09-08 04:14:04.898,dummy,-0.467,0.615,0.701,127.9,0.0,0.0,,,
2026-09-08 04:14:04.950,dummy,-0.501,0.658,0.701,128.1,0.0,0.0,,,
2026-09-08 04:14:05.002,dummy,-0.534,0.701,0.701,128.2,0.0,0.0,,,
2026-09-08 04:14:05.054,dummy,-0.568,0.744,0.701,128.4,0.0,0.0,,,
2026-09-08 04:14:05.106,dummy,-0.602,0.786,0.702,128.6,0.0,0.0,,,
2026-09-08 04:14:05.157,dummy,-0.635,0.827,0.702,128.8,0.0,0.0,,,
2026-09-08 04:14:05.208,dummy,-0.668,0.868,0.702,129.1,0.0,0.0,,,
2026-09-08 04:14:05.259,dummy,-0.701,0.909,0.702,129.3,0.0,0.0,,,
2026-09-08 04:14:05.311,dummy,-0.734,0.948,0.702,129.6,0.0,0.0,,,
2026-09-08 04:14:05.363,dummy,-0.767,0.989,0.703,129.8,0.0,0.0,,,
2026-09-08 04:14:05.415,dummy,-0.8,1.028,0.703,130.1,0.0,0.0,,,
2026-09-08 04:14:05.467,dummy,-0.833,1.067,0.703,130.4,0.0,0.0,,,
2026-09-08 04:14:05.519,dummy,-0.866,1.106,0.703,130.8,0.0,0.0,,,
2026-09-08 04:14:05.570,dummy,-0.899,1.143,0.703,131.1,0.0,0.0,,,
2026-09-08 04:14:05.622,dummy,-0.931,1.18,0.704,131.4,0.0,0.0,,,
2026-09-08 04:14:05.674,dummy,-0.963,1.216,0.704,131.8,0.0,0.0,,,
2026-09-08 04:14:05.727,dummy,-0.997,1.253,0.704,132.2,0.0,0.0,,,
2026-09-08 04:14:05.779,dummy,-1.029,1.288,0.705,132.6,0.0,0.0,,,
2026-09-08 04:14:05.830,dummy,-1.06,1.323,0.705,133.1,0.0,0.0,,,
2026-09-08 04:14:05.881,dummy,-1.092,1.356,0.705,133.5,0.0,0.0,,,
2026-09-08 04:14:05.933,dummy,-1.124,1.389,0.706,134.0,0.0,0.0,,,
2026-09-08 04:14:05.984,dummy,-1.155,1.421,0.706,134.5,0.0,0.0,,,
2026-09-08 04:14:06.036,dummy,-1.187,1.453,0.706,135.1,0.0,0.0,,,
2026-09-08 04:14:06.088,dummy,-1.218,1.484,0.707,135.6,0.0,0.0,,,
2026-09-08 04:14:06.139,dummy,-1.249,1.514,0.707,136.2,0.0,0.0,,,
2026-09-08 04:14:06.190,dummy,-1.279,1.543,0.707,136.8,0.0,0.0,,,
2026-09-08 04:14:06.242,dummy,-1.31,1.572,0.708,137.5,0.0,0.0,,,
2026-09-08 04:14:06.293,dummy,-1.341,1.599,0.708,138.2,0.0,0.0,,,
2026-09-08 04:14:06.345,dummy,-1.371,1.626,0.708,138.9,0.0,0.0,,,
2026-09-08 04:14:06.396,dummy,-1.401,1.652,0.709,139.6,0.0,0.0,,,
2026-09-08 04:14:06.448,dummy,-1.431,1.677,0.709,140.4,0.0,0.0,,,
2026-09-08 04:14:06.500,dummy,-1.461,1.701,0.71,141.3,0.0,0.0,,,
2026-09-08 04:14:06.552,dummy,-1.491,1.725,0.71,142.1,0.0,0.0,,,
2026-09-08 04:14:06.604,dummy,-1.521,1.748,0.711,143.1,0.0,0.0,,,
2026-09-08 04:14:06.655,dummy,-1.55,1.769,0.711,144.0,0.0,0.0,,,
2026-09-08 04:14:06.708,dummy,-1.579,1.79,0.711,145.0,0.0,0.0,,,
2026-09-08 04:14:06.759,dummy,-1.608,1.81,0.712,146.1,0.0,0.0,,,
2026-09-08 04:14:06.811,dummy,-1.637,1.829,0.712,147.2,0.0,0.0,,,
2026-09-08 04:14:06.862,dummy,-1.665,1.847,0.713,148.4,0.0,0.0,,,
2026-09-08 04:14:06.914,dummy,-1.694,1.864,0.713,149.6,0.0,0.0,,,
2026-09-08 04:14:06.965,dummy,-1.721,1.88,0.714,150.9,0.0,0.0,,,
2026-09-08 04:14:07.016,dummy,-1.749,1.895,0.714,152.3,0.0,0.0,,,
2026-09-08 04:14:07.068,dummy,-1.776,1.909,0.715,153.7,0.0,0.0,,,
2026-09-08 04:14:07.119,dummy,-1.803,1.922,0.715,155.2,0.0,0.0,,,
2026-09-08 04:14:07.171,dummy,-1.831,1.934,0.716,156.7,0.0,0.0,,,
2026-09-08 04:14:07.263,dummy,-1.878,1.953,0.717,159.7,0.0,0.0,,,
2026-09-08 04:14:07.321,dummy,-1.908,1.963,0.718,161.7,0.0,0.0,,,
2026-09-08 04:14:07.380,dummy,-1.934,1.971,0.718,163.6,0.0,0.0,,,
2026-09-08 04:14:07.431,dummy,-1.964,1.979,0.719,165.8,0.0,0.0,,,
2026-09-08 04:14:07.483,dummy,-1.989,1.985,0.719,167.9,0.0,0.0,,,
2026-09-08 04:14:07.535,dummy,-2.015,1.99,0.72,170.0,0.0,0.0,,,
2026-09-08 04:14:07.586,dummy,-2.04,1.994,0.721,172.2,0.0,0.0,,,
2026-09-08 04:14:07.639,dummy,-2.065,1.997,0.721,174.5,0.0,0.0,,,
2026-09-08 04:14:07.690,dummy,-2.089,1.999,0.722,176.8,0.0,0.0,,,
2026-09-08 04:14:07.741,dummy,-2.114,2.0,0.723,179.2,0.0,0.0,,,
2026-09-08 04:14:07.793,dummy,-2.138,2.0,0.723,181.7,0.0,0.0,,,
2026-09-08 04:14:07.845,dummy,-2.161,1.999,0.724,184.2,0.0,0.0,,,
2026-09-08 04:14:07.896,dummy,-2.185,1.996,0.725,186.7,0.0,0.0,,,
2026-09-08 04:14:07.948,dummy,-2.208,1.993,0.725,189.4,0.0,0.0,,,
2026-09-08 04:14:08.000,dummy,-2.231,1.989,0.726,192.0,0.0,0.0,,,
2026-09-08 04:14:08.051,dummy,-2.254,1.983,0.727,194.6,0.0,0.0,,,
2026-09-08 04:14:08.103,dummy,-2.276,1.977,0.727,197.2,0.0,0.0,,,
2026-09-08 04:14:08.154,dummy,-2.298,1.97,0.728,199.8,0.0,0.0,,,
2026-09-08 04:14:08.206,dummy,-2.32,1.961,0.729,202.4,0.0,0.0,,,
2026-09-08 04:14:08.257,dummy,-2.341,1.952,0.73,204.9,0.0,0.0,,,
2026-09-08 04:14:08.310,dummy,-2.363,1.941,0.73,207.5,0.0,0.0,,,
2026-09-08 04:14:08.362,dummy,-2.384,1.93,0.731,210.0,0.0,0.0,,,
2026-09-08 04:14:08.413,dummy,-2.404,1.917,0.732,212.4,0.0,0.0,,,
2026-09-08 04:14:08.465,dummy,-2.424,1.904,0.733,214.7,0.0,0.0,,,
2026-09-08 04:14:08.517,dummy,-2.444,1.889,0.733,217.0,0.0,0.0,,,
2026-09-08 04:14:08.569,dummy,-2.464,1.874,0.734,219.2,0.0,0.0,,,
2026-09-08 04:14:08.620,dummy,-2.483,1.858,0.735,221.3,0.0,0.0,,,
2026-09-08 04:14:08.671,dummy,-2.502,1.841,0.736,223.4,0.0,0.0,,,
2026-09-08 04:14:08.722,dummy,-2.521,1.823,0.737,225.4,0.0,0.0,,,
2026-09-08 04:14:08.773,dummy,-2.539,1.803,0.737,227.3,0.0,0.0,,,
2026-09-08 04:14:08.825,dummy,-2.557,1.783,0.738,229.1,0.0,0.0,,,
2026-09-08 04:14:08.876,dummy,-2.574,1.763,0.739,230.8,0.0,0.0,,,
2026-09-08 04:14:08.928,dummy,-2.592,1.741,0.74,232.5,0.0,0.0,,,
2026-09-08 04:14:08.980,dummy,-2.609,1.718,0.741,234.1,0.0,0.0,,,
2026-09-08 04:14:09.032,dummy,-2.625,1.694,0.742,235.7,0.0,0.0,,,
2026-09-08 04:14:09.084,dummy,-2.642,1.669,0.742,237.2,0.0,0.0,,,
2026-09-08 04:14:09.135,dummy,-2.658,1.644,0.743,238.6,0.0,0.0,,,
2026-09-08 04:14:09.187,dummy,-2.673,1.617,0.744,240.0,0.0,0.0,,,
2026-09-08 04:14:09.239,dummy,-2.689,1.59,0.745,241.3,0.0,0.0,,,
2026-09-08 04:14:09.290,dummy,-2.704,1.562,0.746,242.5,0.0,0.0,,,
2026-09-08 04:14:09.341,dummy,-2.718,1.534,0.747,243.7,0.0,0.0,,,
2026-09-08 04:14:09.392,dummy,-2.732,1.504,0.748,244.8,0.0,0.0,,,
2026-09-08 04:14:09.444,dummy,-2.746,1.474,0.749,245.9,0.0,0.0,,,
2026-09-08 04:14:09.496,dummy,-2.76,1.443,0.75,247.0,0.0,0.0,,,
2026-09-08 04:14:09.547,dummy,-2.773,1.411,0.751,248.0,0.0,0.0,,,
2026-09-08 04:14:09.599,dummy,-2.786,1.379,0.752,249.0,0.0,0.0,,,
2026-09-08 04:14:09.650,dummy,-2.798,1.346,0.753,249.9,0.0,0.0,,,
2026-09-08 04:14:09.701,dummy,-2.81,1.312,0.754,250.8,0.0,0.0,,,
2026-09-08 04:14:09.752,dummy,-2.822,1.278,0.754,251.7,0.0,0.0,,,
2026-09-08 04:14:09.808,dummy,-2.834,1.24,0.756,252.6,0.0,0.0,,,
2026-09-08 04:14:09.859,dummy,-2.845,1.204,0.757,253.4,0.0,0.0,,,
2026-09-08 04:14:09.911,dummy,-2.855,1.168,0.758,254.2,0.0,0.0,,,
2026-09-08 04:14:09.962,dummy,-2.866,1.13,0.759,254.9,0.0,0.0,,,
2026-09-08 04:14:10.014,dummy,-2.876,1.093,0.76,255.7,0.0,0.0,,,
2026-09-08 04:14:10.066,dummy,-2.885,1.054,0.761,256.4,0.0,0.0,,,
2026-09-08 04:14:10.118,dummy,-2.894,1.015,0.762,257.1,0.0,0.0,,,
2026-09-08 04:14:10.170,dummy,-2.903,0.975,0.763,257.8,0.0,0.0,,,
2026-09-08 04:14:10.222,dummy,-2.912,0.935,0.764,258.4,0.0,0.0,,,
2026-09-08 04:14:10.273,dummy,-2.92,0.895,0.765,259.1,0.0,0.0,,,
2026-09-08 04:14:10.325,dummy,-2.927,0.854,0.766,259.7,0.0,0.0,,,
2026-09-08 04:14:10.376,dummy,-2.935,0.813,0.767,260.3,0.0,0.0,,,
2026-09-08 04:14:10.428,dummy,-2.941,0.771,0.768,260.9,0.0,0.0,,,
2026-09-08 04:14:10.479,dummy,-2.948,0.729,0.769,261.5,0.0,0.0,,,
2026-09-08 04:14:10.531,dummy,-2.954,0.687,0.77,262.1,0.0,0.0,,,
2026-09-08 04:14:10.582,dummy,-2.96,0.644,0.771,262.6,0.0,0.0,,,
2026-09-08 04:14:10.634,dummy,-2.965,0.601,0.772,263.2,0.0,0.0,,,
2026-09-08 04:14:10.685,dummy,-2.97,0.558,0.773,263.7,0.0,0.0,,,
2026-09-08 04:14:10.737,dummy,-2.975,0.514,0.775,264.3,0.0,0.0,,,
2026-09-08 04:14:10.789,dummy,-2.979,0.47,0.776,264.8,0.0,0.0,,,
2026-09-08 04:14:10.840,dummy,-2.983,0.426,0.777,265.3,0.0,0.0,,,
2026-09-08 04:14:10.892,dummy,-2.986,0.381,0.778,265.8,0.0,0.0,,,
2026-09-08 04:14:10.943,dummy,-2.989,0.337,0.779,266.3,0.0,0.0,,,
2026-09-08 04:14:10.995,dummy,-2.992,0.292,0.78,266.8,0.0,0.0,,,
2026-09-08 04:14:11.046,dummy,-2.994,0.247,0.781,267.3,0.0,0.0,,,
2026-09-08 04:14:11.099,dummy,-2.996,0.201,0.783,267.8,0.0,0.0,,,
2026-09-08 04:14:11.150,dummy,-2.998,0.156,0.784,268.3,0.0,0.0,,,
2026-09-08 04:14:11.202,dummy,-2.999,0.111,0.785,268.8,0.0,0.0,,,
2026-09-08 04:14:11.254,dummy,-3.0,0.065,0.786,269.3,0.0,0.0,,,
2026-09-08 04:14:11.306,dummy,-3.0,0.019,0.787,269.8,0.0,0.0,,,
2026-09-08 04:14:11.358,dummy,-3.0,-0.026,0.789,270.3,0.0,0.0,,,
2026-09-08 04:14:11.409,dummy,-3.0,-0.072,0.79,270.8,0.0,0.0,,,
2026-09-08 04:14:11.461,dummy,-2.999,-0.118,0.791,271.3,0.0,0.0,,,
2026-09-08 04:14:11.513,dummy,-2.998,-0.163,0.792,271.8,0.0,0.0,,,
2026-09-08 04:14:11.564,dummy,-2.996,-0.208,0.793,272.2,0.0,0.0,,,
2026-09-08 04:14:11.616,dummy,-2.994,-0.253,0.795,272.7,0.0,0.0,,,
2026-09-08 04:14:11.668,dummy,-2.992,-0.299,0.796,273.2,0.0,0.0,,,
2026-09-08 04:14:11.720,dummy,-2.989,-0.344,0.797,273.8,0.0,0.0,,,
2026-09-08 04:14:11.771,dummy,-2.986,-0.388,0.798,274.3,0.0,0.0,,,
2026-09-08 04:14:11.823,dummy,-2.982,-0.433,0.8,274.8,0.0,0.0,,,
2026-09-08 04:14:11.875,dummy,-2.978,-0.477,0.801,275.3,0.0,0.0,,,
2026-09-08 04:14:11.926,dummy,-2.974,-0.521,0.802,275.8,0.0,0.0,,,
2026-09-08 04:14:11.978,dummy,-2.969,-0.564,0.804,276.4,0.0,0.0,,,
2026-09-08 04:14:12.030,dummy,-2.964,-0.608,0.805,276.9,0.0,0.0,,,
2026-09-08 04:14:12.081,dummy,-2.959,-0.651,0.806,277.5,0.0,0.0,,,
2026-09-08 04:14:12.133,dummy,-2.953,-0.694,0.807,278.0,0.0,0.0,,,
2026-09-08 04:14:12.184,dummy,-2.947,-0.736,0.809,278.6,0.0,0.0,,,
2026-09-08 04:14:12.236,dummy,-2.94,-0.778,0.81,279.2,0.0,0.0,,,
2026-09-08 04:14:12.288,dummy,-2.933,-0.82,0.811,279.8,0.0,0.0,,,
2026-09-08 04:14:12.339,dummy,-2.926,-0.861,0.813,280.4,0.0,0.0,,,
2026-09-08 04:14:12.390,dummy,-2.918,-0.902,0.814,281.0,0.0,0.0,,,
2026-09-08 04:14:12.442,dummy,-2.91,-0.942,0.815,281.7,0.0,0.0,,,
2026-09-08 04:14:12.493,dummy,-2.902,-0.981,0.817,282.3,0.0,0.0,,,
2026-09-08 04:14:12.545,dummy,-2.893,-1.02,0.818,283.0,0.0,0.0,,,
2026-09-08 04:14:12.597,dummy,-2.884,-1.06,0.819,283.7,0.0,0.0,,,
2026-09-08 04:14:12.648,dummy,-2.874,-1.098,0.821,284.4,0.0,0.0,,,
2026-09-08 04:14:12.701,dummy,-2.864,-1.136,0.822,285.2,0.0,0.0,,,
2026-09-08 04:14:12.753,dummy,-2.854,-1.173,0.824,285.9,0.0,0.0,,,
2026-09-08 04:14:12.804,dummy,-2.843,-1.21,0.825,286.7,0.0,0.0,,,
2026-09-08 04:14:12.855,dummy,-2.832,-1.246,0.826,287.5,0.0,0.0,,,
2026-09-08 04:14:12.907,dummy,-2.821,-1.281,0.828,288.4,0.0,0.0,,,
2026-09-08 04:14:12.959,dummy,-2.809,-1.316,0.829,289.3,0.0,0.0,,,
2026-09-08 04:14:13.010,dummy,-2.797,-1.349,0.831,290.2,0.0,0.0,,,
2026-09-08 04:14:13.062,dummy,-2.784,-1.382,0.832,291.1,0.0,0.0,,,
2026-09-08 04:14:13.114,dummy,-2.771,-1.415,0.833,292.1,0.0,0.0,,,
2026-09-08 04:14:13.165,dummy,-2.758,-1.447,0.835,293.1,0.0,0.0,,,
2026-09-08 04:14:13.216,dummy,-2.745,-1.477,0.836,294.2,0.0,0.0,,,
2026-09-08 04:14:13.268,dummy,-2.731,-1.508,0.838,295.3,0.0,0.0,,,
2026-09-08 04:14:13.320,dummy,-2.716,-1.537,0.839,296.5,0.0,0.0,,,
2026-09-08 04:14:13.372,dummy,-2.702,-1.566,0.841,297.7,0.0,0.0,,,
2026-09-08 04:14:13.423,dummy,-2.687,-1.594,0.842,298.9,0.0,0.0,,,
2026-09-08 04:14:13.475,dummy,-2.672,-1.621,0.843,300.2,0.0,0.0,,,
2026-09-08 04:14:13.526,dummy,-2.656,-1.647,0.845,301.6,0.0,0.0,,,
2026-09-08 04:14:13.578,dummy,-2.64,-1.672,0.846,303.0,0.0,0.0,,,
2026-09-08 04:14:13.629,dummy,-2.623,-1.697,0.848,304.5,0.0,0.0,,,
2026-09-08 04:14:13.681,dummy,-2.607,-1.72,0.849,306.0,0.0,0.0,,,
2026-09-08 04:14:13.735,dummy,-2.59,-1.743,0.851,307.7,0.0,0.0,,,
2026-09-08 04:14:13.787,dummy,-2.572,-1.766,0.852,309.4,0.0,0.0,,,
2026-09-08 04:14:13.838,dummy,-2.554,-1.787,0.854,311.2,0.0,0.0,,,
2026-09-08 04:14:13.890,dummy,-2.536,-1.807,0.855,313.1,0.0,0.0,,,
2026-09-08 04:14:13.942,dummy,-2.517,-1.826,0.857,315.0,0.0,0.0,,,
2026-09-08 04:14:13.994,dummy,-2.498,-1.844,0.858,317.0,0.0,0.0,,,
2026-09-08 04:14:14.046,dummy,-2.479,-1.861,0.86,319.1,0.0,0.0,,,
2026-09-08 04:14:14.098,dummy,-2.46,-1.877,0.861,321.2,0.0,0.0,,,
2026-09-08 04:14:14.151,dummy,-2.44,-1.893,0.863,323.5,0.0,0.0,,,
2026-09-08 04:14:14.245,dummy,-2.416,-1.91,0.865,326.2,0.0,0.0,,,
2026-09-08 04:14:14.296,dummy,-2.382,-1.93,0.867,330.2,0.0,0.0,,,
2026-09-08 04:14:14.348,dummy,-2.362,-1.942,0.869,332.6,0.0,0.0,,,
2026-09-08 04:14:14.400,dummy,-2.341,-1.952,0.87,335.1,0.0,0.0,,,
2026-09-08 04:14:14.451,dummy,-2.319,-1.961,0.872,337.7,0.0,0.0,,,
2026-09-08 04:14:14.503,dummy,-2.297,-1.97,0.873,340.3,0.0,0.0,,,
2026-09-08 04:14:14.554,dummy,-2.275,-1.977,0.875,342.9,0.0,0.0,,,
2026-09-08 04:14:14.606,dummy,-2.253,-1.984,0.876,345.5,0.0,0.0,,,
2026-09-08 04:14:14.657,dummy,-2.231,-1.989,0.878,348.1,0.0,0.0,,,
2026-09-08 04:14:14.709,dummy,-2.208,-1.993,0.879,350.7,0.0,0.0,,,
2026-09-08 04:14:14.760,dummy,-2.185,-1.996,0.881,353.3,0.0,0.0,,,
2026-09-08 04:14:14.811,dummy,-2.161,-1.999,0.883,355.8,0.0,0.0,,,
2026-09-08 04:14:14.862,dummy,-2.138,-2.0,0.884,358.3,0.0,0.0,,,
2026-09-08 04:14:14.914,dummy,-2.114,-2.0,0.886,0.8,0.0,0.0,,,
2026-09-08 04:14:14.965,dummy,-2.089,-1.999,0.887,3.2,0.0,0.0,,,
2026-09-08 04:14:15.017,dummy,-2.065,-1.997,0.889,5.5,0.0,0.0,,,
2026-09-08 04:14:15.069,dummy,-2.04,-1.994,0.89,7.8,0.0,0.0,,,
2026-09-08 04:14:15.121,dummy,-2.015,-1.99,0.892,10.0,0.0,0.0,,,
2026-09-08 04:14:15.173,dummy,-1.989,-1.985,0.894,12.1,0.0,0.0,,,
2026-09-08 04:14:15.224,dummy,-1.964,-1.979,0.895,14.2,0.0,0.0,,,
2026-09-08 04:14:15.276,dummy,-1.938,-1.972,0.897,16.1,0.0,0.0,,,
2026-09-08 04:14:15.327,dummy,-1.912,-1.964,0.898,18.0,0.0,0.0,,,
2026-09-08 04:14:15.378,dummy,-1.886,-1.955,0.9,19.8,0.0,0.0,,,
2026-09-08 04:14:15.430,dummy,-1.859,-1.945,0.902,21.5,0.0,0.0,,,
2026-09-08 04:14:15.481,dummy,-1.832,-1.934,0.903,23.1,0.0,0.0,,,
2026-09-08 04:14:15.532,dummy,-1.805,-1.923,0.905,24.7,0.0,0.0,,,
2026-09-08 04:14:15.584,dummy,-1.778,-1.909,0.906,26.2,0.0,0.0,,,
2026-09-08 04:14:15.637,dummy,-1.75,-1.895,0.908,27.7,0.0,0.0,,,
2026-09-08 04:14:15.688,dummy,-1.722,-1.88,0.91,29.0,0.0,0.0,,,
2026-09-08 04:14:15.739,dummy,-1.694,-1.864,0.911,30.3,0.0,0.0,,,
2026-09-08 04:14:15.791,dummy,-1.666,-1.848,0.913,31.6,0.0,0.0,,,
2026-09-08 04:14:15.842,dummy,-1.638,-1.83,0.915,32.7,0.0,0.0,,,
2026-09-08 04:14:15.894,dummy,-1.609,-1.811,0.916,33.8,0.0,0.0,,,
2026-09-08 04:14:15.947,dummy,-1.58,-1.791,0.918,34.9,0.0,0.0,,,
2026-09-08 04:14:15.999,dummy,-1.55,-1.77,0.92,36.0,0.0,0.0,,,
2026-09-08 04:14:16.050,dummy,-1.521,-1.748,0.921,36.9,0.0,0.0,,,
2026-09-08 04:14:16.103,dummy,-1.492,-1.725,0.923,37.8,0.0,0.0,,,
2026-09-08 04:14:16.154,dummy,-1.462,-1.702,0.924,38.7,0.0,0.0,,,
2026-09-08 04:14:16.206,dummy,-1.432,-1.678,0.926,39.6,0.0,0.0,,,
2026-09-08 04:14:16.257,dummy,-1.402,-1.653,0.928,40.3,0.0,0.0,,,
2026-09-08 04:14:16.308,dummy,-1.372,-1.627,0.929,41.1,0.0,0.0,,,
2026-09-08 04:14:16.360,dummy,-1.342,-1.6,0.931,41.8,0.0,0.0,,,
2026-09-08 04:14:16.412,dummy,-1.311,-1.572,0.933,42.5,0.0,0.0,,,
2026-09-08 04:14:16.464,dummy,-1.28,-1.543,0.934,43.2,0.0,0.0,,,
2026-09-08 04:14:16.516,dummy,-1.249,-1.514,0.936,43.8,0.0,0.0,,,
2026-09-08 04:14:16.568,dummy,-1.218,-1.484,0.938,44.4,0.0,0.0,,,
2026-09-08 04:14:16.619,dummy,-1.187,-1.453,0.939,44.9,0.0,0.0,,,
2026-09-08 04:14:16.671,dummy,-1.155,-1.422,0.941,45.5,0.0,0.0,,,
2026-09-08 04:14:16.724,dummy,-1.123,-1.389,0.943,46.0,0.0,0.0,,,
2026-09-08 04:14:16.776,dummy,-1.091,-1.355,0.944,46.5,0.0,0.0,,,
2026-09-08 04:14:16.827,dummy,-1.059,-1.321,0.946,46.9,0.0,0.0,,,
2026-09-08 04:14:16.882,dummy,-1.025,-1.285,0.948,47.4,0.0,0.0,,,
2026-09-08 04:14:16.935,dummy,-0.993,-1.249,0.95,47.8,0.0,0.0,,,
2026-09-08 04:14:16.988,dummy,-0.959,-1.212,0.951,48.2,0.0,0.0,,,
2026-09-08 04:14:17.040,dummy,-0.927,-1.175,0.953,48.6,0.0,0.0,,,
2026-09-08 04:14:17.091,dummy,-0.895,-1.139,0.955,49.0,0.0,0.0,,,
2026-09-08 04:14:17.142,dummy,-0.862,-1.101,0.956,49.3,0.0,0.0,,,
2026-09-08 04:14:17.194,dummy,-0.83,-1.063,0.958,49.6,0.0,0.0,,,
2026-09-08 04:14:17.245,dummy,-0.797,-1.024,0.96,49.9,0.0,0.0,,,
2026-09-08 04:14:17.297,dummy,-0.764,-0.985,0.961,50.2,0.0,0.0,,,
2026-09-08 04:14:17.349,dummy,-0.731,-0.945,0.963,50.5,0.0,0.0,,,
2026-09-08 04:14:17.403,dummy,-0.696,-0.903,0.965,50.7,0.0,0.0,,,
2026-09-08 04:14:17.455,dummy,-0.663,-0.862,0.967,51.0,0.0,0.0,,,
2026-09-08 04:14:17.506,dummy,-0.63,-0.821,0.968,51.2,0.0,0.0,,,
2026-09-08 04:14:17.558,dummy,-0.596,-0.779,0.97,51.4,0.0,0.0,,,
2026-09-08 04:14:17.610,dummy,-0.563,-0.737,0.972,51.6,0.0,0.0,,,
2026-09-08 04:14:17.661,dummy,-0.529,-0.695,0.973,51.8,0.0,0.0,,,
2026-09-08 04:14:17.713,dummy,-0.496,-0.652,0.975,52.0,0.0,0.0,,,
2026-09-08 04:14:17.764,dummy,-0.462,-0.609,0.977,52.1,0.0,0.0,,,
2026-09-08 04:14:17.816,dummy,-0.429,-0.566,0.979,52.3,0.0,0.0,,,
2026-09-08 04:14:17.868,dummy,-0.395,-0.522,0.98,52.4,0.0,0.0,,,
2026-09-08 04:14:17.921,dummy,-0.361,-0.478,0.982,52.5,0.0,0.0,,,
2026-09-08 04:14:17.973,dummy,-0.326,-0.432,0.984,52.6,0.0,0.0,,,
2026-09-08 04:14:18.024,dummy,-0.292,-0.388,0.985,52.7,0.0,0.0,,,
2026-09-08 04:14:18.077,dummy,-0.257,-0.342,0.987,52.8,0.0,0.0,,,
2026-09-08 04:14:18.129,dummy,-0.223,-0.297,0.989,52.9,0.0,0.0,,,
2026-09-08 04:14:18.180,dummy,-0.189,-0.252,0.991,53.0,0.0,0.0,,,
2026-09-08 04:14:18.232,dummy,-0.156,-0.207,0.992,53.0,0.0,0.0,,,
2026-09-08 04:14:18.284,dummy,-0.121,-0.161,0.994,53.1,0.0,0.0,,,
2026-09-08 04:14:18.336,dummy,-0.087,-0.116,0.996,53.1,0.0,0.0,,,
2026-09-08 04:14:18.388,dummy,-0.052,-0.07,0.997,53.1,0.0,0.0,,,
2026-09-08 04:14:18.440,dummy,-0.018,-0.024,0.999,53.1,0.0,0.0,,,
2026-09-08 04:14:18.492,dummy,0.016,0.021,1.001,53.1,0.0,0.0,,,
2026-09-08 04:14:18.544,dummy,0.05,0.067,1.002,53.1,0.0,0.0,,,
2026-09-08 04:14:18.595,dummy,0.084,0.112,1.004,53.1,0.0,0.0,,,
2026-09-08 04:14:18.647,dummy,0.118,0.157,1.006,53.1,0.0,0.0,,,
2026-09-08 04:14:18.698,dummy,0.152,0.202,1.008,53.0,0.0,0.0,,,
2026-09-08 04:14:18.749,dummy,0.186,0.247,1.009,53.0,0.0,0.0,,,
2026-09-08 04:14:18.801,dummy,0.22,0.292,1.011,52.9,0.0,0.0,,,
2026-09-08 04:14:18.852,dummy,0.254,0.337,1.013,52.8,0.0,0.0,,,
2026-09-08 04:14:18.904,dummy,0.287,0.382,1.014,52.7,0.0,0.0,,,
2026-09-08 04:14:18.955,dummy,0.321,0.426,1.016,52.6,0.0,0.0,,,
2026-09-08 04:14:19.007,dummy,0.355,0.47,1.018,52.5,0.0,0.0,,,
2026-09-08 04:14:19.059,dummy,0.389,0.514,1.019,52.4,0.0,0.0,,,
2026-09-08 04:14:19.110,dummy,0.423,0.558,1.021,52.3,0.0,0.0,,,
2026-09-08 04:14:19.163,dummy,0.457,0.602,1.023,52.1,0.0,0.0,,,
2026-09-08 04:14:19.214,dummy,0.491,0.645,1.025,52.0,0.0,0.0,,,
2026-09-08 04:14:19.265,dummy,0.524,0.688,1.026,51.8,0.0,0.0,,,
2026-09-08 04:14:19.316,dummy,0.557,0.73,1.028,51.6,0.0,0.0,,,
2026-09-08 04:14:19.369,dummy,0.591,0.772,1.03,51.4,0.0,0.0,,,
2026-09-08 04:14:19.421,dummy,0.625,0.815,1.031,51.2,0.0,0.0,,,
2026-09-08 04:14:19.473,dummy,0.658,0.856,1.033,51.0,0.0,0.0,,,
2026-09-08 04:14:19.525,dummy,0.691,0.897,1.035,50.8,0.0,0.0,,,
2026-09-08 04:14:19.576,dummy,0.725,0.937,1.036,50.5,0.0,0.0,,,
2026-09-08 04:14:19.628,dummy,0.758,0.977,1.038,50.2,0.0,0.0,,,
2026-09-08 04:14:19.680,dummy,0.791,1.017,1.04,50.0,0.0,0.0,,,
2026-09-08 04:14:19.732,dummy,0.824,1.056,1.042,49.7,0.0,0.0,,,
2026-09-08 04:14:19.783,dummy,0.856,1.094,1.043,49.3,0.0,0.0,,,
2026-09-08 04:14:19.836,dummy,0.889,1.132,1.045,49.0,0.0,0.0,,,
2026-09-08 04:14:19.888,dummy,0.922,1.17,1.047,48.7,0.0,0.0,,,
2026-09-08 04:14:19.940,dummy,0.955,1.207,1.048,48.3,0.0,0.0,,,
2026-09-08 04:14:19.992,dummy,0.987,1.243,1.05,47.9,0.0,0.0,,,
2026-09-08 04:14:20.043,dummy,1.019,1.278,1.052,47.5,0.0,0.0,,,
2026-09-08 04:14:20.094,dummy,1.051,1.312,1.053,47.0,0.0,0.0,,,
2026-09-08 04:14:20.160,dummy,1.091,1.355,1.056,46.5,0.0,0.0,,,
2026-09-08 04:14:20.233,dummy,1.127,1.393,1.057,45.9,0.0,0.0,,,
2026-09-08 04:14:20.285,dummy,1.168,1.434,1.06,45.3,0.0,0.0,,,
2026-09-08 04:14:20.336,dummy,1.199,1.465,1.061,44.7,0.0,0.0,,,
2026-09-08 04:14:20.387,dummy,1.23,1.496,1.063,44.1,0.0,0.0,,,
2026-09-08 04:14:20.439,dummy,1.261,1.525,1.065,43.5,0.0,0.0,,,
2026-09-08 04:14:20.492,dummy,1.292,1.554,1.066,42.9,0.0,0.0,,,
2026-09-08 04:14:20.543,dummy,1.323,1.583,1.068,42.2,0.0,0.0,,,
2026-09-08 04:14:20.595,dummy,1.354,1.611,1.07,41.5,0.0,0.0,,,
2026-09-08 04:14:20.647,dummy,1.384,1.637,1.071,40.8,0.0,0.0,,,
2026-09-08 04:14:20.699,dummy,1.414,1.663,1.073,40.0,0.0,0.0,,,
2026-09-08 04:14:20.751,dummy,1.444,1.688,1.075,39.2,0.0,0.0,,,
2026-09-08 04:14:20.802,dummy,1.474,1.712,1.076,38.4,0.0,0.0,,,
2026-09-08 04:14:20.854,dummy,1.503,1.735,1.078,37.5,0.0,0.0,,,
2026-09-08 04:14:20.906,dummy,1.533,1.757,1.08,36.5,0.0,0.0,,,
2026-09-08 04:14:20.958,dummy,1.563,1.779,1.081,35.5,0.0,0.0,,,
2026-09-08 04:14:21.010,dummy,1.592,1.799,1.083,34.5,0.0,0.0,,,
2026-09-08 04:14:21.061,dummy,1.62,1.818,1.084,33.4,0.0,0.0,,,
2026-09-08 04:14:21.112,dummy,1.649,1.837,1.086,32.3,0.0,0.0,,,
2026-09-08 04:14:21.164,dummy,1.677,1.854,1.088,31.1,0.0,0.0,,,
2026-09-08 04:14:21.215,dummy,1.705,1.871,1.089,29.8,0.0,0.0,,,
2026-09-08 04:14:21.266,dummy,1.733,1.886,1.091,28.5,0.0,0.0,,,
2026-09-08 04:14:21.318,dummy,1.761,1.901,1.093,27.1,0.0,0.0,,,
2026-09-08 04:14:21.371,dummy,1.789,1.915,1.094,25.6,0.0,0.0,,,
2026-09-08 04:14:21.423,dummy,1.816,1.927,1.096,24.1,0.0,0.0,,,
2026-09-08 04:14:21.475,dummy,1.843,1.939,1.097,22.5,0.0,0.0,,,
2026-09-08 04:14:21.527,dummy,1.87,1.95,1.099,20.8,0.0,0.0,,,
2026-09-08 04:14:21.578,dummy,1.896,1.959,1.101,19.1,0.0,0.0,,,
2026-09-08 04:14:21.629,dummy,1.922,1.968,1.102,17.2,0.0,0.0,,,
2026-09-08 04:14:21.680,dummy,1.948,1.975,1.104,15.3,0.0,0.0,,,
2026-09-08 04:14:21.732,dummy,1.974,1.982,1.105,13.3,0.0,0.0,,,
2026-09-08 04:14:21.784,dummy,2.0,1.988,1.107,11.3,0.0,0.0,,,
2026-09-08 04:14:21.835,dummy,2.025,1.992,1.109,9.1,0.0,0.0,,,
2026-09-08 04:14:21.887,dummy,2.05,1.996,1.11,6.9,0.0,0.0,,,
2026-09-08 04:14:21.939,dummy,2.075,1.998,1.112,4.6,0.0,0.0,,,
2026-09-08 04:14:21.990,dummy,2.099,2.0,1.113,2.2,0.0,0.0,,,
2026-09-08 04:14:22.041,dummy,2.123,2.0,1.115,359.8,0.0,0.0,,,
2026-09-08 04:14:22.102,dummy,2.151,1.999,1.117,356.9,0.0,0.0,,,
2026-09-08 04:14:22.153,dummy,2.175,1.997,1.118,354.4,0.0,0.0,,,
2026-09-08 04:14:22.205,dummy,2.198,1.995,1.12,351.8,0.0,0.0,,,
2026-09-08 04:14:22.257,dummy,2.221,1.991,1.121,349.2,0.0,0.0,,,
2026-09-08 04:14:22.308,dummy,2.244,1.986,1.123,346.6,0.0,0.0,,,
2026-09-08 04:14:22.360,dummy,2.266,1.98,1.125,344.0,0.0,0.0,,,
2026-09-08 04:14:22.412,dummy,2.288,1.973,1.126,341.3,0.0,0.0,,,
2026-09-08 04:14:22.464,dummy,2.311,1.965,1.128,338.7,0.0,0.0,,,
2026-09-08 04:14:22.516,dummy,2.332,1.956,1.129,336.1,0.0,0.0,,,
2026-09-08 04:14:22.567,dummy,2.354,1.946,1.131,333.6,0.0,0.0,,,
2026-09-08 04:14:22.620,dummy,2.375,1.935,1.132,331.1,0.0,0.0,,,
2026-09-08 04:14:22.672,dummy,2.396,1.923,1.134,328.6,0.0,0.0,,,
2026-09-08 04:14:22.725,dummy,2.417,1.909,1.135,326.2,0.0,0.0,,,
2026-09-08 04:14:22.777,dummy,2.437,1.895,1.137,323.9,0.0,0.0,,,
2026-09-08 04:14:22.828,dummy,2.456,1.88,1.138,321.6,0.0,0.0,,,
2026-09-08 04:14:22.880,dummy,2.476,1.864,1.14,319.5,0.0,0.0,,,
2026-09-08 04:14:22.931,dummy,2.495,1.847,1.141,317.4,0.0,0.0,,,
2026-09-08 04:14:22.983,dummy,2.514,1.829,1.143,315.4,0.0,0.0,,,
2026-09-08 04:14:23.035,dummy,2.532,1.811,1.144,313.4,0.0,0.0,,,
2026-09-08 04:14:23.087,dummy,2.55,1.791,1.146,311.6,0.0,0.0,,,
2026-09-08 04:14:23.138,dummy,2.568,1.77,1.147,309.8,0.0,0.0,,,
2026-09-08 04:14:23.190,dummy,2.585,1.749,1.149,308.1,0.0,0.0,,,
2026-09-08 04:14:23.241,dummy,2.602,1.726,1.15,306.5,0.0,0.0,,,
2026-09-08 04:14:23.293,dummy,2.619,1.703,1.152,304.9,0.0,0.0,,,
2026-09-08 04:14:23.344,dummy,2.636,1.679,1.153,303.4,0.0,0.0,,,
2026-09-08 04:14:23.396,dummy,2.652,1.653,1.155,301.9,0.0,0.0,,,
2026-09-08 04:14:23.447,dummy,2.667,1.628,1.156,300.6,0.0,0.0,,,
2026-09-08 04:14:23.498,dummy,2.683,1.601,1.158,299.3,0.0,0.0,,,
2026-09-08 04:14:23.550,dummy,2.698,1.573,1.159,298.0,0.0,0.0,,,
2026-09-08 04:14:23.601,dummy,2.712,1.545,1.161,296.8,0.0,0.0,,,
2026-09-08 04:14:23.653,dummy,2.727,1.516,1.162,295.6,0.0,0.0,,,
2026-09-08 04:14:23.706,dummy,2.741,1.485,1.163,294.5,0.0,0.0,,,
2026-09-08 04:14:23.757,dummy,2.755,1.454,1.165,293.4,0.0,0.0,,,
2026-09-08 04:14:23.809,dummy,2.768,1.423,1.166,292.4,0.0,0.0,,,
2026-09-08 04:14:23.861,dummy,2.781,1.39,1.168,291.4,0.0,0.0,,,
2026-09-08 04:14:23.913,dummy,2.794,1.357,1.169,290.4,0.0,0.0,,,
2026-09-08 04:14:23.966,dummy,2.806,1.323,1.171,289.5,0.0,0.0,,,
2026-09-08 04:14:24.018,dummy,2.818,1.288,1.172,288.6,0.0,0.0,,,
2026-09-08 04:14:24.070,dummy,2.83,1.252,1.173,287.7,0.0,0.0,,,
2026-09-08 04:14:24.123,dummy,2.841,1.216,1.175,286.9,0.0,0.0,,,
2026-09-08 04:14:24.175,dummy,2.852,1.179,1.176,286.1,0.0,0.0,,,
2026-09-08 04:14:24.234,dummy,2.864,1.138,1.178,285.2,0.0,0.0,,,
2026-09-08 04:14:24.288,dummy,2.874,1.097,1.179,284.4,0.0,0.0,,,
2026-09-08 04:14:24.340,dummy,2.884,1.059,1.181,283.7,0.0,0.0,,,
2026-09-08 04:14:24.392,dummy,2.893,1.019,1.182,283.0,0.0,0.0,,,
2026-09-08 04:14:24.444,dummy,2.902,0.98,1.183,282.3,0.0,0.0,,,
2026-09-08 04:14:24.495,dummy,2.911,0.94,1.185,281.6,0.0,0.0,,,
2026-09-08 04:14:24.547,dummy,2.919,0.899,1.186,281.0,0.0,0.0,,,
2026-09-08 04:14:24.599,dummy,2.926,0.859,1.187,280.4,0.0,0.0,,,
2026-09-08 04:14:24.651,dummy,2.934,0.817,1.189,279.7,0.0,0.0,,,
2026-09-08 04:14:24.702,dummy,2.941,0.776,1.19,279.1,0.0,0.0,,,
2026-09-08 04:14:24.754,dummy,2.947,0.733,1.191,278.6,0.0,0.0,,,
2026-09-08 04:14:24.806,dummy,2.953,0.691,1.193,278.0,0.0,0.0,,,
2026-09-08 04:14:24.857,dummy,2.959,0.648,1.194,277.4,0.0,0.0,,,
2026-09-08 04:14:24.908,dummy,2.965,0.606,1.195,276.9,0.0,0.0,,,
2026-09-08 04:14:24.960,dummy,2.97,0.562,1.196,276.3,0.0,0.0,,,
2026-09-08 04:14:25.011,dummy,2.974,0.519,1.198,275.8,0.0,0.0,,,
2026-09-08 04:14:25.063,dummy,2.978,0.475,1.199,275.3,0.0,0.0,,,
2026-09-08 04:14:25.114,dummy,2.982,0.431,1.2,274.8,0.0,0.0,,,
2026-09-08 04:14:25.166,dummy,2.986,0.386,1.202,274.2,0.0,0.0,,,
2026-09-08 04:14:25.217,dummy,2.989,0.342,1.203,273.7,0.0,0.0,,,
2026-09-08 04:14:25.269,dummy,2.992,0.297,1.204,273.2,0.0,0.0,,,
2026-09-08 04:14:25.321,dummy,2.994,0.252,1.205,272.7,0.0,0.0,,,
2026-09-08 04:14:25.373,dummy,2.996,0.207,1.207,272.2,0.0,0.0,,,
2026-09-08 04:14:25.424,dummy,2.998,0.161,1.208,271.7,0.0,0.0,,,
2026-09-08 04:14:25.477,dummy,2.999,0.115,1.209,271.2,0.0,0.0,,,
2026-09-08 04:14:25.528,dummy,3.0,0.07,1.21,270.7,0.0,0.0,,,
2026-09-08 04:14:25.580,dummy,3.0,0.024,1.211,270.3,0.0,0.0,,,
2026-09-08 04:14:25.632,dummy,3.0,-0.021,1.213,269.8,0.0,0.0,,,
2026-09-08 04:14:25.684,dummy,3.0,-0.067,1.214,269.3,0.0,0.0,,,
2026-09-08 04:14:25.735,dummy,2.999,-0.112,1.215,268.8,0.0,0.0,,,
2026-09-08 04:14:25.787,dummy,2.998,-0.158,1.216,268.3,0.0,0.0,,,
2026-09-08 04:14:25.838,dummy,2.996,-0.203,1.217,267.8,0.0,0.0,,,
2026-09-08 04:14:25.890,dummy,2.994,-0.248,1.219,267.3,0.0,0.0,,,
2026-09-08 04:14:25.941,dummy,2.992,-0.293,1.22,266.8,0.0,0.0,,,
2026-09-08 04:14:25.993,dummy,2.989,-0.337,1.221,266.3,0.0,0.0,,,
2026-09-08 04:14:26.045,dummy,2.986,-0.383,1.222,265.8,0.0,0.0,,,
2026-09-08 04:14:26.097,dummy,2.983,-0.428,1.223,265.3,0.0,0.0,,,
2026-09-08 04:14:26.150,dummy,2.979,-0.473,1.224,264.8,0.0,0.0,,,
2026-09-08 04:14:26.201,dummy,2.974,-0.516,1.226,264.2,0.0,0.0,,,
2026-09-08 04:14:26.253,dummy,2.97,-0.56,1.227,263.7,0.0,0.0,,,
2026-09-08 04:14:26.306,dummy,2.965,-0.604,1.228,263.1,0.0,0.0,,,
2026-09-08 04:14:26.358,dummy,2.959,-0.648,1.229,262.6,0.0,0.0,,,
2026-09-08 04:14:26.410,dummy,2.953,-0.691,1.23,262.0,0.0,0.0,,,
2026-09-08 04:14:26.461,dummy,2.947,-0.734,1.231,261.4,0.0,0.0,,,
2026-09-08 04:14:26.513,dummy,2.941,-0.776,1.232,260.9,0.0,0.0,,,
2026-09-08 04:14:26.565,dummy,2.934,-0.818,1.233,260.2,0.0,0.0,,,
2026-09-08 04:14:26.617,dummy,2.926,-0.859,1.234,259.6,0.0,0.0,,,
2026-09-08 04:14:26.668,dummy,2.919,-0.9,1.235,259.0,0.0,0.0,,,
2026-09-08 04:14:26.720,dummy,2.911,-0.94,1.236,258.4,0.0,0.0,,,
2026-09-08 04:14:26.772,dummy,2.902,-0.98,1.237,257.7,0.0,0.0,,,
2026-09-08 04:14:26.823,dummy,2.893,-1.02,1.239,257.0,0.0,0.0,,,
2026-09-08 04:14:26.875,dummy,2.884,-1.058,1.24,256.3,0.0,0.0,,,
2026-09-08 04:14:26.926,dummy,2.875,-1.096,1.241,255.6,0.0,0.0,,,
2026-09-08 04:14:26.977,dummy,2.865,-1.134,1.242,254.9,0.0,0.0,,,
2026-09-08 04:14:27.029,dummy,2.855,-1.171,1.243,254.1,0.0,0.0,,,
2026-09-08 04:14:27.080,dummy,2.844,-1.207,1.244,253.3,0.0,0.0,,,
2026-09-08 04:14:27.132,dummy,2.833,-1.243,1.245,252.5,0.0,0.0,,,
2026-09-08 04:14:27.184,dummy,2.821,-1.278,1.246,251.7,0.0,0.0,,,
2026-09-08 04:14:27.235,dummy,2.81,-1.313,1.247,250.8,0.0,0.0,,,
2026-09-08 04:14:27.286,dummy,2.798,-1.346,1.247,249.9,0.0,0.0,,,
2026-09-08 04:14:27.339,dummy,2.785,-1.38,1.248,248.9,0.0,0.0,,,
2026-09-08 04:14:27.390,dummy,2.772,-1.413,1.249,248.0,0.0,0.0,,,
2026-09-08 04:14:27.451,dummy,2.757,-1.45,1.251,246.8,0.0,0.0,,,
2026-09-08 04:14:27.503,dummy,2.743,-1.481,1.251,245.7,0.0,0.0,,,
2026-09-08 04:14:27.554,dummy,2.729,-1.511,1.252,244.6,0.0,0.0,,,
2026-09-08 04:14:27.605,dummy,2.715,-1.54,1.253,243.4,0.0,0.0,,,
2026-09-08 04:14:27.656,dummy,2.7,-1.569,1.254,242.2,0.0,0.0,,,
2026-09-08 04:14:27.707,dummy,2.686,-1.596,1.255,241.0,0.0,0.0,,,
2026-09-08 04:14:27.758,dummy,2.67,-1.623,1.256,239.7,0.0,0.0,,,
2026-09-08 04:14:27.809,dummy,2.655,-1.648,1.257,238.3,0.0,0.0,,,
2026-09-08 04:14:27.860,dummy,2.639,-1.673,1.258,236.9,0.0,0.0,,,
2026-09-08 04:14:27.911,dummy,2.623,-1.698,1.259,235.5,0.0,0.0,,,
2026-09-08 04:14:27.963,dummy,2.606,-1.721,1.259,233.9,0.0,0.0,,,
2026-09-08 04:14:28.015,dummy,2.589,-1.744,1.26,232.3,0.0,0.0,,,
2026-09-08 04:14:28.068,dummy,2.571,-1.767,1.261,230.5,0.0,0.0,,,
2026-09-08 04:14:28.120,dummy,2.553,-1.787,1.262,228.8,0.0,0.0,,,
2026-09-08 04:14:28.172,dummy,2.535,-1.807,1.263,226.9,0.0,0.0,,,
2026-09-08 04:14:28.223,dummy,2.517,-1.826,1.264,225.0,0.0,0.0,,,
2026-09-08 04:14:28.274,dummy,2.498,-1.844,1.264,223.0,0.0,0.0,,,
2026-09-08 04:14:28.326,dummy,2.479,-1.861,1.265,220.9,0.0,0.0,,,
2026-09-08 04:14:28.377,dummy,2.46,-1.877,1.266,218.8,0.0,0.0,,,
2026-09-08 04:14:28.429,dummy,2.44,-1.893,1.267,216.5,0.0,0.0,,,
2026-09-08 04:14:28.481,dummy,2.42,-1.907,1.268,214.3,0.0,0.0,,,
2026-09-08 04:14:28.534,dummy,2.4,-1.92,1.268,211.8,0.0,0.0,,,
2026-09-08 04:14:28.586,dummy,2.379,-1.933,1.269,209.4,0.0,0.0,,,
2026-09-08 04:14:28.638,dummy,2.358,-1.944,1.27,206.9,0.0,0.0,,,
2026-09-08 04:14:28.690,dummy,2.336,-1.954,1.271,204.4,0.0,0.0,,,
2026-09-08 04:14:28.741,dummy,2.315,-1.963,1.271,201.8,0.0,0.0,,,
2026-09-08 04:14:28.793,dummy,2.293,-1.971,1.272,199.2,0.0,0.0,,,
2026-09-08 04:14:28.845,dummy,2.271,-1.979,1.273,196.6,0.0,0.0,,,
2026-09-08 04:14:28.896,dummy,2.249,-1.985,1.273,194.0,0.0,0.0,,,
2026-09-08 04:14:28.949,dummy,2.226,-1.99,1.274,191.4,0.0,0.0,,,
2026-09-08 04:14:29.000,dummy,2.202,-1.994,1.275,188.7,0.0,0.0,,,
2026-09-08 04:14:29.052,dummy,2.179,-1.997,1.276,186.1,0.0,0.0,,,
2026-09-08 04:14:29.103,dummy,2.156,-1.999,1.276,183.6,0.0,0.0,,,
2026-09-08 04:14:29.155,dummy,2.132,-2.0,1.277,181.1,0.0,0.0,,,
2026-09-08 04:14:29.206,dummy,2.108,-2.0,1.278,178.6,0.0,0.0,,,
2026-09-08 04:14:29.258,dummy,2.084,-1.999,1.278,176.3,0.0,0.0,,,
2026-09-08 04:14:29.309,dummy,2.059,-1.997,1.279,174.0,0.0,0.0,,,
2026-09-08 04:14:29.360,dummy,2.034,-1.994,1.279,171.7,0.0,0.0,,,
2026-09-08 04:14:29.411,dummy,2.009,-1.989,1.28,169.5,0.0,0.0,,,
2026-09-08 04:14:29.463,dummy,1.984,-1.984,1.281,167.5,0.0,0.0,,,
2026-09-08 04:14:29.514,dummy,1.959,-1.978,1.281,165.4,0.0,0.0,,,
2026-09-08 04:14:29.564,dummy,1.933,-1.971,1.282,163.5,0.0,0.0,,,
2026-09-08 04:14:29.616,dummy,1.907,-1.963,1.282,161.7,0.0,0.0,,,
2026-09-08 04:14:29.667,dummy,1.881,-1.954,1.283,159.9,0.0,0.0,,,
2026-09-08 04:14:29.719,dummy,1.854,-1.944,1.284,158.2,0.0,0.0,,,
2026-09-08 04:14:29.770,dummy,1.828,-1.932,1.284,156.6,0.0,0.0,,,
2026-09-08 04:14:29.822,dummy,1.8,-1.92,1.285,155.0,0.0,0.0,,,
2026-09-08 04:14:29.873,dummy,1.773,-1.907,1.285,153.5,0.0,0.0,,,
2026-09-08 04:14:29.924,dummy,1.746,-1.893,1.286,152.1,0.0,0.0,,,
2026-09-08 04:14:29.975,dummy,1.718,-1.878,1.286,150.8,0.0,0.0,,,
2026-09-08 04:14:30.026,dummy,1.69,-1.862,1.287,149.5,0.0,0.0,,,
2026-09-08 04:14:30.078,dummy,1.662,-1.845,1.287,148.3,0.0,0.0,,,
2026-09-08 04:14:30.128,dummy,1.634,-1.827,1.288,147.1,0.0,0.0,,,
2026-09-08 04:14:30.180,dummy,1.606,-1.809,1.288,146.0,0.0,0.0,,,
2026-09-08 04:14:30.231,dummy,1.577,-1.789,1.289,145.0,0.0,0.0,,,
2026-09-08 04:14:30.282,dummy,1.548,-1.768,1.289,144.0,0.0,0.0,,,
2026-09-08 04:14:30.335,dummy,1.519,-1.746,1.289,143.0,0.0,0.0,,,
2026-09-08 04:14:30.387,dummy,1.489,-1.724,1.29,142.1,0.0,0.0,,,
2026-09-08 04:14:30.438,dummy,1.46,-1.7,1.29,141.2,0.0,0.0,,,
2026-09-08 04:14:30.489,dummy,1.43,-1.676,1.291,140.4,0.0,0.0,,,
2026-09-08 04:14:30.540,dummy,1.4,-1.651,1.291,139.6,0.0,0.0,,,
2026-09-08 04:14:30.608,dummy,1.361,-1.617,1.292,138.6,0.0,0.0,,,
2026-09-08 04:14:30.659,dummy,1.33,-1.59,1.292,137.9,0.0,0.0,,,
2026-09-08 04:14:30.711,dummy,1.3,-1.562,1.293,137.3,0.0,0.0,,,
2026-09-08 04:14:30.762,dummy,1.269,-1.533,1.293,136.6,0.0,0.0,,,
2026-09-08 04:14:30.813,dummy,1.238,-1.504,1.293,136.0,0.0,0.0,,,
2026-09-08 04:14:30.864,dummy,1.208,-1.474,1.294,135.4,0.0,0.0,,,
2026-09-08 04:14:30.916,dummy,1.176,-1.443,1.294,134.9,0.0,0.0,,,
2026-09-08 04:14:30.968,dummy,1.145,-1.411,1.294,134.4,0.0,0.0,,,
2026-09-08 04:14:31.019,dummy,1.114,-1.379,1.295,133.9,0.0,0.0,,,
2026-09-08 04:14:31.070,dummy,1.082,-1.346,1.295,133.4,0.0,0.0,,,
2026-09-08 04:14:31.121,dummy,1.05,-1.312,1.295,132.9,0.0,0.0,,,
2026-09-08 04:14:31.172,dummy,1.019,-1.278,1.296,132.5,0.0,0.0,,,
2026-09-08 04:14:31.223,dummy,0.987,-1.243,1.296,132.1,0.0,0.0,,,
2026-09-08 04:14:31.275,dummy,0.955,-1.207,1.296,131.7,0.0,0.0,,,
2026-09-08 04:14:31.326,dummy,0.923,-1.171,1.296,131.4,0.0,0.0,,,
2026-09-08 04:14:31.378,dummy,0.89,-1.134,1.297,131.0,0.0,0.0,,,
2026-09-08 04:14:31.429,dummy,0.858,-1.096,1.297,130.7,0.0,0.0,,,
2026-09-08 04:14:31.481,dummy,0.825,-1.058,1.297,130.4,0.0,0.0,,,
2026-09-08 04:14:31.532,dummy,0.793,-1.019,1.297,130.1,0.0,0.0,,,
2026-09-08 04:14:31.584,dummy,0.76,-0.98,1.298,129.8,0.0,0.0,,,
2026-09-08 04:14:31.635,dummy,0.727,-0.94,1.298,129.5,0.0,0.0,,,
2026-09-08 04:14:31.687,dummy,0.694,-0.9,1.298,129.3,0.0,0.0,,,
2026-09-08 04:14:31.738,dummy,0.661,-0.859,1.298,129.0,0.0,0.0,,,
2026-09-08 04:14:31.791,dummy,0.627,-0.817,1.298,128.8,0.0,0.0,,,
2026-09-08 04:14:31.842,dummy,0.594,-0.776,1.299,128.6,0.0,0.0,,,
2026-09-08 04:14:31.894,dummy,0.56,-0.734,1.299,128.4,0.0,0.0,,,
2026-09-08 04:14:31.946,dummy,0.526,-0.691,1.299,128.2,0.0,0.0,,,
2026-09-08 04:14:31.998,dummy,0.493,-0.648,1.299,128.0,0.0,0.0,,,
2026-09-08 04:14:32.050,dummy,0.459,-0.605,1.299,127.9,0.0,0.0,,,
2026-09-08 04:14:32.113,dummy,0.418,-0.551,1.299,127.7,0.0,0.0,,,
2026-09-08 04:14:32.165,dummy,0.384,-0.507,1.299,127.6,0.0,0.0,,,
2026-09-08 04:14:32.217,dummy,0.35,-0.463,1.299,127.4,0.0,0.0,,,
2026-09-08 04:14:32.268,dummy,0.316,-0.419,1.3,127.3,0.0,0.0,,,
2026-09-08 04:14:32.322,dummy,0.281,-0.373,1.3,127.2,0.0,0.0,,,
2026-09-08 04:14:32.373,dummy,0.247,-0.328,1.3,127.2,0.0,0.0,,,
2026-09-08 04:14:32.425,dummy,0.213,-0.283,1.3,127.1,0.0,0.0,,,
2026-09-08 04:14:32.476,dummy,0.179,-0.238,1.3,127.0,0.0,0.0,,,
2026-09-08 04:14:32.528,dummy,0.145,-0.193,1.3,127.0,0.0,0.0,,,
2026-09-08 04:14:32.579,dummy,0.111,-0.148,1.3,126.9,0.0,0.0,,,
2026-09-08 04:14:32.631,dummy,0.077,-0.103,1.3,126.9,0.0,0.0,,,
2026-09-08 04:14:32.683,dummy,0.043,-0.057,1.3,126.9,0.0,0.0,,,
2026-09-08 04:14:32.735,dummy,0.009,-0.012,1.3,126.9,0.0,0.0,,,
2026-09-08 04:14:32.786,dummy,-0.025,0.034,1.3,126.9,0.0,0.0,,,
2026-09-08 04:14:32.838,dummy,-0.059,0.079,1.3,126.9,0.0,0.0,,,
2026-09-08 04:14:32.890,dummy,-0.094,0.125,1.3,126.9,0.0,0.0,,,
2026-09-08 04:14:32.941,dummy,-0.128,0.17,1.3,126.9,0.0,0.0,,,
2026-09-08 04:14:32.993,dummy,-0.162,0.215,1.3,127.0,0.0,0.0,,,
2026-09-08 04:14:33.045,dummy,-0.196,0.261,1.3,127.0,0.0,0.0,,,
2026-09-08 04:14:33.096,dummy,-0.23,0.305,1.3,127.1,0.0,0.0,,,
2026-09-08 04:14:33.148,dummy,-0.264,0.351,1.3,127.2,0.0,0.0,,,
2026-09-08 04:14:33.200,dummy,-0.298,0.396,1.3,127.3,0.0,0.0,,,
2026-09-08 04:14:33.252,dummy,-0.332,0.44,1.3,127.4,0.0,0.0,,,
2026-09-08 04:14:33.304,dummy,-0.366,0.485,1.299,127.5,0.0,0.0,,,
2026-09-08 04:14:33.356,dummy,-0.4,0.529,1.299,127.6,0.0,0.0,,,
2026-09-08 04:14:33.407,dummy,-0.434,0.572,1.299,127.8,0.0,0.0,,,
2026-09-08 04:14:33.459,dummy,-0.467,0.616,1.299,127.9,0.0,0.0,,,
2026-09-08 04:14:33.510,dummy,-0.501,0.659,1.299,128.1,0.0,0.0,,,
2026-09-08 04:14:33.562,dummy,-0.535,0.701,1.299,128.2,0.0,0.0,,,
2026-09-08 04:14:33.614,dummy,-0.568,0.744,1.299,128.4,0.0,0.0,,,
2026-09-08 04:14:33.665,dummy,-0.602,0.786,1.298,128.6,0.0,0.0,,,
2026-09-08 04:14:33.717,dummy,-0.635,0.828,1.298,128.8,0.0,0.0,,,
2026-09-08 04:14:33.769,dummy,-0.668,0.869,1.298,129.1,0.0,0.0,,,
2026-09-08 04:14:33.821,dummy,-0.702,0.91,1.298,129.3,0.0,0.0,,,
2026-09-08 04:14:33.872,dummy,-0.735,0.95,1.298,129.6,0.0,0.0,,,
2026-09-08 04:14:33.924,dummy,-0.768,0.99,1.297,129.8,0.0,0.0,,,
2026-09-08 04:14:33.976,dummy,-0.801,1.029,1.297,130.1,0.0,0.0,,,
2026-09-08 04:14:34.027,dummy,-0.833,1.067,1.297,130.4,0.0,0.0,,,
2026-09-08 04:14:34.079,dummy,-0.866,1.106,1.297,130.8,0.0,0.0,,,
2026-09-08 04:14:34.130,dummy,-0.899,1.143,1.297,131.1,0.0,0.0,,,
2026-09-08 04:14:34.182,dummy,-0.931,1.18,1.296,131.4,0.0,0.0,,,
2026-09-08 04:14:34.233,dummy,-0.963,1.216,1.296,131.8,0.0,0.0,,,
2026-09-08 04:14:34.285,dummy,-0.995,1.252,1.296,132.2,0.0,0.0,,,
2026-09-08 04:14:34.336,dummy,-1.027,1.287,1.295,132.6,0.0,0.0,,,
2026-09-08 04:14:34.387,dummy,-1.059,1.321,1.295,133.1,0.0,0.0,,,
2026-09-08 04:14:34.440,dummy,-1.091,1.355,1.295,133.5,0.0,0.0,,,
2026-09-08 04:14:34.491,dummy,-1.123,1.388,1.294,134.0,0.0,0.0,,,
2026-09-08 04:14:34.542,dummy,-1.154,1.42,1.294,134.5,0.0,0.0,,,
2026-09-08 04:14:34.594,dummy,-1.185,1.452,1.294,135.1,0.0,0.0,,,
2026-09-08 04:14:34.645,dummy,-1.217,1.483,1.293,135.6,0.0,0.0,,,
2026-09-08 04:14:34.697,dummy,-1.247,1.513,1.293,136.2,0.0,0.0,,,
2026-09-08 04:14:34.749,dummy,-1.278,1.542,1.293,136.8,0.0,0.0,,,
2026-09-08 04:14:34.800,dummy,-1.309,1.57,1.292,137.5,0.0,0.0,,,
2026-09-08 04:14:34.851,dummy,-1.339,1.598,1.292,138.1,0.0,0.0,,,
2026-09-08 04:14:34.903,dummy,-1.37,1.625,1.292,138.9,0.0,0.0,,,
2026-09-08 04:14:34.955,dummy,-1.4,1.651,1.291,139.6,0.0,0.0,,,
2026-09-08 04:14:35.006,dummy,-1.43,1.676,1.291,140.4,0.0,0.0,,,
2026-09-08 04:14:35.058,dummy,-1.46,1.701,1.29,141.2,0.0,0.0,,,
2026-09-08 04:14:35.110,dummy,-1.49,1.724,1.29,142.1,0.0,0.0,,,
2026-09-08 04:14:35.162,dummy,-1.519,1.747,1.289,143.0,0.0,0.0,,,
2026-09-08 04:14:35.213,dummy,-1.549,1.768,1.289,144.0,0.0,0.0,,,
2026-09-08 04:14:35.264,dummy,-1.578,1.789,1.289,145.0,0.0,0.0,,,
2026-09-08 04:14:35.316,dummy,-1.606,1.809,1.288,146.0,0.0,0.0,,,
2026-09-08 04:14:35.367,dummy,-1.635,1.828,1.288,147.2,0.0,0.0,,,
2026-09-08 04:14:35.420,dummy,-1.664,1.846,1.287,148.3,0.0,0.0,,,
2026-09-08 04:14:35.472,dummy,-1.692,1.863,1.287,149.6,0.0,0.0,,,
2026-09-08 04:14:35.524,dummy,-1.721,1.879,1.286,150.9,0.0,0.0,,,
2026-09-08 04:14:35.576,dummy,-1.748,1.894,1.286,152.3,0.0,0.0,,,
2026-09-08 04:14:35.628,dummy,-1.776,1.909,1.285,153.7,0.0,0.0,,,
2026-09-08 04:14:35.680,dummy,-1.804,1.922,1.285,155.2,0.0,0.0,,,
2026-09-08 04:14:35.732,dummy,-1.831,1.934,1.284,156.8,0.0,0.0,,,
2026-09-08 04:14:35.783,dummy,-1.858,1.945,1.283,158.4,0.0,0.0,,,
2026-09-08 04:14:35.835,dummy,-1.884,1.955,1.283,160.1,0.0,0.0,,,
2026-09-08 04:14:35.886,dummy,-1.911,1.964,1.282,161.9,0.0,0.0,,,
2026-09-08 04:14:35.938,dummy,-1.937,1.972,1.282,163.8,0.0,0.0,,,
2026-09-08 04:14:35.989,dummy,-1.963,1.979,1.281,165.8,0.0,0.0,,,
2026-09-08 04:14:36.041,dummy,-1.989,1.985,1.281,167.8,0.0,0.0,,,
2026-09-08 04:14:36.093,dummy,-2.014,1.99,1.28,169.9,0.0,0.0,,,
2026-09-08 04:14:36.145,dummy,-2.039,1.994,1.279,172.1,0.0,0.0,,,
2026-09-08 04:14:36.196,dummy,-2.064,1.997,1.279,174.4,0.0,0.0,,,
2026-09-08 04:14:36.248,dummy,-2.088,1.999,1.278,176.7,0.0,0.0,,,
2026-09-08 04:14:36.299,dummy,-2.113,2.0,1.277,179.1,0.0,0.0,,,
2026-09-08 04:14:36.351,dummy,-2.137,2.0,1.277,181.6,0.0,0.0,,,
2026-09-08 04:14:36.402,dummy,-2.16,1.999,1.276,184.1,0.0,0.0,,,
2026-09-08 04:14:36.453,dummy,-2.184,1.996,1.275,186.6,0.0,0.0,,,
2026-09-08 04:14:36.507,dummy,-2.208,1.993,1.275,189.3,0.0,0.0,,,
2026-09-08 04:14:36.558,dummy,-2.23,1.989,1.274,191.9,0.0,0.0,,,
2026-09-08 04:14:36.609,dummy,-2.253,1.984,1.273,194.5,0.0,0.0,,,
2026-09-08 04:14:36.661,dummy,-2.275,1.977,1.273,197.1,0.0,0.0,,,
2026-09-08 04:14:36.712,dummy,-2.297,1.97,1.272,199.7,0.0,0.0,,,
2026-09-08 04:14:36.763,dummy,-2.319,1.962,1.271,202.3,0.0,0.0,,,
2026-09-08 04:14:36.815,dummy,-2.34,1.952,1.27,204.8,0.0,0.0,,,
2026-09-08 04:14:36.867,dummy,-2.362,1.942,1.27,207.4,0.0,0.0,,,
2026-09-08 04:14:36.918,dummy,-2.382,1.931,1.269,209.8,0.0,0.0,,,
2026-09-08 04:14:36.970,dummy,-2.403,1.918,1.268,212.2,0.0,0.0,,,
2026-09-08 04:14:37.021,dummy,-2.423,1.905,1.267,214.6,0.0,0.0,,,
2026-09-08 04:14:37.073,dummy,-2.443,1.891,1.267,216.8,0.0,0.0,,,
2026-09-08 04:14:37.124,dummy,-2.463,1.875,1.266,219.1,0.0,0.0,,,
2026-09-08 04:14:37.175,dummy,-2.482,1.859,1.265,221.2,0.0,0.0,,,
2026-09-08 04:14:37.227,dummy,-2.5,1.842,1.264,223.2,0.0,0.0,,,
2026-09-08 04:14:37.278,dummy,-2.519,1.824,1.264,225.2,0.0,0.0,,,
2026-09-08 04:14:37.331,dummy,-2.538,1.805,1.263,227.1,0.0,0.0,,,
2026-09-08 04:14:37.382,dummy,-2.556,1.784,1.262,229.0,0.0,0.0,,,
2026-09-08 04:14:37.434,dummy,-2.573,1.764,1.261,230.7,0.0,0.0,,,
2026-09-08 04:14:37.485,dummy,-2.591,1.742,1.26,232.4,0.0,0.0,,,
2026-09-08 04:14:37.537,dummy,-2.608,1.719,1.259,234.0,0.0,0.0,,,
2026-09-08 04:14:37.589,dummy,-2.625,1.695,1.258,235.6,0.0,0.0,,,
2026-09-08 04:14:37.640,dummy,-2.641,1.671,1.258,237.1,0.0,0.0,,,
2026-09-08 04:14:37.692,dummy,-2.657,1.645,1.257,238.5,0.0,0.0,,,
2026-09-08 04:14:37.743,dummy,-2.672,1.619,1.256,239.9,0.0,0.0,,,
2026-09-08 04:14:37.795,dummy,-2.688,1.592,1.255,241.2,0.0,0.0,,,
2026-09-08 04:14:37.845,dummy,-2.702,1.565,1.254,242.4,0.0,0.0,,,
2026-09-08 04:14:37.896,dummy,-2.717,1.536,1.253,243.6,0.0,0.0,,,
2026-09-08 04:14:37.947,dummy,-2.731,1.507,1.252,244.7,0.0,0.0,,,
2026-09-08 04:14:37.999,dummy,-2.745,1.477,1.251,245.8,0.0,0.0,,,
2026-09-08 04:14:38.050,dummy,-2.758,1.446,1.25,246.9,0.0,0.0,,,
2026-09-08 04:14:38.101,dummy,-2.771,1.415,1.249,247.9,0.0,0.0,,,
2026-09-08 04:14:38.152,dummy,-2.784,1.383,1.249,248.8,0.0,0.0,,,
2026-09-08 04:14:38.203,dummy,-2.796,1.35,1.248,249.8,0.0,0.0,,,
2026-09-08 04:14:38.254,dummy,-2.808,1.317,1.247,250.7,0.0,0.0,,,
2026-09-08 04:14:38.305,dummy,-2.82,1.283,1.246,251.6,0.0,0.0,,,
2026-09-08 04:14:38.357,dummy,-2.832,1.247,1.245,252.4,0.0,0.0,,,
2026-09-08 04:14:38.408,dummy,-2.842,1.212,1.244,253.2,0.0,0.0,,,
2026-09-08 04:14:38.475,dummy,-2.855,1.169,1.243,254.2,0.0,0.0,,,
2026-09-08 04:14:38.540,dummy,-2.869,1.117,1.241,255.2,0.0,0.0,,,
2026-09-08 04:14:38.591,dummy,-2.879,1.08,1.24,255.9,0.0,0.0,,,
2026-09-08 04:14:38.642,dummy,-2.888,1.042,1.239,256.6,0.0,0.0,,,
2026-09-08 04:14:38.694,dummy,-2.897,1.003,1.238,257.3,0.0,0.0,,,
2026-09-08 04:14:38.745,dummy,-2.906,0.964,1.237,258.0,0.0,0.0,,,
2026-09-08 04:14:38.796,dummy,-2.914,0.924,1.236,258.6,0.0,0.0,,,
2026-09-08 04:14:38.847,dummy,-2.922,0.884,1.235,259.3,0.0,0.0,,,
2026-09-08 04:14:38.899,dummy,-2.929,0.843,1.234,259.9,0.0,0.0,,,
2026-09-08 04:14:38.950,dummy,-2.936,0.802,1.233,260.5,0.0,0.0,,,
2026-09-08 04:14:39.001,dummy,-2.943,0.761,1.232,261.1,0.0,0.0,,,
2026-09-08 04:14:39.052,dummy,-2.949,0.719,1.231,261.6,0.0,0.0,,,
2026-09-08 04:14:39.107,dummy,-2.956,0.673,1.23,262.3,0.0,0.0,,,
2026-09-08 04:14:39.158,dummy,-2.961,0.631,1.228,262.8,0.0,0.0,,,
2026-09-08 04:14:39.209,dummy,-2.967,0.588,1.227,263.3,0.0,0.0,,,
2026-09-08 04:14:39.261,dummy,-2.972,0.544,1.226,263.9,0.0,0.0,,,
2026-09-08 04:14:39.312,dummy,-2.976,0.501,1.225,264.4,0.0,0.0,,,
2026-09-08 04:14:39.363,dummy,-2.98,0.457,1.224,264.9,0.0,0.0,,,
2026-09-08 04:14:39.415,dummy,-2.984,0.413,1.223,265.5,0.0,0.0,,,
2026-09-08 04:14:39.466,dummy,-2.987,0.369,1.222,266.0,0.0,0.0,,,
2026-09-08 04:14:39.518,dummy,-2.99,0.324,1.221,266.5,0.0,0.0,,,
2026-09-08 04:14:39.572,dummy,-2.993,0.278,1.219,267.0,0.0,0.0,,,
2026-09-08 04:14:39.623,dummy,-2.995,0.232,1.218,267.5,0.0,0.0,,,
2026-09-08 04:14:39.674,dummy,-2.997,0.187,1.217,268.0,0.0,0.0,,,
2026-09-08 04:14:39.725,dummy,-2.998,0.142,1.216,268.5,0.0,0.0,,,
2026-09-08 04:14:39.777,dummy,-2.999,0.097,1.215,269.0,0.0,0.0,,,
2026-09-08 04:14:39.828,dummy,-3.0,0.052,1.214,269.4,0.0,0.0,,,
2026-09-08 04:14:39.879,dummy,-3.0,0.007,1.212,269.9,0.0,0.0,,,
2026-09-08 04:14:39.930,dummy,-3.0,-0.038,1.211,270.4,0.0,0.0,,,
2026-09-08 04:14:39.981,dummy,-2.999,-0.083,1.21,270.9,0.0,0.0,,,
2026-09-08 04:14:40.032,dummy,-2.998,-0.127,1.209,271.4,0.0,0.0,,,
2026-09-08 04:14:40.084,dummy,-2.997,-0.173,1.207,271.9,0.0,0.0,,,
2026-09-08 04:14:40.135,dummy,-2.996,-0.218,1.206,272.4,0.0,0.0,,,
2026-09-08 04:14:40.187,dummy,-2.994,-0.262,1.205,272.8,0.0,0.0,,,
2026-09-08 04:14:40.238,dummy,-2.991,-0.307,1.204,273.3,0.0,0.0,,,
2026-09-08 04:14:40.289,dummy,-2.988,-0.352,1.203,273.8,0.0,0.0,,,
2026-09-08 04:14:40.340,dummy,-2.985,-0.396,1.201,274.4,0.0,0.0,,,
2026-09-08 04:14:40.392,dummy,-2.982,-0.44,1.2,274.9,0.0,0.0,,,
2026-09-08 04:14:40.443,dummy,-2.978,-0.484,1.199,275.4,0.0,0.0,,,
2026-09-08 04:14:40.495,dummy,-2.973,-0.528,1.197,275.9,0.0,0.0,,,
2026-09-08 04:14:40.546,dummy,-2.969,-0.572,1.196,276.4,0.0,0.0,,,
2026-09-08 04:14:40.598,dummy,-2.963,-0.615,1.195,277.0,0.0,0.0,,,
2026-09-08 04:14:40.649,dummy,-2.958,-0.658,1.194,277.5,0.0,0.0,,,
2026-09-08 04:14:40.700,dummy,-2.952,-0.7,1.192,278.1,0.0,0.0,,,
2026-09-08 04:14:40.752,dummy,-2.946,-0.742,1.191,278.7,0.0,0.0,,,
2026-09-08 04:14:40.803,dummy,-2.939,-0.784,1.19,279.3,0.0,0.0,,,
2026-09-08 04:14:40.854,dummy,-2.932,-0.825,1.188,279.9,0.0,0.0,,,
2026-09-08 04:14:40.906,dummy,-2.925,-0.866,1.187,280.5,0.0,0.0,,,
2026-09-08 04:14:40.957,dummy,-2.917,-0.907,1.186,281.1,0.0,0.0,,,
2026-09-08 04:14:41.009,dummy,-2.909,-0.948,1.184,281.8,0.0,0.0,,,
2026-09-08 04:14:41.060,dummy,-2.901,-0.987,1.183,282.4,0.0,0.0,,,
2026-09-08 04:14:41.113,dummy,-2.892,-1.027,1.182,283.1,0.0,0.0,,,
2026-09-08 04:14:41.164,dummy,-2.882,-1.065,1.18,283.8,0.0,0.0,,,
2026-09-08 04:14:41.215,dummy,-2.873,-1.103,1.179,284.5,0.0,0.0,,,
2026-09-08 04:14:41.266,dummy,-2.863,-1.14,1.178,285.3,0.0,0.0,,,
2026-09-08 04:14:41.317,dummy,-2.853,-1.177,1.176,286.0,0.0,0.0,,,
2026-09-08 04:14:41.369,dummy,-2.842,-1.213,1.175,286.8,0.0,0.0,,,
2026-09-08 04:14:41.422,dummy,-2.831,-1.25,1.173,287.6,0.0,0.0,,,
2026-09-08 04:14:41.473,dummy,-2.819,-1.285,1.172,288.5,0.0,0.0,,,
2026-09-08 04:14:41.524,dummy,-2.808,-1.319,1.171,289.4,0.0,0.0,,,
2026-09-08 04:14:41.575,dummy,-2.795,-1.353,1.169,290.3,0.0,0.0,,,
2026-09-08 04:14:41.626,dummy,-2.783,-1.385,1.168,291.2,0.0,0.0,,,
2026-09-08 04:14:41.678,dummy,-2.77,-1.417,1.167,292.2,0.0,0.0,,,
2026-09-08 04:14:41.729,dummy,-2.757,-1.449,1.165,293.2,0.0,0.0,,,
2026-09-08 04:14:41.781,dummy,-2.744,-1.48,1.164,294.3,0.0,0.0,,,
2026-09-08 04:14:41.832,dummy,-2.73,-1.51,1.162,295.4,0.0,0.0,,,
2026-09-08 04:14:41.883,dummy,-2.715,-1.539,1.161,296.5,0.0,0.0,,,
2026-09-08 04:14:41.936,dummy,-2.701,-1.568,1.159,297.8,0.0,0.0,,,
2026-09-08 04:14:41.987,dummy,-2.686,-1.596,1.158,299.0,0.0,0.0,,,
2026-09-08 04:14:42.039,dummy,-2.67,-1.623,1.157,300.3,0.0,0.0,,,
2026-09-08 04:14:42.092,dummy,-2.654,-1.65,1.155,301.7,0.0,0.0,,,
2026-09-08 04:14:42.144,dummy,-2.638,-1.675,1.154,303.2,0.0,0.0,,,
2026-09-08 04:14:42.195,dummy,-2.622,-1.699,1.152,304.7,0.0,0.0,,,
2026-09-08 04:14:42.246,dummy,-2.605,-1.723,1.151,306.2,0.0,0.0,,,
2026-09-08 04:14:42.297,dummy,-2.588,-1.745,1.149,307.8,0.0,0.0,,,
2026-09-08 04:14:42.349,dummy,-2.571,-1.767,1.148,309.5,0.0,0.0,,,
2026-09-08 04:14:42.400,dummy,-2.553,-1.787,1.146,311.3,0.0,0.0,,,
2026-09-08 04:14:42.451,dummy,-2.535,-1.807,1.145,313.1,0.0,0.0,,,
2026-09-08 04:14:42.502,dummy,-2.517,-1.826,1.143,315.0,0.0,0.0,,,
2026-09-08 04:14:42.554,dummy,-2.498,-1.844,1.142,317.0,0.0,0.0,,,
2026-09-08 04:14:42.605,dummy,-2.48,-1.861,1.14,319.1,0.0,0.0,,,
2026-09-08 04:14:42.656,dummy,-2.46,-1.877,1.139,321.2,0.0,0.0,,,
2026-09-08 04:14:42.708,dummy,-2.441,-1.892,1.137,323.4,0.0,0.0,,,
2026-09-08 04:14:42.759,dummy,-2.421,-1.906,1.136,325.7,0.0,0.0,,,
2026-09-08 04:14:42.810,dummy,-2.401,-1.919,1.134,328.0,0.0,0.0,,,
2026-09-08 04:14:42.861,dummy,-2.381,-1.932,1.133,330.4,0.0,0.0,,,
2026-09-08 04:14:42.921,dummy,-2.356,-1.945,1.131,333.3,0.0,0.0,,,
2026-09-08 04:14:42.973,dummy,-2.335,-1.955,1.129,335.8,0.0,0.0,,,
2026-09-08 04:14:43.024,dummy,-2.314,-1.964,1.128,338.3,0.0,0.0,,,
2026-09-08 04:14:43.075,dummy,-2.292,-1.972,1.126,340.9,0.0,0.0,,,
2026-09-08 04:14:43.127,dummy,-2.27,-1.979,1.125,343.6,0.0,0.0,,,
2026-09-08 04:14:43.179,dummy,-2.247,-1.985,1.123,346.2,0.0,0.0,,,
2026-09-08 04:14:43.231,dummy,-2.224,-1.99,1.122,348.8,0.0,0.0,,,
2026-09-08 04:14:43.283,dummy,-2.201,-1.994,1.12,351.4,0.0,0.0,,,
2026-09-08 04:14:43.337,dummy,-2.177,-1.997,1.118,354.1,0.0,0.0,,,
2026-09-08 04:14:43.389,dummy,-2.153,-1.999,1.117,356.7,0.0,0.0,,,
2026-09-08 04:14:43.440,dummy,-2.129,-2.0,1.115,359.2,0.0,0.0,,,
2026-09-08 04:14:43.492,dummy,-2.105,-2.0,1.114,1.6,0.0,0.0,,,
2026-09-08 04:14:43.544,dummy,-2.081,-1.999,1.112,4.0,0.0,0.0,,,
2026-09-08 04:14:43.595,dummy,-2.056,-1.996,1.111,6.3,0.0,0.0,,,
2026-09-08 04:14:43.647,dummy,-2.031,-1.993,1.109,8.6,0.0,0.0,,,
2026-09-08 04:14:43.698,dummy,-2.006,-1.989,1.107,10.7,0.0,0.0,,,
2026-09-08 04:14:43.750,dummy,-1.981,-1.983,1.106,12.8,0.0,0.0,,,
2026-09-08 04:14:43.802,dummy,-1.955,-1.977,1.104,14.9,0.0,0.0,,,
2026-09-08 04:14:43.853,dummy,-1.929,-1.97,1.103,16.8,0.0,0.0,,,
2026-09-08 04:14:43.905,dummy,-1.903,-1.961,1.101,18.6,0.0,0.0,,,
2026-09-08 04:14:43.957,dummy,-1.876,-1.952,1.099,20.4,0.0,0.0,,,
2026-09-08 04:14:44.008,dummy,-1.85,-1.942,1.098,22.1,0.0,0.0,,,
2026-09-08 04:14:44.059,dummy,-1.823,-1.93,1.096,23.7,0.0,0.0,,,
2026-09-08 04:14:44.111,dummy,-1.796,-1.918,1.095,25.3,0.0,0.0,,,
2026-09-08 04:14:44.162,dummy,-1.768,-1.905,1.093,26.7,0.0,0.0,,,
2026-09-08 04:14:44.214,dummy,-1.741,-1.89,1.091,28.1,0.0,0.0,,,
2026-09-08 04:14:44.265,dummy,-1.713,-1.875,1.09,29.5,0.0,0.0,,,
2026-09-08 04:14:44.317,dummy,-1.685,-1.859,1.088,30.7,0.0,0.0,,,
2026-09-08 04:14:44.369,dummy,-1.657,-1.841,1.086,32.0,0.0,0.0,,,
2026-09-08 04:14:44.420,dummy,-1.628,-1.823,1.085,33.1,0.0,0.0,,,
2026-09-08 04:14:44.472,dummy,-1.599,-1.804,1.083,34.2,0.0,0.0,,,
2026-09-08 04:14:44.523,dummy,-1.57,-1.784,1.082,35.3,0.0,0.0,,,
2026-09-08 04:14:44.575,dummy,-1.541,-1.763,1.08,36.3,0.0,0.0,,,
2026-09-08 04:14:44.627,dummy,-1.512,-1.741,1.078,37.2,0.0,0.0,,,
2026-09-08 04:14:44.679,dummy,-1.482,-1.718,1.077,38.1,0.0,0.0,,,
2026-09-08 04:14:44.731,dummy,-1.452,-1.694,1.075,39.0,0.0,0.0,,,
2026-09-08 04:14:44.784,dummy,-1.422,-1.669,1.073,39.8,0.0,0.0,,,
2026-09-08 04:14:44.836,dummy,-1.391,-1.643,1.072,40.6,0.0,0.0,,,
2026-09-08 04:14:44.887,dummy,-1.361,-1.617,1.07,41.4,0.0,0.0,,,
2026-09-08 04:14:44.939,dummy,-1.33,-1.59,1.068,42.1,0.0,0.0,,,
2026-09-08 04:14:44.990,dummy,-1.3,-1.562,1.067,42.7,0.0,0.0,,,
2026-09-08 04:14:45.042,dummy,-1.269,-1.533,1.065,43.4,0.0,0.0,,,
2026-09-08 04:14:45.093,dummy,-1.238,-1.504,1.063,44.0,0.0,0.0,,,
2026-09-08 04:14:45.145,dummy,-1.208,-1.474,1.062,44.6,0.0,0.0,,,
2026-09-08 04:14:45.196,dummy,-1.176,-1.443,1.06,45.1,0.0,0.0,,,
2026-09-08 04:14:45.247,dummy,-1.145,-1.411,1.058,45.6,0.0,0.0,,,
2026-09-08 04:14:45.299,dummy,-1.114,-1.379,1.057,46.1,0.0,0.0,,,
2026-09-08 04:14:45.350,dummy,-1.082,-1.346,1.055,46.6,0.0,0.0,,,
2026-09-08 04:14:45.402,dummy,-1.05,-1.312,1.053,47.1,0.0,0.0,,,
2026-09-08 04:14:45.453,dummy,-1.018,-1.277,1.052,47.5,0.0,0.0,,,
2026-09-08 04:14:45.505,dummy,-0.986,-1.242,1.05,47.9,0.0,0.0,,,
2026-09-08 04:14:45.557,dummy,-0.954,-1.206,1.048,48.3,0.0,0.0,,,
2026-09-08 04:14:45.608,dummy,-0.921,-1.169,1.047,48.7,0.0,0.0,,,
2026-09-08 04:14:45.660,dummy,-0.889,-1.132,1.045,49.0,0.0,0.0,,,
2026-09-08 04:14:45.713,dummy,-0.856,-1.094,1.043,49.3,0.0,0.0,,,
2026-09-08 04:14:45.764,dummy,-0.823,-1.055,1.042,49.7,0.0,0.0,,,
2026-09-08 04:14:45.816,dummy,-0.79,-1.016,1.04,50.0,0.0,0.0,,,
2026-09-08 04:14:45.867,dummy,-0.758,-0.977,1.038,50.2,0.0,0.0,,,
2026-09-08 04:14:45.920,dummy,-0.724,-0.937,1.036,50.5,0.0,0.0,,,
2026-09-08 04:14:45.971,dummy,-0.691,-0.896,1.035,50.8,0.0,0.0,,,
2026-09-08 04:14:46.023,dummy,-0.657,-0.855,1.033,51.0,0.0,0.0,,,
2026-09-08 04:14:46.075,dummy,-0.624,-0.814,1.031,51.2,0.0,0.0,,,
2026-09-08 04:14:46.127,dummy,-0.591,-0.772,1.03,51.4,0.0,0.0,,,
2026-09-08 04:14:46.178,dummy,-0.557,-0.73,1.028,51.6,0.0,0.0,,,
2026-09-08 04:14:46.232,dummy,-0.523,-0.687,1.026,51.8,0.0,0.0,,,
2026-09-08 04:14:46.284,dummy,-0.489,-0.643,1.025,52.0,0.0,0.0,,,
2026-09-08 04:14:46.336,dummy,-0.455,-0.599,1.023,52.2,0.0,0.0,,,
2026-09-08 04:14:46.389,dummy,-0.42,-0.555,1.021,52.3,0.0,0.0,,,
2026-09-08 04:14:46.441,dummy,-0.386,-0.51,1.019,52.4,0.0,0.0,,,
2026-09-08 04:14:46.492,dummy,-0.352,-0.467,1.018,52.5,0.0,0.0,,,
2026-09-08 04:14:46.544,dummy,-0.319,-0.423,1.016,52.7,0.0,0.0,,,
2026-09-08 04:14:46.595,dummy,-0.285,-0.378,1.014,52.8,0.0,0.0,,,
2026-09-08 04:14:46.647,dummy,-0.251,-0.333,1.013,52.8,0.0,0.0,,,
2026-09-08 04:14:46.698,dummy,-0.217,-0.289,1.011,52.9,0.0,0.0,,,
2026-09-08 04:14:46.750,dummy,-0.183,-0.244,1.009,53.0,0.0,0.0,,,
2026-09-08 04:14:46.801,dummy,-0.149,-0.199,1.007,53.0,0.0,0.0,,,
2026-09-08 04:14:46.853,dummy,-0.115,-0.153,1.006,53.1,0.0,0.0,,,
2026-09-08 04:14:46.955,dummy,-0.048,-0.064,1.002,53.1,0.0,0.0,,,
2026-09-08 04:14:47.009,dummy,-0.012,-0.017,1.001,53.1,0.0,0.0,,,
2026-09-08 04:14:47.061,dummy,0.022,0.029,0.999,53.1,0.0,0.0,,,
2026-09-08 04:14:47.112,dummy,0.056,0.075,0.997,53.1,0.0,0.0,,,
2026-09-08 04:14:47.163,dummy,0.09,0.12,0.996,53.1,0.0,0.0,,,
2026-09-08 04:14:47.216,dummy,0.123,0.165,0.994,53.1,0.0,0.0,,,
2026-09-08 04:14:47.267,dummy,0.158,0.21,0.992,53.0,0.0,0.0,,,
2026-09-08 04:14:47.318,dummy,0.192,0.255,0.99,53.0,0.0,0.0,,,
2026-09-08 04:14:47.369,dummy,0.226,0.3,0.989,52.9,0.0,0.0,,,
2026-09-08 04:14:47.420,dummy,0.259,0.344,0.987,52.8,0.0,0.0,,,
2026-09-08 04:14:47.472,dummy,0.293,0.389,0.985,52.7,0.0,0.0,,,
2026-09-08 04:14:47.523,dummy,0.327,0.433,0.984,52.6,0.0,0.0,,,
2026-09-08 04:14:47.576,dummy,0.36,0.477,0.982,52.5,0.0,0.0,,,
2026-09-08 04:14:47.627,dummy,0.394,0.521,0.98,52.4,0.0,0.0,,,
2026-09-08 04:14:47.678,dummy,0.428,0.565,0.979,52.3,0.0,0.0,,,
2026-09-08 04:14:47.730,dummy,0.462,0.609,0.977,52.1,0.0,0.0,,,
2026-09-08 04:14:47.782,dummy,0.496,0.652,0.975,52.0,0.0,0.0,,,
2026-09-08 04:14:47.833,dummy,0.529,0.694,0.973,51.8,0.0,0.0,,,
2026-09-08 04:14:47.884,dummy,0.562,0.736,0.972,51.6,0.0,0.0,,,
2026-09-08 04:14:47.935,dummy,0.595,0.778,0.97,51.4,0.0,0.0,,,
2026-09-08 04:14:47.987,dummy,0.628,0.819,0.968,51.2,0.0,0.0,,,
2026-09-08 04:14:48.038,dummy,0.662,0.86,0.967,51.0,0.0,0.0,,,
2026-09-08 04:14:48.089,dummy,0.694,0.901,0.965,50.7,0.0,0.0,,,
2026-09-08 04:14:48.141,dummy,0.727,0.941,0.963,50.5,0.0,0.0,,,
2026-09-08 04:14:48.192,dummy,0.76,0.98,0.962,50.2,0.0,0.0,,,
2026-09-08 04:14:48.243,dummy,0.793,1.02,0.96,49.9,0.0,0.0,,,
2026-09-08 04:14:48.295,dummy,0.826,1.058,0.958,49.6,0.0,0.0,,,
2026-09-08 04:14:48.346,dummy,0.858,1.096,0.957,49.3,0.0,0.0,,,
2026-09-08 04:14:48.398,dummy,0.891,1.134,0.955,49.0,0.0,0.0,,,
2026-09-08 04:14:48.449,dummy,0.923,1.171,0.953,48.6,0.0,0.0,,,
2026-09-08 04:14:48.501,dummy,0.956,1.208,0.952,48.3,0.0,0.0,,,
2026-09-08 04:14:48.553,dummy,0.988,1.244,0.95,47.9,0.0,0.0,,,
2026-09-08 04:14:48.605,dummy,1.02,1.279,0.948,47.5,0.0,0.0,,,
2026-09-08 04:14:48.656,dummy,1.052,1.314,0.947,47.0,0.0,0.0,,,
2026-09-08 04:14:48.708,dummy,1.084,1.348,0.945,46.6,0.0,0.0,,,
2026-09-08 04:14:48.759,dummy,1.116,1.381,0.943,46.1,0.0,0.0,,,
2026-09-08 04:14:48.811,dummy,1.147,1.413,0.942,45.6,0.0,0.0,,,
2026-09-08 04:14:48.862,dummy,1.178,1.445,0.94,45.1,0.0,0.0,,,
2026-09-08 04:14:48.914,dummy,1.21,1.476,0.938,44.5,0.0,0.0,,,
2026-09-08 04:14:48.966,dummy,1.241,1.506,0.937,43.9,0.0,0.0,,,
2026-09-08 04:14:49.018,dummy,1.272,1.536,0.935,43.3,0.0,0.0,,,
2026-09-08 04:14:49.070,dummy,1.303,1.565,0.933,42.7,0.0,0.0,,,
2026-09-08 04:14:49.121,dummy,1.334,1.593,0.932,42.0,0.0,0.0,,,
2026-09-08 04:14:49.173,dummy,1.364,1.62,0.93,41.3,0.0,0.0,,,
2026-09-08 04:14:49.225,dummy,1.394,1.646,0.928,40.5,0.0,0.0,,,
2026-09-08 04:14:49.276,dummy,1.424,1.672,0.927,39.8,0.0,0.0,,,
2026-09-08 04:14:49.328,dummy,1.454,1.696,0.925,38.9,0.0,0.0,,,
2026-09-08 04:14:49.380,dummy,1.484,1.72,0.923,38.1,0.0,0.0,,,
2026-09-08 04:14:49.432,dummy,1.514,1.743,0.922,37.2,0.0,0.0,,,
2026-09-08 04:14:49.484,dummy,1.543,1.765,0.92,36.2,0.0,0.0,,,
2026-09-08 04:14:49.536,dummy,1.573,1.786,0.918,35.2,0.0,0.0,,,
2026-09-08 04:14:49.587,dummy,1.601,1.806,0.917,34.1,0.0,0.0,,,
2026-09-08 04:14:49.639,dummy,1.63,1.825,0.915,33.0,0.0,0.0,,,
2026-09-08 04:14:49.690,dummy,1.659,1.843,0.913,31.9,0.0,0.0,,,
2026-09-08 04:14:49.741,dummy,1.687,1.86,0.912,30.7,0.0,0.0,,,
2026-09-08 04:14:49.793,dummy,1.715,1.876,0.91,29.4,0.0,0.0,,,
2026-09-08 04:14:49.845,dummy,1.743,1.891,0.909,28.0,0.0,0.0,,,
2026-09-08 04:14:49.897,dummy,1.77,1.906,0.907,26.6,0.0,0.0,,,
2026-09-08 04:14:49.949,dummy,1.798,1.919,0.905,25.1,0.0,0.0,,,
2026-09-08 04:14:50.000,dummy,1.825,1.931,0.904,23.6,0.0,0.0,,,
2026-09-08 04:14:50.052,dummy,1.852,1.943,0.902,21.9,0.0,0.0,,,
2026-09-08 04:14:50.103,dummy,1.878,1.953,0.9,20.3,0.0,0.0,,,
2026-09-08 04:14:50.154,dummy,1.905,1.962,0.899,18.5,0.0,0.0,,,
2026-09-08 04:14:50.206,dummy,1.931,1.97,0.897,16.6,0.0,0.0,,,
2026-09-08 04:14:50.257,dummy,1.957,1.978,0.896,14.7,0.0,0.0,,,
2026-09-08 04:14:50.309,dummy,1.983,1.984,0.894,12.7,0.0,0.0,,,
2026-09-08 04:14:50.360,dummy,2.008,1.989,0.892,10.6,0.0,0.0,,,
2026-09-08 04:14:50.412,dummy,2.033,1.993,0.891,8.4,0.0,0.0,,,
2026-09-08 04:14:50.464,dummy,2.058,1.997,0.889,6.2,0.0,0.0,,,
2026-09-08 04:14:50.516,dummy,2.083,1.999,0.888,3.8,0.0,0.0,,,
2026-09-08 04:14:50.568,dummy,2.107,2.0,0.886,1.4,0.0,0.0,,,
2026-09-08 04:14:50.620,dummy,2.132,2.0,0.885,359.0,0.0,0.0,,,
2026-09-08 04:14:50.673,dummy,2.156,1.999,0.883,356.3,0.0,0.0,,,
2026-09-08 04:14:50.725,dummy,2.18,1.997,0.881,353.8,0.0,0.0,,,
2026-09-08 04:14:50.776,dummy,2.203,1.994,0.88,351.2,0.0,0.0,,,
2026-09-08 04:14:50.829,dummy,2.226,1.99,0.878,348.6,0.0,0.0,,,
2026-09-08 04:14:50.880,dummy,2.249,1.985,0.877,346.0,0.0,0.0,,,
2026-09-08 04:14:50.932,dummy,2.272,1.978,0.875,343.3,0.0,0.0,,,
2026-09-08 04:14:50.984,dummy,2.294,1.971,0.874,340.7,0.0,0.0,,,
2026-09-08 04:14:51.037,dummy,2.316,1.963,0.872,338.1,0.0,0.0,,,
2026-09-08 04:14:51.089,dummy,2.338,1.953,0.87,335.5,0.0,0.0,,,
2026-09-08 04:14:51.141,dummy,2.359,1.943,0.869,332.9,0.0,0.0,,,
2026-09-08 04:14:51.192,dummy,2.38,1.932,0.867,330.5,0.0,0.0,,,
2026-09-08 04:14:51.244,dummy,2.401,1.92,0.866,328.0,0.0,0.0,,,
2026-09-08 04:14:51.295,dummy,2.421,1.906,0.864,325.7,0.0,0.0,,,
2026-09-08 04:14:51.347,dummy,2.441,1.892,0.863,323.4,0.0,0.0,,,
2026-09-08 04:14:51.399,dummy,2.46,1.877,0.861,321.2,0.0,0.0,,,
2026-09-08 04:14:51.450,dummy,2.48,1.861,0.86,319.0,0.0,0.0,,,
2026-09-08 04:14:51.502,dummy,2.499,1.844,0.858,317.0,0.0,0.0,,,
2026-09-08 04:14:51.554,dummy,2.517,1.826,0.857,315.0,0.0,0.0,,,
2026-09-08 04:14:51.605,dummy,2.536,1.807,0.855,313.0,0.0,0.0,,,
2026-09-08 04:14:51.657,dummy,2.554,1.787,0.854,311.2,0.0,0.0,,,
2026-09-08 04:14:51.709,dummy,2.572,1.766,0.852,309.4,0.0,0.0,,,
2026-09-08 04:14:51.761,dummy,2.589,1.744,0.851,307.7,0.0,0.0,,,
2026-09-08 04:14:51.816,dummy,2.607,1.719,0.849,306.0,0.0,0.0,,,
2026-09-08 04:14:51.867,dummy,2.624,1.696,0.848,304.4,0.0,0.0,,,
2026-09-08 04:14:51.919,dummy,2.64,1.671,0.846,302.9,0.0,0.0,,,
2026-09-08 04:14:51.971,dummy,2.656,1.646,0.845,301.5,0.0,0.0,,,
2026-09-08 04:14:52.022,dummy,2.672,1.62,0.843,300.2,0.0,0.0,,,
2026-09-08 04:14:52.074,dummy,2.687,1.593,0.842,298.9,0.0,0.0,,,
2026-09-08 04:14:52.125,dummy,2.702,1.565,0.84,297.6,0.0,0.0,,,
2026-09-08 04:14:52.177,dummy,2.717,1.536,0.839,296.4,0.0,0.0,,,
2026-09-08 04:14:52.228,dummy,2.731,1.507,0.838,295.3,0.0,0.0,,,
2026-09-08 04:14:52.280,dummy,2.745,1.477,0.836,294.2,0.0,0.0,,,
2026-09-08 04:14:52.331,dummy,2.758,1.446,0.835,293.1,0.0,0.0,,,
2026-09-08 04:14:52.382,dummy,2.772,1.414,0.833,292.1,0.0,0.0,,,
2026-09-08 04:14:52.441,dummy,2.784,1.382,0.832,291.1,0.0,0.0,,,
2026-09-08 04:14:52.492,dummy,2.798,1.344,0.83,290.1,0.0,0.0,,,
2026-09-08 04:14:52.544,dummy,2.811,1.31,0.829,289.1,0.0,0.0,,,
2026-09-08 04:14:52.595,dummy,2.822,1.276,0.828,288.3,0.0,0.0,,,
2026-09-08 04:14:52.646,dummy,2.834,1.241,0.826,287.4,0.0,0.0,,,
2026-09-08 04:14:52.698,dummy,2.845,1.205,0.825,286.6,0.0,0.0,,,
2026-09-08 04:14:52.751,dummy,2.855,1.168,0.823,285.8,0.0,0.0,,,
2026-09-08 04:14:52.802,dummy,2.866,1.13,0.822,285.1,0.0,0.0,,,
2026-09-08 04:14:52.854,dummy,2.876,1.093,0.821,284.3,0.0,0.0,,,
2026-09-08 04:14:52.905,dummy,2.885,1.055,0.819,283.6,0.0,0.0,,,
2026-09-08 04:14:52.957,dummy,2.894,1.016,0.818,282.9,0.0,0.0,,,
2026-09-08 04:14:53.008,dummy,2.903,0.977,0.817,282.2,0.0,0.0,,,
2026-09-08 04:14:53.059,dummy,2.911,0.937,0.815,281.6,0.0,0.0,,,
2026-09-08 04:14:53.111,dummy,2.919,0.897,0.814,280.9,0.0,0.0,,,
2026-09-08 04:14:53.162,dummy,2.927,0.856,0.813,280.3,0.0,0.0,,,
2026-09-08 04:14:53.214,dummy,2.934,0.815,0.811,279.7,0.0,0.0,,,
2026-09-08 04:14:53.266,dummy,2.941,0.773,0.81,279.1,0.0,0.0,,,
2026-09-08 04:14:53.318,dummy,2.948,0.73,0.809,278.5,0.0,0.0,,,
2026-09-08 04:14:53.369,dummy,2.954,0.688,0.807,277.9,0.0,0.0,,,
2026-09-08 04:14:53.421,dummy,2.96,0.645,0.806,277.4,0.0,0.0,,,
2026-09-08 04:14:53.473,dummy,2.965,0.602,0.805,276.8,0.0,0.0,,,
2026-09-08 04:14:53.524,dummy,2.97,0.559,0.803,276.3,0.0,0.0,,,
2026-09-08 04:14:53.575,dummy,2.975,0.515,0.802,275.8,0.0,0.0,,,
2026-09-08 04:14:53.627,dummy,2.979,0.471,0.801,275.2,0.0,0.0,,,
2026-09-08 04:14:53.679,dummy,2.983,0.426,0.8,274.7,0.0,0.0,,,
2026-09-08 04:14:53.730,dummy,2.986,0.382,0.798,274.2,0.0,0.0,,,
2026-09-08 04:14:53.783,dummy,2.989,0.337,0.797,273.7,0.0,0.0,,,
2026-09-08 04:14:53.835,dummy,2.992,0.292,0.796,273.2,0.0,0.0,,,
2026-09-08 04:14:53.886,dummy,2.994,0.247,0.795,272.7,0.0,0.0,,,
2026-09-08 04:14:53.938,dummy,2.996,0.202,0.793,272.2,0.0,0.0,,,
2026-09-08 04:14:53.989,dummy,2.998,0.156,0.792,271.7,0.0,0.0,,,
2026-09-08 04:14:54.041,dummy,2.999,0.111,0.791,271.2,0.0,0.0,,,
2026-09-08 04:14:54.092,dummy,3.0,0.066,0.79,270.7,0.0,0.0,,,
2026-09-08 04:14:54.144,dummy,3.0,0.021,0.788,270.2,0.0,0.0,,,
2026-09-08 04:14:54.195,dummy,3.0,-0.025,0.787,269.7,0.0,0.0,,,
2026-09-08 04:14:54.246,dummy,3.0,-0.07,0.786,269.3,0.0,0.0,,,
2026-09-08 04:14:54.300,dummy,2.999,-0.116,0.785,268.8,0.0,0.0,,,
2026-09-08 04:14:54.353,dummy,2.997,-0.163,0.784,268.2,0.0,0.0,,,
2026-09-08 04:14:54.425,dummy,2.995,-0.226,0.782,267.6,0.0,0.0,,,
2026-09-08 04:14:54.478,dummy,2.993,-0.272,0.781,267.0,0.0,0.0,,,
2026-09-08 04:14:54.532,dummy,2.99,-0.318,0.78,266.5,0.0,0.0,,,
2026-09-08 04:14:54.587,dummy,2.987,-0.366,0.778,266.0,0.0,0.0,,,
2026-09-08 04:14:54.638,dummy,2.984,-0.412,0.777,265.5,0.0,0.0,,,
2026-09-08 04:14:54.690,dummy,2.98,-0.455,0.776,265.0,0.0,0.0,,,
2026-09-08 04:14:54.741,dummy,2.976,-0.5,0.775,264.4,0.0,0.0,,,
2026-09-08 04:14:54.793,dummy,2.972,-0.543,0.774,263.9,0.0,0.0,,,
2026-09-08 04:14:54.845,dummy,2.967,-0.587,0.773,263.4,0.0,0.0,,,
2026-09-08 04:14:54.896,dummy,2.962,-0.63,0.772,262.8,0.0,0.0,,,
2026-09-08 04:14:54.948,dummy,2.956,-0.673,0.77,262.3,0.0,0.0,,,
2026-09-08 04:14:55.000,dummy,2.95,-0.716,0.769,261.7,0.0,0.0,,,
2026-09-08 04:14:55.052,dummy,2.943,-0.759,0.768,261.1,0.0,0.0,,,
2026-09-08 04:14:55.104,dummy,2.937,-0.801,0.767,260.5,0.0,0.0,,,
2026-09-08 04:14:55.156,dummy,2.929,-0.843,0.766,259.9,0.0,0.0,,,
2026-09-08 04:14:55.208,dummy,2.922,-0.884,0.765,259.3,0.0,0.0,,,
2026-09-08 04:14:55.259,dummy,2.914,-0.924,0.764,258.6,0.0,0.0,,,
2026-09-08 04:14:55.310,dummy,2.906,-0.964,0.763,258.0,0.0,0.0,,,
2026-09-08 04:14:55.362,dummy,2.897,-1.003,0.762,257.3,0.0,0.0,,,
2026-09-08 04:14:55.413,dummy,2.888,-1.042,0.761,256.6,0.0,0.0,,,
2026-09-08 04:14:55.464,dummy,2.879,-1.08,0.76,255.9,0.0,0.0,,,
2026-09-08 04:14:55.516,dummy,2.869,-1.118,0.759,255.2,0.0,0.0,,,
2026-09-08 04:14:55.567,dummy,2.859,-1.155,0.758,254.4,0.0,0.0,,,
2026-09-08 04:14:55.619,dummy,2.848,-1.192,0.757,253.7,0.0,0.0,,,
2026-09-08 04:14:55.671,dummy,2.837,-1.229,0.756,252.8,0.0,0.0,,,
2026-09-08 04:14:55.723,dummy,2.826,-1.264,0.755,252.0,0.0,0.0,,,
2026-09-08 04:14:55.774,dummy,2.815,-1.299,0.754,251.1,0.0,0.0,,,
2026-09-08 04:14:55.825,dummy,2.803,-1.333,0.753,250.3,0.0,0.0,,,
2026-09-08 04:14:55.876,dummy,2.79,-1.366,0.752,249.3,0.0,0.0,,,
2026-09-08 04:14:55.927,dummy,2.778,-1.399,0.751,248.4,0.0,0.0,,,
2026-09-08 04:14:55.978,dummy,2.765,-1.43,0.75,247.4,0.0,0.0,,,
2026-09-08 04:14:56.030,dummy,2.752,-1.461,0.749,246.4,0.0,0.0,,,
2026-09-08 04:14:56.081,dummy,2.738,-1.492,0.748,245.3,0.0,0.0,,,
2026-09-08 04:14:56.133,dummy,2.724,-1.522,0.747,244.2,0.0,0.0,,,
2026-09-08 04:14:56.184,dummy,2.71,-1.551,0.746,243.0,0.0,0.0,,,
2026-09-08 04:14:56.235,dummy,2.695,-1.579,0.745,241.8,0.0,0.0,,,
2026-09-08 04:14:56.286,dummy,2.68,-1.606,0.745,240.5,0.0,0.0,,,
2026-09-08 04:14:56.339,dummy,2.664,-1.633,0.744,239.2,0.0,0.0,,,
2026-09-08 04:14:56.391,dummy,2.648,-1.659,0.743,237.8,0.0,0.0,,,
2026-09-08 04:14:56.443,dummy,2.632,-1.684,0.742,236.3,0.0,0.0,,,
2026-09-08 04:14:56.494,dummy,2.616,-1.708,0.741,234.8,0.0,0.0,,,
2026-09-08 04:14:56.545,dummy,2.599,-1.731,0.74,233.2,0.0,0.0,,,
2026-09-08 04:14:56.600,dummy,2.581,-1.755,0.739,231.5,0.0,0.0,,,
2026-09-08 04:14:56.651,dummy,2.563,-1.776,0.738,229.7,0.0,0.0,,,
2026-09-08 04:14:56.703,dummy,2.545,-1.796,0.738,227.9,0.0,0.0,,,
2026-09-08 04:14:56.755,dummy,2.527,-1.816,0.737,226.0,0.0,0.0,,,
2026-09-08 04:14:56.806,dummy,2.509,-1.834,0.736,224.1,0.0,0.0,,,
2026-09-08 04:14:56.858,dummy,2.49,-1.852,0.735,222.1,0.0,0.0,,,
2026-09-08 04:14:56.910,dummy,2.47,-1.869,0.734,219.9,0.0,0.0,,,
2026-09-08 04:14:56.962,dummy,2.451,-1.885,0.734,217.7,0.0,0.0,,,
2026-09-08 04:14:57.014,dummy,2.431,-1.9,0.733,215.5,0.0,0.0,,,
2026-09-08 04:14:57.066,dummy,2.41,-1.913,0.732,213.1,0.0,0.0,,,
2026-09-08 04:14:57.118,dummy,2.39,-1.926,0.731,210.7,0.0,0.0,,,
2026-09-08 04:14:57.170,dummy,2.369,-1.938,0.731,208.3,0.0,0.0,,,
2026-09-08 04:14:57.221,dummy,2.348,-1.949,0.73,205.8,0.0,0.0,,,
2026-09-08 04:14:57.275,dummy,2.327,-1.958,0.729,203.2,0.0,0.0,,,
2026-09-08 04:14:57.326,dummy,2.304,-1.967,0.728,200.5,0.0,0.0,,,
2026-09-08 04:14:57.378,dummy,2.282,-1.975,0.728,197.9,0.0,0.0,,,
2026-09-08 04:14:57.430,dummy,2.26,-1.982,0.727,195.3,0.0,0.0,,,
2026-09-08 04:14:57.482,dummy,2.237,-1.987,0.726,192.7,0.0,0.0,,,
2026-09-08 04:14:57.533,dummy,2.215,-1.992,0.725,190.1,0.0,0.0,,,
2026-09-08 04:14:57.583,dummy,2.192,-1.995,0.725,187.5,0.0,0.0,,,
2026-09-08 04:14:57.634,dummy,2.169,-1.998,0.724,185.0,0.0,0.0,,,
2026-09-08 04:14:57.686,dummy,2.145,-1.999,0.723,182.5,0.0,0.0,,,
2026-09-08 04:14:57.737,dummy,2.121,-2.0,0.723,180.0,0.0,0.0,,,
2026-09-08 04:14:57.790,dummy,2.097,-1.999,0.722,177.6,0.0,0.0,,,
2026-09-08 04:14:57.842,dummy,2.072,-1.998,0.722,175.2,0.0,0.0,,,
2026-09-08 04:14:57.894,dummy,2.047,-1.995,0.721,172.9,0.0,0.0,,,
2026-09-08 04:14:57.946,dummy,2.022,-1.992,0.72,170.6,0.0,0.0,,,
2026-09-08 04:14:57.997,dummy,1.997,-1.987,0.72,168.5,0.0,0.0,,,
2026-09-08 04:14:58.049,dummy,1.971,-1.981,0.719,166.4,0.0,0.0,,,
2026-09-08 04:14:58.100,dummy,1.945,-1.975,0.718,164.4,0.0,0.0,,,
2026-09-08 04:14:58.152,dummy,1.919,-1.967,0.718,162.5,0.0,0.0,,,
2026-09-08 04:14:58.203,dummy,1.893,-1.958,0.717,160.7,0.0,0.0,,,
2026-09-08 04:14:58.255,dummy,1.867,-1.948,0.717,159.0,0.0,0.0,,,
2026-09-08 04:14:58.307,dummy,1.84,-1.938,0.716,157.3,0.0,0.0,,,
2026-09-08 04:14:58.358,dummy,1.813,-1.926,0.716,155.7,0.0,0.0,,,
2026-09-08 04:14:58.410,dummy,1.786,-1.913,0.715,154.2,0.0,0.0,,,
2026-09-08 04:14:58.462,dummy,1.758,-1.899,0.715,152.7,0.0,0.0,,,
2026-09-08 04:14:58.513,dummy,1.73,-1.885,0.714,151.3,0.0,0.0,,,
2026-09-08 04:14:58.565,dummy,1.702,-1.869,0.714,150.0,0.0,0.0,,,
2026-09-08 04:14:58.616,dummy,1.674,-1.852,0.713,148.8,0.0,0.0,,,
2026-09-08 04:14:58.668,dummy,1.646,-1.835,0.713,147.6,0.0,0.0,,,
2026-09-08 04:14:58.720,dummy,1.617,-1.816,0.712,146.4,0.0,0.0,,,
2026-09-08 04:14:58.774,dummy,1.588,-1.796,0.712,145.4,0.0,0.0,,,
2026-09-08 04:14:58.826,dummy,1.558,-1.775,0.711,144.3,0.0,0.0,,,
2026-09-08 04:14:58.878,dummy,1.528,-1.754,0.711,143.3,0.0,0.0,,,
2026-09-08 04:14:58.929,dummy,1.499,-1.731,0.71,142.4,0.0,0.0,,,
2026-09-08 04:14:58.980,dummy,1.47,-1.708,0.71,141.5,0.0,0.0,,,
2026-09-08 04:14:59.031,dummy,1.44,-1.684,0.709,140.7,0.0,0.0,,,
2026-09-08 04:14:59.083,dummy,1.41,-1.66,0.709,139.9,0.0,0.0,,,
2026-09-08 04:14:59.135,dummy,1.38,-1.634,0.709,139.1,0.0,0.0,,,
2026-09-08 04:14:59.186,dummy,1.35,-1.607,0.708,138.4,0.0,0.0,,,
2026-09-08 04:14:59.238,dummy,1.319,-1.58,0.708,137.7,0.0,0.0,,,
2026-09-08 04:14:59.290,dummy,1.288,-1.551,0.707,137.0,0.0,0.0,,,
2026-09-08 04:14:59.343,dummy,1.257,-1.522,0.707,136.4,0.0,0.0,,,
2026-09-08 04:14:59.394,dummy,1.226,-1.492,0.707,135.8,0.0,0.0,,,
2026-09-08 04:14:59.446,dummy,1.195,-1.461,0.706,135.2,0.0,0.0,,,
2026-09-08 04:14:59.497,dummy,1.163,-1.43,0.706,134.7,0.0,0.0,,,
2026-09-08 04:14:59.549,dummy,1.132,-1.398,0.706,134.2,0.0,0.0,,,
2026-09-08 04:14:59.603,dummy,1.099,-1.364,0.705,133.7,0.0,0.0,,,
2026-09-08 04:14:59.656,dummy,1.066,-1.329,0.705,133.2,0.0,0.0,,,
2026-09-08 04:14:59.707,dummy,1.034,-1.295,0.705,132.7,0.0,0.0,,,
2026-09-08 04:14:59.759,dummy,1.002,-1.26,0.704,132.3,0.0,0.0,,,
2026-09-08 04:14:59.810,dummy,0.97,-1.224,0.704,131.9,0.0,0.0,,,
2026-09-08 04:14:59.862,dummy,0.938,-1.188,0.704,131.5,0.0,0.0,,,
2026-09-08 04:14:59.913,dummy,0.906,-1.151,0.704,131.2,0.0,0.0,,,
2026-09-08 04:14:59.965,dummy,0.873,-1.114,0.703,130.8,0.0,0.0,,,
2026-09-08 04:15:00.016,dummy,0.841,-1.076,0.703,130.5,0.0,0.0,,,
2026-09-08 04:15:00.068,dummy,0.808,-1.037,0.703,130.2,0.0,0.0,,,
2026-09-08 04:15:00.120,dummy,0.775,-0.998,0.703,129.9,0.0,0.0,,,
2026-09-08 04:15:00.173,dummy,0.741,-0.958,0.702,129.6,0.0,0.0,,,
2026-09-08 04:15:00.224,dummy,0.708,-0.918,0.702,129.4,0.0,0.0,,,
2026-09-08 04:15:00.275,dummy,0.675,-0.877,0.702,129.1,0.0,0.0,,,
2026-09-08 04:15:00.328,dummy,0.642,-0.836,0.702,128.9,0.0,0.0,,,
2026-09-08 04:15:00.380,dummy,0.608,-0.794,0.702,128.7,0.0,0.0,,,
2026-09-08 04:15:00.432,dummy,0.574,-0.752,0.701,128.5,0.0,0.0,,,
2026-09-08 04:15:00.484,dummy,0.54,-0.709,0.701,128.3,0.0,0.0,,,
2026-09-08 04:15:00.545,dummy,0.501,-0.658,0.701,128.1,0.0,0.0,,,
2026-09-08 04:15:00.597,dummy,0.467,-0.615,0.701,127.9,0.0,0.0,,,
2026-09-08 04:15:00.648,dummy,0.433,-0.572,0.701,127.8,0.0,0.0,,,
2026-09-08 04:15:00.700,dummy,0.4,-0.528,0.701,127.6,0.0,0.0,,,
2026-09-08 04:15:00.752,dummy,0.366,-0.484,0.701,127.5,0.0,0.0,,,
2026-09-08 04:15:00.804,dummy,0.332,-0.44,0.7,127.4,0.0,0.0,,,
2026-09-08 04:15:00.856,dummy,0.298,-0.395,0.7,127.3,0.0,0.0,,,
2026-09-08 04:15:00.908,dummy,0.264,-0.35,0.7,127.2,0.0,0.0,,,
2026-09-08 04:15:00.959,dummy,0.23,-0.306,0.7,127.1,0.0,0.0,,,
2026-09-08 04:15:01.010,dummy,0.196,-0.261,0.7,127.0,0.0,0.0,,,
2026-09-08 04:15:01.062,dummy,0.162,-0.216,0.7,127.0,0.0,0.0,,,
2026-09-08 04:15:01.114,dummy,0.128,-0.17,0.7,126.9,0.0,0.0,,,
2026-09-08 04:15:01.166,dummy,0.094,-0.125,0.7,126.9,0.0,0.0,,,
2026-09-08 04:15:01.217,dummy,0.06,-0.08,0.7,126.9,0.0,0.0,,,
2026-09-08 04:15:01.269,dummy,0.025,-0.034,0.7,126.9,0.0,0.0,,,
2026-09-08 04:15:01.322,dummy,-0.009,0.012,0.7,126.9,0.0,0.0,,,
2026-09-08 04:15:01.374,dummy,-0.044,0.059,0.7,126.9,0.0,0.0,,,
2026-09-08 04:15:01.426,dummy,-0.078,0.104,0.7,126.9,0.0,0.0,,,
2026-09-08 04:15:01.477,dummy,-0.112,0.149,0.7,126.9,0.0,0.0,,,
2026-09-08 04:15:01.529,dummy,-0.146,0.194,0.7,127.0,0.0,0.0,,,
2026-09-08 04:15:01.580,dummy,-0.18,0.239,0.7,127.0,0.0,0.0,,,
2026-09-08 04:15:01.632,dummy,-0.214,0.284,0.7,127.1,0.0,0.0,,,
2026-09-08 04:15:01.683,dummy,-0.248,0.329,0.7,127.2,0.0,0.0,,,
2026-09-08 04:15:01.735,dummy,-0.282,0.374,0.7,127.2,0.0,0.0,,,
2026-09-08 04:15:01.788,dummy,-0.316,0.419,0.7,127.3,0.0,0.0,,,
2026-09-08 04:15:01.843,dummy,-0.351,0.465,0.701,127.4,0.0,0.0,,,
2026-09-08 04:15:01.895,dummy,-0.387,0.512,0.701,127.6,0.0,0.0,,,
2026-09-08 04:15:01.948,dummy,-0.421,0.556,0.701,127.7,0.0,0.0,,,
2026-09-08 04:15:01.999,dummy,-0.455,0.599,0.701,127.8,0.0,0.0,,,
2026-09-08 04:15:02.051,dummy,-0.489,0.643,0.701,128.0,0.0,0.0,,,
2026-09-08 04:15:02.103,dummy,-0.522,0.686,0.701,128.2,0.0,0.0,,,
2026-09-08 04:15:02.155,dummy,-0.556,0.729,0.701,128.4,0.0,0.0,,,
2026-09-08 04:15:02.207,dummy,-0.59,0.771,0.701,128.6,0.0,0.0,,,
2026-09-08 04:15:02.259,dummy,-0.623,0.813,0.702,128.8,0.0,0.0,,,
2026-09-08 04:15:02.310,dummy,-0.657,0.854,0.702,129.0,0.0,0.0,,,
2026-09-08 04:15:02.362,dummy,-0.689,0.895,0.702,129.2,0.0,0.0,,,
2026-09-08 04:15:02.413,dummy,-0.722,0.935,0.702,129.5,0.0,0.0,,,
2026-09-08 04:15:02.465,dummy,-0.755,0.975,0.702,129.7,0.0,0.0,,,
2026-09-08 04:15:02.517,dummy,-0.789,1.015,0.703,130.0,0.0,0.0,,,
2026-09-08 04:15:02.569,dummy,-0.822,1.054,0.703,130.3,0.0,0.0,,,
2026-09-08 04:15:02.622,dummy,-0.854,1.092,0.703,130.6,0.0,0.0,,,
2026-09-08 04:15:02.674,dummy,-0.888,1.131,0.703,131.0,0.0,0.0,,,
2026-09-08 04:15:02.725,dummy,-0.921,1.168,0.704,131.3,0.0,0.0,,,
2026-09-08 04:15:02.778,dummy,-0.953,1.205,0.704,131.7,0.0,0.0,,,
2026-09-08 04:15:02.829,dummy,-0.985,1.241,0.704,132.1,0.0,0.0,,,
2026-09-08 04:15:02.880,dummy,-1.018,1.276,0.704,132.5,0.0,0.0,,,
2026-09-08 04:15:02.932,dummy,-1.049,1.311,0.705,132.9,0.0,0.0,,,
2026-09-08 04:15:02.983,dummy,-1.081,1.345,0.705,133.4,0.0,0.0,,,
2026-09-08 04:15:03.035,dummy,-1.113,1.378,0.705,133.9,0.0,0.0,,,
2026-09-08 04:15:03.087,dummy,-1.145,1.411,0.706,134.4,0.0,0.0,,,
2026-09-08 04:15:03.139,dummy,-1.176,1.443,0.706,134.9,0.0,0.0,,,
2026-09-08 04:15:03.191,dummy,-1.208,1.474,0.706,135.4,0.0,0.0,,,
2026-09-08 04:15:03.244,dummy,-1.239,1.504,0.707,136.0,0.0,0.0,,,
2026-09-08 04:15:03.295,dummy,-1.271,1.535,0.707,136.7,0.0,0.0,,,
2026-09-08 04:15:03.347,dummy,-1.301,1.563,0.708,137.3,0.0,0.0,,,
2026-09-08 04:15:03.398,dummy,-1.332,1.591,0.708,138.0,0.0,0.0,,,
2026-09-08 04:15:03.450,dummy,-1.362,1.618,0.708,138.7,0.0,0.0,,,
2026-09-08 04:15:03.502,dummy,-1.392,1.644,0.709,139.4,0.0,0.0,,,
2026-09-08 04:15:03.553,dummy,-1.423,1.67,0.709,140.2,0.0,0.0,,,
2026-09-08 04:15:03.606,dummy,-1.453,1.695,0.71,141.0,0.0,0.0,,,
2026-09-08 04:15:03.657,dummy,-1.483,1.719,0.71,141.9,0.0,0.0,,,
2026-09-08 04:15:03.709,dummy,-1.512,1.741,0.71,142.8,0.0,0.0,,,
2026-09-08 04:15:03.760,dummy,-1.541,1.763,0.711,143.7,0.0,0.0,,,
2026-09-08 04:15:03.812,dummy,-1.57,1.784,0.711,144.7,0.0,0.0,,,
2026-09-08 04:15:03.863,dummy,-1.599,1.804,0.712,145.8,0.0,0.0,,,
2026-09-08 04:15:03.915,dummy,-1.628,1.823,0.712,146.9,0.0,0.0,,,
2026-09-08 04:15:03.967,dummy,-1.657,1.841,0.713,148.0,0.0,0.0,,,
2026-09-08 04:15:04.047,dummy,-1.7,1.868,0.714,149.9,0.0,0.0,,,
2026-09-08 04:15:04.107,dummy,-1.733,1.886,0.714,151.5,0.0,0.0,,,
2026-09-08 04:15:04.159,dummy,-1.761,1.901,0.715,152.9,0.0,0.0,,,
2026-09-08 04:15:04.210,dummy,-1.788,1.914,0.715,154.3,0.0,0.0,,,
2026-09-08 04:15:04.262,dummy,-1.815,1.927,0.716,155.9,0.0,0.0,,,
2026-09-08 04:15:04.314,dummy,-1.843,1.939,0.716,157.5,0.0,0.0,,,
2026-09-08 04:15:04.366,dummy,-1.869,1.949,0.717,159.2,0.0,0.0,,,
2026-09-08 04:15:04.417,dummy,-1.896,1.959,0.717,160.9,0.0,0.0,,,
2026-09-08 04:15:04.469,dummy,-1.922,1.968,0.718,162.8,0.0,0.0,,,
2026-09-08 04:15:04.521,dummy,-1.949,1.975,0.719,164.7,0.0,0.0,,,
2026-09-08 04:15:04.572,dummy,-1.974,1.982,0.719,166.7,0.0,0.0,,,
2026-09-08 04:15:04.623,dummy,-2.0,1.988,0.72,168.7,0.0,0.0,,,
2026-09-08 04:15:04.675,dummy,-2.025,1.992,0.72,170.9,0.0,0.0,,,
2026-09-08 04:15:04.726,dummy,-2.05,1.996,0.721,173.1,0.0,0.0,,,
2026-09-08 04:15:04.778,dummy,-2.074,1.998,0.722,175.4,0.0,0.0,,,
2026-09-08 04:15:04.830,dummy,-2.099,2.0,0.722,177.8,0.0,0.0,,,
2026-09-08 04:15:04.882,dummy,-2.123,2.0,0.723,180.2,0.0,0.0,,,
2026-09-08 04:15:04.934,dummy,-2.147,1.999,0.724,182.7,0.0,0.0,,,
2026-09-08 04:15:04.985,dummy,-2.171,1.998,0.724,185.2,0.0,0.0,,,
2026-09-08 04:15:05.037,dummy,-2.194,1.995,0.725,187.8,0.0,0.0,,,
2026-09-08 04:15:05.089,dummy,-2.218,1.991,0.726,190.4,0.0,0.0,,,
2026-09-08 04:15:05.141,dummy,-2.241,1.987,0.726,193.0,0.0,0.0,,,
2026-09-08 04:15:05.192,dummy,-2.263,1.981,0.727,195.7,0.0,0.0,,,
2026-09-08 04:15:05.243,dummy,-2.285,1.974,0.728,198.3,0.0,0.0,,,
2026-09-08 04:15:05.295,dummy,-2.307,1.966,0.728,200.9,0.0,0.0,,,
2026-09-08 04:15:05.346,dummy,-2.328,1.958,0.729,203.4,0.0,0.0,,,
2026-09-08 04:15:05.398,dummy,-2.35,1.948,0.73,205.9,0.0,0.0,,,
2026-09-08 04:15:05.449,dummy,-2.371,1.937,0.731,208.4,0.0,0.0,,,
2026-09-08 04:15:05.501,dummy,-2.391,1.925,0.731,210.9,0.0,0.0,,,
2026-09-08 04:15:05.555,dummy,-2.413,1.912,0.732,213.4,0.0,0.0,,,
2026-09-08 04:15:05.606,dummy,-2.433,1.898,0.733,215.7,0.0,0.0,,,
2026-09-08 04:15:05.657,dummy,-2.452,1.883,0.734,217.9,0.0,0.0,,,
2026-09-08 04:15:05.709,dummy,-2.472,1.868,0.734,220.1,0.0,0.0,,,
2026-09-08 04:15:05.761,dummy,-2.491,1.851,0.735,222.2,0.0,0.0,,,
2026-09-08 04:15:05.812,dummy,-2.51,1.833,0.736,224.2,0.0,0.0,,,
2026-09-08 04:15:05.864,dummy,-2.528,1.815,0.737,226.2,0.0,0.0,,,
2026-09-08 04:15:05.915,dummy,-2.546,1.795,0.738,228.0,0.0,0.0,,,
2026-09-08 04:15:05.967,dummy,-2.564,1.775,0.739,229.8,0.0,0.0,,,
2026-09-08 04:15:06.019,dummy,-2.582,1.753,0.739,231.6,0.0,0.0,,,
2026-09-08 04:15:06.070,dummy,-2.599,1.731,0.74,233.2,0.0,0.0,,,
2026-09-08 04:15:06.122,dummy,-2.616,1.708,0.741,234.8,0.0,0.0,,,
2026-09-08 04:15:06.174,dummy,-2.632,1.683,0.742,236.3,0.0,0.0,,,
2026-09-08 04:15:06.225,dummy,-2.648,1.659,0.743,237.8,0.0,0.0,,,
2026-09-08 04:15:06.277,dummy,-2.664,1.633,0.744,239.2,0.0,0.0,,,
2026-09-08 04:15:06.328,dummy,-2.68,1.606,0.745,240.5,0.0,0.0,,,
2026-09-08 04:15:06.379,dummy,-2.695,1.579,0.745,241.8,0.0,0.0,,,
2026-09-08 04:15:06.430,dummy,-2.709,1.551,0.746,243.0,0.0,0.0,,,
2026-09-08 04:15:06.482,dummy,-2.724,1.522,0.747,244.1,0.0,0.0,,,
2026-09-08 04:15:06.533,dummy,-2.738,1.492,0.748,245.3,0.0,0.0,,,
2026-09-08 04:15:06.585,dummy,-2.752,1.462,0.749,246.4,0.0,0.0,,,
2026-09-08 04:15:06.636,dummy,-2.765,1.431,0.75,247.4,0.0,0.0,,,
2026-09-08 04:15:06.688,dummy,-2.778,1.398,0.751,248.4,0.0,0.0,,,
2026-09-08 04:15:06.739,dummy,-2.791,1.365,0.752,249.4,0.0,0.0,,,
2026-09-08 04:15:06.791,dummy,-2.803,1.332,0.753,250.3,0.0,0.0,,,
2026-09-08 04:15:06.842,dummy,-2.815,1.298,0.754,251.2,0.0,0.0,,,
2026-09-08 04:15:06.893,dummy,-2.826,1.263,0.755,252.0,0.0,0.0,,,
2026-09-08 04:15:06.945,dummy,-2.838,1.228,0.756,252.9,0.0,0.0,,,
2026-09-08 04:15:06.996,dummy,-2.848,1.192,0.757,253.7,0.0,0.0,,,
2026-09-08 04:15:07.047,dummy,-2.859,1.156,0.758,254.4,0.0,0.0,,,
2026-09-08 04:15:07.099,dummy,-2.869,1.119,0.759,255.2,0.0,0.0,,,
2026-09-08 04:15:07.150,dummy,-2.879,1.081,0.76,255.9,0.0,0.0,,,
2026-09-08 04:15:07.202,dummy,-2.888,1.042,0.761,256.6,0.0,0.0,,,
2026-09-08 04:15:07.253,dummy,-2.897,1.003,0.762,257.3,0.0,0.0,,,
2026-09-08 04:15:07.305,dummy,-2.906,0.964,0.763,258.0,0.0,0.0,,,
2026-09-08 04:15:07.356,dummy,-2.914,0.924,0.764,258.6,0.0,0.0,,,
2026-09-08 04:15:07.408,dummy,-2.922,0.884,0.765,259.3,0.0,0.0,,,
2026-09-08 04:15:07.459,dummy,-2.929,0.842,0.766,259.9,0.0,0.0,,,
2026-09-08 04:15:07.511,dummy,-2.937,0.801,0.767,260.5,0.0,0.0,,,
2026-09-08 04:15:07.563,dummy,-2.943,0.759,0.768,261.1,0.0,0.0,,,
2026-09-08 04:15:07.614,dummy,-2.95,0.717,0.769,261.7,0.0,0.0,,,
2026-09-08 04:15:07.665,dummy,-2.956,0.675,0.77,262.2,0.0,0.0,,,
2026-09-08 04:15:07.716,dummy,-2.961,0.632,0.772,262.8,0.0,0.0,,,
2026-09-08 04:15:07.768,dummy,-2.967,0.589,0.773,263.3,0.0,0.0,,,
2026-09-08 04:15:07.820,dummy,-2.971,0.545,0.774,263.9,0.0,0.0,,,
2026-09-08 04:15:07.872,dummy,-2.976,0.502,0.775,264.4,0.0,0.0,,,
2026-09-08 04:15:07.924,dummy,-2.98,0.457,0.776,264.9,0.0,0.0,,,
2026-09-08 04:15:07.976,dummy,-2.984,0.412,0.777,265.5,0.0,0.0,,,
2026-09-08 04:15:08.027,dummy,-2.987,0.368,0.778,266.0,0.0,0.0,,,
2026-09-08 04:15:08.079,dummy,-2.99,0.323,0.779,266.5,0.0,0.0,,,
2026-09-08 04:15:08.130,dummy,-2.993,0.278,0.781,267.0,0.0,0.0,,,
2026-09-08 04:15:08.182,dummy,-2.995,0.233,0.782,267.5,0.0,0.0,,,
2026-09-08 04:15:08.233,dummy,-2.997,0.189,0.783,268.0,0.0,0.0,,,
2026-09-08 04:15:08.284,dummy,-2.998,0.144,0.784,268.5,0.0,0.0,,,
2026-09-08 04:15:08.336,dummy,-2.999,0.099,0.785,268.9,0.0,0.0,,,
2026-09-08 04:15:08.388,dummy,-3.0,0.053,0.786,269.4,0.0,0.0,,,
2026-09-08 04:15:08.440,dummy,-3.0,0.007,0.788,269.9,0.0,0.0,,,
2026-09-08 04:15:08.492,dummy,-3.0,-0.038,0.789,270.4,0.0,0.0,,,
2026-09-08 04:15:08.543,dummy,-2.999,-0.084,0.79,270.9,0.0,0.0,,,
2026-09-08 04:15:08.596,dummy,-2.998,-0.13,0.791,271.4,0.0,0.0,,,
2026-09-08 04:15:08.648,dummy,-2.997,-0.176,0.793,271.9,0.0,0.0,,,
2026-09-08 04:15:08.700,dummy,-2.995,-0.221,0.794,272.4,0.0,0.0,,,
2026-09-08 04:15:08.752,dummy,-2.993,-0.267,0.795,272.9,0.0,0.0,,,
2026-09-08 04:15:08.804,dummy,-2.991,-0.312,0.796,273.4,0.0,0.0,,,
2026-09-08 04:15:08.855,dummy,-2.988,-0.357,0.798,273.9,0.0,0.0,,,
2026-09-08 04:15:08.907,dummy,-2.985,-0.401,0.799,274.4,0.0,0.0,,,
2026-09-08 04:15:08.962,dummy,-2.981,-0.446,0.8,274.9,0.0,0.0,,,
2026-09-08 04:15:09.015,dummy,-2.977,-0.494,0.802,275.5,0.0,0.0,,,
2026-09-08 04:15:09.066,dummy,-2.972,-0.538,0.803,276.0,0.0,0.0,,,
2026-09-08 04:15:09.118,dummy,-2.967,-0.581,0.804,276.6,0.0,0.0,,,
2026-09-08 04:15:09.170,dummy,-2.962,-0.625,0.805,277.1,0.0,0.0,,,
2026-09-08 04:15:09.221,dummy,-2.957,-0.668,0.807,277.7,0.0,0.0,,,
2026-09-08 04:15:09.273,dummy,-2.951,-0.711,0.808,278.2,0.0,0.0,,,
2026-09-08 04:15:09.325,dummy,-2.944,-0.753,0.809,278.8,0.0,0.0,,,
2026-09-08 04:15:09.376,dummy,-2.938,-0.795,0.811,279.4,0.0,0.0,,,
2026-09-08 04:15:09.428,dummy,-2.931,-0.836,0.812,280.0,0.0,0.0,,,
2026-09-08 04:15:09.480,dummy,-2.923,-0.877,0.813,280.6,0.0,0.0,,,
2026-09-08 04:15:09.531,dummy,-2.915,-0.918,0.815,281.3,0.0,0.0,,,
2026-09-08 04:15:09.583,dummy,-2.907,-0.958,0.816,281.9,0.0,0.0,,,
2026-09-08 04:15:09.635,dummy,-2.898,-0.998,0.817,282.6,0.0,0.0,,,
2026-09-08 04:15:09.687,dummy,-2.889,-1.037,0.819,283.3,0.0,0.0,,,
2026-09-08 04:15:09.740,dummy,-2.88,-1.076,0.82,284.0,0.0,0.0,,,
2026-09-08 04:15:09.792,dummy,-2.87,-1.115,0.821,284.7,0.0,0.0,,,
2026-09-08 04:15:09.847,dummy,-2.859,-1.154,0.823,285.5,0.0,0.0,,,
2026-09-08 04:15:09.899,dummy,-2.848,-1.192,0.824,286.3,0.0,0.0,,,
2026-09-08 04:15:09.952,dummy,-2.837,-1.229,0.826,287.2,0.0,0.0,,,
2026-09-08 04:15:10.004,dummy,-2.826,-1.265,0.827,288.0,0.0,0.0,,,
2026-09-08 04:15:10.055,dummy,-2.814,-1.299,0.828,288.9,0.0,0.0,,,
2026-09-08 04:15:10.106,dummy,-2.802,-1.333,0.83,289.8,0.0,0.0,,,
2026-09-08 04:15:10.159,dummy,-2.79,-1.367,0.831,290.7,0.0,0.0,,,
2026-09-08 04:15:10.211,dummy,-2.777,-1.401,0.833,291.7,0.0,0.0,,,
2026-09-08 04:15:10.263,dummy,-2.764,-1.433,0.834,292.7,0.0,0.0,,,
2026-09-08 04:15:10.314,dummy,-2.751,-1.464,0.836,293.7,0.0,0.0,,,
2026-09-08 04:15:10.365,dummy,-2.737,-1.494,0.837,294.8,0.0,0.0,,,
2026-09-08 04:15:10.416,dummy,-2.723,-1.524,0.838,295.9,0.0,0.0,,,
2026-09-08 04:15:10.468,dummy,-2.709,-1.553,0.84,297.1,0.0,0.0,,,
2026-09-08 04:15:10.519,dummy,-2.694,-1.581,0.841,298.3,0.0,0.0,,,
2026-09-08 04:15:10.570,dummy,-2.679,-1.608,0.843,299.6,0.0,0.0,,,
2026-09-08 04:15:10.623,dummy,-2.663,-1.635,0.844,301.0,0.0,0.0,,,
2026-09-08 04:15:10.674,dummy,-2.647,-1.661,0.846,302.3,0.0,0.0,,,
2026-09-08 04:15:10.725,dummy,-2.631,-1.685,0.847,303.8,0.0,0.0,,,
2026-09-08 04:15:10.776,dummy,-2.615,-1.709,0.849,305.3,0.0,0.0,,,
2026-09-08 04:15:10.827,dummy,-2.598,-1.732,0.85,306.9,0.0,0.0,,,
2026-09-08 04:15:10.879,dummy,-2.581,-1.754,0.851,308.5,0.0,0.0,,,
2026-09-08 04:15:10.930,dummy,-2.564,-1.775,0.853,310.2,0.0,0.0,,,
2026-09-08 04:15:10.982,dummy,-2.546,-1.796,0.854,312.0,0.0,0.0,,,
2026-09-08 04:15:11.034,dummy,-2.527,-1.816,0.856,313.9,0.0,0.0,,,
2026-09-08 04:15:11.085,dummy,-2.509,-1.834,0.857,315.9,0.0,0.0,,,
2026-09-08 04:15:11.136,dummy,-2.49,-1.851,0.859,317.9,0.0,0.0,,,
2026-09-08 04:15:11.187,dummy,-2.471,-1.868,0.86,320.0,0.0,0.0,,,
2026-09-08 04:15:11.237,dummy,-2.452,-1.883,0.862,322.1,0.0,0.0,,,
2026-09-08 04:15:11.289,dummy,-2.433,-1.898,0.863,324.3,0.0,0.0,,,
2026-09-08 04:15:11.340,dummy,-2.413,-1.912,0.865,326.6,0.0,0.0,,,
2026-09-08 04:15:11.391,dummy,-2.393,-1.925,0.866,329.0,0.0,0.0,,,
2026-09-08 04:15:11.442,dummy,-2.372,-1.936,0.868,331.4,0.0,0.0,,,
2026-09-08 04:15:11.494,dummy,-2.351,-1.947,0.869,333.9,0.0,0.0,,,
2026-09-08 04:15:11.546,dummy,-2.33,-1.957,0.871,336.4,0.0,0.0,,,
2026-09-08 04:15:11.597,dummy,-2.308,-1.966,0.873,339.0,0.0,0.0,,,
2026-09-08 04:15:11.648,dummy,-2.286,-1.974,0.874,341.6,0.0,0.0,,,
2026-09-08 04:15:11.700,dummy,-2.264,-1.981,0.876,344.2,0.0,0.0,,,
2026-09-08 04:15:11.751,dummy,-2.242,-1.986,0.877,346.8,0.0,0.0,,,
2026-09-08 04:15:11.803,dummy,-2.219,-1.991,0.879,349.4,0.0,0.0,,,
2026-09-08 04:15:11.854,dummy,-2.196,-1.995,0.88,352.0,0.0,0.0,,,
2026-09-08 04:15:11.905,dummy,-2.173,-1.998,0.882,354.5,0.0,0.0,,,
2026-09-08 04:15:11.956,dummy,-2.15,-1.999,0.883,357.0,0.0,0.0,,,
2026-09-08 04:15:12.007,dummy,-2.126,-2.0,0.885,359.5,0.0,0.0,,,
2026-09-08 04:15:12.058,dummy,-2.102,-2.0,0.886,1.9,0.0,0.0,,,
2026-09-08 04:15:12.109,dummy,-2.078,-1.998,0.888,4.3,0.0,0.0,,,
2026-09-08 04:15:12.160,dummy,-2.054,-1.996,0.89,6.6,0.0,0.0,,,
2026-09-08 04:15:12.212,dummy,-2.029,-1.993,0.891,8.8,0.0,0.0,,,
2026-09-08 04:15:12.263,dummy,-2.004,-1.988,0.893,10.9,0.0,0.0,,,
2026-09-08 04:15:12.315,dummy,-1.978,-1.983,0.894,13.0,0.0,0.0,,,
2026-09-08 04:15:12.366,dummy,-1.952,-1.976,0.896,15.0,0.0,0.0,,,
2026-09-08 04:15:12.418,dummy,-1.927,-1.969,0.898,16.9,0.0,0.0,,,
2026-09-08 04:15:12.469,dummy,-1.901,-1.961,0.899,18.8,0.0,0.0,,,
2026-09-08 04:15:12.520,dummy,-1.874,-1.951,0.901,20.5,0.0,0.0,,,
2026-09-08 04:15:12.571,dummy,-1.848,-1.941,0.902,22.2,0.0,0.0,,,
2026-09-08 04:15:12.624,dummy,-1.82,-1.929,0.904,23.9,0.0,0.0,,,
2026-09-08 04:15:12.675,dummy,-1.793,-1.917,0.906,25.4,0.0,0.0,,,
2026-09-08 04:15:12.727,dummy,-1.766,-1.903,0.907,26.9,0.0,0.0,,,
2026-09-08 04:15:12.780,dummy,-1.738,-1.889,0.909,28.3,0.0,0.0,,,
2026-09-08 04:15:12.831,dummy,-1.71,-1.873,0.91,29.6,0.0,0.0,,,
2026-09-08 04:15:12.884,dummy,-1.682,-1.857,0.912,30.9,0.0,0.0,,,
2026-09-08 04:15:12.936,dummy,-1.653,-1.839,0.914,32.1,0.0,0.0,,,
2026-09-08 04:15:12.987,dummy,-1.624,-1.821,0.915,33.3,0.0,0.0,,,
2026-09-08 04:15:13.039,dummy,-1.595,-1.801,0.917,34.4,0.0,0.0,,,
2026-09-08 04:15:13.090,dummy,-1.567,-1.781,0.919,35.4,0.0,0.0,,,
2026-09-08 04:15:13.141,dummy,-1.538,-1.76,0.92,36.4,0.0,0.0,,,
2026-09-08 04:15:13.192,dummy,-1.509,-1.739,0.922,37.3,0.0,0.0,,,
2026-09-08 04:15:13.243,dummy,-1.479,-1.716,0.924,38.2,0.0,0.0,,,
2026-09-08 04:15:13.295,dummy,-1.45,-1.692,0.925,39.1,0.0,0.0,,,
2026-09-08 04:15:13.346,dummy,-1.42,-1.668,0.927,39.9,0.0,0.0,,,
2026-09-08 04:15:13.397,dummy,-1.39,-1.643,0.928,40.6,0.0,0.0,,,
2026-09-08 04:15:13.449,dummy,-1.36,-1.616,0.93,41.4,0.0,0.0,,,
2026-09-08 04:15:13.500,dummy,-1.33,-1.589,0.932,42.1,0.0,0.0,,,
2026-09-08 04:15:13.551,dummy,-1.3,-1.562,0.933,42.7,0.0,0.0,,,
2026-09-08 04:15:13.602,dummy,-1.269,-1.533,0.935,43.4,0.0,0.0,,,
2026-09-08 04:15:13.653,dummy,-1.238,-1.504,0.937,44.0,0.0,0.0,,,
2026-09-08 04:15:13.704,dummy,-1.207,-1.474,0.938,44.6,0.0,0.0,,,
2026-09-08 04:15:13.756,dummy,-1.176,-1.443,0.94,45.1,0.0,0.0,,,
2026-09-08 04:15:13.807,dummy,-1.145,-1.411,0.942,45.6,0.0,0.0,,,
2026-09-08 04:15:13.859,dummy,-1.114,-1.379,0.943,46.1,0.0,0.0,,,
2026-09-08 04:15:13.910,dummy,-1.082,-1.346,0.945,46.6,0.0,0.0,,,
2026-09-08 04:15:13.961,dummy,-1.05,-1.312,0.947,47.1,0.0,0.0,,,
2026-09-08 04:15:14.012,dummy,-1.019,-1.278,0.948,47.5,0.0,0.0,,,
2026-09-08 04:15:14.064,dummy,-0.987,-1.242,0.95,47.9,0.0,0.0,,,
2026-09-08 04:15:14.115,dummy,-0.955,-1.207,0.952,48.3,0.0,0.0,,,
2026-09-08 04:15:14.168,dummy,-0.922,-1.17,0.953,48.7,0.0,0.0,,,
2026-09-08 04:15:14.220,dummy,-0.889,-1.132,0.955,49.0,0.0,0.0,,,
2026-09-08 04:15:14.271,dummy,-0.856,-1.094,0.957,49.3,0.0,0.0,,,
2026-09-08 04:15:14.323,dummy,-0.824,-1.056,0.958,49.7,0.0,0.0,,,
2026-09-08 04:15:14.374,dummy,-0.791,-1.017,0.96,50.0,0.0,0.0,,,
2026-09-08 04:15:14.426,dummy,-0.758,-0.978,0.962,50.2,0.0,0.0,,,
2026-09-08 04:15:14.477,dummy,-0.726,-0.939,0.963,50.5,0.0,0.0,,,
2026-09-08 04:15:14.528,dummy,-0.693,-0.899,0.965,50.8,0.0,0.0,,,
2026-09-08 04:15:14.579,dummy,-0.66,-0.858,0.967,51.0,0.0,0.0,,,
2026-09-08 04:15:14.631,dummy,-0.627,-0.817,0.968,51.2,0.0,0.0,,,
2026-09-08 04:15:14.682,dummy,-0.594,-0.776,0.97,51.4,0.0,0.0,,,
2026-09-08 04:15:14.735,dummy,-0.56,-0.733,0.972,51.6,0.0,0.0,,,
2026-09-08 04:15:14.787,dummy,-0.526,-0.69,0.974,51.8,0.0,0.0,,,
2026-09-08 04:15:14.840,dummy,-0.491,-0.646,0.975,52.0,0.0,0.0,,,
2026-09-08 04:15:14.891,dummy,-0.458,-0.603,0.977,52.1,0.0,0.0,,,
2026-09-08 04:15:14.944,dummy,-0.423,-0.559,0.979,52.3,0.0,0.0,,,
2026-09-08 04:15:14.996,dummy,-0.389,-0.515,0.98,52.4,0.0,0.0,,,
2026-09-08 04:15:15.048,dummy,-0.355,-0.47,0.982,52.5,0.0,0.0,,,
2026-09-08 04:15:15.099,dummy,-0.322,-0.426,0.984,52.6,0.0,0.0,,,
2026-09-08 04:15:15.151,dummy,-0.288,-0.382,0.986,52.7,0.0,0.0,,,
2026-09-08 04:15:15.202,dummy,-0.254,-0.337,0.987,52.8,0.0,0.0,,,
2026-09-08 04:15:15.254,dummy,-0.22,-0.293,0.989,52.9,0.0,0.0,,,
2026-09-08 04:15:15.305,dummy,-0.186,-0.248,0.991,53.0,0.0,0.0,,,
2026-09-08 04:15:15.356,dummy,-0.152,-0.203,0.992,53.0,0.0,0.0,,,
2026-09-08 04:15:15.470,dummy,-0.078,-0.104,0.996,53.1,0.0,0.0,,,
2026-09-08 04:15:15.541,dummy,-0.031,-0.041,0.998,53.1,0.0,0.0,,,
2026-09-08 04:15:15.625,dummy,0.025,0.033,1.001,53.1,0.0,0.0,,,
2026-09-08 04:15:15.702,dummy,0.076,0.101,1.004,53.1,0.0,0.0,,,
2026-09-08 04:15:15.754,dummy,0.11,0.146,1.005,53.1,0.0,0.0,,,
2026-09-08 04:15:15.805,dummy,0.144,0.191,1.007,53.0,0.0,0.0,,,
2026-09-08 04:15:15.856,dummy,0.177,0.236,1.009,53.0,0.0,0.0,,,
2026-09-08 04:15:15.908,dummy,0.211,0.281,1.011,52.9,0.0,0.0,,,
2026-09-08 04:15:15.960,dummy,0.245,0.326,1.012,52.9,0.0,0.0,,,
2026-09-08 04:15:16.012,dummy,0.28,0.371,1.014,52.8,0.0,0.0,,,
2026-09-08 04:15:16.064,dummy,0.314,0.416,1.016,52.7,0.0,0.0,,,
2026-09-08 04:15:16.115,dummy,0.347,0.46,1.017,52.6,0.0,0.0,,,
2026-09-08 04:15:16.167,dummy,0.382,0.505,1.019,52.4,0.0,0.0,,,
2026-09-08 04:15:16.219,dummy,0.416,0.549,1.021,52.3,0.0,0.0,,,
2026-09-08 04:15:16.271,dummy,0.449,0.592,1.023,52.2,0.0,0.0,,,
2026-09-08 04:15:16.322,dummy,0.483,0.635,1.024,52.0,0.0,0.0,,,
2026-09-08 04:15:16.376,dummy,0.518,0.68,1.026,51.8,0.0,0.0,,,
2026-09-08 04:15:16.428,dummy,0.551,0.723,1.028,51.7,0.0,0.0,,,
2026-09-08 04:15:16.480,dummy,0.585,0.765,1.029,51.5,0.0,0.0,,,
2026-09-08 04:15:16.532,dummy,0.619,0.807,1.031,51.3,0.0,0.0,,,
2026-09-08 04:15:16.583,dummy,0.652,0.848,1.033,51.0,0.0,0.0,,,
2026-09-08 04:15:16.635,dummy,0.685,0.889,1.034,50.8,0.0,0.0,,,
2026-09-08 04:15:16.687,dummy,0.718,0.93,1.036,50.6,0.0,0.0,,,
2026-09-08 04:15:16.738,dummy,0.751,0.97,1.038,50.3,0.0,0.0,,,
2026-09-08 04:15:16.790,dummy,0.784,1.009,1.04,50.0,0.0,0.0,,,
2026-09-08 04:15:16.841,dummy,0.817,1.048,1.041,49.7,0.0,0.0,,,
2026-09-08 04:15:16.893,dummy,0.85,1.087,1.043,49.4,0.0,0.0,,,
2026-09-08 04:15:16.944,dummy,0.882,1.124,1.045,49.1,0.0,0.0,,,
2026-09-08 04:15:17.003,dummy,0.915,1.162,1.046,48.7,0.0,0.0,,,
2026-09-08 04:15:17.054,dummy,0.951,1.203,1.048,48.3,0.0,0.0,,,
2026-09-08 04:15:17.110,dummy,0.986,1.242,1.05,47.9,0.0,0.0,,,
2026-09-08 04:15:17.162,dummy,1.018,1.277,1.052,47.5,0.0,0.0,,,
2026-09-08 04:15:17.213,dummy,1.05,1.312,1.053,47.1,0.0,0.0,,,
2026-09-08 04:15:17.264,dummy,1.082,1.345,1.055,46.6,0.0,0.0,,,
2026-09-08 04:15:17.316,dummy,1.114,1.379,1.057,46.1,0.0,0.0,,,
2026-09-08 04:15:17.367,dummy,1.145,1.411,1.058,45.6,0.0,0.0,,,
2026-09-08 04:15:17.419,dummy,1.176,1.443,1.06,45.1,0.0,0.0,,,
2026-09-08 04:15:17.470,dummy,1.207,1.473,1.062,44.6,0.0,0.0,,,
2026-09-08 04:15:17.521,dummy,1.238,1.504,1.063,44.0,0.0,0.0,,,
2026-09-08 04:15:17.575,dummy,1.269,1.533,1.065,43.4,0.0,0.0,,,
2026-09-08 04:15:17.627,dummy,1.301,1.563,1.067,42.7,0.0,0.0,,,
2026-09-08 04:15:17.679,dummy,1.332,1.591,1.068,42.0,0.0,0.0,,,
2026-09-08 04:15:17.730,dummy,1.363,1.619,1.07,41.3,0.0,0.0,,,
2026-09-08 04:15:17.782,dummy,1.393,1.645,1.072,40.6,0.0,0.0,,,
2026-09-08 04:15:17.833,dummy,1.423,1.67,1.073,39.8,0.0,0.0,,,
2026-09-08 04:15:17.885,dummy,1.453,1.695,1.075,39.0,0.0,0.0,,,
2026-09-08 04:15:17.937,dummy,1.483,1.719,1.077,38.1,0.0,0.0,,,
2026-09-08 04:15:17.990,dummy,1.512,1.741,1.078,37.2,0.0,0.0,,,
2026-09-08 04:15:18.042,dummy,1.542,1.764,1.08,36.2,0.0,0.0,,,
2026-09-08 04:15:18.094,dummy,1.571,1.785,1.082,35.2,0.0,0.0,,,
2026-09-08 04:15:18.146,dummy,1.601,1.805,1.083,34.2,0.0,0.0,,,
2026-09-08 04:15:18.198,dummy,1.629,1.824,1.085,33.1,0.0,0.0,,,
2026-09-08 04:15:18.250,dummy,1.659,1.843,1.087,31.9,0.0,0.0,,,
2026-09-08 04:15:18.302,dummy,1.687,1.86,1.088,30.7,0.0,0.0,,,
2026-09-08 04:15:18.354,dummy,1.715,1.876,1.09,29.4,0.0,0.0,,,
2026-09-08 04:15:18.406,dummy,1.743,1.892,1.092,28.0,0.0,0.0,,,
2026-09-08 04:15:18.460,dummy,1.771,1.906,1.093,26.6,0.0,0.0,,,
2026-09-08 04:15:18.512,dummy,1.8,1.92,1.095,25.0,0.0,0.0,,,
2026-09-08 04:15:18.563,dummy,1.827,1.932,1.096,23.5,0.0,0.0,,,
2026-09-08 04:15:18.614,dummy,1.853,1.943,1.098,21.9,0.0,0.0,,,
2026-09-08 04:15:18.666,dummy,1.88,1.953,1.1,20.2,0.0,0.0,,,
2026-09-08 04:15:18.717,dummy,1.906,1.963,1.101,18.4,0.0,0.0,,,
2026-09-08 04:15:18.768,dummy,1.932,1.971,1.103,16.5,0.0,0.0,,,
2026-09-08 04:15:18.820,dummy,1.958,1.978,1.104,14.6,0.0,0.0,,,
2026-09-08 04:15:18.871,dummy,1.983,1.984,1.106,12.6,0.0,0.0,,,
2026-09-08 04:15:18.923,dummy,2.009,1.989,1.108,10.5,0.0,0.0,,,
2026-09-08 04:15:18.975,dummy,2.034,1.994,1.109,8.3,0.0,0.0,,,
2026-09-08 04:15:19.027,dummy,2.059,1.997,1.111,6.0,0.0,0.0,,,
2026-09-08 04:15:19.079,dummy,2.084,1.999,1.112,3.7,0.0,0.0,,,
2026-09-08 04:15:19.131,dummy,2.109,2.0,1.114,1.2,0.0,0.0,,,
2026-09-08 04:15:19.184,dummy,2.134,2.0,1.116,358.7,0.0,0.0,,,
2026-09-08 04:15:19.235,dummy,2.157,1.999,1.117,356.2,0.0,0.0,,,
2026-09-08 04:15:19.287,dummy,2.181,1.997,1.119,353.7,0.0,0.0,,,
2026-09-08 04:15:19.340,dummy,2.204,1.994,1.12,351.1,0.0,0.0,,,
2026-09-08 04:15:19.392,dummy,2.228,1.989,1.122,348.4,0.0,0.0,,,
2026-09-08 04:15:19.444,dummy,2.251,1.984,1.123,345.8,0.0,0.0,,,
2026-09-08 04:15:19.495,dummy,2.273,1.978,1.125,343.2,0.0,0.0,,,
2026-09-08 04:15:19.547,dummy,2.295,1.971,1.127,340.6,0.0,0.0,,,
2026-09-08 04:15:19.599,dummy,2.317,1.962,1.128,337.9,0.0,0.0,,,
2026-09-08 04:15:19.650,dummy,2.338,1.953,1.13,335.4,0.0,0.0,,,
2026-09-08 04:15:19.701,dummy,2.359,1.943,1.131,332.9,0.0,0.0,,,
2026-09-08 04:15:19.753,dummy,2.38,1.932,1.133,330.4,0.0,0.0,,,
2026-09-08 04:15:19.804,dummy,2.401,1.92,1.134,328.0,0.0,0.0,,,
2026-09-08 04:15:19.858,dummy,2.422,1.906,1.136,325.6,0.0,0.0,,,
2026-09-08 04:15:19.909,dummy,2.442,1.891,1.137,323.3,0.0,0.0,,,
2026-09-08 04:15:19.961,dummy,2.461,1.876,1.139,321.1,0.0,0.0,,,
2026-09-08 04:15:20.013,dummy,2.481,1.86,1.14,318.9,0.0,0.0,,,
2026-09-08 04:15:20.064,dummy,2.5,1.843,1.142,316.9,0.0,0.0,,,
2026-09-08 04:15:20.116,dummy,2.518,1.825,1.143,314.9,0.0,0.0,,,
2026-09-08 04:15:20.167,dummy,2.536,1.806,1.145,313.0,0.0,0.0,,,
2026-09-08 04:15:20.219,dummy,2.554,1.786,1.146,311.1,0.0,0.0,,,
2026-09-08 04:15:20.271,dummy,2.572,1.765,1.148,309.4,0.0,0.0,,,
2026-09-08 04:15:20.323,dummy,2.59,1.743,1.149,307.7,0.0,0.0,,,
2026-09-08 04:15:20.374,dummy,2.607,1.72,1.151,306.0,0.0,0.0,,,
2026-09-08 04:15:20.426,dummy,2.624,1.697,1.152,304.5,0.0,0.0,,,
2026-09-08 04:15:20.477,dummy,2.64,1.672,1.154,303.0,0.0,0.0,,,
2026-09-08 04:15:20.530,dummy,2.656,1.647,1.155,301.6,0.0,0.0,,,
2026-09-08 04:15:20.581,dummy,2.672,1.62,1.157,300.2,0.0,0.0,,,
2026-09-08 04:15:20.633,dummy,2.687,1.593,1.158,298.9,0.0,0.0,,,
2026-09-08 04:15:20.685,dummy,2.702,1.565,1.16,297.6,0.0,0.0,,,
2026-09-08 04:15:20.737,dummy,2.717,1.536,1.161,296.4,0.0,0.0,,,
2026-09-08 04:15:20.791,dummy,2.732,1.505,1.162,295.2,0.0,0.0,,,
2026-09-08 04:15:20.843,dummy,2.746,1.475,1.164,294.1,0.0,0.0,,,
2026-09-08 04:15:20.894,dummy,2.759,1.444,1.165,293.0,0.0,0.0,,,
2026-09-08 04:15:20.946,dummy,2.773,1.412,1.167,292.0,0.0,0.0,,,
2026-09-08 04:15:20.998,dummy,2.785,1.379,1.168,291.0,0.0,0.0,,,
2026-09-08 04:15:21.049,dummy,2.798,1.346,1.17,290.1,0.0,0.0,,,
2026-09-08 04:15:21.100,dummy,2.81,1.313,1.171,289.2,0.0,0.0,,,
2026-09-08 04:15:21.152,dummy,2.822,1.278,1.172,288.3,0.0,0.0,,,
2026-09-08 04:15:21.203,dummy,2.833,1.243,1.174,287.5,0.0,0.0,,,
2026-09-08 04:15:21.255,dummy,2.844,1.207,1.175,286.7,0.0,0.0,,,
2026-09-08 04:15:21.307,dummy,2.855,1.17,1.177,285.9,0.0,0.0,,,
2026-09-08 04:15:21.359,dummy,2.865,1.133,1.178,285.1,0.0,0.0,,,
2026-09-08 04:15:21.410,dummy,2.875,1.095,1.179,284.4,0.0,0.0,,,
2026-09-08 04:15:21.462,dummy,2.884,1.057,1.181,283.7,0.0,0.0,,,
2026-09-08 04:15:21.513,dummy,2.894,1.018,1.182,283.0,0.0,0.0,,,
2026-09-08 04:15:21.565,dummy,2.902,0.979,1.183,282.3,0.0,0.0,,,
2026-09-08 04:15:21.617,dummy,2.911,0.938,1.185,281.6,0.0,0.0,,,
2026-09-08 04:15:21.669,dummy,2.919,0.898,1.186,281.0,0.0,0.0,,,
2026-09-08 04:15:21.720,dummy,2.927,0.858,1.187,280.3,0.0,0.0,,,
2026-09-08 04:15:21.771,dummy,2.934,0.817,1.189,279.7,0.0,0.0,,,
2026-09-08 04:15:21.823,dummy,2.941,0.775,1.19,279.1,0.0,0.0,,,
2026-09-08 04:15:21.875,dummy,2.947,0.733,1.191,278.6,0.0,0.0,,,
2026-09-08 04:15:21.927,dummy,2.954,0.69,1.193,278.0,0.0,0.0,,,
2026-09-08 04:15:21.979,dummy,2.959,0.647,1.194,277.4,0.0,0.0,,,
2026-09-08 04:15:22.033,dummy,2.965,0.604,1.195,276.9,0.0,0.0,,,
2026-09-08 04:15:22.085,dummy,2.97,0.558,1.197,276.3,0.0,0.0,,,
2026-09-08 04:15:22.137,dummy,2.975,0.514,1.198,275.7,0.0,0.0,,,
2026-09-08 04:15:22.189,dummy,2.979,0.47,1.199,275.2,0.0,0.0,,,
2026-09-08 04:15:22.241,dummy,2.983,0.425,1.2,274.7,0.0,0.0,,,
2026-09-08 04:15:22.293,dummy,2.986,0.38,1.202,274.2,0.0,0.0,,,
2026-09-08 04:15:22.344,dummy,2.989,0.336,1.203,273.7,0.0,0.0,,,
2026-09-08 04:15:22.395,dummy,2.992,0.291,1.204,273.2,0.0,0.0,,,
2026-09-08 04:15:22.447,dummy,2.994,0.247,1.205,272.7,0.0,0.0,,,
2026-09-08 04:15:22.498,dummy,2.996,0.202,1.207,272.2,0.0,0.0,,,
2026-09-08 04:15:22.550,dummy,2.998,0.156,1.208,271.7,0.0,0.0,,,
2026-09-08 04:15:22.601,dummy,2.999,0.111,1.209,271.2,0.0,0.0,,,
2026-09-08 04:15:22.652,dummy,3.0,0.066,1.21,270.7,0.0,0.0,,,
2026-09-08 04:15:22.704,dummy,3.0,0.021,1.212,270.2,0.0,0.0,,,
2026-09-08 04:15:22.756,dummy,3.0,-0.025,1.213,269.7,0.0,0.0,,,
2026-09-08 04:15:22.808,dummy,3.0,-0.071,1.214,269.2,0.0,0.0,,,
2026-09-08 04:15:22.859,dummy,2.999,-0.116,1.215,268.8,0.0,0.0,,,
2026-09-08 04:15:22.911,dummy,2.998,-0.161,1.216,268.3,0.0,0.0,,,
2026-09-08 04:15:22.963,dummy,2.996,-0.206,1.218,267.8,0.0,0.0,,,
2026-09-08 04:15:23.014,dummy,2.994,-0.252,1.219,267.3,0.0,0.0,,,
2026-09-08 04:15:23.066,dummy,2.992,-0.297,1.22,266.8,0.0,0.0,,,
2026-09-08 04:15:23.117,dummy,2.989,-0.341,1.221,266.3,0.0,0.0,,,
2026-09-08 04:15:23.169,dummy,2.986,-0.386,1.222,265.8,0.0,0.0,,,
2026-09-08 04:15:23.220,dummy,2.982,-0.43,1.223,265.3,0.0,0.0,,,
2026-09-08 04:15:23.272,dummy,2.979,-0.474,1.224,264.7,0.0,0.0,,,
2026-09-08 04:15:23.323,dummy,2.974,-0.518,1.226,264.2,0.0,0.0,,,
2026-09-08 04:15:23.375,dummy,2.97,-0.562,1.227,263.7,0.0,0.0,,,
2026-09-08 04:15:23.426,dummy,2.965,-0.605,1.228,263.1,0.0,0.0,,,
2026-09-08 04:15:23.478,dummy,2.959,-0.648,1.229,262.6,0.0,0.0,,,
2026-09-08 04:15:23.531,dummy,2.953,-0.693,1.23,262.0,0.0,0.0,,,
2026-09-08 04:15:23.583,dummy,2.947,-0.735,1.231,261.4,0.0,0.0,,,
2026-09-08 04:15:23.635,dummy,2.94,-0.777,1.232,260.8,0.0,0.0,,,
2026-09-08 04:15:23.686,dummy,2.934,-0.819,1.233,260.2,0.0,0.0,,,
2026-09-08 04:15:23.740,dummy,2.926,-0.862,1.234,259.6,0.0,0.0,,,
2026-09-08 04:15:23.792,dummy,2.918,-0.903,1.235,259.0,0.0,0.0,,,
2026-09-08 04:15:23.843,dummy,2.91,-0.943,1.237,258.3,0.0,0.0,,,
2026-09-08 04:15:23.895,dummy,2.902,-0.983,1.238,257.7,0.0,0.0,,,
2026-09-08 04:15:23.946,dummy,2.893,-1.022,1.239,257.0,0.0,0.0,,,
2026-09-08 04:15:23.997,dummy,2.884,-1.06,1.24,256.3,0.0,0.0,,,
2026-09-08 04:15:24.049,dummy,2.874,-1.098,1.241,255.6,0.0,0.0,,,
2026-09-08 04:15:24.101,dummy,2.864,-1.136,1.242,254.8,0.0,0.0,,,
2026-09-08 04:15:24.153,dummy,2.854,-1.173,1.243,254.1,0.0,0.0,,,
2026-09-08 04:15:24.205,dummy,2.843,-1.21,1.244,253.3,0.0,0.0,,,
2026-09-08 04:15:24.256,dummy,2.832,-1.246,1.245,252.4,0.0,0.0,,,
2026-09-08 04:15:24.307,dummy,2.821,-1.281,1.246,251.6,0.0,0.0,,,
2026-09-08 04:15:24.358,dummy,2.809,-1.315,1.247,250.7,0.0,0.0,,,
2026-09-08 04:15:24.410,dummy,2.797,-1.349,1.248,249.8,0.0,0.0,,,
2026-09-08 04:15:24.461,dummy,2.784,-1.382,1.248,248.9,0.0,0.0,,,
2026-09-08 04:15:24.513,dummy,2.771,-1.415,1.249,247.9,0.0,0.0,,,
2026-09-08 04:15:24.565,dummy,2.758,-1.446,1.25,246.9,0.0,0.0,,,
2026-09-08 04:15:24.616,dummy,2.745,-1.477,1.251,245.8,0.0,0.0,,,
2026-09-08 04:15:24.667,dummy,2.731,-1.507,1.252,244.7,0.0,0.0,,,
2026-09-08 04:15:24.719,dummy,2.717,-1.537,1.253,243.6,0.0,0.0,,,
2026-09-08 04:15:24.770,dummy,2.702,-1.565,1.254,242.4,0.0,0.0,,,
2026-09-08 04:15:24.822,dummy,2.687,-1.593,1.255,241.1,0.0,0.0,,,
2026-09-08 04:15:24.875,dummy,2.671,-1.621,1.256,239.8,0.0,0.0,,,
2026-09-08 04:15:24.931,dummy,2.656,-1.647,1.257,238.4,0.0,0.0,,,
2026-09-08 04:15:24.983,dummy,2.638,-1.675,1.258,236.8,0.0,0.0,,,
2026-09-08 04:15:25.035,dummy,2.622,-1.699,1.259,235.3,0.0,0.0,,,
2026-09-08 04:15:25.087,dummy,2.605,-1.723,1.259,233.8,0.0,0.0,,,
2026-09-08 04:15:25.139,dummy,2.588,-1.746,1.26,232.1,0.0,0.0,,,
2026-09-08 04:15:25.190,dummy,2.57,-1.767,1.261,230.4,0.0,0.0,,,
2026-09-08 04:15:25.242,dummy,2.553,-1.788,1.262,228.7,0.0,0.0,,,
2026-09-08 04:15:25.293,dummy,2.535,-1.808,1.263,226.8,0.0,0.0,,,
2026-09-08 04:15:25.345,dummy,2.516,-1.827,1.264,224.9,0.0,0.0,,,
2026-09-08 04:15:25.396,dummy,2.498,-1.845,1.264,222.9,0.0,0.0,,,
2026-09-08 04:15:25.448,dummy,2.479,-1.862,1.265,220.8,0.0,0.0,,,
2026-09-08 04:15:25.500,dummy,2.459,-1.878,1.266,218.7,0.0,0.0,,,
2026-09-08 04:15:25.552,dummy,2.439,-1.893,1.267,216.4,0.0,0.0,,,
2026-09-08 04:15:25.603,dummy,2.419,-1.907,1.268,214.1,0.0,0.0,,,
2026-09-08 04:15:25.655,dummy,2.399,-1.921,1.268,211.8,0.0,0.0,,,
2026-09-08 04:15:25.707,dummy,2.378,-1.933,1.269,209.3,0.0,0.0,,,
2026-09-08 04:15:25.758,dummy,2.357,-1.944,1.27,206.9,0.0,0.0,,,
2026-09-08 04:15:25.810,dummy,2.336,-1.954,1.271,204.4,0.0,0.0,,,
2026-09-08 04:15:25.861,dummy,2.315,-1.963,1.271,201.8,0.0,0.0,,,
2026-09-08 04:15:25.914,dummy,2.292,-1.972,1.272,199.1,0.0,0.0,,,
2026-09-08 04:15:25.966,dummy,2.27,-1.979,1.273,196.5,0.0,0.0,,,
2026-09-08 04:15:26.018,dummy,2.248,-1.985,1.273,193.9,0.0,0.0,,,
2026-09-08 04:15:26.069,dummy,2.225,-1.99,1.274,191.3,0.0,0.0,,,
2026-09-08 04:15:26.121,dummy,2.202,-1.994,1.275,188.7,0.0,0.0,,,
2026-09-08 04:15:26.172,dummy,2.179,-1.997,1.276,186.1,0.0,0.0,,,
2026-09-08 04:15:26.224,dummy,2.155,-1.999,1.276,183.6,0.0,0.0,,,
2026-09-08 04:15:26.275,dummy,2.132,-2.0,1.277,181.1,0.0,0.0,,,
2026-09-08 04:15:26.327,dummy,2.108,-2.0,1.278,178.6,0.0,0.0,,,
2026-09-08 04:15:26.379,dummy,2.083,-1.999,1.278,176.2,0.0,0.0,,,
2026-09-08 04:15:26.431,dummy,2.058,-1.997,1.279,173.9,0.0,0.0,,,
2026-09-08 04:15:26.482,dummy,2.033,-1.993,1.279,171.6,0.0,0.0,,,
2026-09-08 04:15:26.536,dummy,2.008,-1.989,1.28,169.4,0.0,0.0,,,
2026-09-08 04:15:26.588,dummy,1.982,-1.984,1.281,167.3,0.0,0.0,,,
2026-09-08 04:15:26.640,dummy,1.956,-1.977,1.281,165.2,0.0,0.0,,,
2026-09-08 04:15:26.692,dummy,1.929,-1.97,1.282,163.3,0.0,0.0,,,
2026-09-08 04:15:26.744,dummy,1.903,-1.962,1.282,161.4,0.0,0.0,,,
2026-09-08 04:15:26.796,dummy,1.877,-1.952,1.283,159.6,0.0,0.0,,,
2026-09-08 04:15:26.847,dummy,1.85,-1.942,1.284,157.9,0.0,0.0,,,
2026-09-08 04:15:26.903,dummy,1.821,-1.929,1.284,156.2,0.0,0.0,,,
2026-09-08 04:15:26.957,dummy,1.792,-1.916,1.285,154.5,0.0,0.0,,,
2026-09-08 04:15:27.009,dummy,1.765,-1.903,1.285,153.1,0.0,0.0,,,
2026-09-08 04:15:27.060,dummy,1.737,-1.888,1.286,151.7,0.0,0.0,,,
2026-09-08 04:15:27.112,dummy,1.709,-1.873,1.286,150.4,0.0,0.0,,,
2026-09-08 04:15:27.163,dummy,1.681,-1.857,1.287,149.1,0.0,0.0,,,
2026-09-08 04:15:27.215,dummy,1.653,-1.839,1.287,147.9,0.0,0.0,,,
2026-09-08 04:15:27.267,dummy,1.624,-1.821,1.288,146.7,0.0,0.0,,,
2026-09-08 04:15:27.319,dummy,1.595,-1.801,1.288,145.6,0.0,0.0,,,
2026-09-08 04:15:27.370,dummy,1.567,-1.781,1.289,144.6,0.0,0.0,,,
2026-09-08 04:15:27.421,dummy,1.538,-1.76,1.289,143.6,0.0,0.0,,,
2026-09-08 04:15:27.473,dummy,1.508,-1.738,1.29,142.7,0.0,0.0,,,
2026-09-08 04:15:27.525,dummy,1.479,-1.715,1.29,141.8,0.0,0.0,,,
2026-09-08 04:15:27.576,dummy,1.449,-1.692,1.291,140.9,0.0,0.0,,,
2026-09-08 04:15:27.628,dummy,1.419,-1.667,1.291,140.1,0.0,0.0,,,
2026-09-08 04:15:27.679,dummy,1.389,-1.642,1.291,139.3,0.0,0.0,,,
2026-09-08 04:15:27.731,dummy,1.359,-1.615,1.292,138.6,0.0,0.0,,,
2026-09-08 04:15:27.783,dummy,1.328,-1.588,1.292,137.9,0.0,0.0,,,
2026-09-08 04:15:27.835,dummy,1.297,-1.56,1.293,137.2,0.0,0.0,,,
2026-09-08 04:15:27.886,dummy,1.266,-1.531,1.293,136.6,0.0,0.0,,,
2026-09-08 04:15:27.938,dummy,1.236,-1.501,1.293,136.0,0.0,0.0,,,
2026-09-08 04:15:27.990,dummy,1.204,-1.471,1.294,135.4,0.0,0.0,,,
2026-09-08 04:15:28.041,dummy,1.173,-1.44,1.294,134.8,0.0,0.0,,,
2026-09-08 04:15:28.094,dummy,1.141,-1.407,1.294,134.3,0.0,0.0,,,
2026-09-08 04:15:28.145,dummy,1.11,-1.375,1.295,133.8,0.0,0.0,,,
2026-09-08 04:15:28.197,dummy,1.078,-1.341,1.295,133.3,0.0,0.0,,,
2026-09-08 04:15:28.248,dummy,1.046,-1.308,1.295,132.9,0.0,0.0,,,
2026-09-08 04:15:28.300,dummy,1.014,-1.272,1.296,132.5,0.0,0.0,,,
2026-09-08 04:15:28.351,dummy,0.982,-1.237,1.296,132.1,0.0,0.0,,,
2026-09-08 04:15:28.403,dummy,0.95,-1.202,1.296,131.7,0.0,0.0,,,
2026-09-08 04:15:28.454,dummy,0.918,-1.165,1.296,131.3,0.0,0.0,,,
2026-09-08 04:15:28.506,dummy,0.885,-1.128,1.297,130.9,0.0,0.0,,,
2026-09-08 04:15:28.558,dummy,0.853,-1.09,1.297,130.6,0.0,0.0,,,
2026-09-08 04:15:28.609,dummy,0.82,-1.052,1.297,130.3,0.0,0.0,,,
2026-09-08 04:15:28.661,dummy,0.787,-1.013,1.297,130.0,0.0,0.0,,,
2026-09-08 04:15:28.713,dummy,0.754,-0.973,1.298,129.7,0.0,0.0,,,
2026-09-08 04:15:28.764,dummy,0.721,-0.933,1.298,129.5,0.0,0.0,,,
2026-09-08 04:15:28.816,dummy,0.688,-0.893,1.298,129.2,0.0,0.0,,,
2026-09-08 04:15:28.867,dummy,0.655,-0.852,1.298,129.0,0.0,0.0,,,
2026-09-08 04:15:28.919,dummy,0.622,-0.811,1.298,128.8,0.0,0.0,,,
2026-09-08 04:15:28.970,dummy,0.588,-0.769,1.299,128.5,0.0,0.0,,,
2026-09-08 04:15:29.022,dummy,0.555,-0.727,1.299,128.4,0.0,0.0,,,
2026-09-08 04:15:29.073,dummy,0.522,-0.685,1.299,128.2,0.0,0.0,,,
2026-09-08 04:15:29.125,dummy,0.488,-0.642,1.299,128.0,0.0,0.0,,,
2026-09-08 04:15:29.176,dummy,0.455,-0.599,1.299,127.8,0.0,0.0,,,
2026-09-08 04:15:29.228,dummy,0.421,-0.556,1.299,127.7,0.0,0.0,,,
2026-09-08 04:15:29.280,dummy,0.387,-0.512,1.299,127.6,0.0,0.0,,,
2026-09-08 04:15:29.332,dummy,0.353,-0.467,1.299,127.5,0.0,0.0,,,
2026-09-08 04:15:29.384,dummy,0.319,-0.422,1.3,127.3,0.0,0.0,,,
2026-09-08 04:15:29.436,dummy,0.285,-0.378,1.3,127.2,0.0,0.0,,,
2026-09-08 04:15:29.487,dummy,0.251,-0.333,1.3,127.2,0.0,0.0,,,
2026-09-08 04:15:29.539,dummy,0.217,-0.288,1.3,127.1,0.0,0.0,,,
2026-09-08 04:15:29.592,dummy,0.183,-0.243,1.3,127.0,0.0,0.0,,,
2026-09-08 04:15:29.644,dummy,0.147,-0.196,1.3,127.0,0.0,0.0,,,
2026-09-08 04:15:29.696,dummy,0.113,-0.151,1.3,126.9,0.0,0.0,,,
2026-09-08 04:15:29.747,dummy,0.079,-0.106,1.3,126.9,0.0,0.0,,,
2026-09-08 04:15:29.799,dummy,0.045,-0.06,1.3,126.9,0.0,0.0,,,
2026-09-08 04:15:29.850,dummy,0.011,-0.015,1.3,126.9,0.0,0.0,,,
2026-09-08 04:15:29.902,dummy,-0.023,0.03,1.3,126.9,0.0,0.0,,,
2026-09-08 04:15:29.953,dummy,-0.057,0.076,1.3,126.9,0.0,0.0,,,
2026-09-08 04:15:30.005,dummy,-0.091,0.121,1.3,126.9,0.0,0.0,,,
2026-09-08 04:15:30.057,dummy,-0.125,0.166,1.3,126.9,0.0,0.0,,,
2026-09-08 04:15:30.109,dummy,-0.159,0.212,1.3,127.0,0.0,0.0,,,
2026-09-08 04:15:30.160,dummy,-0.193,0.257,1.3,127.0,0.0,0.0,,,
2026-09-08 04:15:30.212,dummy,-0.227,0.302,1.3,127.1,0.0,0.0,,,
2026-09-08 04:15:30.264,dummy,-0.261,0.347,1.3,127.2,0.0,0.0,,,
2026-09-08 04:15:30.315,dummy,-0.295,0.392,1.3,127.3,0.0,0.0,,,
2026-09-08 04:15:30.367,dummy,-0.329,0.436,1.3,127.4,0.0,0.0,,,
2026-09-08 04:15:30.419,dummy,-0.363,0.481,1.299,127.5,0.0,0.0,,,
2026-09-08 04:15:30.471,dummy,-0.397,0.525,1.299,127.6,0.0,0.0,,,
2026-09-08 04:15:30.523,dummy,-0.431,0.569,1.299,127.7,0.0,0.0,,,
2026-09-08 04:15:30.574,dummy,-0.465,0.612,1.299,127.9,0.0,0.0,,,
2026-09-08 04:15:30.626,dummy,-0.499,0.655,1.299,128.1,0.0,0.0,,,
2026-09-08 04:15:30.678,dummy,-0.532,0.698,1.299,128.2,0.0,0.0,,,
2026-09-08 04:15:30.730,dummy,-0.566,0.741,1.299,128.4,0.0,0.0,,,
2026-09-08 04:15:30.782,dummy,-0.599,0.783,1.298,128.6,0.0,0.0,,,
2026-09-08 04:15:30.833,dummy,-0.633,0.825,1.298,128.8,0.0,0.0,,,
2026-09-08 04:15:30.885,dummy,-0.666,0.866,1.298,129.0,0.0,0.0,,,
2026-09-08 04:15:30.936,dummy,-0.699,0.906,1.298,129.3,0.0,0.0,,,
2026-09-08 04:15:30.988,dummy,-0.732,0.947,1.298,129.5,0.0,0.0,,,
2026-09-08 04:15:31.040,dummy,-0.765,0.986,1.298,129.8,0.0,0.0,,,
2026-09-08 04:15:31.091,dummy,-0.798,1.026,1.297,130.1,0.0,0.0,,,
2026-09-08 04:15:31.143,dummy,-0.831,1.064,1.297,130.4,0.0,0.0,,,
2026-09-08 04:15:31.198,dummy,-0.866,1.105,1.297,130.7,0.0,0.0,,,
2026-09-08 04:15:31.250,dummy,-0.899,1.143,1.297,131.1,0.0,0.0,,,
2026-09-08 04:15:31.302,dummy,-0.931,1.18,1.296,131.4,0.0,0.0,,,
2026-09-08 04:15:31.354,dummy,-0.964,1.217,1.296,131.8,0.0,0.0,,,
2026-09-08 04:15:31.405,dummy,-0.995,1.252,1.296,132.2,0.0,0.0,,,
2026-09-08 04:15:31.457,dummy,-1.028,1.287,1.295,132.6,0.0,0.0,,,
2026-09-08 04:15:31.508,dummy,-1.06,1.322,1.295,133.1,0.0,0.0,,,
2026-09-08 04:15:31.559,dummy,-1.091,1.355,1.295,133.5,0.0,0.0,,,
2026-09-08 04:15:31.611,dummy,-1.123,1.388,1.295,134.0,0.0,0.0,,,
2026-09-08 04:15:31.662,dummy,-1.154,1.42,1.294,134.5,0.0,0.0,,,
2026-09-08 04:15:31.714,dummy,-1.185,1.452,1.294,135.0,0.0,0.0,,,
2026-09-08 04:15:31.766,dummy,-1.217,1.483,1.293,135.6,0.0,0.0,,,
2026-09-08 04:15:31.818,dummy,-1.248,1.513,1.293,136.2,0.0,0.0,,,
2026-09-08 04:15:31.869,dummy,-1.279,1.542,1.293,136.8,0.0,0.0,,,
2026-09-08 04:15:31.921,dummy,-1.31,1.571,1.292,137.5,0.0,0.0,,,
2026-09-08 04:15:31.974,dummy,-1.341,1.6,1.292,138.2,0.0,0.0,,,
2026-09-08 04:15:32.025,dummy,-1.371,1.626,1.292,138.9,0.0,0.0,,,
2026-09-08 04:15:32.077,dummy,-1.402,1.652,1.291,139.6,0.0,0.0,,,
2026-09-08 04:15:32.129,dummy,-1.432,1.677,1.291,140.4,0.0,0.0,,,
2026-09-08 04:15:32.181,dummy,-1.461,1.702,1.29,141.3,0.0,0.0,,,
2026-09-08 04:15:32.232,dummy,-1.492,1.725,1.29,142.2,0.0,0.0,,,
2026-09-08 04:15:32.284,dummy,-1.521,1.748,1.289,143.1,0.0,0.0,,,
2026-09-08 04:15:32.335,dummy,-1.55,1.769,1.289,144.0,0.0,0.0,,,
2026-09-08 04:15:32.388,dummy,-1.579,1.79,1.289,145.0,0.0,0.0,,,
2026-09-08 04:15:32.440,dummy,-1.609,1.81,1.288,146.1,0.0,0.0,,,
2026-09-08 04:15:32.492,dummy,-1.638,1.829,1.288,147.3,0.0,0.0,,,
2026-09-08 04:15:32.544,dummy,-1.666,1.847,1.287,148.4,0.0,0.0,,,
2026-09-08 04:15:32.596,dummy,-1.695,1.864,1.287,149.7,0.0,0.0,,,
2026-09-08 04:15:32.647,dummy,-1.722,1.88,1.286,151.0,0.0,0.0,,,
2026-09-08 04:15:32.699,dummy,-1.75,1.895,1.286,152.3,0.0,0.0,,,
2026-09-08 04:15:32.751,dummy,-1.778,1.909,1.285,153.8,0.0,0.0,,,
2026-09-08 04:15:32.803,dummy,-1.805,1.923,1.284,155.3,0.0,0.0,,,
2026-09-08 04:15:32.854,dummy,-1.832,1.935,1.284,156.9,0.0,0.0,,,
2026-09-08 04:15:32.909,dummy,-1.861,1.946,1.283,158.6,0.0,0.0,,,
2026-09-08 04:15:32.960,dummy,-1.887,1.956,1.283,160.3,0.0,0.0,,,
2026-09-08 04:15:33.012,dummy,-1.914,1.965,1.282,162.1,0.0,0.0,,,
2026-09-08 04:15:33.064,dummy,-1.94,1.973,1.282,164.0,0.0,0.0,,,
2026-09-08 04:15:33.117,dummy,-1.967,1.98,1.281,166.1,0.0,0.0,,,
2026-09-08 04:15:33.169,dummy,-1.992,1.986,1.28,168.1,0.0,0.0,,,
2026-09-08 04:15:33.220,dummy,-2.017,1.991,1.28,170.2,0.0,0.0,,,
2026-09-08 04:15:33.272,dummy,-2.043,1.995,1.279,172.4,0.0,0.0,,,
2026-09-08 04:15:33.323,dummy,-2.067,1.997,1.279,174.7,0.0,0.0,,,
2026-09-08 04:15:33.375,dummy,-2.092,1.999,1.278,177.1,0.0,0.0,,,
2026-09-08 04:15:33.427,dummy,-2.116,2.0,1.277,179.5,0.0,0.0,,,
2026-09-08 04:15:33.479,dummy,-2.14,2.0,1.277,182.0,0.0,0.0,,,
2026-09-08 04:15:33.531,dummy,-2.165,1.998,1.276,184.6,0.0,0.0,,,
2026-09-08 04:15:33.583,dummy,-2.188,1.996,1.275,187.1,0.0,0.0,,,
2026-09-08 04:15:33.634,dummy,-2.211,1.992,1.275,189.7,0.0,0.0,,,
2026-09-08 04:15:33.689,dummy,-2.235,1.988,1.274,192.4,0.0,0.0,,,
2026-09-08 04:15:33.741,dummy,-2.258,1.982,1.273,195.1,0.0,0.0,,,
2026-09-08 04:15:33.793,dummy,-2.28,1.976,1.272,197.7,0.0,0.0,,,
2026-09-08 04:15:33.844,dummy,-2.302,1.968,1.272,200.3,0.0,0.0,,,
2026-09-08 04:15:33.896,dummy,-2.324,1.959,1.271,202.9,0.0,0.0,,,
2026-09-08 04:15:33.947,dummy,-2.345,1.95,1.27,205.4,0.0,0.0,,,
2026-09-08 04:15:33.998,dummy,-2.366,1.939,1.27,207.9,0.0,0.0,,,
2026-09-08 04:15:34.050,dummy,-2.387,1.928,1.269,210.4,0.0,0.0,,,
2026-09-08 04:15:34.101,dummy,-2.408,1.915,1.268,212.8,0.0,0.0,,,
2026-09-08 04:15:34.153,dummy,-2.427,1.902,1.267,215.1,0.0,0.0,,,
2026-09-08 04:15:34.205,dummy,-2.448,1.887,1.266,217.4,0.0,0.0,,,
2026-09-08 04:15:34.256,dummy,-2.467,1.872,1.266,219.6,0.0,0.0,,,
2026-09-08 04:15:34.308,dummy,-2.486,1.855,1.265,221.7,0.0,0.0,,,
2026-09-08 04:15:34.359,dummy,-2.505,1.838,1.264,223.7,0.0,0.0,,,
2026-09-08 04:15:34.411,dummy,-2.524,1.819,1.263,225.7,0.0,0.0,,,
2026-09-08 04:15:34.462,dummy,-2.542,1.8,1.262,227.6,0.0,0.0,,,
2026-09-08 04:15:34.513,dummy,-2.56,1.78,1.262,229.4,0.0,0.0,,,
2026-09-08 04:15:34.566,dummy,-2.578,1.758,1.261,231.1,0.0,0.0,,,
2026-09-08 04:15:34.617,dummy,-2.595,1.737,1.26,232.8,0.0,0.0,,,
2026-09-08 04:15:34.668,dummy,-2.612,1.714,1.259,234.4,0.0,0.0,,,
2026-09-08 04:15:34.719,dummy,-2.628,1.69,1.258,235.9,0.0,0.0,,,
2026-09-08 04:15:34.770,dummy,-2.644,1.666,1.257,237.4,0.0,0.0,,,
2026-09-08 04:15:34.822,dummy,-2.66,1.64,1.257,238.8,0.0,0.0,,,
2026-09-08 04:15:34.873,dummy,-2.675,1.614,1.256,240.1,0.0,0.0,,,
2026-09-08 04:15:34.925,dummy,-2.691,1.587,1.255,241.4,0.0,0.0,,,
2026-09-08 04:15:34.976,dummy,-2.705,1.559,1.254,242.6,0.0,0.0,,,
2026-09-08 04:15:35.027,dummy,-2.72,1.53,1.253,243.8,0.0,0.0,,,
2026-09-08 04:15:35.078,dummy,-2.734,1.501,1.252,245.0,0.0,0.0,,,
2026-09-08 04:15:35.129,dummy,-2.748,1.471,1.251,246.0,0.0,0.0,,,
2026-09-08 04:15:35.180,dummy,-2.761,1.44,1.25,247.1,0.0,0.0,,,
2026-09-08 04:15:35.232,dummy,-2.774,1.408,1.249,248.1,0.0,0.0,,,
2026-09-08 04:15:35.283,dummy,-2.787,1.376,1.248,249.1,0.0,0.0,,,
2026-09-08 04:15:35.349,dummy,-2.802,1.333,1.247,250.2,0.0,0.0,,,
2026-09-08 04:15:35.401,dummy,-2.815,1.299,1.246,251.2,0.0,0.0,,,
2026-09-08 04:15:35.452,dummy,-2.826,1.264,1.245,252.0,0.0,0.0,,,
2026-09-08 04:15:35.503,dummy,-2.837,1.229,1.244,252.8,0.0,0.0,,,
2026-09-08 04:15:35.554,dummy,-2.848,1.193,1.243,253.6,0.0,0.0,,,
2026-09-08 04:15:35.606,dummy,-2.859,1.157,1.242,254.4,0.0,0.0,,,
2026-09-08 04:15:35.657,dummy,-2.869,1.12,1.241,255.2,0.0,0.0,,,
2026-09-08 04:15:35.709,dummy,-2.878,1.082,1.24,255.9,0.0,0.0,,,
2026-09-08 04:15:35.760,dummy,-2.888,1.043,1.239,256.6,0.0,0.0,,,
2026-09-08 04:15:35.811,dummy,-2.897,1.005,1.238,257.3,0.0,0.0,,,
2026-09-08 04:15:35.862,dummy,-2.905,0.966,1.237,257.9,0.0,0.0,,,
2026-09-08 04:15:35.913,dummy,-2.913,0.926,1.236,258.6,0.0,0.0,,,
2026-09-08 04:15:35.964,dummy,-2.921,0.886,1.235,259.2,0.0,0.0,,,
2026-09-08 04:15:36.016,dummy,-2.929,0.845,1.234,259.8,0.0,0.0,,,
2026-09-08 04:15:36.067,dummy,-2.936,0.804,1.233,260.4,0.0,0.0,,,
2026-09-08 04:15:36.118,dummy,-2.943,0.763,1.232,261.0,0.0,0.0,,,
2026-09-08 04:15:36.169,dummy,-2.949,0.721,1.231,261.6,0.0,0.0,,,
2026-09-08 04:15:36.220,dummy,-2.955,0.679,1.23,262.2,0.0,0.0,,,
2026-09-08 04:15:36.271,dummy,-2.961,0.636,1.229,262.7,0.0,0.0,,,
2026-09-08 04:15:36.322,dummy,-2.966,0.594,1.227,263.3,0.0,0.0,,,
2026-09-08 04:15:36.373,dummy,-2.971,0.551,1.226,263.8,0.0,0.0,,,
2026-09-08 04:15:36.425,dummy,-2.975,0.507,1.225,264.3,0.0,0.0,,,
2026-09-08 04:15:36.476,dummy,-2.98,0.463,1.224,264.9,0.0,0.0,,,
2026-09-08 04:15:36.527,dummy,-2.983,0.419,1.223,265.4,0.0,0.0,,,
2026-09-08 04:15:36.579,dummy,-2.987,0.375,1.222,265.9,0.0,0.0,,,
2026-09-08 04:15:36.630,dummy,-2.99,0.331,1.221,266.4,0.0,0.0,,,
2026-09-08 04:15:36.681,dummy,-2.992,0.286,1.22,266.9,0.0,0.0,,,
2026-09-08 04:15:36.732,dummy,-2.995,0.241,1.218,267.4,0.0,0.0,,,
2026-09-08 04:15:36.783,dummy,-2.996,0.197,1.217,267.9,0.0,0.0,,,
2026-09-08 04:15:36.834,dummy,-2.998,0.152,1.216,268.4,0.0,0.0,,,
2026-09-08 04:15:36.885,dummy,-2.999,0.107,1.215,268.8,0.0,0.0,,,
2026-09-08 04:15:36.936,dummy,-3.0,0.062,1.214,269.3,0.0,0.0,,,
2026-09-08 04:15:36.988,dummy,-3.0,0.017,1.213,269.8,0.0,0.0,,,
2026-09-08 04:15:37.039,dummy,-3.0,-0.028,1.211,270.3,0.0,0.0,,,
2026-09-08 04:15:37.091,dummy,-2.999,-0.074,1.21,270.8,0.0,0.0,,,
2026-09-08 04:15:37.142,dummy,-2.999,-0.119,1.209,271.3,0.0,0.0,,,
2026-09-08 04:15:37.193,dummy,-2.997,-0.163,1.208,271.8,0.0,0.0,,,
2026-09-08 04:15:37.244,dummy,-2.996,-0.208,1.207,272.2,0.0,0.0,,,
2026-09-08 04:15:37.295,dummy,-2.994,-0.253,1.205,272.7,0.0,0.0,,,
2026-09-08 04:15:37.346,dummy,-2.992,-0.297,1.204,273.2,0.0,0.0,,,
2026-09-08 04:15:37.397,dummy,-2.989,-0.341,1.203,273.7,0.0,0.0,,,
2026-09-08 04:15:37.450,dummy,-2.986,-0.385,1.202,274.2,0.0,0.0,,,
2026-09-08 04:15:37.502,dummy,-2.982,-0.432,1.2,274.8,0.0,0.0,,,
2026-09-08 04:15:37.552,dummy,-2.978,-0.475,1.199,275.3,0.0,0.0,,,
2026-09-08 04:15:37.603,dummy,-2.974,-0.519,1.198,275.8,0.0,0.0,,,
2026-09-08 04:15:37.654,dummy,-2.97,-0.562,1.197,276.3,0.0,0.0,,,
2026-09-08 04:15:37.706,dummy,-2.965,-0.605,1.195,276.9,0.0,0.0,,,
2026-09-08 04:15:37.757,dummy,-2.959,-0.648,1.194,277.4,0.0,0.0,,,
2026-09-08 04:15:37.808,dummy,-2.954,-0.69,1.193,278.0,0.0,0.0,,,
2026-09-08 04:15:37.859,dummy,-2.947,-0.732,1.191,278.5,0.0,0.0,,,
2026-09-08 04:15:37.911,dummy,-2.941,-0.774,1.19,279.1,0.0,0.0,,,
2026-09-08 04:15:37.962,dummy,-2.934,-0.816,1.189,279.7,0.0,0.0,,,
2026-09-08 04:15:38.013,dummy,-2.927,-0.856,1.187,280.3,0.0,0.0,,,
2026-09-08 04:15:38.065,dummy,-2.919,-0.897,1.186,280.9,0.0,0.0,,,
2026-09-08 04:15:38.116,dummy,-2.911,-0.937,1.185,281.6,0.0,0.0,,,
2026-09-08 04:15:38.168,dummy,-2.903,-0.977,1.183,282.2,0.0,0.0,,,
2026-09-08 04:15:38.219,dummy,-2.894,-1.017,1.182,282.9,0.0,0.0,,,
2026-09-08 04:15:38.270,dummy,-2.885,-1.055,1.181,283.6,0.0,0.0,,,
2026-09-08 04:15:38.321,dummy,-2.876,-1.093,1.179,284.3,0.0,0.0,,,
2026-09-08 04:15:38.372,dummy,-2.866,-1.13,1.178,285.0,0.0,0.0,,,
2026-09-08 04:15:38.423,dummy,-2.856,-1.167,1.177,285.8,0.0,0.0,,,
2026-09-08 04:15:38.475,dummy,-2.845,-1.203,1.175,286.6,0.0,0.0,,,
2026-09-08 04:15:38.526,dummy,-2.834,-1.239,1.174,287.4,0.0,0.0,,,
2026-09-08 04:15:38.577,dummy,-2.823,-1.274,1.173,288.2,0.0,0.0,,,
2026-09-08 04:15:38.628,dummy,-2.811,-1.309,1.171,289.1,0.0,0.0,,,
2026-09-08 04:15:38.679,dummy,-2.799,-1.342,1.17,290.0,0.0,0.0,,,
2026-09-08 04:15:38.730,dummy,-2.787,-1.375,1.168,290.9,0.0,0.0,,,
2026-09-08 04:15:38.785,dummy,-2.774,-1.409,1.167,291.9,0.0,0.0,,,
2026-09-08 04:15:38.836,dummy,-2.76,-1.441,1.165,293.0,0.0,0.0,,,
2026-09-08 04:15:38.888,dummy,-2.747,-1.472,1.164,294.0,0.0,0.0,,,
2026-09-08 04:15:38.939,dummy,-2.733,-1.502,1.163,295.1,0.0,0.0,,,
2026-09-08 04:15:38.990,dummy,-2.719,-1.532,1.161,296.2,0.0,0.0,,,
2026-09-08 04:15:39.041,dummy,-2.705,-1.56,1.16,297.4,0.0,0.0,,,
2026-09-08 04:15:39.093,dummy,-2.69,-1.588,1.158,298.7,0.0,0.0,,,
2026-09-08 04:15:39.144,dummy,-2.675,-1.615,1.157,299.9,0.0,0.0,,,
2026-09-08 04:15:39.195,dummy,-2.659,-1.641,1.155,301.3,0.0,0.0,,,
2026-09-08 04:15:39.246,dummy,-2.643,-1.667,1.154,302.7,0.0,0.0,,,
2026-09-08 04:15:39.298,dummy,-2.627,-1.691,1.153,304.2,0.0,0.0,,,
2026-09-08 04:15:39.352,dummy,-2.61,-1.716,1.151,305.8,0.0,0.0,,,
2026-09-08 04:15:39.404,dummy,-2.593,-1.739,1.15,307.4,0.0,0.0,,,
2026-09-08 04:15:39.456,dummy,-2.575,-1.761,1.148,309.1,0.0,0.0,,,
2026-09-08 04:15:39.508,dummy,-2.557,-1.783,1.147,310.8,0.0,0.0,,,
2026-09-08 04:15:39.560,dummy,-2.539,-1.803,1.145,312.7,0.0,0.0,,,
2026-09-08 04:15:39.611,dummy,-2.521,-1.822,1.144,314.6,0.0,0.0,,,
2026-09-08 04:15:39.662,dummy,-2.503,-1.84,1.142,316.5,0.0,0.0,,,
2026-09-08 04:15:39.714,dummy,-2.484,-1.857,1.141,318.6,0.0,0.0,,,
2026-09-08 04:15:39.766,dummy,-2.464,-1.874,1.139,320.7,0.0,0.0,,,
2026-09-08 04:15:39.816,dummy,-2.445,-1.889,1.138,322.9,0.0,0.0,,,
2026-09-08 04:15:39.868,dummy,-2.425,-1.903,1.136,325.2,0.0,0.0,,,
2026-09-08 04:15:39.919,dummy,-2.405,-1.917,1.135,327.5,0.0,0.0,,,
2026-09-08 04:15:39.972,dummy,-2.384,-1.929,1.133,330.0,0.0,0.0,,,
2026-09-08 04:15:40.024,dummy,-2.363,-1.941,1.131,332.4,0.0,0.0,,,
2026-09-08 04:15:40.077,dummy,-2.341,-1.952,1.13,335.0,0.0,0.0,,,
2026-09-08 04:15:40.128,dummy,-2.32,-1.961,1.128,337.6,0.0,0.0,,,
2026-09-08 04:15:40.180,dummy,-2.298,-1.97,1.127,340.2,0.0,0.0,,,
2026-09-08 04:15:40.232,dummy,-2.276,-1.977,1.125,342.8,0.0,0.0,,,
2026-09-08 04:15:40.283,dummy,-2.254,-1.983,1.124,345.4,0.0,0.0,,,
2026-09-08 04:15:40.335,dummy,-2.232,-1.989,1.122,348.0,0.0,0.0,,,
2026-09-08 04:15:40.387,dummy,-2.208,-1.993,1.121,350.6,0.0,0.0,,,
2026-09-08 04:15:40.439,dummy,-2.185,-1.996,1.119,353.2,0.0,0.0,,,
2026-09-08 04:15:40.490,dummy,-2.162,-1.999,1.117,355.8,0.0,0.0,,,
2026-09-08 04:15:40.542,dummy,-2.138,-2.0,1.116,358.3,0.0,0.0,,,
2026-09-08 04:15:40.593,dummy,-2.114,-2.0,1.114,0.7,0.0,0.0,,,
2026-09-08 04:15:40.644,dummy,-2.09,-1.999,1.113,3.1,0.0,0.0,,,
2026-09-08 04:15:40.695,dummy,-2.066,-1.997,1.111,5.4,0.0,0.0,,,
2026-09-08 04:15:40.747,dummy,-2.041,-1.994,1.11,7.7,0.0,0.0,,,
2026-09-08 04:15:40.798,dummy,-2.016,-1.991,1.108,9.9,0.0,0.0,,,
2026-09-08 04:15:40.850,dummy,-1.99,-1.986,1.106,12.0,0.0,0.0,,,
2026-09-08 04:15:40.901,dummy,-1.965,-1.98,1.105,14.1,0.0,0.0,,,
2026-09-08 04:15:40.952,dummy,-1.939,-1.973,1.103,16.0,0.0,0.0,,,
2026-09-08 04:15:41.003,dummy,-1.913,-1.965,1.102,17.9,0.0,0.0,,,
2026-09-08 04:15:41.055,dummy,-1.887,-1.956,1.1,19.7,0.0,0.0,,,
2026-09-08 04:15:41.109,dummy,-1.86,-1.946,1.098,21.5,0.0,0.0,,,
2026-09-08 04:15:41.160,dummy,-1.833,-1.935,1.097,23.1,0.0,0.0,,,
2026-09-08 04:15:41.212,dummy,-1.806,-1.923,1.095,24.7,0.0,0.0,,,
2026-09-08 04:15:41.264,dummy,-1.778,-1.91,1.094,26.2,0.0,0.0,,,
2026-09-08 04:15:41.315,dummy,-1.751,-1.896,1.092,27.6,0.0,0.0,,,
2026-09-08 04:15:41.367,dummy,-1.723,-1.881,1.09,29.0,0.0,0.0,,,
2026-09-08 04:15:41.418,dummy,-1.695,-1.865,1.089,30.3,0.0,0.0,,,
2026-09-08 04:15:41.470,dummy,-1.667,-1.848,1.087,31.5,0.0,0.0,,,
2026-09-08 04:15:41.521,dummy,-1.639,-1.83,1.085,32.7,0.0,0.0,,,
2026-09-08 04:15:41.573,dummy,-1.61,-1.811,1.084,33.8,0.0,0.0,,,
2026-09-08 04:15:41.624,dummy,-1.581,-1.791,1.082,34.9,0.0,0.0,,,
2026-09-08 04:15:41.676,dummy,-1.552,-1.771,1.081,35.9,0.0,0.0,,,
2026-09-08 04:15:41.727,dummy,-1.523,-1.75,1.079,36.9,0.0,0.0,,,
2026-09-08 04:15:41.778,dummy,-1.494,-1.727,1.077,37.8,0.0,0.0,,,
2026-09-08 04:15:41.830,dummy,-1.464,-1.704,1.076,38.7,0.0,0.0,,,
2026-09-08 04:15:41.882,dummy,-1.434,-1.68,1.074,39.5,0.0,0.0,,,
2026-09-08 04:15:41.933,dummy,-1.404,-1.654,1.072,40.3,0.0,0.0,,,
2026-09-08 04:15:41.985,dummy,-1.374,-1.629,1.071,41.0,0.0,0.0,,,
2026-09-08 04:15:42.037,dummy,-1.343,-1.602,1.069,41.8,0.0,0.0,,,
2026-09-08 04:15:42.089,dummy,-1.313,-1.574,1.067,42.5,0.0,0.0,,,
2026-09-08 04:15:42.140,dummy,-1.282,-1.546,1.066,43.1,0.0,0.0,,,
2026-09-08 04:15:42.192,dummy,-1.251,-1.516,1.064,43.7,0.0,0.0,,,
2026-09-08 04:15:42.244,dummy,-1.22,-1.486,1.062,44.3,0.0,0.0,,,
2026-09-08 04:15:42.295,dummy,-1.189,-1.455,1.061,44.9,0.0,0.0,,,
2026-09-08 04:15:42.347,dummy,-1.158,-1.424,1.059,45.4,0.0,0.0,,,
2026-09-08 04:15:42.398,dummy,-1.126,-1.392,1.057,45.9,0.0,0.0,,,
2026-09-08 04:15:42.450,dummy,-1.095,-1.359,1.056,46.4,0.0,0.0,,,
2026-09-08 04:15:42.501,dummy,-1.063,-1.325,1.054,46.9,0.0,0.0,,,
2026-09-08 04:15:42.553,dummy,-1.031,-1.291,1.052,47.3,0.0,0.0,,,
2026-09-08 04:15:42.604,dummy,-0.999,-1.256,1.051,47.7,0.0,0.0,,,
2026-09-08 04:15:42.655,dummy,-0.967,-1.221,1.049,48.1,0.0,0.0,,,
2026-09-08 04:15:42.708,dummy,-0.935,-1.184,1.047,48.5,0.0,0.0,,,
2026-09-08 04:15:42.760,dummy,-0.902,-1.147,1.046,48.9,0.0,0.0,,,
2026-09-08 04:15:42.811,dummy,-0.869,-1.109,1.044,49.2,0.0,0.0,,,
2026-09-08 04:15:42.865,dummy,-0.835,-1.069,1.042,49.6,0.0,0.0,,,
2026-09-08 04:15:42.917,dummy,-0.802,-1.031,1.04,49.9,0.0,0.0,,,
2026-09-08 04:15:42.969,dummy,-0.769,-0.991,1.039,50.1,0.0,0.0,,,
2026-09-08 04:15:43.028,dummy,-0.732,-0.946,1.037,50.5,0.0,0.0,,,
2026-09-08 04:15:43.080,dummy,-0.698,-0.905,1.035,50.7,0.0,0.0,,,
2026-09-08 04:15:43.131,dummy,-0.665,-0.865,1.033,51.0,0.0,0.0,,,
2026-09-08 04:15:43.183,dummy,-0.632,-0.824,1.032,51.2,0.0,0.0,,,
2026-09-08 04:15:43.234,dummy,-0.599,-0.782,1.03,51.4,0.0,0.0,,,
2026-09-08 04:15:43.287,dummy,-0.565,-0.739,1.028,51.6,0.0,0.0,,,
2026-09-08 04:15:43.338,dummy,-0.531,-0.697,1.027,51.8,0.0,0.0,,,
2026-09-08 04:15:43.391,dummy,-0.497,-0.654,1.025,52.0,0.0,0.0,,,
2026-09-08 04:15:43.442,dummy,-0.463,-0.61,1.023,52.1,0.0,0.0,,,
2026-09-08 04:15:43.494,dummy,-0.43,-0.567,1.022,52.3,0.0,0.0,,,
2026-09-08 04:15:43.545,dummy,-0.396,-0.524,1.02,52.4,0.0,0.0,,,
2026-09-08 04:15:43.597,dummy,-0.363,-0.48,1.018,52.5,0.0,0.0,,,
2026-09-08 04:15:43.648,dummy,-0.329,-0.436,1.016,52.6,0.0,0.0,,,
2026-09-08 04:15:43.700,dummy,-0.295,-0.391,1.015,52.7,0.0,0.0,,,
2026-09-08 04:15:43.752,dummy,-0.261,-0.346,1.013,52.8,0.0,0.0,,,
2026-09-08 04:15:43.804,dummy,-0.227,-0.302,1.011,52.9,0.0,0.0,,,
2026-09-08 04:15:43.855,dummy,-0.193,-0.257,1.01,53.0,0.0,0.0,,,
2026-09-08 04:15:43.907,dummy,-0.159,-0.211,1.008,53.0,0.0,0.0,,,
2026-09-08 04:15:43.958,dummy,-0.125,-0.166,1.006,53.1,0.0,0.0,,,
2026-09-08 04:15:44.010,dummy,-0.09,-0.121,1.005,53.1,0.0,0.0,,,
2026-09-08 04:15:44.062,dummy,-0.057,-0.075,1.003,53.1,0.0,0.0,,,
2026-09-08 04:15:44.113,dummy,-0.023,-0.031,1.001,53.1,0.0,0.0,,,
2026-09-08 04:15:44.164,dummy,0.011,0.015,0.999,53.1,0.0,0.0,,,
2026-09-08 04:15:44.215,dummy,0.045,0.06,0.998,53.1,0.0,0.0,,,
2026-09-08 04:15:44.268,dummy,0.079,0.106,0.996,53.1,0.0,0.0,,,
2026-09-08 04:15:44.324,dummy,0.117,0.155,0.994,53.1,0.0,0.0,,,
2026-09-08 04:15:44.375,dummy,0.151,0.201,0.992,53.0,0.0,0.0,,,
2026-09-08 04:15:44.426,dummy,0.184,0.245,0.991,53.0,0.0,0.0,,,
2026-09-08 04:15:44.477,dummy,0.218,0.289,0.989,52.9,0.0,0.0,,,
2026-09-08 04:15:44.528,dummy,0.251,0.334,0.987,52.8,0.0,0.0,,,
2026-09-08 04:15:44.579,dummy,0.285,0.378,0.986,52.8,0.0,0.0,,,
2026-09-08 04:15:44.642,dummy,0.326,0.432,0.984,52.6,0.0,0.0,,,
2026-09-08 04:15:44.698,dummy,0.363,0.48,0.982,52.5,0.0,0.0,,,
2026-09-08 04:15:44.750,dummy,0.396,0.524,0.98,52.4,0.0,0.0,,,
2026-09-08 04:15:44.801,dummy,0.43,0.567,0.978,52.3,0.0,0.0,,,
2026-09-08 04:15:44.852,dummy,0.463,0.61,0.977,52.1,0.0,0.0,,,
2026-09-08 04:15:44.904,dummy,0.497,0.653,0.975,52.0,0.0,0.0,,,
2026-09-08 04:15:44.955,dummy,0.53,0.696,0.973,51.8,0.0,0.0,,,
2026-09-08 04:15:45.006,dummy,0.564,0.738,0.972,51.6,0.0,0.0,,,
2026-09-08 04:15:45.057,dummy,0.597,0.78,0.97,51.4,0.0,0.0,,,
2026-09-08 04:15:45.108,dummy,0.63,0.821,0.968,51.2,0.0,0.0,,,
2026-09-08 04:15:45.159,dummy,0.662,0.862,0.967,51.0,0.0,0.0,,,
2026-09-08 04:15:45.211,dummy,0.695,0.902,0.965,50.7,0.0,0.0,,,
2026-09-08 04:15:45.263,dummy,0.729,0.943,0.963,50.5,0.0,0.0,,,
2026-09-08 04:15:45.314,dummy,0.762,0.982,0.962,50.2,0.0,0.0,,,
2026-09-08 04:15:45.365,dummy,0.794,1.021,0.96,49.9,0.0,0.0,,,
2026-09-08 04:15:45.416,dummy,0.827,1.059,0.958,49.6,0.0,0.0,,,
2026-09-08 04:15:45.467,dummy,0.859,1.098,0.957,49.3,0.0,0.0,,,
2026-09-08 04:15:45.518,dummy,0.891,1.135,0.955,49.0,0.0,0.0,,,
2026-09-08 04:15:45.569,dummy,0.923,1.171,0.953,48.6,0.0,0.0,,,
2026-09-08 04:15:45.620,dummy,0.955,1.208,0.952,48.3,0.0,0.0,,,
2026-09-08 04:15:45.672,dummy,0.987,1.243,0.95,47.9,0.0,0.0,,,
2026-09-08 04:15:45.724,dummy,1.02,1.279,0.948,47.5,0.0,0.0,,,
2026-09-08 04:15:45.775,dummy,1.051,1.313,0.947,47.0,0.0,0.0,,,
2026-09-08 04:15:45.826,dummy,1.083,1.347,0.945,46.6,0.0,0.0,,,
2026-09-08 04:15:45.878,dummy,1.115,1.38,0.943,46.1,0.0,0.0,,,
2026-09-08 04:15:45.929,dummy,1.146,1.412,0.942,45.6,0.0,0.0,,,
2026-09-08 04:15:45.980,dummy,1.177,1.444,0.94,45.1,0.0,0.0,,,
2026-09-08 04:15:46.031,dummy,1.208,1.474,0.938,44.5,0.0,0.0,,,
2026-09-08 04:15:46.083,dummy,1.239,1.505,0.937,44.0,0.0,0.0,,,
2026-09-08 04:15:46.134,dummy,1.27,1.534,0.935,43.4,0.0,0.0,,,
2026-09-08 04:15:46.185,dummy,1.301,1.563,0.933,42.7,0.0,0.0,,,
2026-09-08 04:15:46.237,dummy,1.331,1.59,0.932,42.1,0.0,0.0,,,
2026-09-08 04:15:46.288,dummy,1.361,1.617,0.93,41.4,0.0,0.0,,,
2026-09-08 04:15:46.339,dummy,1.391,1.643,0.928,40.6,0.0,0.0,,,
2026-09-08 04:15:46.391,dummy,1.421,1.669,0.927,39.8,0.0,0.0,,,
2026-09-08 04:15:46.442,dummy,1.451,1.693,0.925,39.0,0.0,0.0,,,
2026-09-08 04:15:46.494,dummy,1.481,1.717,0.923,38.2,0.0,0.0,,,
2026-09-08 04:15:46.545,dummy,1.51,1.74,0.922,37.3,0.0,0.0,,,
2026-09-08 04:15:46.597,dummy,1.54,1.762,0.92,36.3,0.0,0.0,,,
2026-09-08 04:15:46.649,dummy,1.569,1.783,0.918,35.3,0.0,0.0,,,
2026-09-08 04:15:46.701,dummy,1.598,1.803,0.917,34.3,0.0,0.0,,,
2026-09-08 04:15:46.752,dummy,1.626,1.822,0.915,33.2,0.0,0.0,,,
2026-09-08 04:15:46.803,dummy,1.655,1.84,0.914,32.0,0.0,0.0,,,
2026-09-08 04:15:46.855,dummy,1.683,1.858,0.912,30.8,0.0,0.0,,,
2026-09-08 04:15:46.907,dummy,1.711,1.874,0.91,29.5,0.0,0.0,,,
2026-09-08 04:15:46.958,dummy,1.739,1.889,0.909,28.2,0.0,0.0,,,
2026-09-08 04:15:47.010,dummy,1.767,1.904,0.907,26.8,0.0,0.0,,,
2026-09-08 04:15:47.061,dummy,1.794,1.917,0.905,25.3,0.0,0.0,,,
2026-09-08 04:15:47.113,dummy,1.821,1.93,0.904,23.8,0.0,0.0,,,
2026-09-08 04:15:47.165,dummy,1.848,1.941,0.902,22.2,0.0,0.0,,,
2026-09-08 04:15:47.216,dummy,1.875,1.952,0.901,20.5,0.0,0.0,,,
2026-09-08 04:15:47.267,dummy,1.901,1.961,0.899,18.7,0.0,0.0,,,
2026-09-08 04:15:47.319,dummy,1.927,1.969,0.897,16.9,0.0,0.0,,,
2026-09-08 04:15:47.371,dummy,1.953,1.977,0.896,15.0,0.0,0.0,,,
2026-09-08 04:15:47.423,dummy,1.979,1.983,0.894,12.9,0.0,0.0,,,
2026-09-08 04:15:47.474,dummy,2.005,1.989,0.893,10.8,0.0,0.0,,,
2026-09-08 04:15:47.527,dummy,2.03,1.993,0.891,8.7,0.0,0.0,,,
2026-09-08 04:15:47.578,dummy,2.055,1.996,0.889,6.4,0.0,0.0,,,
2026-09-08 04:15:47.629,dummy,2.08,1.999,0.888,4.1,0.0,0.0,,,
2026-09-08 04:15:47.681,dummy,2.104,2.0,0.886,1.7,0.0,0.0,,,
2026-09-08 04:15:47.733,dummy,2.128,2.0,0.885,359.3,0.0,0.0,,,
2026-09-08 04:15:47.784,dummy,2.152,1.999,0.883,356.8,0.0,0.0,,,
2026-09-08 04:15:47.836,dummy,2.176,1.997,0.882,354.2,0.0,0.0,,,
2026-09-08 04:15:47.888,dummy,2.199,1.994,0.88,351.7,0.0,0.0,,,
2026-09-08 04:15:47.940,dummy,2.222,1.99,0.878,349.0,0.0,0.0,,,
2026-09-08 04:15:47.991,dummy,2.245,1.985,0.877,346.4,0.0,0.0,,,
2026-09-08 04:15:48.043,dummy,2.268,1.98,0.875,343.8,0.0,0.0,,,
2026-09-08 04:15:48.094,dummy,2.29,1.973,0.874,341.2,0.0,0.0,,,
2026-09-08 04:15:48.146,dummy,2.312,1.964,0.872,338.6,0.0,0.0,,,
2026-09-08 04:15:48.198,dummy,2.333,1.955,0.871,336.0,0.0,0.0,,,
2026-09-08 04:15:48.250,dummy,2.355,1.945,0.869,333.4,0.0,0.0,,,
2026-09-08 04:15:48.302,dummy,2.376,1.934,0.868,331.0,0.0,0.0,,,
2026-09-08 04:15:48.355,dummy,2.396,1.922,0.866,328.5,0.0,0.0,,,
2026-09-08 04:15:48.407,dummy,2.418,1.909,0.865,326.0,0.0,0.0,,,
2026-09-08 04:15:48.461,dummy,2.438,1.894,0.863,323.7,0.0,0.0,,,
2026-09-08 04:15:48.512,dummy,2.458,1.879,0.861,321.5,0.0,0.0,,,
2026-09-08 04:15:48.564,dummy,2.477,1.863,0.86,319.3,0.0,0.0,,,
2026-09-08 04:15:48.616,dummy,2.497,1.846,0.858,317.2,0.0,0.0,,,
2026-09-08 04:15:48.667,dummy,2.515,1.828,0.857,315.2,0.0,0.0,,,
2026-09-08 04:15:48.720,dummy,2.534,1.809,0.855,313.3,0.0,0.0,,,
2026-09-08 04:15:48.773,dummy,2.553,1.788,0.854,311.3,0.0,0.0,,,
2026-09-08 04:15:48.825,dummy,2.57,1.767,0.852,309.6,0.0,0.0,,,
2026-09-08 04:15:48.877,dummy,2.588,1.745,0.851,307.8,0.0,0.0,,,
2026-09-08 04:15:48.929,dummy,2.605,1.723,0.849,306.2,0.0,0.0,,,
2026-09-08 04:15:48.980,dummy,2.622,1.699,0.848,304.6,0.0,0.0,,,
2026-09-08 04:15:49.032,dummy,2.638,1.675,0.846,303.1,0.0,0.0,,,
2026-09-08 04:15:49.084,dummy,2.654,1.649,0.845,301.7,0.0,0.0,,,
2026-09-08 04:15:49.135,dummy,2.67,1.623,0.844,300.4,0.0,0.0,,,
2026-09-08 04:15:49.186,dummy,2.685,1.596,0.842,299.0,0.0,0.0,,,
2026-09-08 04:15:49.238,dummy,2.7,1.569,0.841,297.8,0.0,0.0,,,
2026-09-08 04:15:49.289,dummy,2.715,1.54,0.839,296.6,0.0,0.0,,,
2026-09-08 04:15:49.341,dummy,2.729,1.511,0.838,295.4,0.0,0.0,,,
2026-09-08 04:15:49.392,dummy,2.743,1.481,0.836,294.3,0.0,0.0,,,
2026-09-08 04:15:49.444,dummy,2.757,1.45,0.835,293.2,0.0,0.0,,,
2026-09-08 04:15:49.496,dummy,2.77,1.418,0.834,292.2,0.0,0.0,,,
2026-09-08 04:15:49.547,dummy,2.783,1.386,0.832,291.2,0.0,0.0,,,
2026-09-08 04:15:49.599,dummy,2.795,1.353,0.831,290.3,0.0,0.0,,,
2026-09-08 04:15:49.650,dummy,2.808,1.319,0.829,289.4,0.0,0.0,,,
2026-09-08 04:15:49.702,dummy,2.819,1.285,0.828,288.5,0.0,0.0,,,
2026-09-08 04:15:49.753,dummy,2.831,1.25,0.827,287.6,0.0,0.0,,,
2026-09-08 04:15:49.805,dummy,2.842,1.214,0.825,286.8,0.0,0.0,,,
2026-09-08 04:15:49.856,dummy,2.852,1.178,0.824,286.0,0.0,0.0,,,
2026-09-08 04:15:49.908,dummy,2.863,1.141,0.822,285.3,0.0,0.0,,,
2026-09-08 04:15:49.959,dummy,2.873,1.104,0.821,284.5,0.0,0.0,,,
2026-09-08 04:15:50.010,dummy,2.882,1.066,0.82,283.8,0.0,0.0,,,
2026-09-08 04:15:50.061,dummy,2.892,1.027,0.818,283.1,0.0,0.0,,,
2026-09-08 04:15:50.113,dummy,2.9,0.988,0.817,282.4,0.0,0.0,,,
2026-09-08 04:15:50.164,dummy,2.909,0.949,0.816,281.8,0.0,0.0,,,
2026-09-08 04:15:50.216,dummy,2.917,0.908,0.814,281.1,0.0,0.0,,,
2026-09-08 04:15:50.268,dummy,2.925,0.868,0.813,280.5,0.0,0.0,,,
2026-09-08 04:15:50.320,dummy,2.932,0.826,0.812,279.9,0.0,0.0,,,
2026-09-08 04:15:50.372,dummy,2.939,0.784,0.81,279.3,0.0,0.0,,,
2026-09-08 04:15:50.423,dummy,2.946,0.742,0.809,278.7,0.0,0.0,,,
2026-09-08 04:15:50.475,dummy,2.952,0.7,0.808,278.1,0.0,0.0,,,
2026-09-08 04:15:50.527,dummy,2.958,0.657,0.806,277.5,0.0,0.0,,,
2026-09-08 04:15:50.578,dummy,2.964,0.614,0.805,277.0,0.0,0.0,,,
2026-09-08 04:15:50.631,dummy,2.969,0.569,0.804,276.4,0.0,0.0,,,
2026-09-08 04:15:50.683,dummy,2.974,0.526,0.802,275.9,0.0,0.0,,,
2026-09-08 04:15:50.735,dummy,2.978,0.482,0.801,275.4,0.0,0.0,,,
2026-09-08 04:15:50.786,dummy,2.982,0.437,0.8,274.8,0.0,0.0,,,
2026-09-08 04:15:50.838,dummy,2.985,0.393,0.799,274.3,0.0,0.0,,,
2026-09-08 04:15:50.889,dummy,2.989,0.348,0.797,273.8,0.0,0.0,,,
2026-09-08 04:15:50.942,dummy,2.991,0.303,0.796,273.3,0.0,0.0,,,
2026-09-08 04:15:50.993,dummy,2.994,0.258,0.795,272.8,0.0,0.0,,,
2026-09-08 04:15:51.044,dummy,2.996,0.214,0.794,272.3,0.0,0.0,,,
2026-09-08 04:15:51.096,dummy,2.997,0.169,0.792,271.8,0.0,0.0,,,
2026-09-08 04:15:51.147,dummy,2.999,0.123,0.791,271.3,0.0,0.0,,,
2026-09-08 04:15:51.199,dummy,2.999,0.078,0.79,270.8,0.0,0.0,,,
2026-09-08 04:15:51.251,dummy,3.0,0.032,0.789,270.3,0.0,0.0,,,
2026-09-08 04:15:51.303,dummy,3.0,-0.013,0.788,269.9,0.0,0.0,,,
2026-09-08 04:15:51.354,dummy,3.0,-0.059,0.786,269.4,0.0,0.0,,,
2026-09-08 04:15:51.406,dummy,2.999,-0.104,0.785,268.9,0.0,0.0,,,
2026-09-08 04:15:51.458,dummy,2.998,-0.15,0.784,268.4,0.0,0.0,,,
2026-09-08 04:15:51.509,dummy,2.996,-0.195,0.783,267.9,0.0,0.0,,,
2026-09-08 04:15:51.597,dummy,2.993,-0.271,0.781,267.1,0.0,0.0,,,
2026-09-08 04:15:51.650,dummy,2.99,-0.317,0.78,266.5,0.0,0.0,,,
2026-09-08 04:15:51.701,dummy,2.988,-0.362,0.778,266.0,0.0,0.0,,,
2026-09-08 04:15:51.753,dummy,2.984,-0.407,0.777,265.5,0.0,0.0,,,
2026-09-08 04:15:51.805,dummy,2.981,-0.451,0.776,265.0,0.0,0.0,,,
2026-09-08 04:15:51.856,dummy,2.977,-0.495,0.775,264.5,0.0,0.0,,,
2026-09-08 04:15:51.908,dummy,2.972,-0.539,0.774,264.0,0.0,0.0,,,
2026-09-08 04:15:51.959,dummy,2.967,-0.583,0.773,263.4,0.0,0.0,,,
2026-09-08 04:15:52.011,dummy,2.962,-0.626,0.772,262.9,0.0,0.0,,,
2026-09-08 04:15:52.063,dummy,2.956,-0.669,0.771,262.3,0.0,0.0,,,
2026-09-08 04:15:52.114,dummy,2.95,-0.712,0.769,261.7,0.0,0.0,,,
2026-09-08 04:15:52.166,dummy,2.944,-0.754,0.768,261.2,0.0,0.0,,,
2026-09-08 04:15:52.218,dummy,2.937,-0.796,0.767,260.6,0.0,0.0,,,
2026-09-08 04:15:52.269,dummy,2.93,-0.837,0.766,260.0,0.0,0.0,,,
2026-09-08 04:15:52.321,dummy,2.923,-0.878,0.765,259.3,0.0,0.0,,,
2026-09-08 04:15:52.372,dummy,2.915,-0.919,0.764,258.7,0.0,0.0,,,
2026-09-08 04:15:52.424,dummy,2.907,-0.959,0.763,258.1,0.0,0.0,,,
2026-09-08 04:15:52.475,dummy,2.898,-0.998,0.762,257.4,0.0,0.0,,,
2026-09-08 04:15:52.527,dummy,2.889,-1.038,0.761,256.7,0.0,0.0,,,
2026-09-08 04:15:52.579,dummy,2.88,-1.077,0.76,256.0,0.0,0.0,,,
2026-09-08 04:15:52.630,dummy,2.87,-1.114,0.759,255.3,0.0,0.0,,,
2026-09-08 04:15:52.682,dummy,2.86,-1.152,0.758,254.5,0.0,0.0,,,
2026-09-08 04:15:52.733,dummy,2.85,-1.188,0.757,253.7,0.0,0.0,,,
2026-09-08 04:15:52.785,dummy,2.839,-1.224,0.756,252.9,0.0,0.0,,,
2026-09-08 04:15:52.836,dummy,2.828,-1.26,0.755,252.1,0.0,0.0,,,
2026-09-08 04:15:52.888,dummy,2.816,-1.295,0.754,251.3,0.0,0.0,,,
2026-09-08 04:15:52.939,dummy,2.804,-1.329,0.753,250.4,0.0,0.0,,,
2026-09-08 04:15:52.991,dummy,2.792,-1.363,0.752,249.4,0.0,0.0,,,
2026-09-08 04:15:53.042,dummy,2.779,-1.395,0.751,248.5,0.0,0.0,,,
2026-09-08 04:15:53.095,dummy,2.766,-1.428,0.75,247.5,0.0,0.0,,,
2026-09-08 04:15:53.146,dummy,2.753,-1.459,0.749,246.4,0.0,0.0,,,
2026-09-08 04:15:53.198,dummy,2.739,-1.49,0.748,245.4,0.0,0.0,,,
2026-09-08 04:15:53.249,dummy,2.725,-1.52,0.747,244.2,0.0,0.0,,,
2026-09-08 04:15:53.300,dummy,2.711,-1.549,0.746,243.1,0.0,0.0,,,
2026-09-08 04:15:53.352,dummy,2.696,-1.577,0.746,241.9,0.0,0.0,,,
2026-09-08 04:15:53.404,dummy,2.681,-1.604,0.745,240.6,0.0,0.0,,,
2026-09-08 04:15:53.456,dummy,2.665,-1.632,0.744,239.2,0.0,0.0,,,
2026-09-08 04:15:53.510,dummy,2.649,-1.658,0.743,237.8,0.0,0.0,,,
2026-09-08 04:15:53.561,dummy,2.632,-1.683,0.742,236.3,0.0,0.0,,,
2026-09-08 04:15:53.613,dummy,2.616,-1.708,0.741,234.8,0.0,0.0,,,
2026-09-08 04:15:53.665,dummy,2.599,-1.731,0.74,233.2,0.0,0.0,,,
2026-09-08 04:15:53.717,dummy,2.582,-1.753,0.739,231.5,0.0,0.0,,,
2026-09-08 04:15:53.768,dummy,2.564,-1.775,0.739,229.8,0.0,0.0,,,
2026-09-08 04:15:53.820,dummy,2.546,-1.795,0.738,228.0,0.0,0.0,,,
2026-09-08 04:15:53.872,dummy,2.528,-1.815,0.737,226.1,0.0,0.0,,,
2026-09-08 04:15:53.922,dummy,2.51,-1.833,0.736,224.2,0.0,0.0,,,
2026-09-08 04:15:53.974,dummy,2.491,-1.851,0.735,222.2,0.0,0.0,,,
2026-09-08 04:15:54.025,dummy,2.472,-1.867,0.734,220.1,0.0,0.0,,,
2026-09-08 04:15:54.077,dummy,2.453,-1.883,0.734,218.0,0.0,0.0,,,
2026-09-08 04:15:54.128,dummy,2.433,-1.898,0.733,215.7,0.0,0.0,,,
2026-09-08 04:15:54.181,dummy,2.413,-1.912,0.732,213.4,0.0,0.0,,,
2026-09-08 04:15:54.232,dummy,2.392,-1.925,0.731,211.0,0.0,0.0,,,
2026-09-08 04:15:54.284,dummy,2.372,-1.937,0.731,208.5,0.0,0.0,,,
2026-09-08 04:15:54.338,dummy,2.35,-1.948,0.73,205.9,0.0,0.0,,,
2026-09-08 04:15:54.390,dummy,2.328,-1.958,0.729,203.4,0.0,0.0,,,
2026-09-08 04:15:54.441,dummy,2.306,-1.967,0.728,200.8,0.0,0.0,,,
2026-09-08 04:15:54.493,dummy,2.284,-1.974,0.728,198.2,0.0,0.0,,,
2026-09-08 04:15:54.544,dummy,2.262,-1.981,0.727,195.6,0.0,0.0,,,
2026-09-08 04:15:54.595,dummy,2.24,-1.987,0.726,193.0,0.0,0.0,,,
2026-09-08 04:15:54.647,dummy,2.217,-1.991,0.726,190.4,0.0,0.0,,,
2026-09-08 04:15:54.699,dummy,2.194,-1.995,0.725,187.8,0.0,0.0,,,
2026-09-08 04:15:54.750,dummy,2.171,-1.998,0.724,185.2,0.0,0.0,,,
2026-09-08 04:15:54.802,dummy,2.147,-1.999,0.724,182.7,0.0,0.0,,,
2026-09-08 04:15:54.854,dummy,2.123,-2.0,0.723,180.2,0.0,0.0,,,
2026-09-08 04:15:54.905,dummy,2.099,-2.0,0.722,177.8,0.0,0.0,,,
2026-09-08 04:15:54.957,dummy,2.074,-1.998,0.722,175.4,0.0,0.0,,,
2026-09-08 04:15:55.008,dummy,2.05,-1.996,0.721,173.1,0.0,0.0,,,
2026-09-08 04:15:55.060,dummy,2.025,-1.992,0.72,170.9,0.0,0.0,,,
2026-09-08 04:15:55.111,dummy,2.0,-1.988,0.72,168.7,0.0,0.0,,,
2026-09-08 04:15:55.163,dummy,1.974,-1.982,0.719,166.6,0.0,0.0,,,
2026-09-08 04:15:55.215,dummy,1.948,-1.975,0.719,164.6,0.0,0.0,,,
2026-09-08 04:15:55.266,dummy,1.922,-1.968,0.718,162.7,0.0,0.0,,,
2026-09-08 04:15:55.318,dummy,1.896,-1.959,0.717,160.9,0.0,0.0,,,
2026-09-08 04:15:55.369,dummy,1.87,-1.95,0.717,159.2,0.0,0.0,,,
2026-09-08 04:15:55.421,dummy,1.843,-1.939,0.716,157.5,0.0,0.0,,,
2026-09-08 04:15:55.473,dummy,1.816,-1.927,0.716,155.9,0.0,0.0,,,
2026-09-08 04:15:55.524,dummy,1.788,-1.915,0.715,154.3,0.0,0.0,,,
2026-09-08 04:15:55.575,dummy,1.761,-1.901,0.715,152.9,0.0,0.0,,,
2026-09-08 04:15:55.627,dummy,1.734,-1.887,0.714,151.5,0.0,0.0,,,
2026-09-08 04:15:55.679,dummy,1.705,-1.871,0.714,150.2,0.0,0.0,,,
2026-09-08 04:15:55.731,dummy,1.677,-1.854,0.713,148.9,0.0,0.0,,,
2026-09-08 04:15:55.782,dummy,1.649,-1.837,0.713,147.7,0.0,0.0,,,
2026-09-08 04:15:55.834,dummy,1.62,-1.818,0.712,146.6,0.0,0.0,,,
2026-09-08 04:15:55.886,dummy,1.592,-1.799,0.712,145.5,0.0,0.0,,,
2026-09-08 04:15:55.937,dummy,1.563,-1.779,0.711,144.5,0.0,0.0,,,
2026-09-08 04:15:55.988,dummy,1.534,-1.757,0.711,143.5,0.0,0.0,,,
2026-09-08 04:15:56.040,dummy,1.504,-1.735,0.71,142.5,0.0,0.0,,,
2026-09-08 04:15:56.091,dummy,1.475,-1.712,0.71,141.7,0.0,0.0,,,
2026-09-08 04:15:56.143,dummy,1.445,-1.689,0.709,140.8,0.0,0.0,,,
2026-09-08 04:15:56.194,dummy,1.415,-1.664,0.709,140.0,0.0,0.0,,,
2026-09-08 04:15:56.246,dummy,1.385,-1.638,0.709,139.2,0.0,0.0,,,
2026-09-08 04:15:56.297,dummy,1.355,-1.612,0.708,138.5,0.0,0.0,,,
2026-09-08 04:15:56.348,dummy,1.325,-1.585,0.708,137.8,0.0,0.0,,,
2026-09-08 04:15:56.400,dummy,1.294,-1.557,0.707,137.1,0.0,0.0,,,
2026-09-08 04:15:56.451,dummy,1.263,-1.528,0.707,136.5,0.0,0.0,,,
2026-09-08 04:15:56.503,dummy,1.232,-1.498,0.707,135.9,0.0,0.0,,,
2026-09-08 04:15:56.555,dummy,1.201,-1.467,0.706,135.3,0.0,0.0,,,
2026-09-08 04:15:56.607,dummy,1.17,-1.436,0.706,134.8,0.0,0.0,,,
2026-09-08 04:15:56.659,dummy,1.138,-1.404,0.706,134.3,0.0,0.0,,,
2026-09-08 04:15:56.710,dummy,1.107,-1.371,0.705,133.8,0.0,0.0,,,
2026-09-08 04:15:56.762,dummy,1.075,-1.338,0.705,133.3,0.0,0.0,,,
2026-09-08 04:15:56.814,dummy,1.043,-1.304,0.705,132.8,0.0,0.0,,,
2026-09-08 04:15:56.865,dummy,1.011,-1.269,0.704,132.4,0.0,0.0,,,
2026-09-08 04:15:56.917,dummy,0.979,-1.233,0.704,132.0,0.0,0.0,,,
2026-09-08 04:15:56.969,dummy,0.946,-1.197,0.704,131.6,0.0,0.0,,,
2026-09-08 04:15:57.020,dummy,0.914,-1.161,0.704,131.3,0.0,0.0,,,
2026-09-08 04:15:57.072,dummy,0.881,-1.123,0.703,130.9,0.0,0.0,,,
2026-09-08 04:15:57.123,dummy,0.849,-1.086,0.703,130.6,0.0,0.0,,,
2026-09-08 04:15:57.175,dummy,0.816,-1.047,0.703,130.3,0.0,0.0,,,
2026-09-08 04:15:57.227,dummy,0.783,-1.008,0.703,130.0,0.0,0.0,,,
2026-09-08 04:15:57.278,dummy,0.75,-0.969,0.702,129.7,0.0,0.0,,,
2026-09-08 04:15:57.331,dummy,0.716,-0.928,0.702,129.4,0.0,0.0,,,
2026-09-08 04:15:57.383,dummy,0.683,-0.887,0.702,129.2,0.0,0.0,,,
2026-09-08 04:15:57.434,dummy,0.65,-0.846,0.702,128.9,0.0,0.0,,,
2026-09-08 04:15:57.486,dummy,0.617,-0.805,0.702,128.7,0.0,0.0,,,
2026-09-08 04:15:57.538,dummy,0.584,-0.763,0.701,128.5,0.0,0.0,,,
2026-09-08 04:15:57.589,dummy,0.55,-0.721,0.701,128.3,0.0,0.0,,,
2026-09-08 04:15:57.641,dummy,0.517,-0.679,0.701,128.1,0.0,0.0,,,
2026-09-08 04:15:57.692,dummy,0.483,-0.636,0.701,128.0,0.0,0.0,,,
2026-09-08 04:15:57.743,dummy,0.45,-0.593,0.701,127.8,0.0,0.0,,,
2026-09-08 04:15:57.795,dummy,0.416,-0.55,0.701,127.7,0.0,0.0,,,
2026-09-08 04:15:57.847,dummy,0.382,-0.506,0.701,127.6,0.0,0.0,,,
2026-09-08 04:15:57.898,dummy,0.349,-0.462,0.701,127.4,0.0,0.0,,,
2026-09-08 04:15:57.950,dummy,0.315,-0.417,0.7,127.3,0.0,0.0,,,
2026-09-08 04:15:58.001,dummy,0.281,-0.373,0.7,127.2,0.0,0.0,,,
2026-09-08 04:15:58.054,dummy,0.247,-0.328,0.7,127.2,0.0,0.0,,,
2026-09-08 04:15:58.105,dummy,0.212,-0.282,0.7,127.1,0.0,0.0,,,
2026-09-08 04:15:58.157,dummy,0.179,-0.238,0.7,127.0,0.0,0.0,,,
2026-09-08 04:15:58.209,dummy,0.144,-0.192,0.7,127.0,0.0,0.0,,,
2026-09-08 04:15:58.260,dummy,0.111,-0.147,0.7,126.9,0.0,0.0,,,
2026-09-08 04:15:58.311,dummy,0.077,-0.102,0.7,126.9,0.0,0.0,,,
2026-09-08 04:15:58.363,dummy,0.042,-0.056,0.7,126.9,0.0,0.0,,,
2026-09-08 04:15:58.415,dummy,0.008,-0.011,0.7,126.9,0.0,0.0,,,
2026-09-08 04:15:58.466,dummy,-0.026,0.034,0.7,126.9,0.0,0.0,,,
2026-09-08 04:15:58.520,dummy,-0.06,0.081,0.7,126.9,0.0,0.0,,,
2026-09-08 04:15:58.572,dummy,-0.095,0.127,0.7,126.9,0.0,0.0,,,
2026-09-08 04:15:58.623,dummy,-0.129,0.172,0.7,126.9,0.0,0.0,,,
2026-09-08 04:15:58.675,dummy,-0.163,0.217,0.7,127.0,0.0,0.0,,,
2026-09-08 04:15:58.727,dummy,-0.197,0.262,0.7,127.0,0.0,0.0,,,
2026-09-08 04:15:58.778,dummy,-0.231,0.307,0.7,127.1,0.0,0.0,,,
2026-09-08 04:15:58.832,dummy,-0.265,0.353,0.7,127.2,0.0,0.0,,,
2026-09-08 04:15:58.884,dummy,-0.301,0.399,0.7,127.3,0.0,0.0,,,
2026-09-08 04:15:58.936,dummy,-0.335,0.444,0.7,127.4,0.0,0.0,,,
2026-09-08 04:15:58.988,dummy,-0.369,0.488,0.701,127.5,0.0,0.0,,,
2026-09-08 04:15:59.040,dummy,-0.403,0.532,0.701,127.6,0.0,0.0,,,
2026-09-08 04:15:59.093,dummy,-0.437,0.577,0.701,127.8,0.0,0.0,,,
2026-09-08 04:15:59.144,dummy,-0.471,0.62,0.701,127.9,0.0,0.0,,,
2026-09-08 04:15:59.195,dummy,-0.505,0.663,0.701,128.1,0.0,0.0,,,
2026-09-08 04:15:59.247,dummy,-0.538,0.706,0.701,128.3,0.0,0.0,,,
2026-09-08 04:15:59.299,dummy,-0.572,0.748,0.701,128.4,0.0,0.0,,,
2026-09-08 04:15:59.350,dummy,-0.605,0.79,0.702,128.6,0.0,0.0,,,
2026-09-08 04:15:59.402,dummy,-0.638,0.832,0.702,128.9,0.0,0.0,,,
2026-09-08 04:15:59.456,dummy,-0.673,0.875,0.702,129.1,0.0,0.0,,,
2026-09-08 04:15:59.507,dummy,-0.706,0.915,0.702,129.3,0.0,0.0,,,
2026-09-08 04:15:59.559,dummy,-0.739,0.955,0.702,129.6,0.0,0.0,,,
2026-09-08 04:15:59.610,dummy,-0.772,0.995,0.703,129.9,0.0,0.0,,,
2026-09-08 04:15:59.662,dummy,-0.805,1.034,0.703,130.2,0.0,0.0,,,
2026-09-08 04:15:59.713,dummy,-0.837,1.072,0.703,130.5,0.0,0.0,,,
2026-09-08 04:15:59.765,dummy,-0.87,1.11,0.703,130.8,0.0,0.0,,,
2026-09-08 04:15:59.885,dummy,-0.946,1.197,0.704,131.6,0.0,0.0,,,
2026-09-08 04:15:59.945,dummy,-0.981,1.236,0.704,132.0,0.0,0.0,,,
2026-09-08 04:15:59.998,dummy,-1.016,1.274,0.704,132.5,0.0,0.0,,,
2026-09-08 04:16:00.050,dummy,-1.048,1.309,0.705,132.9,0.0,0.0,,,
2026-09-08 04:16:00.101,dummy,-1.08,1.343,0.705,133.4,0.0,0.0,,,
2026-09-08 04:16:00.153,dummy,-1.112,1.377,0.705,133.8,0.0,0.0,,,
2026-09-08 04:16:00.204,dummy,-1.143,1.409,0.706,134.3,0.0,0.0,,,
2026-09-08 04:16:00.256,dummy,-1.174,1.441,0.706,134.9,0.0,0.0,,,
2026-09-08 04:16:00.308,dummy,-1.206,1.472,0.706,135.4,0.0,0.0,,,
2026-09-08 04:16:00.359,dummy,-1.237,1.503,0.707,136.0,0.0,0.0,,,
2026-09-08 04:16:00.411,dummy,-1.268,1.532,0.707,136.6,0.0,0.0,,,
2026-09-08 04:16:00.463,dummy,-1.299,1.561,0.707,137.2,0.0,0.0,,,
2026-09-08 04:16:00.514,dummy,-1.33,1.589,0.708,137.9,0.0,0.0,,,
2026-09-08 04:16:00.566,dummy,-1.36,1.616,0.708,138.6,0.0,0.0,,,
2026-09-08 04:16:00.617,dummy,-1.39,1.642,0.709,139.4,0.0,0.0,,,
2026-09-08 04:16:00.669,dummy,-1.42,1.668,0.709,140.1,0.0,0.0,,,
2026-09-08 04:16:00.721,dummy,-1.45,1.693,0.709,140.9,0.0,0.0,,,
2026-09-08 04:16:00.772,dummy,-1.48,1.716,0.71,141.8,0.0,0.0,,,
2026-09-08 04:16:00.824,dummy,-1.509,1.739,0.71,142.7,0.0,0.0,,,
2026-09-08 04:16:00.875,dummy,-1.539,1.761,0.711,143.6,0.0,0.0,,,
2026-09-08 04:16:00.927,dummy,-1.568,1.782,0.711,144.6,0.0,0.0,,,
2026-09-08 04:16:00.978,dummy,-1.597,1.802,0.712,145.7,0.0,0.0,,,
2026-09-08 04:16:01.030,dummy,-1.625,1.821,0.712,146.8,0.0,0.0,,,
2026-09-08 04:16:01.081,dummy,-1.654,1.84,0.713,147.9,0.0,0.0,,,
2026-09-08 04:16:01.133,dummy,-1.682,1.857,0.713,149.1,0.0,0.0,,,
2026-09-08 04:16:01.185,dummy,-1.71,1.873,0.714,150.4,0.0,0.0,,,
2026-09-08 04:16:01.236,dummy,-1.738,1.889,0.714,151.7,0.0,0.0,,,
2026-09-08 04:16:01.288,dummy,-1.766,1.903,0.715,153.1,0.0,0.0,,,
2026-09-08 04:16:01.340,dummy,-1.793,1.917,0.715,154.6,0.0,0.0,,,
2026-09-08 04:16:01.391,dummy,-1.82,1.929,0.716,156.1,0.0,0.0,,,
2026-09-08 04:16:01.443,dummy,-1.847,1.941,0.716,157.8,0.0,0.0,,,
2026-09-08 04:16:01.495,dummy,-1.874,1.951,0.717,159.5,0.0,0.0,,,
2026-09-08 04:16:01.546,dummy,-1.901,1.961,0.717,161.2,0.0,0.0,,,
2026-09-08 04:16:01.598,dummy,-1.927,1.969,0.718,163.1,0.0,0.0,,,
2026-09-08 04:16:01.650,dummy,-1.953,1.977,0.719,165.0,0.0,0.0,,,
2026-09-08 04:16:01.702,dummy,-1.979,1.983,0.719,167.0,0.0,0.0,,,
2026-09-08 04:16:01.754,dummy,-2.005,1.989,0.72,169.2,0.0,0.0,,,
2026-09-08 04:16:01.806,dummy,-2.03,1.993,0.72,171.3,0.0,0.0,,,
2026-09-08 04:16:01.858,dummy,-2.055,1.996,0.721,173.6,0.0,0.0,,,
2026-09-08 04:16:01.909,dummy,-2.08,1.998,0.722,175.9,0.0,0.0,,,
2026-09-08 04:16:01.960,dummy,-2.104,2.0,0.722,178.3,0.0,0.0,,,
2026-09-08 04:16:02.012,dummy,-2.128,2.0,0.723,180.7,0.0,0.0,,,
2026-09-08 04:16:02.064,dummy,-2.152,1.999,0.724,183.2,0.0,0.0,,,
2026-09-08 04:16:02.116,dummy,-2.176,1.997,0.724,185.8,0.0,0.0,,,
2026-09-08 04:16:02.168,dummy,-2.199,1.994,0.725,188.3,0.0,0.0,,,
2026-09-08 04:16:02.219,dummy,-2.222,1.99,0.726,191.0,0.0,0.0,,,
2026-09-08 04:16:02.271,dummy,-2.245,1.985,0.726,193.6,0.0,0.0,,,
2026-09-08 04:16:02.323,dummy,-2.268,1.98,0.727,196.2,0.0,0.0,,,
2026-09-08 04:16:02.375,dummy,-2.29,1.972,0.728,198.8,0.0,0.0,,,
2026-09-08 04:16:02.427,dummy,-2.312,1.964,0.729,201.4,0.0,0.0,,,
2026-09-08 04:16:02.482,dummy,-2.335,1.955,0.729,204.2,0.0,0.0,,,
2026-09-08 04:16:02.534,dummy,-2.356,1.945,0.73,206.7,0.0,0.0,,,
2026-09-08 04:16:02.586,dummy,-2.377,1.933,0.731,209.2,0.0,0.0,,,
2026-09-08 04:16:02.637,dummy,-2.398,1.921,0.732,211.7,0.0,0.0,,,
2026-09-08 04:16:02.690,dummy,-2.419,1.908,0.732,214.1,0.0,0.0,,,
2026-09-08 04:16:02.742,dummy,-2.439,1.894,0.733,216.4,0.0,0.0,,,
2026-09-08 04:16:02.793,dummy,-2.458,1.879,0.734,218.6,0.0,0.0,,,
2026-09-08 04:16:02.845,dummy,-2.478,1.863,0.735,220.7,0.0,0.0,,,
2026-09-08 04:16:02.896,dummy,-2.497,1.846,0.736,222.8,0.0,0.0,,,
2026-09-08 04:16:02.948,dummy,-2.516,1.828,0.736,224.8,0.0,0.0,,,
2026-09-08 04:16:03.000,dummy,-2.534,1.809,0.737,226.8,0.0,0.0,,,
2026-09-08 04:16:03.051,dummy,-2.552,1.789,0.738,228.6,0.0,0.0,,,
2026-09-08 04:16:03.103,dummy,-2.57,1.768,0.739,230.4,0.0,0.0,,,
2026-09-08 04:16:03.154,dummy,-2.587,1.747,0.74,232.1,0.0,0.0,,,
2026-09-08 04:16:03.205,dummy,-2.604,1.724,0.74,233.7,0.0,0.0,,,
2026-09-08 04:16:03.257,dummy,-2.621,1.701,0.741,235.3,0.0,0.0,,,
2026-09-08 04:16:03.308,dummy,-2.637,1.676,0.742,236.7,0.0,0.0,,,
2026-09-08 04:16:03.360,dummy,-2.653,1.651,0.743,238.2,0.0,0.0,,,
2026-09-08 04:16:03.411,dummy,-2.669,1.625,0.744,239.6,0.0,0.0,,,
2026-09-08 04:16:03.462,dummy,-2.684,1.599,0.745,240.9,0.0,0.0,,,
2026-09-08 04:16:03.514,dummy,-2.699,1.571,0.746,242.1,0.0,0.0,,,
2026-09-08 04:16:03.566,dummy,-2.714,1.542,0.747,243.4,0.0,0.0,,,
2026-09-08 04:16:03.618,dummy,-2.728,1.513,0.748,244.5,0.0,0.0,,,
2026-09-08 04:16:03.669,dummy,-2.742,1.483,0.749,245.6,0.0,0.0,,,
2026-09-08 04:16:03.720,dummy,-2.756,1.452,0.749,246.7,0.0,0.0,,,
2026-09-08 04:16:03.772,dummy,-2.769,1.421,0.75,247.7,0.0,0.0,,,
2026-09-08 04:16:03.823,dummy,-2.782,1.389,0.751,248.7,0.0,0.0,,,
2026-09-08 04:16:03.875,dummy,-2.794,1.356,0.752,249.6,0.0,0.0,,,
2026-09-08 04:16:03.926,dummy,-2.807,1.322,0.753,250.6,0.0,0.0,,,
2026-09-08 04:16:03.978,dummy,-2.818,1.288,0.754,251.4,0.0,0.0,,,
2026-09-08 04:16:04.029,dummy,-2.83,1.253,0.755,252.3,0.0,0.0,,,
2026-09-08 04:16:04.081,dummy,-2.841,1.217,0.756,253.1,0.0,0.0,,,
2026-09-08 04:16:04.133,dummy,-2.852,1.18,0.757,253.9,0.0,0.0,,,
2026-09-08 04:16:04.184,dummy,-2.862,1.143,0.758,254.7,0.0,0.0,,,
2026-09-08 04:16:04.236,dummy,-2.872,1.106,0.759,255.4,0.0,0.0,,,
2026-09-08 04:16:04.287,dummy,-2.882,1.068,0.76,256.2,0.0,0.0,,,
2026-09-08 04:16:04.339,dummy,-2.891,1.029,0.761,256.9,0.0,0.0,,,
2026-09-08 04:16:04.391,dummy,-2.9,0.99,0.762,257.5,0.0,0.0,,,
2026-09-08 04:16:04.442,dummy,-2.909,0.95,0.763,258.2,0.0,0.0,,,
2026-09-08 04:16:04.494,dummy,-2.917,0.91,0.764,258.9,0.0,0.0,,,
2026-09-08 04:16:04.545,dummy,-2.924,0.869,0.765,259.5,0.0,0.0,,,
2026-09-08 04:16:04.597,dummy,-2.932,0.828,0.766,260.1,0.0,0.0,,,
2026-09-08 04:16:04.648,dummy,-2.939,0.787,0.768,260.7,0.0,0.0,,,
2026-09-08 04:16:04.701,dummy,-2.946,0.745,0.769,261.3,0.0,0.0,,,
2026-09-08 04:16:04.760,dummy,-2.953,0.696,0.77,262.0,0.0,0.0,,,
2026-09-08 04:16:04.811,dummy,-2.959,0.653,0.771,262.5,0.0,0.0,,,
2026-09-08 04:16:04.863,dummy,-2.964,0.61,0.772,263.1,0.0,0.0,,,
2026-09-08 04:16:04.914,dummy,-2.969,0.567,0.773,263.6,0.0,0.0,,,
2026-09-08 04:16:04.966,dummy,-2.974,0.523,0.774,264.2,0.0,0.0,,,
2026-09-08 04:16:05.018,dummy,-2.978,0.479,0.775,264.7,0.0,0.0,,,
2026-09-08 04:16:05.070,dummy,-2.982,0.434,0.777,265.2,0.0,0.0,,,
2026-09-08 04:16:05.123,dummy,-2.986,0.389,0.778,265.7,0.0,0.0,,,
2026-09-08 04:16:05.174,dummy,-2.989,0.344,0.779,266.2,0.0,0.0,,,
2026-09-08 04:16:05.226,dummy,-2.992,0.299,0.78,266.7,0.0,0.0,,,
2026-09-08 04:16:05.277,dummy,-2.994,0.255,0.781,267.2,0.0,0.0,,,
2026-09-08 04:16:05.328,dummy,-2.996,0.21,0.782,267.7,0.0,0.0,,,
2026-09-08 04:16:05.380,dummy,-2.997,0.165,0.784,268.2,0.0,0.0,,,
2026-09-08 04:16:05.431,dummy,-2.999,0.12,0.785,268.7,0.0,0.0,,,
2026-09-08 04:16:05.483,dummy,-2.999,0.075,0.786,269.2,0.0,0.0,,,
2026-09-08 04:16:05.534,dummy,-3.0,0.029,0.787,269.7,0.0,0.0,,,
2026-09-08 04:16:05.585,dummy,-3.0,-0.016,0.788,270.2,0.0,0.0,,,
2026-09-08 04:16:05.637,dummy,-3.0,-0.061,0.79,270.7,0.0,0.0,,,
2026-09-08 04:16:05.689,dummy,-2.999,-0.107,0.791,271.1,0.0,0.0,,,
2026-09-08 04:16:05.741,dummy,-2.998,-0.152,0.792,271.6,0.0,0.0,,,
2026-09-08 04:16:05.793,dummy,-2.996,-0.198,0.793,272.1,0.0,0.0,,,
2026-09-08 04:16:05.844,dummy,-2.994,-0.243,0.794,272.6,0.0,0.0,,,
2026-09-08 04:16:05.933,dummy,-2.99,-0.319,0.797,273.5,0.0,0.0,,,
2026-09-08 04:16:06.042,dummy,-2.984,-0.415,0.799,274.6,0.0,0.0,,,
2026-09-08 04:16:06.094,dummy,-2.98,-0.459,0.801,275.1,0.0,0.0,,,
2026-09-08 04:16:06.145,dummy,-2.976,-0.503,0.802,275.6,0.0,0.0,,,
2026-09-08 04:16:06.197,dummy,-2.971,-0.547,0.803,276.1,0.0,0.0,,,
2026-09-08 04:16:06.249,dummy,-2.966,-0.591,0.804,276.7,0.0,0.0,,,
2026-09-08 04:16:06.300,dummy,-2.961,-0.634,0.806,277.2,0.0,0.0,,,
2026-09-08 04:16:06.352,dummy,-2.955,-0.676,0.807,277.8,0.0,0.0,,,
2026-09-08 04:16:06.403,dummy,-2.949,-0.719,0.808,278.4,0.0,0.0,,,
2026-09-08 04:16:06.455,dummy,-2.943,-0.761,0.81,278.9,0.0,0.0,,,
2026-09-08 04:16:06.506,dummy,-2.936,-0.803,0.811,279.5,0.0,0.0,,,
2026-09-08 04:16:06.558,dummy,-2.929,-0.844,0.812,280.1,0.0,0.0,,,
2026-09-08 04:16:06.609,dummy,-2.922,-0.885,0.814,280.8,0.0,0.0,,,
2026-09-08 04:16:06.661,dummy,-2.914,-0.926,0.815,281.4,0.0,0.0,,,
2026-09-08 04:16:06.712,dummy,-2.905,-0.966,0.816,282.1,0.0,0.0,,,
2026-09-08 04:16:06.765,dummy,-2.897,-1.006,0.818,282.7,0.0,0.0,,,
2026-09-08 04:16:06.816,dummy,-2.887,-1.045,0.819,283.4,0.0,0.0,,,
2026-09-08 04:16:06.869,dummy,-2.878,-1.084,0.82,284.1,0.0,0.0,,,
2026-09-08 04:16:06.921,dummy,-2.868,-1.122,0.822,284.9,0.0,0.0,,,
2026-09-08 04:16:06.973,dummy,-2.858,-1.159,0.823,285.6,0.0,0.0,,,
2026-09-08 04:16:07.024,dummy,-2.847,-1.196,0.824,286.4,0.0,0.0,,,
2026-09-08 04:16:07.077,dummy,-2.836,-1.233,0.826,287.2,0.0,0.0,,,
2026-09-08 04:16:07.129,dummy,-2.825,-1.268,0.827,288.1,0.0,0.0,,,
2026-09-08 04:16:07.181,dummy,-2.813,-1.304,0.829,289.0,0.0,0.0,,,
2026-09-08 04:16:07.232,dummy,-2.801,-1.338,0.83,289.9,0.0,0.0,,,
2026-09-08 04:16:07.283,dummy,-2.789,-1.371,0.831,290.8,0.0,0.0,,,
2026-09-08 04:16:07.335,dummy,-2.776,-1.403,0.833,291.8,0.0,0.0,,,
2026-09-08 04:16:07.386,dummy,-2.763,-1.435,0.834,292.8,0.0,0.0,,,
2026-09-08 04:16:07.438,dummy,-2.749,-1.467,0.836,293.8,0.0,0.0,,,
2026-09-08 04:16:07.490,dummy,-2.736,-1.497,0.837,294.9,0.0,0.0,,,
2026-09-08 04:16:07.542,dummy,-2.721,-1.527,0.839,296.0,0.0,0.0,,,
2026-09-08 04:16:07.593,dummy,-2.707,-1.556,0.84,297.2,0.0,0.0,,,
2026-09-08 04:16:07.645,dummy,-2.692,-1.584,0.841,298.5,0.0,0.0,,,
2026-09-08 04:16:07.696,dummy,-2.677,-1.611,0.843,299.8,0.0,0.0,,,
2026-09-08 04:16:07.748,dummy,-2.661,-1.638,0.844,301.1,0.0,0.0,,,
2026-09-08 04:16:07.800,dummy,-2.645,-1.664,0.846,302.5,0.0,0.0,,,
2026-09-08 04:16:07.851,dummy,-2.629,-1.688,0.847,304.0,0.0,0.0,,,
2026-09-08 04:16:07.903,dummy,-2.613,-1.712,0.849,305.5,0.0,0.0,,,
2026-09-08 04:16:07.954,dummy,-2.596,-1.735,0.85,307.1,0.0,0.0,,,
2026-09-08 04:16:08.006,dummy,-2.579,-1.757,0.852,308.7,0.0,0.0,,,
2026-09-08 04:16:08.058,dummy,-2.561,-1.779,0.853,310.5,0.0,0.0,,,
2026-09-08 04:16:08.109,dummy,-2.543,-1.799,0.855,312.3,0.0,0.0,,,
2026-09-08 04:16:08.161,dummy,-2.525,-1.818,0.856,314.2,0.0,0.0,,,
2026-09-08 04:16:08.213,dummy,-2.506,-1.837,0.858,316.2,0.0,0.0,,,
2026-09-08 04:16:08.265,dummy,-2.487,-1.854,0.859,318.2,0.0,0.0,,,
2026-09-08 04:16:08.316,dummy,-2.468,-1.871,0.861,320.3,0.0,0.0,,,
2026-09-08 04:16:08.367,dummy,-2.449,-1.886,0.862,322.5,0.0,0.0,,,
2026-09-08 04:16:08.419,dummy,-2.429,-1.901,0.864,324.8,0.0,0.0,,,
2026-09-08 04:16:08.470,dummy,-2.409,-1.915,0.865,327.1,0.0,0.0,,,
2026-09-08 04:16:08.522,dummy,-2.388,-1.927,0.867,329.5,0.0,0.0,,,
2026-09-08 04:16:08.574,dummy,-2.367,-1.939,0.868,332.0,0.0,0.0,,,
2026-09-08 04:16:08.626,dummy,-2.346,-1.95,0.87,334.5,0.0,0.0,,,
2026-09-08 04:16:08.678,dummy,-2.325,-1.959,0.871,337.0,0.0,0.0,,,
2026-09-08 04:16:08.730,dummy,-2.303,-1.968,0.873,339.6,0.0,0.0,,,
2026-09-08 04:16:08.781,dummy,-2.281,-1.975,0.874,342.2,0.0,0.0,,,
2026-09-08 04:16:08.833,dummy,-2.259,-1.982,0.876,344.8,0.0,0.0,,,
2026-09-08 04:16:08.884,dummy,-2.236,-1.988,0.878,347.5,0.0,0.0,,,
2026-09-08 04:16:08.936,dummy,-2.213,-1.992,0.879,350.1,0.0,0.0,,,
2026-09-08 04:16:08.987,dummy,-2.19,-1.996,0.881,352.7,0.0,0.0,,,
2026-09-08 04:16:09.039,dummy,-2.167,-1.998,0.882,355.2,0.0,0.0,,,
2026-09-08 04:16:09.091,dummy,-2.143,-2.0,0.884,357.8,0.0,0.0,,,
2026-09-08 04:16:09.142,dummy,-2.119,-2.0,0.885,0.2,0.0,0.0,,,
2026-09-08 04:16:09.194,dummy,-2.095,-1.999,0.887,2.6,0.0,0.0,,,
2026-09-08 04:16:09.245,dummy,-2.071,-1.998,0.888,5.0,0.0,0.0,,,
2026-09-08 04:16:09.297,dummy,-2.046,-1.995,0.89,7.3,0.0,0.0,,,
2026-09-08 04:16:09.349,dummy,-2.02,-1.991,0.892,9.5,0.0,0.0,,,
2026-09-08 04:16:09.400,dummy,-1.995,-1.987,0.893,11.6,0.0,0.0,,,
2026-09-08 04:16:09.452,dummy,-1.97,-1.981,0.895,13.7,0.0,0.0,,,
2026-09-08 04:16:09.503,dummy,-1.944,-1.974,0.896,15.7,0.0,0.0,,,
2026-09-08 04:16:09.555,dummy,-1.918,-1.966,0.898,17.6,0.0,0.0,,,
2026-09-08 04:16:09.608,dummy,-1.891,-1.957,0.9,19.4,0.0,0.0,,,
2026-09-08 04:16:09.659,dummy,-1.864,-1.948,0.901,21.2,0.0,0.0,,,
2026-09-08 04:16:09.711,dummy,-1.838,-1.937,0.903,22.8,0.0,0.0,,,
2026-09-08 04:16:09.762,dummy,-1.811,-1.925,0.905,24.4,0.0,0.0,,,
2026-09-08 04:16:09.814,dummy,-1.783,-1.912,0.906,26.0,0.0,0.0,,,
2026-09-08 04:16:09.866,dummy,-1.755,-1.898,0.908,27.4,0.0,0.0,,,
2026-09-08 04:16:09.918,dummy,-1.728,-1.883,0.909,28.8,0.0,0.0,,,
2026-09-08 04:16:09.969,dummy,-1.7,-1.868,0.911,30.1,0.0,0.0,,,
2026-09-08 04:16:10.021,dummy,-1.672,-1.851,0.913,31.3,0.0,0.0,,,
2026-09-08 04:16:10.075,dummy,-1.642,-1.832,0.914,32.6,0.0,0.0,,,
2026-09-08 04:16:10.126,dummy,-1.613,-1.814,0.916,33.7,0.0,0.0,,,
2026-09-08 04:16:10.182,dummy,-1.582,-1.792,0.918,34.8,0.0,0.0,,,
2026-09-08 04:16:10.235,dummy,-1.552,-1.771,0.919,35.9,0.0,0.0,,,
2026-09-08 04:16:10.287,dummy,-1.523,-1.75,0.921,36.9,0.0,0.0,,,
2026-09-08 04:16:10.339,dummy,-1.494,-1.727,0.923,37.8,0.0,0.0,,,
2026-09-08 04:16:10.390,dummy,-1.464,-1.704,0.924,38.7,0.0,0.0,,,
2026-09-08 04:16:10.444,dummy,-1.434,-1.679,0.926,39.5,0.0,0.0,,,
2026-09-08 04:16:10.495,dummy,-1.403,-1.654,0.928,40.3,0.0,0.0,,,
2026-09-08 04:16:10.546,dummy,-1.373,-1.628,0.929,41.1,0.0,0.0,,,
2026-09-08 04:16:10.598,dummy,-1.343,-1.601,0.931,41.8,0.0,0.0,,,
2026-09-08 04:16:10.650,dummy,-1.312,-1.573,0.933,42.5,0.0,0.0,,,
2026-09-08 04:16:10.702,dummy,-1.281,-1.544,0.934,43.1,0.0,0.0,,,
2026-09-08 04:16:10.754,dummy,-1.25,-1.515,0.936,43.8,0.0,0.0,,,
2026-09-08 04:16:10.806,dummy,-1.219,-1.485,0.938,44.4,0.0,0.0,,,
2026-09-08 04:16:10.858,dummy,-1.187,-1.454,0.939,44.9,0.0,0.0,,,
2026-09-08 04:16:10.910,dummy,-1.155,-1.422,0.941,45.5,0.0,0.0,,,
2026-09-08 04:16:10.962,dummy,-1.124,-1.389,0.943,46.0,0.0,0.0,,,
2026-09-08 04:16:11.014,dummy,-1.092,-1.356,0.944,46.5,0.0,0.0,,,
2026-09-08 04:16:11.066,dummy,-1.06,-1.322,0.946,46.9,0.0,0.0,,,
2026-09-08 04:16:11.118,dummy,-1.028,-1.287,0.948,47.4,0.0,0.0,,,
2026-09-08 04:16:11.169,dummy,-0.996,-1.253,0.949,47.8,0.0,0.0,,,
2026-09-08 04:16:11.220,dummy,-0.964,-1.217,0.951,48.2,0.0,0.0,,,
2026-09-08 04:16:11.272,dummy,-0.932,-1.181,0.953,48.5,0.0,0.0,,,
2026-09-08 04:16:11.325,dummy,-0.898,-1.143,0.955,48.9,0.0,0.0,,,
2026-09-08 04:16:11.377,dummy,-0.866,-1.105,0.956,49.3,0.0,0.0,,,
2026-09-08 04:16:11.428,dummy,-0.833,-1.067,0.958,49.6,0.0,0.0,,,
2026-09-08 04:16:11.480,dummy,-0.8,-1.028,0.96,49.9,0.0,0.0,,,
2026-09-08 04:16:11.532,dummy,-0.767,-0.989,0.961,50.2,0.0,0.0,,,
2026-09-08 04:16:11.584,dummy,-0.734,-0.949,0.963,50.4,0.0,0.0,,,
2026-09-08 04:16:11.635,dummy,-0.701,-0.909,0.965,50.7,0.0,0.0,,,
2026-09-08 04:16:11.687,dummy,-0.668,-0.868,0.966,50.9,0.0,0.0,,,
2026-09-08 04:16:11.738,dummy,-0.635,-0.827,0.968,51.2,0.0,0.0,,,
2026-09-08 04:16:11.790,dummy,-0.602,-0.786,0.97,51.4,0.0,0.0,,,
2026-09-08 04:16:11.843,dummy,-0.567,-0.742,0.972,51.6,0.0,0.0,,,
2026-09-08 04:16:11.895,dummy,-0.533,-0.7,0.973,51.8,0.0,0.0,,,
2026-09-08 04:16:11.946,dummy,-0.5,-0.657,0.975,51.9,0.0,0.0,,,
2026-09-08 04:16:11.998,dummy,-0.466,-0.614,0.977,52.1,0.0,0.0,,,
2026-09-08 04:16:12.049,dummy,-0.433,-0.571,0.978,52.2,0.0,0.0,,,
2026-09-08 04:16:12.100,dummy,-0.399,-0.528,0.98,52.4,0.0,0.0,,,
2026-09-08 04:16:12.152,dummy,-0.366,-0.484,0.982,52.5,0.0,0.0,,,
2026-09-08 04:16:12.203,dummy,-0.332,-0.44,0.983,52.6,0.0,0.0,,,
2026-09-08 04:16:12.254,dummy,-0.299,-0.396,0.985,52.7,0.0,0.0,,,
2026-09-08 04:16:12.307,dummy,-0.264,-0.351,0.987,52.8,0.0,0.0,,,
2026-09-08 04:16:12.362,dummy,-0.228,-0.303,0.989,52.9,0.0,0.0,,,
2026-09-08 04:16:12.415,dummy,-0.193,-0.257,0.99,53.0,0.0,0.0,,,
2026-09-08 04:16:12.467,dummy,-0.159,-0.211,0.992,53.0,0.0,0.0,,,
2026-09-08 04:16:12.518,dummy,-0.125,-0.166,0.994,53.1,0.0,0.0,,,
2026-09-08 04:16:12.569,dummy,-0.091,-0.122,0.995,53.1,0.0,0.0,,,
2026-09-08 04:16:12.620,dummy,-0.057,-0.077,0.997,53.1,0.0,0.0,,,
2026-09-08 04:16:12.672,dummy,-0.023,-0.031,0.999,53.1,0.0,0.0,,,
2026-09-08 04:16:12.724,dummy,0.011,0.015,1.001,53.1,0.0,0.0,,,
2026-09-08 04:16:12.788,dummy,0.053,0.071,1.003,53.1,0.0,0.0,,,
2026-09-08 04:16:12.841,dummy,0.088,0.117,1.004,53.1,0.0,0.0,,,
2026-09-08 04:16:12.892,dummy,0.122,0.162,1.006,53.1,0.0,0.0,,,
2026-09-08 04:16:12.944,dummy,0.156,0.208,1.008,53.0,0.0,0.0,,,
2026-09-08 04:16:12.995,dummy,0.19,0.253,1.009,53.0,0.0,0.0,,,
2026-09-08 04:16:13.047,dummy,0.224,0.298,1.011,52.9,0.0,0.0,,,
2026-09-08 04:16:13.098,dummy,0.258,0.342,1.013,52.8,0.0,0.0,,,
2026-09-08 04:16:13.150,dummy,0.291,0.387,1.015,52.7,0.0,0.0,,,
2026-09-08 04:16:13.201,dummy,0.325,0.431,1.016,52.6,0.0,0.0,,,
2026-09-08 04:16:13.252,dummy,0.359,0.475,1.018,52.5,0.0,0.0,,,
2026-09-08 04:16:13.304,dummy,0.392,0.519,1.02,52.4,0.0,0.0,,,
2026-09-08 04:16:13.356,dummy,0.426,0.563,1.021,52.3,0.0,0.0,,,
2026-09-08 04:16:13.407,dummy,0.46,0.606,1.023,52.1,0.0,0.0,,,
2026-09-08 04:16:13.459,dummy,0.494,0.649,1.025,52.0,0.0,0.0,,,
2026-09-08 04:16:13.510,dummy,0.527,0.692,1.026,51.8,0.0,0.0,,,
2026-09-08 04:16:13.563,dummy,0.561,0.735,1.028,51.6,0.0,0.0,,,
2026-09-08 04:16:13.614,dummy,0.595,0.777,1.03,51.4,0.0,0.0,,,
2026-09-08 04:16:13.666,dummy,0.628,0.819,1.032,51.2,0.0,0.0,,,
2026-09-08 04:16:13.717,dummy,0.661,0.86,1.033,51.0,0.0,0.0,,,
2026-09-08 04:16:13.770,dummy,0.695,0.901,1.035,50.7,0.0,0.0,,,
2026-09-08 04:16:13.821,dummy,0.728,0.941,1.037,50.5,0.0,0.0,,,
2026-09-08 04:16:13.873,dummy,0.761,0.981,1.038,50.2,0.0,0.0,,,
2026-09-08 04:16:13.924,dummy,0.794,1.021,1.04,49.9,0.0,0.0,,,
2026-09-08 04:16:13.975,dummy,0.826,1.059,1.042,49.6,0.0,0.0,,,
2026-09-08 04:16:14.027,dummy,0.859,1.097,1.043,49.3,0.0,0.0,,,
2026-09-08 04:16:14.078,dummy,0.891,1.135,1.045,49.0,0.0,0.0,,,
2026-09-08 04:16:14.132,dummy,0.924,1.172,1.047,48.6,0.0,0.0,,,
2026-09-08 04:16:14.184,dummy,0.957,1.21,1.049,48.2,0.0,0.0,,,
2026-09-08 04:16:14.236,dummy,0.99,1.246,1.05,47.9,0.0,0.0,,,
2026-09-08 04:16:14.287,dummy,1.022,1.281,1.052,47.4,0.0,0.0,,,
2026-09-08 04:16:14.339,dummy,1.054,1.316,1.054,47.0,0.0,0.0,,,
2026-09-08 04:16:14.390,dummy,1.085,1.349,1.055,46.6,0.0,0.0,,,
2026-09-08 04:16:14.442,dummy,1.117,1.382,1.057,46.1,0.0,0.0,,,
2026-09-08 04:16:14.493,dummy,1.149,1.415,1.059,45.6,0.0,0.0,,,
2026-09-08 04:16:14.545,dummy,1.18,1.447,1.06,45.0,0.0,0.0,,,
2026-09-08 04:16:14.596,dummy,1.211,1.478,1.062,44.5,0.0,0.0,,,
2026-09-08 04:16:14.648,dummy,1.242,1.508,1.064,43.9,0.0,0.0,,,
2026-09-08 04:16:14.699,dummy,1.273,1.537,1.065,43.3,0.0,0.0,,,
2026-09-08 04:16:14.751,dummy,1.304,1.565,1.067,42.7,0.0,0.0,,,
2026-09-08 04:16:14.802,dummy,1.334,1.593,1.069,42.0,0.0,0.0,,,
2026-09-08 04:16:14.854,dummy,1.365,1.621,1.07,41.3,0.0,0.0,,,
2026-09-08 04:16:14.906,dummy,1.395,1.647,1.072,40.5,0.0,0.0,,,
2026-09-08 04:16:14.957,dummy,1.425,1.672,1.073,39.7,0.0,0.0,,,
2026-09-08 04:16:15.009,dummy,1.455,1.696,1.075,38.9,0.0,0.0,,,
2026-09-08 04:16:15.060,dummy,1.484,1.72,1.077,38.1,0.0,0.0,,,
2026-09-08 04:16:15.111,dummy,1.514,1.743,1.078,37.2,0.0,0.0,,,
2026-09-08 04:16:15.163,dummy,1.543,1.764,1.08,36.2,0.0,0.0,,,
2026-09-08 04:16:15.214,dummy,1.572,1.785,1.082,35.2,0.0,0.0,,,
2026-09-08 04:16:15.265,dummy,1.601,1.805,1.083,34.2,0.0,0.0,,,
2026-09-08 04:16:15.317,dummy,1.629,1.824,1.085,33.1,0.0,0.0,,,
2026-09-08 04:16:15.369,dummy,1.658,1.842,1.087,31.9,0.0,0.0,,,
2026-09-08 04:16:15.420,dummy,1.686,1.859,1.088,30.7,0.0,0.0,,,
2026-09-08 04:16:15.472,dummy,1.714,1.876,1.09,29.4,0.0,0.0,,,
2026-09-08 04:16:15.524,dummy,1.742,1.891,1.091,28.1,0.0,0.0,,,
2026-09-08 04:16:15.575,dummy,1.77,1.905,1.093,26.7,0.0,0.0,,,
2026-09-08 04:16:15.626,dummy,1.797,1.919,1.095,25.2,0.0,0.0,,,
2026-09-08 04:16:15.678,dummy,1.824,1.931,1.096,23.6,0.0,0.0,,,
2026-09-08 04:16:15.729,dummy,1.851,1.942,1.098,22.0,0.0,0.0,,,
2026-09-08 04:16:15.780,dummy,1.877,1.952,1.099,20.4,0.0,0.0,,,
2026-09-08 04:16:15.832,dummy,1.904,1.962,1.101,18.6,0.0,0.0,,,
2026-09-08 04:16:15.883,dummy,1.93,1.97,1.103,16.7,0.0,0.0,,,
2026-09-08 04:16:15.935,dummy,1.956,1.977,1.104,14.8,0.0,0.0,,,
2026-09-08 04:16:15.986,dummy,1.981,1.984,1.106,12.8,0.0,0.0,,,
2026-09-08 04:16:16.038,dummy,2.007,1.989,1.107,10.7,0.0,0.0,,,
2026-09-08 04:16:16.090,dummy,2.032,1.993,1.109,8.5,0.0,0.0,,,
2026-09-08 04:16:16.142,dummy,2.057,1.996,1.111,6.2,0.0,0.0,,,
2026-09-08 04:16:16.194,dummy,2.082,1.999,1.112,3.9,0.0,0.0,,,
2026-09-08 04:16:16.246,dummy,2.106,2.0,1.114,1.5,0.0,0.0,,,
2026-09-08 04:16:16.297,dummy,2.131,2.0,1.115,359.0,0.0,0.0,,,
2026-09-08 04:16:16.349,dummy,2.154,1.999,1.117,356.6,0.0,0.0,,,
2026-09-08 04:16:16.400,dummy,2.178,1.997,1.119,354.0,0.0,0.0,,,
2026-09-08 04:16:16.451,dummy,2.201,1.994,1.12,351.5,0.0,0.0,,,
2026-09-08 04:16:16.503,dummy,2.224,1.99,1.122,348.9,0.0,0.0,,,
2026-09-08 04:16:16.554,dummy,2.247,1.985,1.123,346.3,0.0,0.0,,,
2026-09-08 04:16:16.606,dummy,2.269,1.979,1.125,343.6,0.0,0.0,,,
2026-09-08 04:16:16.658,dummy,2.291,1.972,1.126,341.0,0.0,0.0,,,
2026-09-08 04:16:16.710,dummy,2.313,1.964,1.128,338.4,0.0,0.0,,,
2026-09-08 04:16:16.762,dummy,2.335,1.955,1.129,335.8,0.0,0.0,,,
2026-09-08 04:16:16.813,dummy,2.356,1.945,1.131,333.3,0.0,0.0,,,
2026-09-08 04:16:16.865,dummy,2.377,1.934,1.132,330.8,0.0,0.0,,,
2026-09-08 04:16:16.916,dummy,2.397,1.922,1.134,328.4,0.0,0.0,,,
2026-09-08 04:16:16.968,dummy,2.418,1.908,1.136,326.0,0.0,0.0,,,
2026-09-08 04:16:17.021,dummy,2.439,1.894,1.137,323.7,0.0,0.0,,,
2026-09-08 04:16:17.073,dummy,2.458,1.879,1.139,321.4,0.0,0.0,,,
2026-09-08 04:16:17.126,dummy,2.478,1.862,1.14,319.2,0.0,0.0,,,
2026-09-08 04:16:17.178,dummy,2.497,1.845,1.142,317.1,0.0,0.0,,,
2026-09-08 04:16:17.231,dummy,2.517,1.826,1.143,315.1,0.0,0.0,,,
2026-09-08 04:16:17.283,dummy,2.535,1.807,1.145,313.1,0.0,0.0,,,
2026-09-08 04:16:17.334,dummy,2.553,1.788,1.146,311.3,0.0,0.0,,,
2026-09-08 04:16:17.385,dummy,2.571,1.767,1.148,309.5,0.0,0.0,,,
2026-09-08 04:16:17.437,dummy,2.588,1.745,1.149,307.8,0.0,0.0,,,
2026-09-08 04:16:17.488,dummy,2.605,1.723,1.151,306.2,0.0,0.0,,,
2026-09-08 04:16:17.540,dummy,2.622,1.699,1.152,304.7,0.0,0.0,,,
2026-09-08 04:16:17.592,dummy,2.638,1.675,1.154,303.2,0.0,0.0,,,
2026-09-08 04:16:17.644,dummy,2.654,1.649,1.155,301.7,0.0,0.0,,,
2026-09-08 04:16:17.695,dummy,2.67,1.623,1.156,300.3,0.0,0.0,,,
2026-09-08 04:16:17.748,dummy,2.686,1.595,1.158,299.0,0.0,0.0,,,
2026-09-08 04:16:17.800,dummy,2.701,1.568,1.159,297.7,0.0,0.0,,,
2026-09-08 04:16:17.852,dummy,2.715,1.539,1.161,296.5,0.0,0.0,,,
2026-09-08 04:16:17.904,dummy,2.73,1.509,1.162,295.4,0.0,0.0,,,
2026-09-08 04:16:17.956,dummy,2.744,1.479,1.164,294.2,0.0,0.0,,,
2026-09-08 04:16:18.008,dummy,2.758,1.448,1.165,293.2,0.0,0.0,,,
2026-09-08 04:16:18.060,dummy,2.771,1.416,1.167,292.1,0.0,0.0,,,
2026-09-08 04:16:18.112,dummy,2.784,1.383,1.168,291.1,0.0,0.0,,,
2026-09-08 04:16:18.163,dummy,2.797,1.35,1.169,290.2,0.0,0.0,,,
2026-09-08 04:16:18.215,dummy,2.809,1.316,1.171,289.3,0.0,0.0,,,
2026-09-08 04:16:18.267,dummy,2.82,1.282,1.172,288.4,0.0,0.0,,,
2026-09-08 04:16:18.318,dummy,2.832,1.246,1.174,287.6,0.0,0.0,,,
2026-09-08 04:16:18.370,dummy,2.843,1.211,1.175,286.8,0.0,0.0,,,
2026-09-08 04:16:18.421,dummy,2.854,1.174,1.176,286.0,0.0,0.0,,,
2026-09-08 04:16:18.474,dummy,2.864,1.137,1.178,285.2,0.0,0.0,,,
2026-09-08 04:16:18.526,dummy,2.874,1.099,1.179,284.4,0.0,0.0,,,
2026-09-08 04:16:18.577,dummy,2.884,1.06,1.181,283.7,0.0,0.0,,,
2026-09-08 04:16:18.629,dummy,2.893,1.022,1.182,283.0,0.0,0.0,,,
2026-09-08 04:16:18.681,dummy,2.902,0.982,1.183,282.3,0.0,0.0,,,
2026-09-08 04:16:18.732,dummy,2.91,0.942,1.185,281.7,0.0,0.0,,,
2026-09-08 04:16:18.783,dummy,2.918,0.902,1.186,281.0,0.0,0.0,,,
2026-09-08 04:16:18.835,dummy,2.926,0.862,1.187,280.4,0.0,0.0,,,
2026-09-08 04:16:18.887,dummy,2.933,0.82,1.189,279.8,0.0,0.0,,,
2026-09-08 04:16:18.939,dummy,2.94,0.778,1.19,279.2,0.0,0.0,,,
2026-09-08 04:16:18.990,dummy,2.947,0.736,1.191,278.6,0.0,0.0,,,
2026-09-08 04:16:19.043,dummy,2.953,0.694,1.193,278.0,0.0,0.0,,,
2026-09-08 04:16:19.094,dummy,2.959,0.651,1.194,277.5,0.0,0.0,,,
2026-09-08 04:16:19.146,dummy,2.964,0.608,1.195,276.9,0.0,0.0,,,
2026-09-08 04:16:19.197,dummy,2.969,0.565,1.196,276.4,0.0,0.0,,,
2026-09-08 04:16:19.249,dummy,2.974,0.521,1.198,275.8,0.0,0.0,,,
2026-09-08 04:16:19.301,dummy,2.978,0.477,1.199,275.3,0.0,0.0,,,
2026-09-08 04:16:19.352,dummy,2.982,0.432,1.2,274.8,0.0,0.0,,,
2026-09-08 04:16:19.405,dummy,2.986,0.387,1.202,274.3,0.0,0.0,,,
2026-09-08 04:16:19.456,dummy,2.989,0.342,1.203,273.7,0.0,0.0,,,
2026-09-08 04:16:19.508,dummy,2.992,0.298,1.204,273.2,0.0,0.0,,,
2026-09-08 04:16:19.560,dummy,2.994,0.252,1.205,272.7,0.0,0.0,,,
2026-09-08 04:16:19.611,dummy,2.996,0.207,1.207,272.2,0.0,0.0,,,
2026-09-08 04:16:19.663,dummy,2.998,0.162,1.208,271.7,0.0,0.0,,,
2026-09-08 04:16:19.714,dummy,2.999,0.117,1.209,271.3,0.0,0.0,,,
2026-09-08 04:16:19.767,dummy,3.0,0.071,1.21,270.8,0.0,0.0,,,
2026-09-08 04:16:19.818,dummy,3.0,0.026,1.211,270.3,0.0,0.0,,,
2026-09-08 04:16:19.869,dummy,3.0,-0.019,1.213,269.8,0.0,0.0,,,
2026-09-08 04:16:19.921,dummy,3.0,-0.065,1.214,269.3,0.0,0.0,,,
2026-09-08 04:16:19.972,dummy,2.999,-0.11,1.215,268.8,0.0,0.0,,,
2026-09-08 04:16:20.024,dummy,2.998,-0.155,1.216,268.3,0.0,0.0,,,
2026-09-08 04:16:20.075,dummy,2.996,-0.2,1.217,267.8,0.0,0.0,,,
2026-09-08 04:16:20.127,dummy,2.994,-0.245,1.219,267.3,0.0,0.0,,,
2026-09-08 04:16:20.178,dummy,2.992,-0.29,1.22,266.8,0.0,0.0,,,
2026-09-08 04:16:20.230,dummy,2.989,-0.335,1.221,266.3,0.0,0.0,,,
2026-09-08 04:16:20.281,dummy,2.986,-0.38,1.222,265.8,0.0,0.0,,,
2026-09-08 04:16:20.333,dummy,2.983,-0.424,1.223,265.3,0.0,0.0,,,
2026-09-08 04:16:20.385,dummy,2.979,-0.469,1.224,264.8,0.0,0.0,,,
2026-09-08 04:16:20.437,dummy,2.975,-0.513,1.225,264.3,0.0,0.0,,,
2026-09-08 04:16:20.488,dummy,2.97,-0.557,1.227,263.7,0.0,0.0,,,
2026-09-08 04:16:20.541,dummy,2.965,-0.6,1.228,263.2,0.0,0.0,,,
2026-09-08 04:16:20.592,dummy,2.96,-0.644,1.229,262.6,0.0,0.0,,,
2026-09-08 04:16:20.644,dummy,2.954,-0.687,1.23,262.1,0.0,0.0,,,
2026-09-08 04:16:20.695,dummy,2.948,-0.729,1.231,261.5,0.0,0.0,,,
2026-09-08 04:16:20.747,dummy,2.941,-0.771,1.232,260.9,0.0,0.0,,,
2026-09-08 04:16:20.798,dummy,2.935,-0.813,1.233,260.3,0.0,0.0,,,
2026-09-08 04:16:20.851,dummy,2.927,-0.854,1.234,259.7,0.0,0.0,,,
2026-09-08 04:16:20.902,dummy,2.92,-0.895,1.235,259.1,0.0,0.0,,,
2026-09-08 04:16:20.954,dummy,2.912,-0.936,1.236,258.4,0.0,0.0,,,
2026-09-08 04:16:21.005,dummy,2.903,-0.975,1.237,257.8,0.0,0.0,,,
2026-09-08 04:16:21.057,dummy,2.894,-1.015,1.238,257.1,0.0,0.0,,,
2026-09-08 04:16:21.109,dummy,2.885,-1.054,1.239,256.4,0.0,0.0,,,
2026-09-08 04:16:21.161,dummy,2.876,-1.093,1.24,255.7,0.0,0.0,,,
2026-09-08 04:16:21.213,dummy,2.866,-1.13,1.241,254.9,0.0,0.0,,,
2026-09-08 04:16:21.264,dummy,2.855,-1.167,1.242,254.2,0.0,0.0,,,
2026-09-08 04:16:21.316,dummy,2.845,-1.204,1.243,253.4,0.0,0.0,,,
2026-09-08 04:16:21.367,dummy,2.834,-1.24,1.244,252.6,0.0,0.0,,,
2026-09-08 04:16:21.419,dummy,2.823,-1.275,1.245,251.7,0.0,0.0,,,
2026-09-08 04:16:21.470,dummy,2.811,-1.31,1.246,250.9,0.0,0.0,,,
2026-09-08 04:16:21.522,dummy,2.799,-1.344,1.247,250.0,0.0,0.0,,,
2026-09-08 04:16:21.574,dummy,2.786,-1.377,1.248,249.0,0.0,0.0,,,
2026-09-08 04:16:21.625,dummy,2.773,-1.41,1.249,248.1,0.0,0.0,,,
2026-09-08 04:16:21.677,dummy,2.76,-1.442,1.25,247.0,0.0,0.0,,,
2026-09-08 04:16:21.729,dummy,2.747,-1.473,1.251,246.0,0.0,0.0,,,
2026-09-08 04:16:21.780,dummy,2.733,-1.503,1.252,244.9,0.0,0.0,,,
2026-09-08 04:16:21.832,dummy,2.719,-1.533,1.253,243.7,0.0,0.0,,,
2026-09-08 04:16:21.884,dummy,2.704,-1.562,1.254,242.5,0.0,0.0,,,
2026-09-08 04:16:21.936,dummy,2.689,-1.59,1.255,241.3,0.0,0.0,,,
2026-09-08 04:16:21.989,dummy,2.674,-1.617,1.256,240.0,0.0,0.0,,,
2026-09-08 04:16:22.040,dummy,2.658,-1.644,1.257,238.6,0.0,0.0,,,
2026-09-08 04:16:22.092,dummy,2.642,-1.669,1.258,237.2,0.0,0.0,,,
2026-09-08 04:16:22.143,dummy,2.626,-1.694,1.258,235.7,0.0,0.0,,,
2026-09-08 04:16:22.194,dummy,2.609,-1.717,1.259,234.2,0.0,0.0,,,
2026-09-08 04:16:22.245,dummy,2.592,-1.74,1.26,232.6,0.0,0.0,,,
2026-09-08 04:16:22.297,dummy,2.575,-1.762,1.261,230.9,0.0,0.0,,,
2026-09-08 04:16:22.349,dummy,2.557,-1.783,1.262,229.1,0.0,0.0,,,
2026-09-08 04:16:22.400,dummy,2.539,-1.803,1.263,227.3,0.0,0.0,,,
2026-09-08 04:16:22.452,dummy,2.521,-1.822,1.263,225.4,0.0,0.0,,,
2026-09-08 04:16:22.504,dummy,2.502,-1.841,1.264,223.4,0.0,0.0,,,
2026-09-08 04:16:22.556,dummy,2.483,-1.858,1.265,221.3,0.0,0.0,,,
2026-09-08 04:16:22.607,dummy,2.464,-1.874,1.266,219.2,0.0,0.0,,,
2026-09-08 04:16:22.659,dummy,2.444,-1.89,1.267,217.0,0.0,0.0,,,
2026-09-08 04:16:22.710,dummy,2.424,-1.904,1.267,214.7,0.0,0.0,,,
2026-09-08 04:16:22.761,dummy,2.404,-1.917,1.268,212.4,0.0,0.0,,,
2026-09-08 04:16:22.812,dummy,2.384,-1.929,1.269,210.0,0.0,0.0,,,
2026-09-08 04:16:22.864,dummy,2.363,-1.941,1.27,207.6,0.0,0.0,,,
2026-09-08 04:16:22.916,dummy,2.342,-1.951,1.27,205.0,0.0,0.0,,,
2026-09-08 04:16:22.967,dummy,2.321,-1.961,1.271,202.5,0.0,0.0,,,
2026-09-08 04:16:23.019,dummy,2.299,-1.969,1.272,199.9,0.0,0.0,,,
2026-09-08 04:16:23.070,dummy,2.277,-1.977,1.273,197.3,0.0,0.0,,,
2026-09-08 04:16:23.122,dummy,2.255,-1.983,1.273,194.7,0.0,0.0,,,
2026-09-08 04:16:23.173,dummy,2.232,-1.988,1.274,192.1,0.0,0.0,,,
2026-09-08 04:16:23.225,dummy,2.209,-1.993,1.275,189.5,0.0,0.0,,,
2026-09-08 04:16:23.276,dummy,2.186,-1.996,1.275,186.9,0.0,0.0,,,
2026-09-08 04:16:23.328,dummy,2.163,-1.998,1.276,184.3,0.0,0.0,,,
2026-09-08 04:16:23.380,dummy,2.139,-2.0,1.277,181.8,0.0,0.0,,,
2026-09-08 04:16:23.431,dummy,2.115,-2.0,1.277,179.3,0.0,0.0,,,
2026-09-08 04:16:23.483,dummy,2.091,-1.999,1.278,177.0,0.0,0.0,,,
2026-09-08 04:16:23.534,dummy,2.066,-1.997,1.279,174.6,0.0,0.0,,,
2026-09-08 04:16:23.586,dummy,2.041,-1.995,1.279,172.3,0.0,0.0,,,
2026-09-08 04:16:23.637,dummy,2.016,-1.991,1.28,170.1,0.0,0.0,,,
2026-09-08 04:16:23.690,dummy,1.991,-1.986,1.28,168.0,0.0,0.0,,,
2026-09-08 04:16:23.741,dummy,1.965,-1.98,1.281,165.9,0.0,0.0,,,
2026-09-08 04:16:23.793,dummy,1.939,-1.973,1.282,164.0,0.0,0.0,,,
2026-09-08 04:16:23.845,dummy,1.913,-1.965,1.282,162.1,0.0,0.0,,,
2026-09-08 04:16:23.896,dummy,1.887,-1.956,1.283,160.3,0.0,0.0,,,
2026-09-08 04:16:23.947,dummy,1.86,-1.946,1.283,158.6,0.0,0.0,,,
2026-09-08 04:16:23.999,dummy,1.833,-1.935,1.284,156.9,0.0,0.0,,,
2026-09-08 04:16:24.051,dummy,1.806,-1.923,1.284,155.3,0.0,0.0,,,
2026-09-08 04:16:24.103,dummy,1.779,-1.91,1.285,153.8,0.0,0.0,,,
2026-09-08 04:16:24.154,dummy,1.751,-1.896,1.286,152.4,0.0,0.0,,,
2026-09-08 04:16:24.206,dummy,1.723,-1.881,1.286,151.0,0.0,0.0,,,
2026-09-08 04:16:24.258,dummy,1.695,-1.865,1.287,149.7,0.0,0.0,,,
2026-09-08 04:16:24.310,dummy,1.667,-1.848,1.287,148.5,0.0,0.0,,,
2026-09-08 04:16:24.361,dummy,1.638,-1.83,1.288,147.3,0.0,0.0,,,
2026-09-08 04:16:24.413,dummy,1.61,-1.811,1.288,146.2,0.0,0.0,,,
2026-09-08 04:16:24.465,dummy,1.581,-1.791,1.289,145.1,0.0,0.0,,,
2026-09-08 04:16:24.517,dummy,1.551,-1.77,1.289,144.1,0.0,0.0,,,
2026-09-08 04:16:24.569,dummy,1.522,-1.749,1.289,143.1,0.0,0.0,,,
2026-09-08 04:16:24.620,dummy,1.492,-1.726,1.29,142.2,0.0,0.0,,,
2026-09-08 04:16:24.672,dummy,1.463,-1.703,1.29,141.3,0.0,0.0,,,
2026-09-08 04:16:24.724,dummy,1.433,-1.678,1.291,140.5,0.0,0.0,,,
2026-09-08 04:16:24.776,dummy,1.403,-1.653,1.291,139.7,0.0,0.0,,,
2026-09-08 04:16:24.829,dummy,1.372,-1.627,1.292,138.9,0.0,0.0,,,
2026-09-08 04:16:24.881,dummy,1.341,-1.6,1.292,138.2,0.0,0.0,,,
2026-09-08 04:16:24.932,dummy,1.311,-1.572,1.292,137.5,0.0,0.0,,,
2026-09-08 04:16:24.984,dummy,1.28,-1.543,1.293,136.8,0.0,0.0,,,
2026-09-08 04:16:25.036,dummy,1.249,-1.514,1.293,136.2,0.0,0.0,,,
2026-09-08 04:16:25.087,dummy,1.218,-1.484,1.293,135.6,0.0,0.0,,,
2026-09-08 04:16:25.139,dummy,1.186,-1.453,1.294,135.1,0.0,0.0,,,
2026-09-08 04:16:25.191,dummy,1.155,-1.421,1.294,134.5,0.0,0.0,,,
2026-09-08 04:16:25.243,dummy,1.123,-1.389,1.294,134.0,0.0,0.0,,,
2026-09-08 04:16:25.294,dummy,1.092,-1.356,1.295,133.5,0.0,0.0,,,
2026-09-08 04:16:25.346,dummy,1.06,-1.322,1.295,133.1,0.0,0.0,,,
2026-09-08 04:16:25.398,dummy,1.028,-1.288,1.295,132.6,0.0,0.0,,,
2026-09-08 04:16:25.450,dummy,0.996,-1.252,1.296,132.2,0.0,0.0,,,
2026-09-08 04:16:25.501,dummy,0.963,-1.216,1.296,131.8,0.0,0.0,,,
2026-09-08 04:16:25.552,dummy,0.931,-1.18,1.296,131.5,0.0,0.0,,,
2026-09-08 04:16:25.604,dummy,0.899,-1.143,1.297,131.1,0.0,0.0,,,
2026-09-08 04:16:25.656,dummy,0.866,-1.106,1.297,130.8,0.0,0.0,,,
2026-09-08 04:16:25.707,dummy,0.834,-1.068,1.297,130.4,0.0,0.0,,,
2026-09-08 04:16:25.758,dummy,0.801,-1.029,1.297,130.1,0.0,0.0,,,
2026-09-08 04:16:25.810,dummy,0.768,-0.99,1.297,129.8,0.0,0.0,,,
2026-09-08 04:16:25.862,dummy,0.735,-0.95,1.298,129.6,0.0,0.0,,,
2026-09-08 04:16:25.913,dummy,0.702,-0.911,1.298,129.3,0.0,0.0,,,
2026-09-08 04:16:25.964,dummy,0.669,-0.87,1.298,129.1,0.0,0.0,,,
2026-09-08 04:16:26.016,dummy,0.636,-0.829,1.298,128.8,0.0,0.0,,,
2026-09-08 04:16:26.067,dummy,0.603,-0.788,1.298,128.6,0.0,0.0,,,
2026-09-08 04:16:26.118,dummy,0.57,-0.746,1.299,128.4,0.0,0.0,,,
2026-09-08 04:16:26.170,dummy,0.537,-0.704,1.299,128.3,0.0,0.0,,,
2026-09-08 04:16:26.221,dummy,0.503,-0.661,1.299,128.1,0.0,0.0,,,
2026-09-08 04:16:26.273,dummy,0.469,-0.618,1.299,127.9,0.0,0.0,,,
2026-09-08 04:16:26.325,dummy,0.436,-0.575,1.299,127.8,0.0,0.0,,,
2026-09-08 04:16:26.376,dummy,0.402,-0.531,1.299,127.6,0.0,0.0,,,
2026-09-08 04:16:26.428,dummy,0.368,-0.488,1.299,127.5,0.0,0.0,,,
2026-09-08 04:16:26.479,dummy,0.335,-0.443,1.3,127.4,0.0,0.0,,,
2026-09-08 04:16:26.531,dummy,0.301,-0.399,1.3,127.3,0.0,0.0,,,
2026-09-08 04:16:26.582,dummy,0.267,-0.355,1.3,127.2,0.0,0.0,,,
2026-09-08 04:16:26.633,dummy,0.234,-0.311,1.3,127.1,0.0,0.0,,,
2026-09-08 04:16:26.684,dummy,0.2,-0.266,1.3,127.1,0.0,0.0,,,
2026-09-08 04:16:26.736,dummy,0.166,-0.221,1.3,127.0,0.0,0.0,,,
2026-09-08 04:16:26.787,dummy,0.132,-0.176,1.3,127.0,0.0,0.0,,,
2026-09-08 04:16:26.839,dummy,0.098,-0.131,1.3,126.9,0.0,0.0,,,
2026-09-08 04:16:26.890,dummy,0.064,-0.086,1.3,126.9,0.0,0.0,,,
2026-09-08 04:16:26.941,dummy,0.03,-0.04,1.3,126.9,0.0,0.0,,,
2026-09-08 04:16:26.992,dummy,-0.004,0.005,1.3,126.9,0.0,0.0,,,
2026-09-08 04:16:27.044,dummy,-0.037,0.05,1.3,126.9,0.0,0.0,,,
2026-09-08 04:16:27.095,dummy,-0.071,0.095,1.3,126.9,0.0,0.0,,,
2026-09-08 04:16:27.146,dummy,-0.105,0.14,1.3,126.9,0.0,0.0,,,
2026-09-08 04:16:27.199,dummy,-0.139,0.186,1.3,127.0,0.0,0.0,,,
2026-09-08 04:16:27.250,dummy,-0.173,0.231,1.3,127.0,0.0,0.0,,,
2026-09-08 04:16:27.302,dummy,-0.207,0.276,1.3,127.1,0.0,0.0,,,
2026-09-08 04:16:27.353,dummy,-0.241,0.32,1.3,127.1,0.0,0.0,,,
2026-09-08 04:16:27.404,dummy,-0.275,0.365,1.3,127.2,0.0,0.0,,,
2026-09-08 04:16:27.456,dummy,-0.309,0.409,1.3,127.3,0.0,0.0,,,
2026-09-08 04:16:27.507,dummy,-0.342,0.453,1.3,127.4,0.0,0.0,,,
2026-09-08 04:16:27.560,dummy,-0.376,0.497,1.299,127.5,0.0,0.0,,,
2026-09-08 04:16:27.611,dummy,-0.411,0.542,1.299,127.7,0.0,0.0,,,
2026-09-08 04:16:27.663,dummy,-0.444,0.586,1.299,127.8,0.0,0.0,,,
2026-09-08 04:16:27.714,dummy,-0.478,0.629,1.299,128.0,0.0,0.0,,,
2026-09-08 04:16:27.766,dummy,-0.511,0.672,1.299,128.1,0.0,0.0,,,
2026-09-08 04:16:27.818,dummy,-0.545,0.715,1.299,128.3,0.0,0.0,,,
2026-09-08 04:16:27.869,dummy,-0.578,0.757,1.299,128.5,0.0,0.0,,,
2026-09-08 04:16:27.922,dummy,-0.612,0.799,1.298,128.7,0.0,0.0,,,
2026-09-08 04:16:27.973,dummy,-0.646,0.841,1.298,128.9,0.0,0.0,,,
2026-09-08 04:16:28.025,dummy,-0.679,0.882,1.298,129.1,0.0,0.0,,,
2026-09-08 04:16:28.077,dummy,-0.713,0.923,1.298,129.4,0.0,0.0,,,
2026-09-08 04:16:28.129,dummy,-0.746,0.963,1.298,129.7,0.0,0.0,,,
2026-09-08 04:16:28.180,dummy,-0.778,1.002,1.297,129.9,0.0,0.0,,,
2026-09-08 04:16:28.232,dummy,-0.811,1.041,1.297,130.2,0.0,0.0,,,
2026-09-08 04:16:28.284,dummy,-0.844,1.08,1.297,130.5,0.0,0.0,,,
2026-09-08 04:16:28.335,dummy,-0.877,1.118,1.297,130.9,0.0,0.0,,,
2026-09-08 04:16:28.387,dummy,-0.91,1.156,1.296,131.2,0.0,0.0,,,
2026-09-08 04:16:28.440,dummy,-0.942,1.193,1.296,131.6,0.0,0.0,,,
2026-09-08 04:16:28.492,dummy,-0.975,1.229,1.296,132.0,0.0,0.0,,,
2026-09-08 04:16:28.545,dummy,-1.008,1.266,1.296,132.4,0.0,0.0,,,
2026-09-08 04:16:28.607,dummy,-1.047,1.308,1.295,132.9,0.0,0.0,,,
2026-09-08 04:16:28.660,dummy,-1.079,1.343,1.295,133.4,0.0,0.0,,,
2026-09-08 04:16:28.712,dummy,-1.111,1.376,1.295,133.8,0.0,0.0,,,
2026-09-08 04:16:28.763,dummy,-1.142,1.409,1.294,134.3,0.0,0.0,,,
2026-09-08 04:16:28.815,dummy,-1.174,1.441,1.294,134.9,0.0,0.0,,,
2026-09-08 04:16:28.867,dummy,-1.205,1.472,1.294,135.4,0.0,0.0,,,
2026-09-08 04:16:28.919,dummy,-1.237,1.502,1.293,136.0,0.0,0.0,,,
2026-09-08 04:16:28.970,dummy,-1.268,1.532,1.293,136.6,0.0,0.0,,,
2026-09-08 04:16:29.022,dummy,-1.299,1.561,1.293,137.2,0.0,0.0,,,
2026-09-08 04:16:29.074,dummy,-1.329,1.589,1.292,137.9,0.0,0.0,,,
2026-09-08 04:16:29.126,dummy,-1.36,1.617,1.292,138.6,0.0,0.0,,,
2026-09-08 04:16:29.178,dummy,-1.39,1.643,1.291,139.4,0.0,0.0,,,
2026-09-08 04:16:29.230,dummy,-1.421,1.668,1.291,140.1,0.0,0.0,,,
2026-09-08 04:16:29.281,dummy,-1.45,1.693,1.291,141.0,0.0,0.0,,,
2026-09-08 04:16:29.333,dummy,-1.48,1.717,1.29,141.8,0.0,0.0,,,
2026-09-08 04:16:29.386,dummy,-1.511,1.74,1.29,142.7,0.0,0.0,,,
2026-09-08 04:16:29.437,dummy,-1.54,1.762,1.289,143.7,0.0,0.0,,,
2026-09-08 04:16:29.489,dummy,-1.569,1.783,1.289,144.7,0.0,0.0,,,
2026-09-08 04:16:29.541,dummy,-1.598,1.803,1.288,145.7,0.0,0.0,,,
2026-09-08 04:16:29.593,dummy,-1.627,1.823,1.288,146.8,0.0,0.0,,,
2026-09-08 04:16:29.644,dummy,-1.655,1.841,1.287,148.0,0.0,0.0,,,
2026-09-08 04:16:29.696,dummy,-1.684,1.858,1.287,149.2,0.0,0.0,,,
2026-09-08 04:16:29.748,dummy,-1.712,1.874,1.286,150.5,0.0,0.0,,,
2026-09-08 04:16:29.799,dummy,-1.74,1.89,1.286,151.8,0.0,0.0,,,
2026-09-08 04:16:29.851,dummy,-1.767,1.904,1.285,153.2,0.0,0.0,,,
2026-09-08 04:16:29.902,dummy,-1.795,1.918,1.285,154.7,0.0,0.0,,,
2026-09-08 04:16:29.954,dummy,-1.822,1.93,1.284,156.2,0.0,0.0,,,
2026-09-08 04:16:30.006,dummy,-1.849,1.941,1.284,157.8,0.0,0.0,,,
2026-09-08 04:16:30.057,dummy,-1.876,1.952,1.283,159.6,0.0,0.0,,,
2026-09-08 04:16:30.108,dummy,-1.902,1.961,1.282,161.3,0.0,0.0,,,
2026-09-08 04:16:30.160,dummy,-1.928,1.97,1.282,163.2,0.0,0.0,,,
2026-09-08 04:16:30.212,dummy,-1.954,1.977,1.281,165.1,0.0,0.0,,,
2026-09-08 04:16:30.263,dummy,-1.98,1.983,1.281,167.1,0.0,0.0,,,
2026-09-08 04:16:30.315,dummy,-2.005,1.989,1.28,169.2,0.0,0.0,,,
2026-09-08 04:16:30.367,dummy,-2.03,1.993,1.28,171.4,0.0,0.0,,,
2026-09-08 04:16:30.418,dummy,-2.055,1.996,1.279,173.6,0.0,0.0,,,
2026-09-08 04:16:30.470,dummy,-2.08,1.999,1.278,175.9,0.0,0.0,,,
2026-09-08 04:16:30.522,dummy,-2.105,2.0,1.278,178.3,0.0,0.0,,,
2026-09-08 04:16:30.573,dummy,-2.129,2.0,1.277,180.8,0.0,0.0,,,
2026-09-08 04:16:30.624,dummy,-2.152,1.999,1.276,183.2,0.0,0.0,,,
2026-09-08 04:16:30.676,dummy,-2.176,1.997,1.276,185.8,0.0,0.0,,,
2026-09-08 04:16:30.728,dummy,-2.199,1.994,1.275,188.4,0.0,0.0,,,
2026-09-08 04:16:30.780,dummy,-2.223,1.99,1.274,191.0,0.0,0.0,,,
2026-09-08 04:16:30.831,dummy,-2.245,1.985,1.274,193.6,0.0,0.0,,,
2026-09-08 04:16:30.883,dummy,-2.268,1.98,1.273,196.2,0.0,0.0,,,
2026-09-08 04:16:30.935,dummy,-2.29,1.972,1.272,198.8,0.0,0.0,,,
2026-09-08 04:16:30.986,dummy,-2.312,1.964,1.271,201.4,0.0,0.0,,,
2026-09-08 04:16:31.038,dummy,-2.333,1.956,1.271,204.0,0.0,0.0,,,
2026-09-08 04:16:31.089,dummy,-2.354,1.945,1.27,206.5,0.0,0.0,,,
2026-09-08 04:16:31.141,dummy,-2.375,1.934,1.269,209.0,0.0,0.0,,,
2026-09-08 04:16:31.192,dummy,-2.396,1.922,1.268,211.4,0.0,0.0,,,
2026-09-08 04:16:31.244,dummy,-2.416,1.909,1.268,213.8,0.0,0.0,,,
2026-09-08 04:16:31.296,dummy,-2.436,1.895,1.267,216.1,0.0,0.0,,,
2026-09-08 04:16:31.348,dummy,-2.456,1.88,1.266,218.4,0.0,0.0,,,
2026-09-08 04:16:31.399,dummy,-2.476,1.864,1.265,220.5,0.0,0.0,,,
2026-09-08 04:16:31.451,dummy,-2.495,1.847,1.265,222.6,0.0,0.0,,,
2026-09-08 04:16:31.503,dummy,-2.514,1.829,1.264,224.6,0.0,0.0,,,
2026-09-08 04:16:31.554,dummy,-2.532,1.811,1.263,226.6,0.0,0.0,,,
2026-09-08 04:16:31.607,dummy,-2.55,1.791,1.262,228.4,0.0,0.0,,,
2026-09-08 04:16:31.659,dummy,-2.568,1.77,1.261,230.2,0.0,0.0,,,
2026-09-08 04:16:31.710,dummy,-2.586,1.748,1.26,231.9,0.0,0.0,,,
2026-09-08 04:16:31.762,dummy,-2.603,1.726,1.26,233.6,0.0,0.0,,,
2026-09-08 04:16:31.813,dummy,-2.62,1.702,1.259,235.1,0.0,0.0,,,
2026-09-08 04:16:31.865,dummy,-2.636,1.678,1.258,236.6,0.0,0.0,,,
2026-09-08 04:16:31.917,dummy,-2.652,1.653,1.257,238.1,0.0,0.0,,,
2026-09-08 04:16:31.969,dummy,-2.668,1.627,1.256,239.5,0.0,0.0,,,
2026-09-08 04:16:32.020,dummy,-2.683,1.6,1.255,240.8,0.0,0.0,,,
2026-09-08 04:16:32.071,dummy,-2.698,1.572,1.254,242.1,0.0,0.0,,,
2026-09-08 04:16:32.124,dummy,-2.713,1.543,1.253,243.3,0.0,0.0,,,
2026-09-08 04:16:32.176,dummy,-2.728,1.514,1.252,244.5,0.0,0.0,,,
2026-09-08 04:16:32.228,dummy,-2.742,1.484,1.252,245.6,0.0,0.0,,,
2026-09-08 04:16:32.279,dummy,-2.755,1.453,1.251,246.7,0.0,0.0,,,
2026-09-08 04:16:32.331,dummy,-2.769,1.421,1.25,247.7,0.0,0.0,,,
2026-09-08 04:16:32.384,dummy,-2.782,1.388,1.249,248.7,0.0,0.0,,,
2026-09-08 04:16:32.436,dummy,-2.795,1.355,1.248,249.7,0.0,0.0,,,
2026-09-08 04:16:32.489,dummy,-2.807,1.32,1.247,250.6,0.0,0.0,,,
2026-09-08 04:16:32.540,dummy,-2.819,1.286,1.246,251.5,0.0,0.0,,,
2026-09-08 04:16:32.592,dummy,-2.83,1.251,1.245,252.3,0.0,0.0,,,
2026-09-08 04:16:32.643,dummy,-2.842,1.215,1.244,253.2,0.0,0.0,,,
2026-09-08 04:16:32.695,dummy,-2.852,1.179,1.243,253.9,0.0,0.0,,,
2026-09-08 04:16:32.747,dummy,-2.863,1.142,1.242,254.7,0.0,0.0,,,
2026-09-08 04:16:32.799,dummy,-2.873,1.104,1.241,255.5,0.0,0.0,,,
2026-09-08 04:16:32.851,dummy,-2.882,1.065,1.24,256.2,0.0,0.0,,,
2026-09-08 04:16:32.903,dummy,-2.892,1.026,1.239,256.9,0.0,0.0,,,
2026-09-08 04:16:32.955,dummy,-2.901,0.987,1.238,257.6,0.0,0.0,,,
2026-09-08 04:16:33.007,dummy,-2.909,0.947,1.237,258.3,0.0,0.0,,,
2026-09-08 04:16:33.058,dummy,-2.917,0.907,1.236,258.9,0.0,0.0,,,
2026-09-08 04:16:33.110,dummy,-2.925,0.865,1.234,259.5,0.0,0.0,,,
2026-09-08 04:16:33.162,dummy,-2.933,0.824,1.233,260.2,0.0,0.0,,,
2026-09-08 04:16:33.214,dummy,-2.94,0.783,1.232,260.8,0.0,0.0,,,
2026-09-08 04:16:33.266,dummy,-2.946,0.74,1.231,261.4,0.0,0.0,,,
2026-09-08 04:16:33.318,dummy,-2.953,0.697,1.23,261.9,0.0,0.0,,,
2026-09-08 04:16:33.369,dummy,-2.958,0.655,1.229,262.5,0.0,0.0,,,
2026-09-08 04:16:33.421,dummy,-2.964,0.612,1.228,263.0,0.0,0.0,,,
2026-09-08 04:16:33.472,dummy,-2.969,0.568,1.227,263.6,0.0,0.0,,,
2026-09-08 04:16:33.524,dummy,-2.974,0.524,1.226,264.1,0.0,0.0,,,
2026-09-08 04:16:33.577,dummy,-2.978,0.48,1.225,264.7,0.0,0.0,,,
2026-09-08 04:16:33.629,dummy,-2.982,0.435,1.223,265.2,0.0,0.0,,,
2026-09-08 04:16:33.680,dummy,-2.985,0.391,1.222,265.7,0.0,0.0,,,
2026-09-08 04:16:33.731,dummy,-2.989,0.346,1.221,266.2,0.0,0.0,,,
2026-09-08 04:16:33.784,dummy,-2.991,0.301,1.22,266.7,0.0,0.0,,,
2026-09-08 04:16:33.837,dummy,-2.994,0.255,1.219,267.2,0.0,0.0,,,
2026-09-08 04:16:33.888,dummy,-2.996,0.21,1.218,267.7,0.0,0.0,,,
2026-09-08 04:16:33.940,dummy,-2.997,0.165,1.216,268.2,0.0,0.0,,,
2026-09-08 04:16:33.992,dummy,-2.999,0.119,1.215,268.7,0.0,0.0,,,
2026-09-08 04:16:34.043,dummy,-2.999,0.074,1.214,269.2,0.0,0.0,,,
2026-09-08 04:16:34.095,dummy,-3.0,0.028,1.213,269.7,0.0,0.0,,,
2026-09-08 04:16:34.146,dummy,-3.0,-0.017,1.212,270.2,0.0,0.0,,,
2026-09-08 04:16:34.198,dummy,-3.0,-0.062,1.21,270.7,0.0,0.0,,,
2026-09-08 04:16:34.250,dummy,-2.999,-0.108,1.209,271.2,0.0,0.0,,,
2026-09-08 04:16:34.302,dummy,-2.998,-0.153,1.208,271.7,0.0,0.0,,,
2026-09-08 04:16:34.354,dummy,-2.996,-0.199,1.207,272.2,0.0,0.0,,,
2026-09-08 04:16:34.405,dummy,-2.994,-0.244,1.206,272.6,0.0,0.0,,,
2026-09-08 04:16:34.458,dummy,-2.992,-0.29,1.204,273.1,0.0,0.0,,,
2026-09-08 04:16:34.509,dummy,-2.989,-0.334,1.203,273.7,0.0,0.0,,,
2026-09-08 04:16:34.561,dummy,-2.986,-0.379,1.202,274.2,0.0,0.0,,,
2026-09-08 04:16:34.614,dummy,-2.983,-0.424,1.2,274.7,0.0,0.0,,,
2026-09-08 04:16:34.666,dummy,-2.979,-0.47,1.199,275.2,0.0,0.0,,,
2026-09-08 04:16:34.719,dummy,-2.975,-0.515,1.198,275.8,0.0,0.0,,,
2026-09-08 04:16:34.771,dummy,-2.97,-0.559,1.197,276.3,0.0,0.0,,,
2026-09-08 04:16:34.822,dummy,-2.965,-0.602,1.195,276.8,0.0,0.0,,,
2026-09-08 04:16:34.874,dummy,-2.96,-0.645,1.194,277.4,0.0,0.0,,,
2026-09-08 04:16:34.925,dummy,-2.954,-0.688,1.193,277.9,0.0,0.0,,,
2026-09-08 04:16:34.977,dummy,-2.948,-0.731,1.191,278.5,0.0,0.0,,,
2026-09-08 04:16:35.029,dummy,-2.941,-0.773,1.19,279.1,0.0,0.0,,,
2026-09-08 04:16:35.088,dummy,-2.933,-0.82,1.189,279.8,0.0,0.0,,,
2026-09-08 04:16:35.140,dummy,-2.926,-0.862,1.187,280.4,0.0,0.0,,,
2026-09-08 04:16:35.191,dummy,-2.918,-0.902,1.186,281.0,0.0,0.0,,,
2026-09-08 04:16:35.244,dummy,-2.91,-0.943,1.185,281.7,0.0,0.0,,,
2026-09-08 04:16:35.296,dummy,-2.901,-0.984,1.183,282.4,0.0,0.0,,,
2026-09-08 04:16:35.348,dummy,-2.893,-1.023,1.182,283.0,0.0,0.0,,,
2026-09-08 04:16:35.399,dummy,-2.883,-1.062,1.18,283.7,0.0,0.0,,,
2026-09-08 04:16:35.451,dummy,-2.874,-1.1,1.179,284.5,0.0,0.0,,,
2026-09-08 04:16:35.502,dummy,-2.864,-1.137,1.178,285.2,0.0,0.0,,,
2026-09-08 04:16:35.553,dummy,-2.854,-1.174,1.176,286.0,0.0,0.0,,,
2026-09-08 04:16:35.605,dummy,-2.843,-1.211,1.175,286.8,0.0,0.0,,,
2026-09-08 04:16:35.657,dummy,-2.832,-1.247,1.174,287.6,0.0,0.0,,,
2026-09-08 04:16:35.708,dummy,-2.82,-1.281,1.172,288.4,0.0,0.0,,,
2026-09-08 04:16:35.759,dummy,-2.809,-1.316,1.171,289.3,0.0,0.0,,,
2026-09-08 04:16:35.810,dummy,-2.797,-1.349,1.169,290.2,0.0,0.0,,,
2026-09-08 04:16:35.861,dummy,-2.784,-1.382,1.168,291.1,0.0,0.0,,,
2026-09-08 04:16:35.912,dummy,-2.772,-1.414,1.167,292.1,0.0,0.0,,,
2026-09-08 04:16:35.963,dummy,-2.759,-1.446,1.165,293.1,0.0,0.0,,,
2026-09-08 04:16:36.015,dummy,-2.745,-1.477,1.164,294.2,0.0,0.0,,,
2026-09-08 04:16:36.066,dummy,-2.731,-1.507,1.162,295.3,0.0,0.0,,,
2026-09-08 04:16:36.118,dummy,-2.717,-1.536,1.161,296.4,0.0,0.0,,,
2026-09-08 04:16:36.169,dummy,-2.702,-1.565,1.16,297.6,0.0,0.0,,,
2026-09-08 04:16:36.221,dummy,-2.687,-1.592,1.158,298.9,0.0,0.0,,,
2026-09-08 04:16:36.272,dummy,-2.672,-1.62,1.157,300.2,0.0,0.0,,,
2026-09-08 04:16:36.324,dummy,-2.656,-1.646,1.155,301.5,0.0,0.0,,,
2026-09-08 04:16:36.375,dummy,-2.641,-1.671,1.154,302.9,0.0,0.0,,,
2026-09-08 04:16:36.426,dummy,-2.624,-1.696,1.152,304.4,0.0,0.0,,,
2026-09-08 04:16:36.478,dummy,-2.608,-1.719,1.151,306.0,0.0,0.0,,,
2026-09-08 04:16:36.529,dummy,-2.591,-1.742,1.149,307.6,0.0,0.0,,,
2026-09-08 04:16:36.580,dummy,-2.574,-1.763,1.148,309.2,0.0,0.0,,,
2026-09-08 04:16:36.632,dummy,-2.556,-1.784,1.146,311.0,0.0,0.0,,,
2026-09-08 04:16:36.684,dummy,-2.538,-1.804,1.145,312.8,0.0,0.0,,,
2026-09-08 04:16:36.735,dummy,-2.52,-1.824,1.143,314.7,0.0,0.0,,,
2026-09-08 04:16:36.787,dummy,-2.501,-1.842,1.142,316.7,0.0,0.0,,,
2026-09-08 04:16:36.839,dummy,-2.482,-1.859,1.14,318.8,0.0,0.0,,,
2026-09-08 04:16:36.891,dummy,-2.462,-1.875,1.139,321.0,0.0,0.0,,,
2026-09-08 04:16:36.942,dummy,-2.443,-1.891,1.137,323.2,0.0,0.0,,,
2026-09-08 04:16:36.994,dummy,-2.423,-1.905,1.136,325.4,0.0,0.0,,,
2026-09-08 04:16:37.045,dummy,-2.403,-1.918,1.134,327.8,0.0,0.0,,,
2026-09-08 04:16:37.096,dummy,-2.383,-1.93,1.133,330.2,0.0,0.0,,,
2026-09-08 04:16:37.148,dummy,-2.362,-1.942,1.131,332.6,0.0,0.0,,,
2026-09-08 04:16:37.201,dummy,-2.341,-1.952,1.13,335.1,0.0,0.0,,,
2026-09-08 04:16:37.252,dummy,-2.319,-1.962,1.128,337.8,0.0,0.0,,,
2026-09-08 04:16:37.304,dummy,-2.297,-1.97,1.127,340.3,0.0,0.0,,,
2026-09-08 04:16:37.355,dummy,-2.275,-1.977,1.125,342.9,0.0,0.0,,,
2026-09-08 04:16:37.407,dummy,-2.252,-1.984,1.124,345.6,0.0,0.0,,,
2026-09-08 04:16:37.459,dummy,-2.23,-1.989,1.122,348.2,0.0,0.0,,,
2026-09-08 04:16:37.510,dummy,-2.207,-1.993,1.12,350.8,0.0,0.0,,,
2026-09-08 04:16:37.562,dummy,-2.184,-1.996,1.119,353.4,0.0,0.0,,,
2026-09-08 04:16:37.614,dummy,-2.16,-1.999,1.117,356.0,0.0,0.0,,,
2026-09-08 04:16:37.666,dummy,-2.136,-2.0,1.116,358.5,0.0,0.0,,,
2026-09-08 04:16:37.717,dummy,-2.112,-2.0,1.114,0.9,0.0,0.0,,,
2026-09-08 04:16:37.769,dummy,-2.088,-1.999,1.113,3.4,0.0,0.0,,,
2026-09-08 04:16:37.821,dummy,-2.063,-1.997,1.111,5.7,0.0,0.0,,,
2026-09-08 04:16:37.872,dummy,-2.038,-1.994,1.109,8.0,0.0,0.0,,,
2026-09-08 04:16:37.924,dummy,-2.013,-1.99,1.108,10.1,0.0,0.0,,,
2026-09-08 04:16:37.975,dummy,-1.988,-1.985,1.106,12.3,0.0,0.0,,,
2026-09-08 04:16:38.027,dummy,-1.962,-1.979,1.105,14.3,0.0,0.0,,,
2026-09-08 04:16:38.079,dummy,-1.936,-1.972,1.103,16.3,0.0,0.0,,,
2026-09-08 04:16:38.131,dummy,-1.91,-1.964,1.101,18.2,0.0,0.0,,,
2026-09-08 04:16:38.182,dummy,-1.883,-1.955,1.1,19.9,0.0,0.0,,,
2026-09-08 04:16:38.234,dummy,-1.857,-1.945,1.098,21.7,0.0,0.0,,,
2026-09-08 04:16:38.285,dummy,-1.83,-1.933,1.097,23.3,0.0,0.0,,,
2026-09-08 04:16:38.337,dummy,-1.803,-1.921,1.095,24.9,0.0,0.0,,,
2026-09-08 04:16:38.389,dummy,-1.775,-1.908,1.093,26.4,0.0,0.0,,,
2026-09-08 04:16:38.440,dummy,-1.748,-1.894,1.092,27.8,0.0,0.0,,,
2026-09-08 04:16:38.492,dummy,-1.72,-1.879,1.09,29.1,0.0,0.0,,,
2026-09-08 04:16:38.544,dummy,-1.692,-1.863,1.089,30.4,0.0,0.0,,,
2026-09-08 04:16:38.595,dummy,-1.664,-1.846,1.087,31.7,0.0,0.0,,,
2026-09-08 04:16:38.646,dummy,-1.636,-1.828,1.085,32.8,0.0,0.0,,,
2026-09-08 04:16:38.698,dummy,-1.607,-1.809,1.084,33.9,0.0,0.0,,,
2026-09-08 04:16:38.750,dummy,-1.578,-1.789,1.082,35.0,0.0,0.0,,,
2026-09-08 04:16:38.802,dummy,-1.549,-1.769,1.08,36.0,0.0,0.0,,,
2026-09-08 04:16:38.853,dummy,-1.52,-1.747,1.079,37.0,0.0,0.0,,,
2026-09-08 04:16:38.905,dummy,-1.49,-1.724,1.077,37.9,0.0,0.0,,,
2026-09-08 04:16:38.957,dummy,-1.46,-1.701,1.075,38.8,0.0,0.0,,,
2026-09-08 04:16:39.008,dummy,-1.43,-1.676,1.074,39.6,0.0,0.0,,,
2026-09-08 04:16:39.060,dummy,-1.4,-1.651,1.072,40.4,0.0,0.0,,,
2026-09-08 04:16:39.111,dummy,-1.37,-1.625,1.07,41.1,0.0,0.0,,,
2026-09-08 04:16:39.163,dummy,-1.34,-1.599,1.069,41.8,0.0,0.0,,,
2026-09-08 04:16:39.214,dummy,-1.31,-1.571,1.067,42.5,0.0,0.0,,,
2026-09-08 04:16:39.265,dummy,-1.279,-1.543,1.066,43.2,0.0,0.0,,,
2026-09-08 04:16:39.317,dummy,-1.248,-1.513,1.064,43.8,0.0,0.0,,,
2026-09-08 04:16:39.368,dummy,-1.217,-1.483,1.062,44.4,0.0,0.0,,,
2026-09-08 04:16:39.420,dummy,-1.186,-1.453,1.061,44.9,0.0,0.0,,,
2026-09-08 04:16:39.471,dummy,-1.155,-1.421,1.059,45.5,0.0,0.0,,,
2026-09-08 04:16:39.523,dummy,-1.123,-1.389,1.057,46.0,0.0,0.0,,,
2026-09-08 04:16:39.575,dummy,-1.091,-1.356,1.056,46.5,0.0,0.0,,,
2026-09-08 04:16:39.627,dummy,-1.06,-1.322,1.054,46.9,0.0,0.0,,,
2026-09-08 04:16:39.678,dummy,-1.027,-1.287,1.052,47.4,0.0,0.0,,,
2026-09-08 04:16:39.730,dummy,-0.995,-1.252,1.05,47.8,0.0,0.0,,,
2026-09-08 04:16:39.781,dummy,-0.964,-1.217,1.049,48.2,0.0,0.0,,,
2026-09-08 04:16:39.832,dummy,-0.931,-1.18,1.047,48.6,0.0,0.0,,,
2026-09-08 04:16:39.884,dummy,-0.899,-1.143,1.045,48.9,0.0,0.0,,,
2026-09-08 04:16:39.935,dummy,-0.866,-1.106,1.044,49.2,0.0,0.0,,,
2026-09-08 04:16:39.987,dummy,-0.834,-1.068,1.042,49.6,0.0,0.0,,,
2026-09-08 04:16:40.038,dummy,-0.801,-1.03,1.04,49.9,0.0,0.0,,,
2026-09-08 04:16:40.090,dummy,-0.768,-0.99,1.039,50.2,0.0,0.0,,,
2026-09-08 04:16:40.142,dummy,-0.735,-0.95,1.037,50.4,0.0,0.0,,,
2026-09-08 04:16:40.193,dummy,-0.702,-0.91,1.035,50.7,0.0,0.0,,,
2026-09-08 04:16:40.245,dummy,-0.669,-0.869,1.034,50.9,0.0,0.0,,,
2026-09-08 04:16:40.297,dummy,-0.635,-0.828,1.032,51.2,0.0,0.0,,,
2026-09-08 04:16:40.349,dummy,-0.602,-0.787,1.03,51.4,0.0,0.0,,,
2026-09-08 04:16:40.400,dummy,-0.569,-0.745,1.029,51.6,0.0,0.0,,,
2026-09-08 04:16:40.451,dummy,-0.535,-0.702,1.027,51.8,0.0,0.0,,,
2026-09-08 04:16:40.503,dummy,-0.502,-0.66,1.025,51.9,0.0,0.0,,,
2026-09-08 04:16:40.555,dummy,-0.468,-0.617,1.023,52.1,0.0,0.0,,,
2026-09-08 04:16:40.606,dummy,-0.435,-0.574,1.022,52.2,0.0,0.0,,,
2026-09-08 04:16:40.658,dummy,-0.401,-0.53,1.02,52.4,0.0,0.0,,,
2026-09-08 04:16:40.710,dummy,-0.367,-0.486,1.018,52.5,0.0,0.0,,,
2026-09-08 04:16:40.762,dummy,-0.333,-0.441,1.017,52.6,0.0,0.0,,,
2026-09-08 04:16:40.816,dummy,-0.298,-0.396,1.015,52.7,0.0,0.0,,,
2026-09-08 04:16:40.867,dummy,-0.264,-0.35,1.013,52.8,0.0,0.0,,,
2026-09-08 04:16:40.919,dummy,-0.23,-0.305,1.011,52.9,0.0,0.0,,,
2026-09-08 04:16:40.970,dummy,-0.196,-0.261,1.01,53.0,0.0,0.0,,,
2026-09-08 04:16:41.022,dummy,-0.162,-0.216,1.008,53.0,0.0,0.0,,,
2026-09-08 04:16:41.074,dummy,-0.128,-0.17,1.006,53.1,0.0,0.0,,,
2026-09-08 04:16:41.125,dummy,-0.094,-0.125,1.005,53.1,0.0,0.0,,,
2026-09-08 04:16:41.177,dummy,-0.06,-0.079,1.003,53.1,0.0,0.0,,,
2026-09-08 04:16:41.230,dummy,-0.025,-0.033,1.001,53.1,0.0,0.0,,,
2026-09-08 04:16:41.283,dummy,0.009,0.012,1.0,53.1,0.0,0.0,,,
2026-09-08 04:16:41.334,dummy,0.044,0.059,0.998,53.1,0.0,0.0,,,
2026-09-08 04:16:41.390,dummy,0.081,0.108,0.996,53.1,0.0,0.0,,,
2026-09-08 04:16:41.443,dummy,0.116,0.154,0.994,53.1,0.0,0.0,,,
2026-09-08 04:16:41.495,dummy,0.15,0.2,0.992,53.0,0.0,0.0,,,
2026-09-08 04:16:41.546,dummy,0.184,0.245,0.991,53.0,0.0,0.0,,,
2026-09-08 04:16:41.598,dummy,0.218,0.29,0.989,52.9,0.0,0.0,,,
2026-09-08 04:16:41.652,dummy,0.253,0.336,0.987,52.8,0.0,0.0,,,
2026-09-08 04:16:41.704,dummy,0.288,0.382,0.986,52.7,0.0,0.0,,,
2026-09-08 04:16:41.755,dummy,0.322,0.426,0.984,52.6,0.0,0.0,,,
2026-09-08 04:16:41.808,dummy,0.356,0.471,0.982,52.5,0.0,0.0,,,
2026-09-08 04:16:41.860,dummy,0.39,0.515,0.98,52.4,0.0,0.0,,,
2026-09-08 04:16:41.912,dummy,0.424,0.559,0.979,52.3,0.0,0.0,,,
2026-09-08 04:16:41.963,dummy,0.458,0.603,0.977,52.1,0.0,0.0,,,
2026-09-08 04:16:42.016,dummy,0.492,0.647,0.975,52.0,0.0,0.0,,,
2026-09-08 04:16:42.068,dummy,0.526,0.69,0.974,51.8,0.0,0.0,,,
2026-09-08 04:16:42.119,dummy,0.559,0.732,0.972,51.6,0.0,0.0,,,
2026-09-08 04:16:42.171,dummy,0.592,0.774,0.97,51.4,0.0,0.0,,,
2026-09-08 04:16:42.222,dummy,0.626,0.816,0.969,51.2,0.0,0.0,,,
2026-09-08 04:16:42.274,dummy,0.659,0.857,0.967,51.0,0.0,0.0,,,
2026-09-08 04:16:42.327,dummy,0.693,0.9,0.965,50.8,0.0,0.0,,,
2026-09-08 04:16:42.379,dummy,0.726,0.94,0.963,50.5,0.0,0.0,,,
2026-09-08 04:16:42.430,dummy,0.759,0.98,0.962,50.2,0.0,0.0,,,
2026-09-08 04:16:42.483,dummy,0.793,1.02,0.96,49.9,0.0,0.0,,,
2026-09-08 04:16:42.535,dummy,0.826,1.059,0.958,49.6,0.0,0.0,,,
2026-09-08 04:16:42.587,dummy,0.859,1.097,0.957,49.3,0.0,0.0,,,
2026-09-08 04:16:42.638,dummy,0.891,1.134,0.955,49.0,0.0,0.0,,,
2026-09-08 04:16:42.690,dummy,0.924,1.172,0.953,48.6,0.0,0.0,,,
2026-09-08 04:16:42.742,dummy,0.956,1.208,0.952,48.3,0.0,0.0,,,
2026-09-08 04:16:42.793,dummy,0.988,1.244,0.95,47.9,0.0,0.0,,,
2026-09-08 04:16:42.844,dummy,1.02,1.279,0.948,47.5,0.0,0.0,,,
2026-09-08 04:16:42.896,dummy,1.052,1.314,0.947,47.0,0.0,0.0,,,
2026-09-08 04:16:42.948,dummy,1.084,1.348,0.945,46.6,0.0,0.0,,,
2026-09-08 04:16:42.999,dummy,1.116,1.381,0.943,46.1,0.0,0.0,,,
2026-09-08 04:16:43.051,dummy,1.147,1.413,0.942,45.6,0.0,0.0,,,
2026-09-08 04:16:43.102,dummy,1.179,1.445,0.94,45.1,0.0,0.0,,,
2026-09-08 04:16:43.154,dummy,1.21,1.476,0.938,44.5,0.0,0.0,,,
2026-09-08 04:16:43.205,dummy,1.241,1.506,0.937,43.9,0.0,0.0,,,
2026-09-08 04:16:43.256,dummy,1.271,1.535,0.935,43.3,0.0,0.0,,,
2026-09-08 04:16:43.309,dummy,1.302,1.564,0.933,42.7,0.0,0.0,,,
2026-09-08 04:16:43.360,dummy,1.333,1.592,0.932,42.0,0.0,0.0,,,
2026-09-08 04:16:43.411,dummy,1.363,1.619,0.93,41.3,0.0,0.0,,,
2026-09-08 04:16:43.463,dummy,1.393,1.645,0.928,40.6,0.0,0.0,,,
2026-09-08 04:16:43.514,dummy,1.423,1.67,0.927,39.8,0.0,0.0,,,
2026-09-08 04:16:43.565,dummy,1.453,1.695,0.925,39.0,0.0,0.0,,,
2026-09-08 04:16:43.617,dummy,1.482,1.718,0.923,38.1,0.0,0.0,,,
2026-09-08 04:16:43.668,dummy,1.512,1.741,0.922,37.2,0.0,0.0,,,
2026-09-08 04:16:43.720,dummy,1.541,1.763,0.92,36.3,0.0,0.0,,,
2026-09-08 04:16:43.771,dummy,1.57,1.784,0.918,35.3,0.0,0.0,,,
2026-09-08 04:16:43.822,dummy,1.599,1.804,0.917,34.2,0.0,0.0,,,
2026-09-08 04:16:43.874,dummy,1.628,1.823,0.915,33.1,0.0,0.0,,,
2026-09-08 04:16:43.926,dummy,1.656,1.841,0.914,32.0,0.0,0.0,,,
2026-09-08 04:16:43.978,dummy,1.685,1.859,0.912,30.7,0.0,0.0,,,
2026-09-08 04:16:44.030,dummy,1.713,1.875,0.91,29.5,0.0,0.0,,,
2026-09-08 04:16:44.081,dummy,1.741,1.89,0.909,28.1,0.0,0.0,,,
2026-09-08 04:16:44.133,dummy,1.768,1.905,0.907,26.7,0.0,0.0,,,
2026-09-08 04:16:44.184,dummy,1.796,1.918,0.905,25.3,0.0,0.0,,,
2026-09-08 04:16:44.236,dummy,1.823,1.93,0.904,23.7,0.0,0.0,,,
2026-09-08 04:16:44.287,dummy,1.85,1.942,0.902,22.1,0.0,0.0,,,
2026-09-08 04:16:44.339,dummy,1.877,1.952,0.901,20.4,0.0,0.0,,,
2026-09-08 04:16:44.391,dummy,1.903,1.961,0.899,18.6,0.0,0.0,,,
2026-09-08 04:16:44.442,dummy,1.929,1.97,0.897,16.8,0.0,0.0,,,
2026-09-08 04:16:44.495,dummy,1.955,1.977,0.896,14.8,0.0,0.0,,,
2026-09-08 04:16:44.547,dummy,1.982,1.984,0.894,12.7,0.0,0.0,,,
2026-09-08 04:16:44.599,dummy,2.007,1.989,0.893,10.6,0.0,0.0,,,
2026-09-08 04:16:44.650,dummy,2.032,1.993,0.891,8.5,0.0,0.0,,,
2026-09-08 04:16:44.702,dummy,2.057,1.996,0.889,6.2,0.0,0.0,,,
2026-09-08 04:16:44.753,dummy,2.082,1.999,0.888,3.9,0.0,0.0,,,
2026-09-08 04:16:44.805,dummy,2.106,2.0,0.886,1.5,0.0,0.0,,,
2026-09-08 04:16:44.856,dummy,2.13,2.0,0.885,359.1,0.0,0.0,,,
2026-09-08 04:16:44.908,dummy,2.154,1.999,0.883,356.6,0.0,0.0,,,
2026-09-08 04:16:44.959,dummy,2.178,1.997,0.881,354.1,0.0,0.0,,,
2026-09-08 04:16:45.011,dummy,2.201,1.994,0.88,351.5,0.0,0.0,,,
2026-09-08 04:16:45.063,dummy,2.224,1.99,0.878,348.9,0.0,0.0,,,
2026-09-08 04:16:45.114,dummy,2.247,1.985,0.877,346.3,0.0,0.0,,,
2026-09-08 04:16:45.165,dummy,2.269,1.979,0.875,343.7,0.0,0.0,,,
2026-09-08 04:16:45.217,dummy,2.291,1.972,0.874,341.1,0.0,0.0,,,
2026-09-08 04:16:45.268,dummy,2.313,1.964,0.872,338.5,0.0,0.0,,,
2026-09-08 04:16:45.320,dummy,2.334,1.955,0.871,335.9,0.0,0.0,,,
2026-09-08 04:16:45.371,dummy,2.355,1.945,0.869,333.4,0.0,0.0,,,
2026-09-08 04:16:45.423,dummy,2.376,1.934,0.868,330.9,0.0,0.0,,,
2026-09-08 04:16:45.475,dummy,2.397,1.922,0.866,328.5,0.0,0.0,,,
2026-09-08 04:16:45.527,dummy,2.417,1.909,0.865,326.1,0.0,0.0,,,
2026-09-08 04:16:45.578,dummy,2.437,1.895,0.863,323.8,0.0,0.0,,,
2026-09-08 04:16:45.634,dummy,2.457,1.88,0.861,321.5,0.0,0.0,,,
2026-09-08 04:16:45.686,dummy,2.478,1.862,0.86,319.2,0.0,0.0,,,
2026-09-08 04:16:45.738,dummy,2.497,1.845,0.858,317.1,0.0,0.0,,,
2026-09-08 04:16:45.789,dummy,2.516,1.827,0.857,315.1,0.0,0.0,,,
2026-09-08 04:16:45.841,dummy,2.534,1.808,0.855,313.2,0.0,0.0,,,
2026-09-08 04:16:45.892,dummy,2.552,1.788,0.854,311.4,0.0,0.0,,,
2026-09-08 04:16:45.944,dummy,2.57,1.767,0.852,309.6,0.0,0.0,,,
2026-09-08 04:16:45.995,dummy,2.588,1.746,0.851,307.9,0.0,0.0,,,
2026-09-08 04:16:46.047,dummy,2.605,1.723,0.849,306.3,0.0,0.0,,,
2026-09-08 04:16:46.099,dummy,2.622,1.7,0.848,304.7,0.0,0.0,,,
2026-09-08 04:16:46.151,dummy,2.638,1.675,0.846,303.2,0.0,0.0,,,
2026-09-08 04:16:46.202,dummy,2.654,1.65,0.845,301.8,0.0,0.0,,,
2026-09-08 04:16:46.254,dummy,2.669,1.624,0.844,300.4,0.0,0.0,,,
2026-09-08 04:16:46.305,dummy,2.685,1.597,0.842,299.1,0.0,0.0,,,
2026-09-08 04:16:46.357,dummy,2.7,1.569,0.841,297.8,0.0,0.0,,,
2026-09-08 04:16:46.408,dummy,2.715,1.541,0.839,296.6,0.0,0.0,,,
2026-09-08 04:16:46.460,dummy,2.729,1.511,0.838,295.4,0.0,0.0,,,
2026-09-08 04:16:46.511,dummy,2.743,1.482,0.836,294.3,0.0,0.0,,,
2026-09-08 04:16:46.564,dummy,2.756,1.451,0.835,293.3,0.0,0.0,,,
2026-09-08 04:16:46.615,dummy,2.77,1.418,0.834,292.2,0.0,0.0,,,
2026-09-08 04:16:46.667,dummy,2.783,1.386,0.832,291.2,0.0,0.0,,,
2026-09-08 04:16:46.719,dummy,2.795,1.353,0.831,290.3,0.0,0.0,,,
2026-09-08 04:16:46.771,dummy,2.808,1.319,0.829,289.4,0.0,0.0,,,
2026-09-08 04:16:46.823,dummy,2.819,1.284,0.828,288.5,0.0,0.0,,,
2026-09-08 04:16:46.874,dummy,2.831,1.249,0.826,287.6,0.0,0.0,,,
2026-09-08 04:16:46.926,dummy,2.842,1.213,0.825,286.8,0.0,0.0,,,
2026-09-08 04:16:46.978,dummy,2.853,1.177,0.824,286.0,0.0,0.0,,,
2026-09-08 04:16:47.029,dummy,2.863,1.14,0.822,285.2,0.0,0.0,,,
2026-09-08 04:16:47.081,dummy,2.873,1.102,0.821,284.5,0.0,0.0,,,
2026-09-08 04:16:47.134,dummy,2.883,1.063,0.82,283.8,0.0,0.0,,,
2026-09-08 04:16:47.185,dummy,2.892,1.024,0.818,283.1,0.0,0.0,,,
2026-09-08 04:16:47.237,dummy,2.901,0.985,0.817,282.4,0.0,0.0,,,
2026-09-08 04:16:47.288,dummy,2.91,0.945,0.816,281.7,0.0,0.0,,,
2026-09-08 04:16:47.341,dummy,2.918,0.904,0.814,281.1,0.0,0.0,,,
2026-09-08 04:16:47.393,dummy,2.926,0.863,0.813,280.4,0.0,0.0,,,
2026-09-08 04:16:47.445,dummy,2.933,0.822,0.811,279.8,0.0,0.0,,,
2026-09-08 04:16:47.496,dummy,2.94,0.78,0.81,279.2,0.0,0.0,,,
2026-09-08 04:16:47.548,dummy,2.947,0.738,0.809,278.6,0.0,0.0,,,
2026-09-08 04:16:47.604,dummy,2.953,0.696,0.808,278.1,0.0,0.0,,,
2026-09-08 04:16:47.655,dummy,2.959,0.65,0.806,277.4,0.0,0.0,,,
2026-09-08 04:16:47.706,dummy,2.964,0.607,0.805,276.9,0.0,0.0,,,
2026-09-08 04:16:47.758,dummy,2.969,0.564,0.804,276.4,0.0,0.0,,,
2026-09-08 04:16:47.809,dummy,2.974,0.52,0.802,275.8,0.0,0.0,,,
2026-09-08 04:16:47.860,dummy,2.978,0.476,0.801,275.3,0.0,0.0,,,
2026-09-08 04:16:47.912,dummy,2.982,0.433,0.8,274.8,0.0,0.0,,,
2026-09-08 04:16:47.963,dummy,2.986,0.388,0.798,274.3,0.0,0.0,,,
2026-09-08 04:16:48.018,dummy,2.989,0.34,0.797,273.7,0.0,0.0,,,
2026-09-08 04:16:48.070,dummy,2.992,0.296,0.796,273.2,0.0,0.0,,,
2026-09-08 04:16:48.121,dummy,2.994,0.251,0.795,272.7,0.0,0.0,,,
2026-09-08 04:16:48.172,dummy,2.996,0.206,0.793,272.2,0.0,0.0,,,
2026-09-08 04:16:48.224,dummy,2.998,0.161,0.792,271.7,0.0,0.0,,,
2026-09-08 04:16:48.276,dummy,2.999,0.116,0.791,271.2,0.0,0.0,,,
2026-09-08 04:16:48.330,dummy,3.0,0.068,0.79,270.7,0.0,0.0,,,
2026-09-08 04:16:48.381,dummy,3.0,0.023,0.788,270.3,0.0,0.0,,,
2026-09-08 04:16:48.432,dummy,3.0,-0.022,0.787,269.8,0.0,0.0,,,
2026-09-08 04:16:48.484,dummy,3.0,-0.067,0.786,269.3,0.0,0.0,,,
2026-09-08 04:16:48.535,dummy,2.999,-0.113,0.785,268.8,0.0,0.0,,,
2026-09-08 04:16:48.587,dummy,2.998,-0.158,0.784,268.3,0.0,0.0,,,
2026-09-08 04:16:48.639,dummy,2.996,-0.203,0.783,267.8,0.0,0.0,,,
2026-09-08 04:16:48.691,dummy,2.994,-0.249,0.781,267.3,0.0,0.0,,,
2026-09-08 04:16:48.742,dummy,2.992,-0.294,0.78,266.8,0.0,0.0,,,
2026-09-08 04:16:48.794,dummy,2.989,-0.338,0.779,266.3,0.0,0.0,,,
2026-09-08 04:16:48.845,dummy,2.986,-0.383,0.778,265.8,0.0,0.0,,,
2026-09-08 04:16:48.896,dummy,2.983,-0.427,0.777,265.3,0.0,0.0,,,
2026-09-08 04:16:48.948,dummy,2.979,-0.471,0.776,264.8,0.0,0.0,,,
2026-09-08 04:16:48.999,dummy,2.975,-0.515,0.775,264.2,0.0,0.0,,,
2026-09-08 04:16:49.051,dummy,2.97,-0.559,0.773,263.7,0.0,0.0,,,
2026-09-08 04:16:49.102,dummy,2.965,-0.602,0.772,263.2,0.0,0.0,,,
2026-09-08 04:16:49.154,dummy,2.96,-0.646,0.771,262.6,0.0,0.0,,,
2026-09-08 04:16:49.206,dummy,2.954,-0.688,0.77,262.1,0.0,0.0,,,
2026-09-08 04:16:49.258,dummy,2.948,-0.731,0.769,261.5,0.0,0.0,,,
2026-09-08 04:16:49.309,dummy,2.941,-0.773,0.768,260.9,0.0,0.0,,,
2026-09-08 04:16:49.361,dummy,2.934,-0.815,0.767,260.3,0.0,0.0,,,
2026-09-08 04:16:49.413,dummy,2.927,-0.856,0.766,259.7,0.0,0.0,,,
2026-09-08 04:16:49.465,dummy,2.919,-0.897,0.765,259.1,0.0,0.0,,,
2026-09-08 04:16:49.516,dummy,2.911,-0.938,0.764,258.4,0.0,0.0,,,
2026-09-08 04:16:49.568,dummy,2.903,-0.977,0.763,257.8,0.0,0.0,,,
2026-09-08 04:16:49.620,dummy,2.894,-1.017,0.762,257.1,0.0,0.0,,,
2026-09-08 04:16:49.671,dummy,2.885,-1.056,0.761,256.4,0.0,0.0,,,
2026-09-08 04:16:49.722,dummy,2.875,-1.094,0.76,255.7,0.0,0.0,,,
2026-09-08 04:16:49.774,dummy,2.865,-1.132,0.758,254.9,0.0,0.0,,,
2026-09-08 04:16:49.826,dummy,2.855,-1.169,0.757,254.2,0.0,0.0,,,
2026-09-08 04:16:49.879,dummy,2.844,-1.206,0.756,253.4,0.0,0.0,,,
2026-09-08 04:16:49.930,dummy,2.833,-1.242,0.755,252.5,0.0,0.0,,,
2026-09-08 04:16:49.981,dummy,2.822,-1.277,0.754,251.7,0.0,0.0,,,
2026-09-08 04:16:50.033,dummy,2.81,-1.312,0.754,250.8,0.0,0.0,,,
2026-09-08 04:16:50.084,dummy,2.798,-1.346,0.753,249.9,0.0,0.0,,,
2026-09-08 04:16:50.136,dummy,2.786,-1.379,0.752,249.0,0.0,0.0,,,
2026-09-08 04:16:50.187,dummy,2.773,-1.411,0.751,248.0,0.0,0.0,,,
2026-09-08 04:16:50.239,dummy,2.76,-1.443,0.75,247.0,0.0,0.0,,,
2026-09-08 04:16:50.291,dummy,2.746,-1.474,0.749,245.9,0.0,0.0,,,
2026-09-08 04:16:50.342,dummy,2.732,-1.504,0.748,244.8,0.0,0.0,,,
2026-09-08 04:16:50.394,dummy,2.718,-1.534,0.747,243.7,0.0,0.0,,,
2026-09-08 04:16:50.446,dummy,2.703,-1.563,0.746,242.5,0.0,0.0,,,
2026-09-08 04:16:50.498,dummy,2.688,-1.591,0.745,241.2,0.0,0.0,,,
2026-09-08 04:16:50.549,dummy,2.673,-1.618,0.744,239.9,0.0,0.0,,,
2026-09-08 04:16:50.602,dummy,2.657,-1.644,0.743,238.6,0.0,0.0,,,
2026-09-08 04:16:50.654,dummy,2.641,-1.67,0.742,237.1,0.0,0.0,,,
2026-09-08 04:16:50.705,dummy,2.625,-1.695,0.742,235.6,0.0,0.0,,,
2026-09-08 04:16:50.757,dummy,2.608,-1.719,0.741,234.1,0.0,0.0,,,
2026-09-08 04:16:50.808,dummy,2.591,-1.741,0.74,232.5,0.0,0.0,,,
2026-09-08 04:16:50.861,dummy,2.573,-1.764,0.739,230.7,0.0,0.0,,,
2026-09-08 04:16:50.913,dummy,2.556,-1.785,0.738,229.0,0.0,0.0,,,
2026-09-08 04:16:50.964,dummy,2.538,-1.804,0.737,227.2,0.0,0.0,,,
2026-09-08 04:16:51.016,dummy,2.519,-1.824,0.737,225.2,0.0,0.0,,,
2026-09-08 04:16:51.067,dummy,2.501,-1.842,0.736,223.3,0.0,0.0,,,
2026-09-08 04:16:51.119,dummy,2.482,-1.859,0.735,221.2,0.0,0.0,,,
2026-09-08 04:16:51.170,dummy,2.463,-1.875,0.734,219.1,0.0,0.0,,,
2026-09-08 04:16:51.222,dummy,2.443,-1.891,0.733,216.9,0.0,0.0,,,
2026-09-08 04:16:51.273,dummy,2.423,-1.905,0.733,214.6,0.0,0.0,,,
2026-09-08 04:16:51.325,dummy,2.403,-1.918,0.732,212.2,0.0,0.0,,,
2026-09-08 04:16:51.376,dummy,2.383,-1.93,0.731,209.8,0.0,0.0,,,
2026-09-08 04:16:51.428,dummy,2.362,-1.942,0.73,207.4,0.0,0.0,,,
2026-09-08 04:16:51.479,dummy,2.341,-1.952,0.73,204.9,0.0,0.0,,,
2026-09-08 04:16:51.530,dummy,2.319,-1.961,0.729,202.3,0.0,0.0,,,
2026-09-08 04:16:51.582,dummy,2.297,-1.97,0.728,199.7,0.0,0.0,,,
2026-09-08 04:16:51.634,dummy,2.275,-1.977,0.727,197.1,0.0,0.0,,,
2026-09-08 04:16:51.686,dummy,2.253,-1.984,0.727,194.5,0.0,0.0,,,
2026-09-08 04:16:51.738,dummy,2.23,-1.989,0.726,191.9,0.0,0.0,,,
2026-09-08 04:16:51.789,dummy,2.207,-1.993,0.725,189.3,0.0,0.0,,,
2026-09-08 04:16:51.841,dummy,2.184,-1.996,0.725,186.7,0.0,0.0,,,
2026-09-08 04:16:51.893,dummy,2.16,-1.999,0.724,184.1,0.0,0.0,,,
2026-09-08 04:16:51.944,dummy,2.137,-2.0,0.723,181.6,0.0,0.0,,,
2026-09-08 04:16:51.995,dummy,2.113,-2.0,0.723,179.1,0.0,0.0,,,
2026-09-08 04:16:52.047,dummy,2.089,-1.999,0.722,176.7,0.0,0.0,,,
2026-09-08 04:16:52.098,dummy,2.064,-1.997,0.721,174.4,0.0,0.0,,,
2026-09-08 04:16:52.150,dummy,2.039,-1.994,0.721,172.1,0.0,0.0,,,
2026-09-08 04:16:52.201,dummy,2.014,-1.99,0.72,170.0,0.0,0.0,,,
2026-09-08 04:16:52.253,dummy,1.989,-1.985,0.719,167.8,0.0,0.0,,,
2026-09-08 04:16:52.305,dummy,1.963,-1.979,0.719,165.8,0.0,0.0,,,
2026-09-08 04:16:52.356,dummy,1.937,-1.972,0.718,163.8,0.0,0.0,,,
2026-09-08 04:16:52.408,dummy,1.911,-1.964,0.718,162.0,0.0,0.0,,,
2026-09-08 04:16:52.459,dummy,1.885,-1.955,0.717,160.2,0.0,0.0,,,
2026-09-08 04:16:52.511,dummy,1.858,-1.945,0.717,158.4,0.0,0.0,,,
2026-09-08 04:16:52.563,dummy,1.831,-1.934,0.716,156.8,0.0,0.0,,,
2026-09-08 04:16:52.615,dummy,1.804,-1.922,0.715,155.2,0.0,0.0,,,
2026-09-08 04:16:52.666,dummy,1.777,-1.909,0.715,153.7,0.0,0.0,,,
2026-09-08 04:16:52.718,dummy,1.749,-1.895,0.714,152.3,0.0,0.0,,,
2026-09-08 04:16:52.770,dummy,1.721,-1.88,0.714,150.9,0.0,0.0,,,
2026-09-08 04:16:52.821,dummy,1.693,-1.864,0.713,149.6,0.0,0.0,,,
2026-09-08 04:16:52.873,dummy,1.665,-1.847,0.713,148.4,0.0,0.0,,,
2026-09-08 04:16:52.925,dummy,1.637,-1.829,0.712,147.2,0.0,0.0,,,
2026-09-08 04:16:52.976,dummy,1.608,-1.81,0.712,146.1,0.0,0.0,,,
2026-09-08 04:16:53.027,dummy,1.579,-1.79,0.711,145.0,0.0,0.0,,,
2026-09-08 04:16:53.079,dummy,1.55,-1.77,0.711,144.0,0.0,0.0,,,
2026-09-08 04:16:53.130,dummy,1.521,-1.748,0.711,143.1,0.0,0.0,,,
2026-09-08 04:16:53.182,dummy,1.491,-1.725,0.71,142.2,0.0,0.0,,,
2026-09-08 04:16:53.288,dummy,1.431,-1.677,0.709,140.4,0.0,0.0,,,
2026-09-08 04:16:53.339,dummy,1.4,-1.651,0.709,139.6,0.0,0.0,,,
2026-09-08 04:16:53.391,dummy,1.37,-1.625,0.708,138.9,0.0,0.0,,,
2026-09-08 04:16:53.443,dummy,1.34,-1.599,0.708,138.2,0.0,0.0,,,
2026-09-08 04:16:53.494,dummy,1.309,-1.571,0.708,137.5,0.0,0.0,,,
2026-09-08 04:16:53.546,dummy,1.279,-1.542,0.707,136.8,0.0,0.0,,,
2026-09-08 04:16:53.597,dummy,1.248,-1.513,0.707,136.2,0.0,0.0,,,
2026-09-08 04:16:53.649,dummy,1.217,-1.483,0.707,135.6,0.0,0.0,,,
2026-09-08 04:16:53.701,dummy,1.185,-1.452,0.706,135.0,0.0,0.0,,,
2026-09-08 04:16:53.753,dummy,1.154,-1.42,0.706,134.5,0.0,0.0,,,
2026-09-08 04:16:53.804,dummy,1.122,-1.388,0.705,134.0,0.0,0.0,,,
2026-09-08 04:16:53.855,dummy,1.091,-1.355,0.705,133.5,0.0,0.0,,,
2026-09-08 04:16:53.907,dummy,1.059,-1.321,0.705,133.1,0.0,0.0,,,
2026-09-08 04:16:53.960,dummy,1.027,-1.286,0.705,132.6,0.0,0.0,,,
2026-09-08 04:16:54.011,dummy,0.994,-1.251,0.704,132.2,0.0,0.0,,,
2026-09-08 04:16:54.063,dummy,0.962,-1.215,0.704,131.8,0.0,0.0,,,
2026-09-08 04:16:54.115,dummy,0.93,-1.179,0.704,131.4,0.0,0.0,,,
2026-09-08 04:16:54.166,dummy,0.897,-1.142,0.703,131.1,0.0,0.0,,,
2026-09-08 04:16:54.221,dummy,0.864,-1.103,0.703,130.7,0.0,0.0,,,
2026-09-08 04:16:54.272,dummy,0.83,-1.064,0.703,130.4,0.0,0.0,,,
2026-09-08 04:16:54.324,dummy,0.798,-1.025,0.703,130.1,0.0,0.0,,,
2026-09-08 04:16:54.377,dummy,0.764,-0.985,0.702,129.8,0.0,0.0,,,
2026-09-08 04:16:54.429,dummy,0.731,-0.945,0.702,129.5,0.0,0.0,,,
2026-09-08 04:16:54.480,dummy,0.698,-0.905,0.702,129.3,0.0,0.0,,,
2026-09-08 04:16:54.532,dummy,0.665,-0.864,0.702,129.0,0.0,0.0,,,
2026-09-08 04:16:54.584,dummy,0.631,-0.823,0.702,128.8,0.0,0.0,,,
2026-09-08 04:16:54.635,dummy,0.598,-0.781,0.702,128.6,0.0,0.0,,,
2026-09-08 04:16:54.688,dummy,0.564,-0.739,0.701,128.4,0.0,0.0,,,
2026-09-08 04:16:54.740,dummy,0.53,-0.696,0.701,128.2,0.0,0.0,,,
2026-09-08 04:16:54.791,dummy,0.497,-0.653,0.701,128.0,0.0,0.0,,,
2026-09-08 04:16:54.843,dummy,0.463,-0.61,0.701,127.9,0.0,0.0,,,
2026-09-08 04:16:54.894,dummy,0.429,-0.567,0.701,127.7,0.0,0.0,,,
2026-09-08 04:16:54.946,dummy,0.396,-0.523,0.701,127.6,0.0,0.0,,,
2026-09-08 04:16:54.997,dummy,0.362,-0.479,0.701,127.5,0.0,0.0,,,
2026-09-08 04:16:55.049,dummy,0.328,-0.435,0.7,127.4,0.0,0.0,,,
2026-09-08 04:16:55.100,dummy,0.295,-0.391,0.7,127.3,0.0,0.0,,,
2026-09-08 04:16:55.153,dummy,0.26,-0.345,0.7,127.2,0.0,0.0,,,
2026-09-08 04:16:55.204,dummy,0.226,-0.301,0.7,127.1,0.0,0.0,,,
2026-09-08 04:16:55.255,dummy,0.192,-0.256,0.7,127.0,0.0,0.0,,,
2026-09-08 04:16:55.306,dummy,0.159,-0.211,0.7,127.0,0.0,0.0,,,
2026-09-08 04:16:55.358,dummy,0.125,-0.166,0.7,126.9,0.0,0.0,,,
2026-09-08 04:16:55.410,dummy,0.091,-0.121,0.7,126.9,0.0,0.0,,,
2026-09-08 04:16:55.461,dummy,0.057,-0.076,0.7,126.9,0.0,0.0,,,
2026-09-08 04:16:55.512,dummy,0.023,-0.031,0.7,126.9,0.0,0.0,,,
2026-09-08 04:16:55.564,dummy,-0.011,0.015,0.7,126.9,0.0,0.0,,,
2026-09-08 04:16:55.616,dummy,-0.045,0.06,0.7,126.9,0.0,0.0,,,
2026-09-08 04:16:55.668,dummy,-0.079,0.106,0.7,126.9,0.0,0.0,,,
2026-09-08 04:16:55.720,dummy,-0.114,0.152,0.7,126.9,0.0,0.0,,,
2026-09-08 04:16:55.772,dummy,-0.148,0.198,0.7,127.0,0.0,0.0,,,
2026-09-08 04:16:55.823,dummy,-0.182,0.242,0.7,127.0,0.0,0.0,,,
2026-09-08 04:16:55.876,dummy,-0.217,0.288,0.7,127.1,0.0,0.0,,,
2026-09-08 04:16:55.928,dummy,-0.251,0.334,0.7,127.2,0.0,0.0,,,
2026-09-08 04:16:55.980,dummy,-0.285,0.379,0.7,127.2,0.0,0.0,,,
2026-09-08 04:16:56.032,dummy,-0.319,0.423,0.7,127.3,0.0,0.0,,,
2026-09-08 04:16:56.083,dummy,-0.353,0.468,0.701,127.5,0.0,0.0,,,
2026-09-08 04:16:56.135,dummy,-0.387,0.511,0.701,127.6,0.0,0.0,,,
2026-09-08 04:16:56.186,dummy,-0.42,0.555,0.701,127.7,0.0,0.0,,,
2026-09-08 04:16:56.238,dummy,-0.454,0.599,0.701,127.8,0.0,0.0,,,
2026-09-08 04:16:56.289,dummy,-0.488,0.642,0.701,128.0,0.0,0.0,,,
2026-09-08 04:16:56.341,dummy,-0.521,0.684,0.701,128.2,0.0,0.0,,,
2026-09-08 04:16:56.392,dummy,-0.555,0.727,0.701,128.3,0.0,0.0,,,
2026-09-08 04:16:56.444,dummy,-0.588,0.769,0.701,128.5,0.0,0.0,,,
2026-09-08 04:16:56.495,dummy,-0.621,0.81,0.702,128.7,0.0,0.0,,,
2026-09-08 04:16:56.546,dummy,-0.654,0.851,0.702,129.0,0.0,0.0,,,
2026-09-08 04:16:56.599,dummy,-0.688,0.892,0.702,129.2,0.0,0.0,,,
2026-09-08 04:16:56.652,dummy,-0.721,0.933,0.702,129.5,0.0,0.0,,,
2026-09-08 04:16:56.703,dummy,-0.755,0.974,0.702,129.7,0.0,0.0,,,
2026-09-08 04:16:56.755,dummy,-0.788,1.013,0.703,130.0,0.0,0.0,,,
2026-09-08 04:16:56.806,dummy,-0.82,1.052,0.703,130.3,0.0,0.0,,,
2026-09-08 04:16:56.858,dummy,-0.853,1.09,0.703,130.6,0.0,0.0,,,
2026-09-08 04:16:56.909,dummy,-0.886,1.128,0.703,131.0,0.0,0.0,,,
2026-09-08 04:16:56.961,dummy,-0.918,1.166,0.704,131.3,0.0,0.0,,,
2026-09-08 04:16:57.013,dummy,-0.951,1.202,0.704,131.7,0.0,0.0,,,
2026-09-08 04:16:57.065,dummy,-0.983,1.238,0.704,132.1,0.0,0.0,,,
2026-09-08 04:16:57.117,dummy,-1.015,1.274,0.704,132.5,0.0,0.0,,,
2026-09-08 04:16:57.169,dummy,-1.048,1.309,0.705,132.9,0.0,0.0,,,
2026-09-08 04:16:57.220,dummy,-1.079,1.343,0.705,133.4,0.0,0.0,,,
2026-09-08 04:16:57.272,dummy,-1.111,1.376,0.705,133.8,0.0,0.0,,,
2026-09-08 04:16:57.323,dummy,-1.143,1.409,0.706,134.3,0.0,0.0,,,
2026-09-08 04:16:57.375,dummy,-1.174,1.441,0.706,134.9,0.0,0.0,,,
2026-09-08 04:16:57.427,dummy,-1.205,1.472,0.706,135.4,0.0,0.0,,,
2026-09-08 04:16:57.478,dummy,-1.237,1.502,0.707,136.0,0.0,0.0,,,
2026-09-08 04:16:57.530,dummy,-1.267,1.532,0.707,136.6,0.0,0.0,,,
2026-09-08 04:16:57.582,dummy,-1.298,1.561,0.707,137.2,0.0,0.0,,,
2026-09-08 04:16:57.633,dummy,-1.329,1.588,0.708,137.9,0.0,0.0,,,
2026-09-08 04:16:57.685,dummy,-1.359,1.616,0.708,138.6,0.0,0.0,,,
2026-09-08 04:16:57.737,dummy,-1.39,1.642,0.709,139.3,0.0,0.0,,,
2026-09-08 04:16:57.788,dummy,-1.42,1.668,0.709,140.1,0.0,0.0,,,
2026-09-08 04:16:57.840,dummy,-1.45,1.692,0.709,140.9,0.0,0.0,,,
2026-09-08 04:16:57.891,dummy,-1.479,1.716,0.71,141.8,0.0,0.0,,,
2026-09-08 04:16:57.943,dummy,-1.509,1.739,0.71,142.7,0.0,0.0,,,
2026-09-08 04:16:57.994,dummy,-1.538,1.761,0.711,143.6,0.0,0.0,,,
2026-09-08 04:16:58.046,dummy,-1.567,1.782,0.711,144.6,0.0,0.0,,,
2026-09-08 04:16:58.098,dummy,-1.596,1.802,0.712,145.7,0.0,0.0,,,
2026-09-08 04:16:58.149,dummy,-1.625,1.821,0.712,146.8,0.0,0.0,,,
2026-09-08 04:16:58.202,dummy,-1.654,1.84,0.713,147.9,0.0,0.0,,,
2026-09-08 04:16:58.254,dummy,-1.683,1.857,0.713,149.1,0.0,0.0,,,
2026-09-08 04:16:58.306,dummy,-1.711,1.874,0.714,150.4,0.0,0.0,,,
2026-09-08 04:16:58.358,dummy,-1.739,1.889,0.714,151.8,0.0,0.0,,,
2026-09-08 04:16:58.410,dummy,-1.767,1.904,0.715,153.2,0.0,0.0,,,
2026-09-08 04:16:58.461,dummy,-1.794,1.917,0.715,154.7,0.0,0.0,,,
2026-09-08 04:16:58.514,dummy,-1.822,1.93,0.716,156.3,0.0,0.0,,,
2026-09-08 04:16:58.566,dummy,-1.849,1.941,0.716,157.9,0.0,0.0,,,
2026-09-08 04:16:58.618,dummy,-1.876,1.952,0.717,159.6,0.0,0.0,,,
2026-09-08 04:16:58.669,dummy,-1.902,1.961,0.718,161.3,0.0,0.0,,,
2026-09-08 04:16:58.721,dummy,-1.928,1.97,0.718,163.2,0.0,0.0,,,
2026-09-08 04:16:58.773,dummy,-1.954,1.977,0.719,165.1,0.0,0.0,,,
2026-09-08 04:16:58.825,dummy,-1.981,1.983,0.719,167.2,0.0,0.0,,,
2026-09-08 04:16:58.877,dummy,-2.006,1.989,0.72,169.3,0.0,0.0,,,
2026-09-08 04:16:58.931,dummy,-2.032,1.993,0.721,171.5,0.0,0.0,,,
2026-09-08 04:16:58.983,dummy,-2.058,1.996,0.721,173.8,0.0,0.0,,,
2026-09-08 04:16:59.034,dummy,-2.082,1.999,0.722,176.1,0.0,0.0,,,
2026-09-08 04:16:59.087,dummy,-2.107,2.0,0.722,178.5,0.0,0.0,,,
2026-09-08 04:16:59.138,dummy,-2.131,2.0,0.723,181.0,0.0,0.0,,,
2026-09-08 04:16:59.190,dummy,-2.155,1.999,0.724,183.5,0.0,0.0,,,
2026-09-08 04:16:59.242,dummy,-2.179,1.997,0.724,186.1,0.0,0.0,,,
2026-09-08 04:16:59.293,dummy,-2.202,1.994,0.725,188.6,0.0,0.0,,,
2026-09-08 04:16:59.345,dummy,-2.225,1.99,0.726,191.2,0.0,0.0,,,
2026-09-08 04:16:59.397,dummy,-2.248,1.985,0.726,193.9,0.0,0.0,,,
2026-09-08 04:16:59.448,dummy,-2.27,1.979,0.727,196.5,0.0,0.0,,,
2026-09-08 04:16:59.500,dummy,-2.292,1.972,0.728,199.1,0.0,0.0,,,
2026-09-08 04:16:59.551,dummy,-2.314,1.964,0.729,201.7,0.0,0.0,,,
2026-09-08 04:16:59.603,dummy,-2.335,1.954,0.729,204.3,0.0,0.0,,,
2026-09-08 04:16:59.655,dummy,-2.357,1.944,0.73,206.8,0.0,0.0,,,
2026-09-08 04:16:59.707,dummy,-2.378,1.933,0.731,209.3,0.0,0.0,,,
2026-09-08 04:16:59.759,dummy,-2.399,1.921,0.732,211.7,0.0,0.0,,,
2026-09-08 04:16:59.810,dummy,-2.419,1.908,0.732,214.1,0.0,0.0,,,
2026-09-08 04:16:59.862,dummy,-2.439,1.894,0.733,216.4,0.0,0.0,,,
2026-09-08 04:16:59.914,dummy,-2.459,1.879,0.734,218.6,0.0,0.0,,,
2026-09-08 04:16:59.965,dummy,-2.478,1.862,0.735,220.8,0.0,0.0,,,
2026-09-08 04:17:00.017,dummy,-2.497,1.845,0.736,222.9,0.0,0.0,,,
2026-09-08 04:17:00.069,dummy,-2.516,1.827,0.736,224.9,0.0,0.0,,,
2026-09-08 04:17:00.120,dummy,-2.534,1.808,0.737,226.8,0.0,0.0,,,
2026-09-08 04:17:00.172,dummy,-2.552,1.789,0.738,228.6,0.0,0.0,,,
2026-09-08 04:17:00.223,dummy,-2.57,1.768,0.739,230.4,0.0,0.0,,,
2026-09-08 04:17:00.275,dummy,-2.587,1.746,0.74,232.1,0.0,0.0,,,
2026-09-08 04:17:00.326,dummy,-2.604,1.724,0.741,233.7,0.0,0.0,,,
2026-09-08 04:17:00.379,dummy,-2.621,1.7,0.741,235.3,0.0,0.0,,,
2026-09-08 04:17:00.430,dummy,-2.638,1.675,0.742,236.8,0.0,0.0,,,
2026-09-08 04:17:00.482,dummy,-2.654,1.65,0.743,238.2,0.0,0.0,,,
2026-09-08 04:17:00.533,dummy,-2.669,1.624,0.744,239.6,0.0,0.0,,,
2026-09-08 04:17:00.585,dummy,-2.685,1.597,0.745,240.9,0.0,0.0,,,
2026-09-08 04:17:00.637,dummy,-2.7,1.569,0.746,242.2,0.0,0.0,,,
2026-09-08 04:17:00.688,dummy,-2.715,1.541,0.747,243.4,0.0,0.0,,,
2026-09-08 04:17:00.740,dummy,-2.729,1.512,0.748,244.6,0.0,0.0,,,
2026-09-08 04:17:00.791,dummy,-2.743,1.482,0.749,245.7,0.0,0.0,,,
2026-09-08 04:17:00.842,dummy,-2.756,1.451,0.749,246.7,0.0,0.0,,,
2026-09-08 04:17:00.894,dummy,-2.769,1.42,0.75,247.7,0.0,0.0,,,
2026-09-08 04:17:00.945,dummy,-2.782,1.387,0.751,248.7,0.0,0.0,,,
2026-09-08 04:17:00.996,dummy,-2.795,1.354,0.752,249.7,0.0,0.0,,,
2026-09-08 04:17:01.048,dummy,-2.807,1.321,0.753,250.6,0.0,0.0,,,
2026-09-08 04:17:01.100,dummy,-2.819,1.286,0.754,251.5,0.0,0.0,,,
2026-09-08 04:17:01.151,dummy,-2.83,1.251,0.755,252.3,0.0,0.0,,,
2026-09-08 04:17:01.202,dummy,-2.841,1.216,0.756,253.1,0.0,0.0,,,
2026-09-08 04:17:01.255,dummy,-2.852,1.179,0.757,253.9,0.0,0.0,,,
2026-09-08 04:17:01.306,dummy,-2.863,1.142,0.758,254.7,0.0,0.0,,,
2026-09-08 04:17:01.357,dummy,-2.873,1.105,0.759,255.5,0.0,0.0,,,
2026-09-08 04:17:01.409,dummy,-2.882,1.066,0.76,256.2,0.0,0.0,,,
2026-09-08 04:17:01.460,dummy,-2.891,1.028,0.761,256.9,0.0,0.0,,,
2026-09-08 04:17:01.512,dummy,-2.9,0.989,0.762,257.6,0.0,0.0,,,
2026-09-08 04:17:01.563,dummy,-2.909,0.95,0.763,258.2,0.0,0.0,,,
2026-09-08 04:17:01.614,dummy,-2.917,0.909,0.764,258.9,0.0,0.0,,,
2026-09-08 04:17:01.666,dummy,-2.925,0.869,0.765,259.5,0.0,0.0,,,
2026-09-08 04:17:01.719,dummy,-2.932,0.828,0.766,260.1,0.0,0.0,,,
2026-09-08 04:17:01.771,dummy,-2.939,0.785,0.768,260.7,0.0,0.0,,,
2026-09-08 04:17:01.823,dummy,-2.946,0.743,0.769,261.3,0.0,0.0,,,
2026-09-08 04:17:01.876,dummy,-2.952,0.699,0.77,261.9,0.0,0.0,,,
2026-09-08 04:17:01.927,dummy,-2.958,0.656,0.771,262.5,0.0,0.0,,,
2026-09-08 04:17:01.979,dummy,-2.964,0.613,0.772,263.0,0.0,0.0,,,
2026-09-08 04:17:02.030,dummy,-2.969,0.57,0.773,263.6,0.0,0.0,,,
2026-09-08 04:17:02.083,dummy,-2.973,0.526,0.774,264.1,0.0,0.0,,,
2026-09-08 04:17:02.135,dummy,-2.978,0.482,0.775,264.6,0.0,0.0,,,
2026-09-08 04:17:02.187,dummy,-2.982,0.437,0.777,265.2,0.0,0.0,,,
2026-09-08 04:17:02.240,dummy,-2.985,0.393,0.778,265.7,0.0,0.0,,,
2026-09-08 04:17:02.292,dummy,-2.989,0.346,0.779,266.2,0.0,0.0,,,
2026-09-08 04:17:02.344,dummy,-2.991,0.301,0.78,266.7,0.0,0.0,,,
2026-09-08 04:17:02.395,dummy,-2.994,0.256,0.781,267.2,0.0,0.0,,,
2026-09-08 04:17:02.448,dummy,-2.996,0.21,0.782,267.7,0.0,0.0,,,
2026-09-08 04:17:02.499,dummy,-2.997,0.165,0.784,268.2,0.0,0.0,,,
2026-09-08 04:17:02.551,dummy,-2.999,0.12,0.785,268.7,0.0,0.0,,,
2026-09-08 04:17:02.602,dummy,-2.999,0.074,0.786,269.2,0.0,0.0,,,
2026-09-08 04:17:02.654,dummy,-3.0,0.029,0.787,269.7,0.0,0.0,,,
2026-09-08 04:17:02.708,dummy,-3.0,-0.018,0.788,270.2,0.0,0.0,,,
2026-09-08 04:17:02.760,dummy,-3.0,-0.063,0.79,270.7,0.0,0.0,,,
2026-09-08 04:17:02.811,dummy,-2.999,-0.109,0.791,271.2,0.0,0.0,,,
2026-09-08 04:17:02.863,dummy,-2.998,-0.155,0.792,271.7,0.0,0.0,,,
2026-09-08 04:17:02.915,dummy,-2.996,-0.2,0.793,272.2,0.0,0.0,,,
2026-09-08 04:17:02.967,dummy,-2.994,-0.245,0.794,272.7,0.0,0.0,,,
2026-09-08 04:17:03.020,dummy,-2.992,-0.291,0.796,273.2,0.0,0.0,,,
2026-09-08 04:17:03.071,dummy,-2.989,-0.336,0.797,273.7,0.0,0.0,,,
2026-09-08 04:17:03.123,dummy,-2.986,-0.381,0.798,274.2,0.0,0.0,,,
2026-09-08 04:17:03.174,dummy,-2.983,-0.425,0.8,274.7,0.0,0.0,,,
2026-09-08 04:17:03.227,dummy,-2.979,-0.47,0.801,275.2,0.0,0.0,,,
2026-09-08 04:17:03.279,dummy,-2.975,-0.515,0.802,275.8,0.0,0.0,,,
2026-09-08 04:17:03.332,dummy,-2.97,-0.559,0.803,276.3,0.0,0.0,,,
2026-09-08 04:17:03.384,dummy,-2.965,-0.603,0.805,276.8,0.0,0.0,,,
2026-09-08 04:17:03.435,dummy,-2.959,-0.647,0.806,277.4,0.0,0.0,,,
2026-09-08 04:17:03.487,dummy,-2.954,-0.689,0.807,278.0,0.0,0.0,,,
2026-09-08 04:17:03.539,dummy,-2.947,-0.732,0.809,278.5,0.0,0.0,,,
2026-09-08 04:17:03.590,dummy,-2.941,-0.774,0.81,279.1,0.0,0.0,,,
2026-09-08 04:17:03.642,dummy,-2.934,-0.815,0.811,279.7,0.0,0.0,,,
2026-09-08 04:17:03.694,dummy,-2.927,-0.857,0.813,280.3,0.0,0.0,,,
2026-09-08 04:17:03.746,dummy,-2.919,-0.898,0.814,281.0,0.0,0.0,,,
2026-09-08 04:17:03.798,dummy,-2.911,-0.939,0.815,281.6,0.0,0.0,,,
2026-09-08 04:17:03.849,dummy,-2.903,-0.979,0.817,282.3,0.0,0.0,,,
2026-09-08 04:17:03.901,dummy,-2.894,-1.018,0.818,282.9,0.0,0.0,,,
2026-09-08 04:17:03.952,dummy,-2.885,-1.057,0.819,283.6,0.0,0.0,,,
2026-09-08 04:17:04.004,dummy,-2.875,-1.095,0.821,284.4,0.0,0.0,,,
2026-09-08 04:17:04.055,dummy,-2.865,-1.132,0.822,285.1,0.0,0.0,,,
2026-09-08 04:17:04.106,dummy,-2.855,-1.169,0.823,285.8,0.0,0.0,,,
2026-09-08 04:17:04.158,dummy,-2.844,-1.206,0.825,286.6,0.0,0.0,,,
2026-09-08 04:17:04.210,dummy,-2.833,-1.242,0.826,287.5,0.0,0.0,,,
2026-09-08 04:17:04.262,dummy,-2.822,-1.277,0.828,288.3,0.0,0.0,,,
2026-09-08 04:17:04.314,dummy,-2.81,-1.312,0.829,289.2,0.0,0.0,,,
2026-09-08 04:17:04.368,dummy,-2.797,-1.347,0.83,290.1,0.0,0.0,,,
2026-09-08 04:17:04.419,dummy,-2.785,-1.381,0.832,291.1,0.0,0.0,,,
2026-09-08 04:17:04.471,dummy,-2.772,-1.413,0.833,292.1,0.0,0.0,,,
2026-09-08 04:17:04.522,dummy,-2.759,-1.445,0.835,293.1,0.0,0.0,,,
2026-09-08 04:17:04.574,dummy,-2.745,-1.476,0.836,294.1,0.0,0.0,,,
2026-09-08 04:17:04.626,dummy,-2.731,-1.506,0.838,295.2,0.0,0.0,,,
2026-09-08 04:17:04.678,dummy,-2.717,-1.536,0.839,296.4,0.0,0.0,,,
2026-09-08 04:17:04.729,dummy,-2.702,-1.565,0.84,297.6,0.0,0.0,,,
2026-09-08 04:17:04.781,dummy,-2.687,-1.593,0.842,298.9,0.0,0.0,,,
2026-09-08 04:17:04.833,dummy,-2.672,-1.62,0.843,300.2,0.0,0.0,,,
2026-09-08 04:17:04.884,dummy,-2.656,-1.646,0.845,301.5,0.0,0.0,,,
2026-09-08 04:17:04.936,dummy,-2.64,-1.671,0.846,302.9,0.0,0.0,,,
2026-09-08 04:17:04.987,dummy,-2.624,-1.696,0.848,304.4,0.0,0.0,,,
2026-09-08 04:17:05.040,dummy,-2.607,-1.72,0.849,306.0,0.0,0.0,,,
2026-09-08 04:17:05.091,dummy,-2.59,-1.742,0.851,307.6,0.0,0.0,,,
2026-09-08 04:17:05.143,dummy,-2.573,-1.764,0.852,309.3,0.0,0.0,,,
2026-09-08 04:17:05.194,dummy,-2.555,-1.785,0.854,311.1,0.0,0.0,,,
2026-09-08 04:17:05.246,dummy,-2.537,-1.805,0.855,312.9,0.0,0.0,,,
2026-09-08 04:17:05.298,dummy,-2.519,-1.824,0.857,314.8,0.0,0.0,,,
2026-09-08 04:17:05.349,dummy,-2.5,-1.842,0.858,316.8,0.0,0.0,,,
2026-09-08 04:17:05.401,dummy,-2.481,-1.86,0.86,318.9,0.0,0.0,,,
2026-09-08 04:17:05.453,dummy,-2.462,-1.876,0.861,321.0,0.0,0.0,,,
2026-09-08 04:17:05.504,dummy,-2.442,-1.891,0.863,323.3,0.0,0.0,,,
2026-09-08 04:17:05.556,dummy,-2.422,-1.905,0.864,325.5,0.0,0.0,,,
2026-09-08 04:17:05.607,dummy,-2.402,-1.919,0.866,327.9,0.0,0.0,,,
2026-09-08 04:17:05.660,dummy,-2.381,-1.931,0.867,330.3,0.0,0.0,,,
2026-09-08 04:17:05.711,dummy,-2.36,-1.943,0.869,332.8,0.0,0.0,,,
2026-09-08 04:17:05.763,dummy,-2.339,-1.953,0.87,335.3,0.0,0.0,,,
2026-09-08 04:17:05.814,dummy,-2.318,-1.962,0.872,337.9,0.0,0.0,,,
2026-09-08 04:17:05.865,dummy,-2.296,-1.97,0.873,340.4,0.0,0.0,,,
2026-09-08 04:17:05.917,dummy,-2.274,-1.978,0.875,343.0,0.0,0.0,,,
2026-09-08 04:17:05.968,dummy,-2.252,-1.984,0.876,345.6,0.0,0.0,,,
2026-09-08 04:17:06.020,dummy,-2.229,-1.989,0.878,348.3,0.0,0.0,,,
2026-09-08 04:17:06.072,dummy,-2.206,-1.993,0.88,350.9,0.0,0.0,,,
2026-09-08 04:17:06.124,dummy,-2.183,-1.997,0.881,353.5,0.0,0.0,,,
2026-09-08 04:17:06.175,dummy,-2.159,-1.999,0.883,356.0,0.0,0.0,,,
2026-09-08 04:17:06.227,dummy,-2.135,-2.0,0.884,358.5,0.0,0.0,,,
2026-09-08 04:17:06.278,dummy,-2.112,-2.0,0.886,1.0,0.0,0.0,,,
2026-09-08 04:17:06.332,dummy,-2.086,-1.999,0.887,3.5,0.0,0.0,,,
2026-09-08 04:17:06.384,dummy,-2.061,-1.997,0.889,5.8,0.0,0.0,,,
2026-09-08 04:17:06.435,dummy,-2.037,-1.994,0.891,8.1,0.0,0.0,,,
2026-09-08 04:17:06.487,dummy,-2.012,-1.99,0.892,10.3,0.0,0.0,,,
2026-09-08 04:17:06.539,dummy,-1.986,-1.985,0.894,12.4,0.0,0.0,,,
2026-09-08 04:17:06.590,dummy,-1.96,-1.979,0.895,14.4,0.0,0.0,,,
2026-09-08 04:17:06.642,dummy,-1.934,-1.971,0.897,16.4,0.0,0.0,,,
2026-09-08 04:17:06.694,dummy,-1.908,-1.963,0.899,18.3,0.0,0.0,,,
2026-09-08 04:17:06.747,dummy,-1.881,-1.954,0.9,20.1,0.0,0.0,,,
2026-09-08 04:17:06.798,dummy,-1.855,-1.944,0.902,21.8,0.0,0.0,,,
2026-09-08 04:17:06.849,dummy,-1.828,-1.933,0.903,23.4,0.0,0.0,,,
2026-09-08 04:17:06.901,dummy,-1.801,-1.92,0.905,25.0,0.0,0.0,,,
2026-09-08 04:17:06.953,dummy,-1.773,-1.907,0.907,26.5,0.0,0.0,,,
2026-09-08 04:17:07.004,dummy,-1.746,-1.893,0.908,27.9,0.0,0.0,,,
2026-09-08 04:17:07.055,dummy,-1.718,-1.878,0.91,29.2,0.0,0.0,,,
2026-09-08 04:17:07.107,dummy,-1.69,-1.862,0.912,30.5,0.0,0.0,,,
2026-09-08 04:17:07.159,dummy,-1.662,-1.845,0.913,31.8,0.0,0.0,,,
2026-09-08 04:17:07.211,dummy,-1.633,-1.827,0.915,32.9,0.0,0.0,,,
2026-09-08 04:17:07.262,dummy,-1.604,-1.808,0.916,34.0,0.0,0.0,,,
2026-09-08 04:17:07.315,dummy,-1.575,-1.787,0.918,35.1,0.0,0.0,,,
2026-09-08 04:17:07.367,dummy,-1.546,-1.766,0.92,36.1,0.0,0.0,,,
2026-09-08 04:17:07.419,dummy,-1.516,-1.745,0.921,37.1,0.0,0.0,,,
2026-09-08 04:17:07.470,dummy,-1.487,-1.722,0.923,38.0,0.0,0.0,,,
2026-09-08 04:17:07.522,dummy,-1.457,-1.698,0.925,38.9,0.0,0.0,,,
2026-09-08 04:17:07.574,dummy,-1.427,-1.673,0.926,39.7,0.0,0.0,,,
2026-09-08 04:17:07.626,dummy,-1.397,-1.648,0.928,40.5,0.0,0.0,,,
2026-09-08 04:17:07.677,dummy,-1.367,-1.622,0.93,41.2,0.0,0.0,,,
2026-09-08 04:17:07.729,dummy,-1.336,-1.595,0.931,41.9,0.0,0.0,,,
2026-09-08 04:17:07.781,dummy,-1.305,-1.567,0.933,42.6,0.0,0.0,,,
2026-09-08 04:17:07.833,dummy,-1.274,-1.538,0.935,43.3,0.0,0.0,,,
2026-09-08 04:17:07.885,dummy,-1.243,-1.509,0.936,43.9,0.0,0.0,,,
2026-09-08 04:17:07.937,dummy,-1.212,-1.478,0.938,44.5,0.0,0.0,,,
2026-09-08 04:17:07.989,dummy,-1.181,-1.447,0.94,45.0,0.0,0.0,,,
2026-09-08 04:17:08.041,dummy,-1.149,-1.415,0.941,45.6,0.0,0.0,,,
2026-09-08 04:17:08.093,dummy,-1.117,-1.382,0.943,46.1,0.0,0.0,,,
2026-09-08 04:17:08.144,dummy,-1.086,-1.349,0.945,46.6,0.0,0.0,,,
2026-09-08 04:17:08.195,dummy,-1.054,-1.316,0.946,47.0,0.0,0.0,,,
2026-09-08 04:17:08.247,dummy,-1.022,-1.281,0.948,47.4,0.0,0.0,,,
2026-09-08 04:17:08.299,dummy,-0.99,-1.246,0.95,47.9,0.0,0.0,,,
2026-09-08 04:17:08.350,dummy,-0.958,-1.211,0.951,48.2,0.0,0.0,,,
2026-09-08 04:17:08.401,dummy,-0.926,-1.174,0.953,48.6,0.0,0.0,,,
2026-09-08 04:17:08.453,dummy,-0.893,-1.137,0.955,49.0,0.0,0.0,,,
2026-09-08 04:17:08.505,dummy,-0.861,-1.099,0.957,49.3,0.0,0.0,,,
2026-09-08 04:17:08.556,dummy,-0.828,-1.061,0.958,49.6,0.0,0.0,,,
2026-09-08 04:17:08.608,dummy,-0.795,-1.022,0.96,49.9,0.0,0.0,,,
2026-09-08 04:17:08.659,dummy,-0.762,-0.983,0.962,50.2,0.0,0.0,,,
2026-09-08 04:17:08.711,dummy,-0.729,-0.943,0.963,50.5,0.0,0.0,,,
2026-09-08 04:17:08.763,dummy,-0.696,-0.903,0.965,50.7,0.0,0.0,,,
2026-09-08 04:17:08.815,dummy,-0.663,-0.862,0.967,51.0,0.0,0.0,,,
2026-09-08 04:17:08.866,dummy,-0.63,-0.821,0.968,51.2,0.0,0.0,,,
2026-09-08 04:17:08.918,dummy,-0.596,-0.779,0.97,51.4,0.0,0.0,,,
2026-09-08 04:17:08.969,dummy,-0.563,-0.737,0.972,51.6,0.0,0.0,,,
2026-09-08 04:17:09.020,dummy,-0.53,-0.695,0.973,51.8,0.0,0.0,,,
2026-09-08 04:17:09.072,dummy,-0.496,-0.653,0.975,52.0,0.0,0.0,,,
2026-09-08 04:17:09.123,dummy,-0.463,-0.61,0.977,52.1,0.0,0.0,,,
2026-09-08 04:17:09.175,dummy,-0.429,-0.566,0.978,52.3,0.0,0.0,,,
2026-09-08 04:17:09.227,dummy,-0.395,-0.522,0.98,52.4,0.0,0.0,,,
2026-09-08 04:17:09.279,dummy,-0.361,-0.478,0.982,52.5,0.0,0.0,,,
2026-09-08 04:17:09.333,dummy,-0.326,-0.432,0.984,52.6,0.0,0.0,,,
2026-09-08 04:17:09.384,dummy,-0.292,-0.387,0.985,52.7,0.0,0.0,,,
2026-09-08 04:17:09.435,dummy,-0.258,-0.343,0.987,52.8,0.0,0.0,,,
2026-09-08 04:17:09.487,dummy,-0.224,-0.298,0.989,52.9,0.0,0.0,,,
2026-09-08 04:17:09.538,dummy,-0.191,-0.254,0.99,53.0,0.0,0.0,,,
2026-09-08 04:17:09.591,dummy,-0.156,-0.208,0.992,53.0,0.0,0.0,,,
2026-09-08 04:17:09.643,dummy,-0.122,-0.162,0.994,53.1,0.0,0.0,,,
2026-09-08 04:17:09.694,dummy,-0.088,-0.117,0.996,53.1,0.0,0.0,,,
2026-09-08 04:17:09.746,dummy,-0.054,-0.072,0.997,53.1,0.0,0.0,,,
2026-09-08 04:17:09.798,dummy,-0.02,-0.026,0.999,53.1,0.0,0.0,,,
2026-09-08 04:17:09.849,dummy,0.015,0.019,1.001,53.1,0.0,0.0,,,
2026-09-08 04:17:09.901,dummy,0.048,0.065,1.002,53.1,0.0,0.0,,,
2026-09-08 04:17:09.952,dummy,0.082,0.11,1.004,53.1,0.0,0.0,,,
2026-09-08 04:17:10.004,dummy,0.117,0.155,1.006,53.1,0.0,0.0,,,
2026-09-08 04:17:10.056,dummy,0.151,0.201,1.008,53.0,0.0,0.0,,,
2026-09-08 04:17:10.108,dummy,0.185,0.246,1.009,53.0,0.0,0.0,,,
2026-09-08 04:17:10.159,dummy,0.219,0.291,1.011,52.9,0.0,0.0,,,
2026-09-08 04:17:10.211,dummy,0.253,0.336,1.013,52.8,0.0,0.0,,,
2026-09-08 04:17:10.264,dummy,0.288,0.382,1.014,52.7,0.0,0.0,,,
2026-09-08 04:17:10.316,dummy,0.322,0.426,1.016,52.6,0.0,0.0,,,
2026-09-08 04:17:10.373,dummy,0.36,0.476,1.018,52.5,0.0,0.0,,,
2026-09-08 04:17:10.427,dummy,0.395,0.522,1.02,52.4,0.0,0.0,,,
2026-09-08 04:17:10.479,dummy,0.429,0.566,1.021,52.3,0.0,0.0,,,
2026-09-08 04:17:10.531,dummy,0.463,0.61,1.023,52.1,0.0,0.0,,,
2026-09-08 04:17:10.584,dummy,0.497,0.654,1.025,52.0,0.0,0.0,,,
2026-09-08 04:17:10.636,dummy,0.531,0.697,1.027,51.8,0.0,0.0,,,
2026-09-08 04:17:10.688,dummy,0.564,0.739,1.028,51.6,0.0,0.0,,,
2026-09-08 04:17:10.740,dummy,0.598,0.781,1.03,51.4,0.0,0.0,,,
2026-09-08 04:17:10.791,dummy,0.631,0.823,1.032,51.2,0.0,0.0,,,
2026-09-08 04:17:10.842,dummy,0.664,0.864,1.033,51.0,0.0,0.0,,,
2026-09-08 04:17:10.894,dummy,0.698,0.905,1.035,50.7,0.0,0.0,,,
2026-09-08 04:17:10.945,dummy,0.731,0.945,1.037,50.5,0.0,0.0,,,
2026-09-08 04:17:10.997,dummy,0.763,0.984,1.038,50.2,0.0,0.0,,,
2026-09-08 04:17:11.048,dummy,0.796,1.023,1.04,49.9,0.0,0.0,,,
2026-09-08 04:17:11.100,dummy,0.829,1.062,1.042,49.6,0.0,0.0,,,
2026-09-08 04:17:11.152,dummy,0.862,1.101,1.044,49.3,0.0,0.0,,,
2026-09-08 04:17:11.204,dummy,0.895,1.139,1.045,49.0,0.0,0.0,,,
2026-09-08 04:17:11.255,dummy,0.927,1.176,1.047,48.6,0.0,0.0,,,
2026-09-08 04:17:11.307,dummy,0.959,1.212,1.049,48.2,0.0,0.0,,,
2026-09-08 04:17:11.358,dummy,0.992,1.248,1.05,47.8,0.0,0.0,,,
2026-09-08 04:17:11.410,dummy,1.024,1.283,1.052,47.4,0.0,0.0,,,
2026-09-08 04:17:11.462,dummy,1.056,1.318,1.054,47.0,0.0,0.0,,,
2026-09-08 04:17:11.515,dummy,1.088,1.352,1.055,46.5,0.0,0.0,,,
2026-09-08 04:17:11.566,dummy,1.12,1.385,1.057,46.0,0.0,0.0,,,
2026-09-08 04:17:11.618,dummy,1.152,1.418,1.059,45.5,0.0,0.0,,,
2026-09-08 04:17:11.669,dummy,1.183,1.449,1.06,45.0,0.0,0.0,,,
2026-09-08 04:17:11.722,dummy,1.215,1.481,1.062,44.4,0.0,0.0,,,
2026-09-08 04:17:11.774,dummy,1.246,1.511,1.064,43.8,0.0,0.0,,,
2026-09-08 04:17:11.826,dummy,1.277,1.54,1.065,43.2,0.0,0.0,,,
2026-09-08 04:17:11.878,dummy,1.308,1.569,1.067,42.6,0.0,0.0,,,
2026-09-08 04:17:11.930,dummy,1.339,1.597,1.069,41.9,0.0,0.0,,,
2026-09-08 04:17:11.981,dummy,1.369,1.624,1.07,41.2,0.0,0.0,,,
2026-09-08 04:17:12.033,dummy,1.399,1.65,1.072,40.4,0.0,0.0,,,
2026-09-08 04:17:12.085,dummy,1.43,1.676,1.074,39.6,0.0,0.0,,,
2026-09-08 04:17:12.137,dummy,1.46,1.7,1.075,38.8,0.0,0.0,,,
2026-09-08 04:17:12.189,dummy,1.49,1.724,1.077,37.9,0.0,0.0,,,
2026-09-08 04:17:12.241,dummy,1.519,1.747,1.079,37.0,0.0,0.0,,,
2026-09-08 04:17:12.293,dummy,1.549,1.768,1.08,36.0,0.0,0.0,,,
2026-09-08 04:17:12.345,dummy,1.578,1.789,1.082,35.0,0.0,0.0,,,
2026-09-08 04:17:12.396,dummy,1.607,1.809,1.084,33.9,0.0,0.0,,,
2026-09-08 04:17:12.448,dummy,1.635,1.828,1.085,32.8,0.0,0.0,,,
2026-09-08 04:17:12.499,dummy,1.664,1.846,1.087,31.7,0.0,0.0,,,
2026-09-08 04:17:12.551,dummy,1.692,1.863,1.089,30.4,0.0,0.0,,,
2026-09-08 04:17:12.604,dummy,1.72,1.879,1.09,29.1,0.0,0.0,,,
2026-09-08 04:17:12.656,dummy,1.749,1.894,1.092,27.7,0.0,0.0,,,
2026-09-08 04:17:12.707,dummy,1.776,1.908,1.093,26.3,0.0,0.0,,,
2026-09-08 04:17:12.759,dummy,1.804,1.922,1.095,24.8,0.0,0.0,,,
2026-09-08 04:17:12.812,dummy,1.831,1.934,1.097,23.2,0.0,0.0,,,
2026-09-08 04:17:12.864,dummy,1.858,1.945,1.098,21.6,0.0,0.0,,,
2026-09-08 04:17:12.915,dummy,1.885,1.955,1.1,19.8,0.0,0.0,,,
2026-09-08 04:17:12.967,dummy,1.911,1.964,1.102,18.0,0.0,0.0,,,
2026-09-08 04:17:13.019,dummy,1.938,1.972,1.103,16.1,0.0,0.0,,,
2026-09-08 04:17:13.071,dummy,1.964,1.979,1.105,14.1,0.0,0.0,,,
2026-09-08 04:17:13.123,dummy,1.99,1.985,1.106,12.1,0.0,0.0,,,
2026-09-08 04:17:13.175,dummy,2.015,1.99,1.108,10.0,0.0,0.0,,,
2026-09-08 04:17:13.227,dummy,2.04,1.994,1.11,7.8,0.0,0.0,,,
2026-09-08 04:17:13.278,dummy,2.065,1.997,1.111,5.5,0.0,0.0,,,
2026-09-08 04:17:13.330,dummy,2.09,1.999,1.113,3.1,0.0,0.0,,,
2026-09-08 04:17:13.382,dummy,2.114,2.0,1.114,0.7,0.0,0.0,,,
2026-09-08 04:17:13.433,dummy,2.138,2.0,1.116,358.3,0.0,0.0,,,
2026-09-08 04:17:13.485,dummy,2.162,1.999,1.117,355.8,0.0,0.0,,,
2026-09-08 04:17:13.536,dummy,2.185,1.996,1.119,353.2,0.0,0.0,,,
2026-09-08 04:17:13.589,dummy,2.209,1.993,1.121,350.6,0.0,0.0,,,
2026-09-08 04:17:13.641,dummy,2.232,1.989,1.122,348.0,0.0,0.0,,,
2026-09-08 04:17:13.693,dummy,2.255,1.983,1.124,345.3,0.0,0.0,,,
2026-09-08 04:17:13.745,dummy,2.277,1.977,1.125,342.7,0.0,0.0,,,
2026-09-08 04:17:13.796,dummy,2.299,1.969,1.127,340.1,0.0,0.0,,,
2026-09-08 04:17:13.848,dummy,2.321,1.961,1.128,337.5,0.0,0.0,,,
2026-09-08 04:17:13.899,dummy,2.342,1.951,1.13,334.9,0.0,0.0,,,
2026-09-08 04:17:13.951,dummy,2.363,1.941,1.131,332.4,0.0,0.0,,,
2026-09-08 04:17:14.003,dummy,2.384,1.929,1.133,330.0,0.0,0.0,,,
2026-09-08 04:17:14.055,dummy,2.405,1.917,1.135,327.5,0.0,0.0,,,
2026-09-08 04:17:14.107,dummy,2.425,1.903,1.136,325.2,0.0,0.0,,,
2026-09-08 04:17:14.158,dummy,2.445,1.889,1.138,322.9,0.0,0.0,,,
2026-09-08 04:17:14.210,dummy,2.465,1.874,1.139,320.7,0.0,0.0,,,
2026-09-08 04:17:14.262,dummy,2.484,1.857,1.141,318.6,0.0,0.0,,,
2026-09-08 04:17:14.313,dummy,2.503,1.84,1.142,316.5,0.0,0.0,,,
2026-09-08 04:17:14.367,dummy,2.522,1.821,1.144,314.5,0.0,0.0,,,
2026-09-08 04:17:14.419,dummy,2.541,1.801,1.145,312.5,0.0,0.0,,,
2026-09-08 04:17:14.470,dummy,2.559,1.781,1.147,310.7,0.0,0.0,,,
2026-09-08 04:17:14.522,dummy,2.576,1.76,1.148,309.0,0.0,0.0,,,
2026-09-08 04:17:14.574,dummy,2.594,1.738,1.15,307.3,0.0,0.0,,,
2026-09-08 04:17:14.625,dummy,2.611,1.715,1.151,305.7,0.0,0.0,,,
2026-09-08 04:17:14.677,dummy,2.627,1.691,1.153,304.1,0.0,0.0,,,
2026-09-08 04:17:14.729,dummy,2.644,1.666,1.154,302.7,0.0,0.0,,,
2026-09-08 04:17:14.782,dummy,2.66,1.64,1.156,301.2,0.0,0.0,,,
2026-09-08 04:17:14.834,dummy,2.676,1.614,1.157,299.9,0.0,0.0,,,
2026-09-08 04:17:14.885,dummy,2.691,1.586,1.158,298.6,0.0,0.0,,,
2026-09-08 04:17:14.938,dummy,2.706,1.558,1.16,297.3,0.0,0.0,,,
2026-09-08 04:17:14.990,dummy,2.721,1.529,1.161,296.1,0.0,0.0,,,
2026-09-08 04:17:15.041,dummy,2.735,1.499,1.163,295.0,0.0,0.0,,,
2026-09-08 04:17:15.092,dummy,2.748,1.469,1.164,293.9,0.0,0.0,,,
2026-09-08 04:17:15.144,dummy,2.762,1.438,1.166,292.9,0.0,0.0,,,
2026-09-08 04:17:15.197,dummy,2.775,1.405,1.167,291.8,0.0,0.0,,,
2026-09-08 04:17:15.249,dummy,2.788,1.372,1.168,290.8,0.0,0.0,,,
2026-09-08 04:17:15.300,dummy,2.801,1.339,1.17,289.9,0.0,0.0,,,
2026-09-08 04:17:15.351,dummy,2.812,1.305,1.171,289.0,0.0,0.0,,,
2026-09-08 04:17:15.403,dummy,2.824,1.271,1.173,288.1,0.0,0.0,,,
2026-09-08 04:17:15.454,dummy,2.835,1.235,1.174,287.3,0.0,0.0,,,
2026-09-08 04:17:15.506,dummy,2.846,1.199,1.175,286.5,0.0,0.0,,,
2026-09-08 04:17:15.558,dummy,2.857,1.162,1.177,285.7,0.0,0.0,,,
2026-09-08 04:17:15.609,dummy,2.867,1.125,1.178,285.0,0.0,0.0,,,
2026-09-08 04:17:15.661,dummy,2.877,1.087,1.18,284.2,0.0,0.0,,,
2026-09-08 04:17:15.713,dummy,2.887,1.049,1.181,283.5,0.0,0.0,,,
2026-09-08 04:17:15.765,dummy,2.896,1.009,1.182,282.8,0.0,0.0,,,
2026-09-08 04:17:15.816,dummy,2.904,0.97,1.184,282.1,0.0,0.0,,,
2026-09-08 04:17:15.868,dummy,2.913,0.93,1.185,281.5,0.0,0.0,,,
2026-09-08 04:17:15.920,dummy,2.921,0.89,1.186,280.8,0.0,0.0,,,
2026-09-08 04:17:15.972,dummy,2.928,0.849,1.188,280.2,0.0,0.0,,,
2026-09-08 04:17:16.023,dummy,2.936,0.807,1.189,279.6,0.0,0.0,,,
2026-09-08 04:17:16.075,dummy,2.942,0.765,1.19,279.0,0.0,0.0,,,
2026-09-08 04:17:16.128,dummy,2.949,0.722,1.192,278.4,0.0,0.0,,,
2026-09-08 04:17:16.179,dummy,2.955,0.68,1.193,277.8,0.0,0.0,,,
2026-09-08 04:17:16.232,dummy,2.961,0.636,1.194,277.3,0.0,0.0,,,
2026-09-08 04:17:16.283,dummy,2.966,0.593,1.196,276.7,0.0,0.0,,,
2026-09-08 04:17:16.335,dummy,2.971,0.549,1.197,276.2,0.0,0.0,,,
2026-09-08 04:17:16.387,dummy,2.976,0.505,1.198,275.6,0.0,0.0,,,
2026-09-08 04:17:16.439,dummy,2.98,0.461,1.199,275.1,0.0,0.0,,,
2026-09-08 04:17:16.490,dummy,2.984,0.417,1.201,274.6,0.0,0.0,,,
2026-09-08 04:17:16.542,dummy,2.987,0.372,1.202,274.1,0.0,0.0,,,
2026-09-08 04:17:16.594,dummy,2.99,0.327,1.203,273.6,0.0,0.0,,,
2026-09-08 04:17:16.645,dummy,2.992,0.283,1.204,273.1,0.0,0.0,,,
2026-09-08 04:17:16.697,dummy,2.995,0.238,1.206,272.6,0.0,0.0,,,
2026-09-08 04:17:16.750,dummy,2.997,0.192,1.207,272.1,0.0,0.0,,,
2026-09-08 04:17:16.801,dummy,2.998,0.146,1.208,271.6,0.0,0.0,,,
2026-09-08 04:17:16.853,dummy,2.999,0.1,1.209,271.1,0.0,0.0,,,
2026-09-08 04:17:16.905,dummy,3.0,0.055,1.211,270.6,0.0,0.0,,,
2026-09-08 04:17:16.956,dummy,3.0,0.01,1.212,270.1,0.0,0.0,,,
2026-09-08 04:17:17.008,dummy,3.0,-0.036,1.213,269.6,0.0,0.0,,,
2026-09-08 04:17:17.059,dummy,2.999,-0.081,1.214,269.1,0.0,0.0,,,
2026-09-08 04:17:17.111,dummy,2.999,-0.126,1.215,268.6,0.0,0.0,,,
2026-09-08 04:17:17.163,dummy,2.997,-0.172,1.217,268.1,0.0,0.0,,,
2026-09-08 04:17:17.214,dummy,2.996,-0.217,1.218,267.7,0.0,0.0,,,
2026-09-08 04:17:17.266,dummy,2.994,-0.262,1.219,267.2,0.0,0.0,,,
2026-09-08 04:17:17.318,dummy,2.991,-0.307,1.22,266.7,0.0,0.0,,,
2026-09-08 04:17:17.370,dummy,2.988,-0.352,1.221,266.1,0.0,0.0,,,
2026-09-08 04:17:17.421,dummy,2.985,-0.397,1.222,265.6,0.0,0.0,,,
2026-09-08 04:17:17.473,dummy,2.981,-0.441,1.224,265.1,0.0,0.0,,,
2026-09-08 04:17:17.524,dummy,2.978,-0.485,1.225,264.6,0.0,0.0,,,
2026-09-08 04:17:17.576,dummy,2.973,-0.529,1.226,264.1,0.0,0.0,,,
2026-09-08 04:17:17.627,dummy,2.968,-0.572,1.227,263.5,0.0,0.0,,,
2026-09-08 04:17:17.678,dummy,2.963,-0.616,1.228,263.0,0.0,0.0,,,
2026-09-08 04:17:17.746,dummy,2.956,-0.669,1.229,262.3,0.0,0.0,,,
2026-09-08 04:17:17.799,dummy,2.95,-0.716,1.231,261.7,0.0,0.0,,,
2026-09-08 04:17:17.850,dummy,2.944,-0.758,1.232,261.1,0.0,0.0,,,
2026-09-08 04:17:17.902,dummy,2.937,-0.799,1.233,260.5,0.0,0.0,,,
2026-09-08 04:17:17.953,dummy,2.93,-0.841,1.234,259.9,0.0,0.0,,,
2026-09-08 04:17:18.005,dummy,2.922,-0.882,1.235,259.3,0.0,0.0,,,
2026-09-08 04:17:18.057,dummy,2.914,-0.923,1.236,258.7,0.0,0.0,,,
2026-09-08 04:17:18.109,dummy,2.906,-0.963,1.237,258.0,0.0,0.0,,,
2026-09-08 04:17:18.160,dummy,2.897,-1.002,1.238,257.3,0.0,0.0,,,
2026-09-08 04:17:18.212,dummy,2.888,-1.041,1.239,256.6,0.0,0.0,,,
2026-09-08 04:17:18.263,dummy,2.879,-1.08,1.24,255.9,0.0,0.0,,,
2026-09-08 04:17:18.315,dummy,2.869,-1.118,1.241,255.2,0.0,0.0,,,
2026-09-08 04:17:18.367,dummy,2.859,-1.155,1.242,254.4,0.0,0.0,,,
2026-09-08 04:17:18.419,dummy,2.848,-1.192,1.243,253.7,0.0,0.0,,,
2026-09-08 04:17:18.470,dummy,2.837,-1.228,1.244,252.9,0.0,0.0,,,
2026-09-08 04:17:18.522,dummy,2.826,-1.264,1.245,252.0,0.0,0.0,,,
2026-09-08 04:17:18.574,dummy,2.815,-1.299,1.246,251.1,0.0,0.0,,,
2026-09-08 04:17:18.625,dummy,2.803,-1.333,1.247,250.3,0.0,0.0,,,
2026-09-08 04:17:18.677,dummy,2.79,-1.367,1.248,249.3,0.0,0.0,,,
2026-09-08 04:17:18.729,dummy,2.778,-1.399,1.249,248.4,0.0,0.0,,,
2026-09-08 04:17:18.780,dummy,2.765,-1.431,1.25,247.4,0.0,0.0,,,
2026-09-08 04:17:18.831,dummy,2.751,-1.463,1.251,246.3,0.0,0.0,,,
2026-09-08 04:17:18.882,dummy,2.738,-1.493,1.252,245.2,0.0,0.0,,,
2026-09-08 04:17:18.934,dummy,2.724,-1.523,1.253,244.1,0.0,0.0,,,
2026-09-08 04:17:18.987,dummy,2.709,-1.553,1.254,242.9,0.0,0.0,,,
2026-09-08 04:17:19.040,dummy,2.694,-1.581,1.255,241.7,0.0,0.0,,,
2026-09-08 04:17:19.092,dummy,2.678,-1.609,1.255,240.4,0.0,0.0,,,
2026-09-08 04:17:19.143,dummy,2.663,-1.635,1.256,239.0,0.0,0.0,,,
2026-09-08 04:17:19.195,dummy,2.647,-1.661,1.257,237.6,0.0,0.0,,,
2026-09-08 04:17:19.248,dummy,2.63,-1.687,1.258,236.1,0.0,0.0,,,
2026-09-08 04:17:19.299,dummy,2.614,-1.711,1.259,234.6,0.0,0.0,,,
2026-09-08 04:17:19.351,dummy,2.597,-1.734,1.26,233.0,0.0,0.0,,,
2026-09-08 04:17:19.403,dummy,2.58,-1.756,1.261,231.3,0.0,0.0,,,
2026-09-08 04:17:19.455,dummy,2.562,-1.777,1.262,229.6,0.0,0.0,,,
2026-09-08 04:17:19.507,dummy,2.544,-1.798,1.262,227.8,0.0,0.0,,,
2026-09-08 04:17:19.559,dummy,2.526,-1.817,1.263,225.9,0.0,0.0,,,
2026-09-08 04:17:19.611,dummy,2.507,-1.836,1.264,223.9,0.0,0.0,,,
2026-09-08 04:17:19.663,dummy,2.488,-1.854,1.265,221.8,0.0,0.0,,,
2026-09-08 04:17:19.718,dummy,2.469,-1.87,1.266,219.7,0.0,0.0,,,
2026-09-08 04:17:19.770,dummy,2.448,-1.887,1.266,217.4,0.0,0.0,,,
2026-09-08 04:17:19.821,dummy,2.428,-1.902,1.267,215.1,0.0,0.0,,,
2026-09-08 04:17:19.874,dummy,2.407,-1.916,1.268,212.7,0.0,0.0,,,
2026-09-08 04:17:19.926,dummy,2.387,-1.928,1.269,210.3,0.0,0.0,,,
2026-09-08 04:17:19.977,dummy,2.366,-1.94,1.27,207.9,0.0,0.0,,,
2026-09-08 04:17:20.030,dummy,2.344,-1.95,1.27,205.3,0.0,0.0,,,
2026-09-08 04:17:20.082,dummy,2.323,-1.96,1.271,202.8,0.0,0.0,,,
2026-09-08 04:17:20.133,dummy,2.301,-1.968,1.272,200.2,0.0,0.0,,,
2026-09-08 04:17:20.185,dummy,2.279,-1.976,1.273,197.6,0.0,0.0,,,
2026-09-08 04:17:20.236,dummy,2.257,-1.982,1.273,195.0,0.0,0.0,,,
2026-09-08 04:17:20.290,dummy,2.235,-1.988,1.274,192.4,0.0,0.0,,,
2026-09-08 04:17:20.342,dummy,2.211,-1.993,1.275,189.6,0.0,0.0,,,
2026-09-08 04:17:20.393,dummy,2.187,-1.996,1.275,187.0,0.0,0.0,,,
2026-09-08 04:17:20.445,dummy,2.164,-1.998,1.276,184.5,0.0,0.0,,,
2026-09-08 04:17:20.497,dummy,2.14,-2.0,1.277,181.9,0.0,0.0,,,
2026-09-08 04:17:20.549,dummy,2.116,-2.0,1.277,179.5,0.0,0.0,,,
2026-09-08 04:17:20.600,dummy,2.092,-1.999,1.278,177.1,0.0,0.0,,,
2026-09-08 04:17:20.652,dummy,2.067,-1.997,1.279,174.7,0.0,0.0,,,
2026-09-08 04:17:20.703,dummy,2.042,-1.995,1.279,172.4,0.0,0.0,,,
2026-09-08 04:17:20.755,dummy,2.017,-1.991,1.28,170.2,0.0,0.0,,,
2026-09-08 04:17:20.807,dummy,1.992,-1.986,1.28,168.1,0.0,0.0,,,
2026-09-08 04:17:20.858,dummy,1.966,-1.98,1.281,166.0,0.0,0.0,,,
2026-09-08 04:17:20.910,dummy,1.941,-1.973,1.282,164.1,0.0,0.0,,,
2026-09-08 04:17:20.961,dummy,1.914,-1.965,1.282,162.2,0.0,0.0,,,
2026-09-08 04:17:21.013,dummy,1.888,-1.956,1.283,160.4,0.0,0.0,,,
2026-09-08 04:17:21.064,dummy,1.862,-1.946,1.283,158.6,0.0,0.0,,,
2026-09-08 04:17:21.116,dummy,1.835,-1.936,1.284,157.0,0.0,0.0,,,
2026-09-08 04:17:21.167,dummy,1.808,-1.924,1.284,155.4,0.0,0.0,,,
2026-09-08 04:17:21.219,dummy,1.78,-1.911,1.285,153.9,0.0,0.0,,,
2026-09-08 04:17:21.271,dummy,1.753,-1.897,1.286,152.5,0.0,0.0,,,
2026-09-08 04:17:21.323,dummy,1.725,-1.882,1.286,151.1,0.0,0.0,,,
2026-09-08 04:17:21.374,dummy,1.697,-1.866,1.287,149.8,0.0,0.0,,,
2026-09-08 04:17:21.426,dummy,1.669,-1.849,1.287,148.6,0.0,0.0,,,
2026-09-08 04:17:21.477,dummy,1.64,-1.831,1.288,147.4,0.0,0.0,,,
2026-09-08 04:17:21.529,dummy,1.612,-1.813,1.288,146.3,0.0,0.0,,,
2026-09-08 04:17:21.581,dummy,1.583,-1.793,1.288,145.2,0.0,0.0,,,
2026-09-08 04:17:21.632,dummy,1.554,-1.772,1.289,144.2,0.0,0.0,,,
2026-09-08 04:17:21.685,dummy,1.524,-1.751,1.289,143.2,0.0,0.0,,,
2026-09-08 04:17:21.737,dummy,1.495,-1.728,1.29,142.2,0.0,0.0,,,
2026-09-08 04:17:21.788,dummy,1.465,-1.704,1.29,141.4,0.0,0.0,,,
2026-09-08 04:17:21.841,dummy,1.435,-1.68,1.291,140.5,0.0,0.0,,,
2026-09-08 04:17:21.892,dummy,1.405,-1.655,1.291,139.7,0.0,0.0,,,
2026-09-08 04:17:21.944,dummy,1.374,-1.629,1.292,139.0,0.0,0.0,,,
2026-09-08 04:17:21.996,dummy,1.344,-1.602,1.292,138.2,0.0,0.0,,,
2026-09-08 04:17:22.047,dummy,1.314,-1.575,1.292,137.6,0.0,0.0,,,
2026-09-08 04:17:22.099,dummy,1.283,-1.546,1.293,136.9,0.0,0.0,,,
2026-09-08 04:17:22.151,dummy,1.252,-1.517,1.293,136.3,0.0,0.0,,,
2026-09-08 04:17:22.203,dummy,1.22,-1.487,1.293,135.7,0.0,0.0,,,
2026-09-08 04:17:22.254,dummy,1.189,-1.456,1.294,135.1,0.0,0.0,,,
2026-09-08 04:17:22.306,dummy,1.158,-1.424,1.294,134.6,0.0,0.0,,,
2026-09-08 04:17:22.358,dummy,1.126,-1.392,1.294,134.1,0.0,0.0,,,
2026-09-08 04:17:22.409,dummy,1.095,-1.359,1.295,133.6,0.0,0.0,,,
2026-09-08 04:17:22.464,dummy,1.061,-1.323,1.295,133.1,0.0,0.0,,,
2026-09-08 04:17:22.515,dummy,1.029,-1.289,1.295,132.7,0.0,0.0,,,
2026-09-08 04:17:22.567,dummy,0.997,-1.254,1.296,132.2,0.0,0.0,,,
2026-09-08 04:17:22.618,dummy,0.965,-1.219,1.296,131.8,0.0,0.0,,,
2026-09-08 04:17:22.670,dummy,0.933,-1.182,1.296,131.5,0.0,0.0,,,
2026-09-08 04:17:22.721,dummy,0.901,-1.145,1.297,131.1,0.0,0.0,,,
2026-09-08 04:17:22.773,dummy,0.868,-1.108,1.297,130.8,0.0,0.0,,,
2026-09-08 04:17:22.825,dummy,0.835,-1.069,1.297,130.4,0.0,0.0,,,
2026-09-08 04:17:22.877,dummy,0.802,-1.031,1.297,130.1,0.0,0.0,,,
2026-09-08 04:17:22.930,dummy,0.769,-0.991,1.297,129.8,0.0,0.0,,,
2026-09-08 04:17:22.982,dummy,0.735,-0.95,1.298,129.6,0.0,0.0,,,
2026-09-08 04:17:23.033,dummy,0.702,-0.91,1.298,129.3,0.0,0.0,,,
2026-09-08 04:17:23.084,dummy,0.669,-0.87,1.298,129.1,0.0,0.0,,,
2026-09-08 04:17:23.136,dummy,0.636,-0.829,1.298,128.8,0.0,0.0,,,
2026-09-08 04:17:23.188,dummy,0.603,-0.787,1.298,128.6,0.0,0.0,,,
2026-09-08 04:17:23.239,dummy,0.569,-0.745,1.299,128.4,0.0,0.0,,,
2026-09-08 04:17:23.291,dummy,0.536,-0.703,1.299,128.2,0.0,0.0,,,
2026-09-08 04:17:23.342,dummy,0.502,-0.66,1.299,128.1,0.0,0.0,,,
2026-09-08 04:17:23.394,dummy,0.469,-0.617,1.299,127.9,0.0,0.0,,,
2026-09-08 04:17:23.447,dummy,0.435,-0.574,1.299,127.8,0.0,0.0,,,
2026-09-08 04:17:23.498,dummy,0.401,-0.529,1.299,127.6,0.0,0.0,,,
2026-09-08 04:17:23.550,dummy,0.367,-0.486,1.299,127.5,0.0,0.0,,,
2026-09-08 04:17:23.601,dummy,0.333,-0.441,1.3,127.4,0.0,0.0,,,
2026-09-08 04:17:23.653,dummy,0.299,-0.397,1.3,127.3,0.0,0.0,,,
2026-09-08 04:17:23.704,dummy,0.266,-0.353,1.3,127.2,0.0,0.0,,,
2026-09-08 04:17:23.756,dummy,0.231,-0.308,1.3,127.1,0.0,0.0,,,
2026-09-08 04:17:23.808,dummy,0.198,-0.263,1.3,127.0,0.0,0.0,,,
2026-09-08 04:17:23.859,dummy,0.163,-0.218,1.3,127.0,0.0,0.0,,,
2026-09-08 04:17:23.911,dummy,0.129,-0.172,1.3,126.9,0.0,0.0,,,
2026-09-08 04:17:23.963,dummy,0.095,-0.127,1.3,126.9,0.0,0.0,,,
2026-09-08 04:17:24.014,dummy,0.062,-0.082,1.3,126.9,0.0,0.0,,,
2026-09-08 04:17:24.065,dummy,0.028,-0.037,1.3,126.9,0.0,0.0,,,
2026-09-08 04:17:24.117,dummy,-0.006,0.009,1.3,126.9,0.0,0.0,,,
2026-09-08 04:17:24.168,dummy,-0.04,0.054,1.3,126.9,0.0,0.0,,,
2026-09-08 04:17:24.220,dummy,-0.074,0.099,1.3,126.9,0.0,0.0,,,
2026-09-08 04:17:24.271,dummy,-0.108,0.144,1.3,126.9,0.0,0.0,,,
2026-09-08 04:17:24.322,dummy,-0.142,0.189,1.3,127.0,0.0,0.0,,,
2026-09-08 04:17:24.374,dummy,-0.176,0.234,1.3,127.0,0.0,0.0,,,
2026-09-08 04:17:24.426,dummy,-0.21,0.279,1.3,127.1,0.0,0.0,,,
2026-09-08 04:17:24.477,dummy,-0.244,0.324,1.3,127.1,0.0,0.0,,,
2026-09-08 04:17:24.529,dummy,-0.278,0.369,1.3,127.2,0.0,0.0,,,
2026-09-08 04:17:24.580,dummy,-0.312,0.413,1.3,127.3,0.0,0.0,,,
2026-09-08 04:17:24.632,dummy,-0.345,0.457,1.3,127.4,0.0,0.0,,,
2026-09-08 04:17:24.684,dummy,-0.379,0.502,1.299,127.5,0.0,0.0,,,
2026-09-08 04:17:24.735,dummy,-0.413,0.546,1.299,127.7,0.0,0.0,,,
2026-09-08 04:17:24.787,dummy,-0.447,0.589,1.299,127.8,0.0,0.0,,,
2026-09-08 04:17:24.839,dummy,-0.481,0.633,1.299,128.0,0.0,0.0,,,
2026-09-08 04:17:24.891,dummy,-0.514,0.676,1.299,128.1,0.0,0.0,,,
2026-09-08 04:17:24.942,dummy,-0.548,0.718,1.299,128.3,0.0,0.0,,,
2026-09-08 04:17:24.994,dummy,-0.582,0.761,1.299,128.5,0.0,0.0,,,
2026-09-08 04:17:25.046,dummy,-0.615,0.803,1.298,128.7,0.0,0.0,,,
2026-09-08 04:17:25.098,dummy,-0.648,0.844,1.298,128.9,0.0,0.0,,,
2026-09-08 04:17:25.149,dummy,-0.682,0.885,1.298,129.2,0.0,0.0,,,
2026-09-08 04:17:25.201,dummy,-0.715,0.926,1.298,129.4,0.0,0.0,,,
2026-09-08 04:17:25.253,dummy,-0.748,0.966,1.298,129.7,0.0,0.0,,,
2026-09-08 04:17:25.305,dummy,-0.782,1.006,1.297,130.0,0.0,0.0,,,
2026-09-08 04:17:25.366,dummy,-0.82,1.052,1.297,130.3,0.0,0.0,,,
2026-09-08 04:17:25.418,dummy,-0.853,1.09,1.297,130.6,0.0,0.0,,,
2026-09-08 04:17:25.470,dummy,-0.886,1.128,1.297,131.0,0.0,0.0,,,
2026-09-08 04:17:25.522,dummy,-0.918,1.166,1.296,131.3,0.0,0.0,,,
2026-09-08 04:17:25.574,dummy,-0.951,1.203,1.296,131.7,0.0,0.0,,,
2026-09-08 04:17:25.625,dummy,-0.984,1.239,1.296,132.1,0.0,0.0,,,
2026-09-08 04:17:25.679,dummy,-1.017,1.276,1.296,132.5,0.0,0.0,,,
2026-09-08 04:17:25.731,dummy,-1.049,1.31,1.295,132.9,0.0,0.0,,,
2026-09-08 04:17:25.782,dummy,-1.08,1.344,1.295,133.4,0.0,0.0,,,
2026-09-08 04:17:25.833,dummy,-1.112,1.377,1.295,133.8,0.0,0.0,,,
2026-09-08 04:17:25.885,dummy,-1.143,1.409,1.294,134.3,0.0,0.0,,,
2026-09-08 04:17:25.936,dummy,-1.175,1.441,1.294,134.9,0.0,0.0,,,
2026-09-08 04:17:25.988,dummy,-1.206,1.472,1.294,135.4,0.0,0.0,,,
2026-09-08 04:17:26.039,dummy,-1.237,1.503,1.293,136.0,0.0,0.0,,,
2026-09-08 04:17:26.091,dummy,-1.268,1.532,1.293,136.6,0.0,0.0,,,
2026-09-08 04:17:26.142,dummy,-1.299,1.561,1.293,137.2,0.0,0.0,,,
2026-09-08 04:17:26.194,dummy,-1.33,1.589,1.292,137.9,0.0,0.0,,,
2026-09-08 04:17:26.246,dummy,-1.36,1.616,1.292,138.6,0.0,0.0,,,
2026-09-08 04:17:26.298,dummy,-1.391,1.643,1.291,139.4,0.0,0.0,,,
2026-09-08 04:17:26.349,dummy,-1.421,1.668,1.291,140.1,0.0,0.0,,,
2026-09-08 04:17:26.401,dummy,-1.45,1.693,1.291,141.0,0.0,0.0,,,
2026-09-08 04:17:26.453,dummy,-1.48,1.717,1.29,141.8,0.0,0.0,,,
2026-09-08 04:17:26.505,dummy,-1.51,1.74,1.29,142.7,0.0,0.0,,,
2026-09-08 04:17:26.556,dummy,-1.539,1.762,1.289,143.7,0.0,0.0,,,
2026-09-08 04:17:26.608,dummy,-1.569,1.783,1.289,144.7,0.0,0.0,,,
2026-09-08 04:17:26.659,dummy,-1.597,1.803,1.288,145.7,0.0,0.0,,,
2026-09-08 04:17:26.711,dummy,-1.626,1.822,1.288,146.8,0.0,0.0,,,
2026-09-08 04:17:26.763,dummy,-1.655,1.84,1.287,148.0,0.0,0.0,,,
2026-09-08 04:17:26.814,dummy,-1.683,1.858,1.287,149.2,0.0,0.0,,,
2026-09-08 04:17:26.866,dummy,-1.711,1.874,1.286,150.4,0.0,0.0,,,
2026-09-08 04:17:26.917,dummy,-1.739,1.889,1.286,151.8,0.0,0.0,,,
2026-09-08 04:17:26.969,dummy,-1.766,1.904,1.285,153.2,0.0,0.0,,,
2026-09-08 04:17:27.020,dummy,-1.794,1.917,1.285,154.6,0.0,0.0,,,
2026-09-08 04:17:27.072,dummy,-1.821,1.93,1.284,156.2,0.0,0.0,,,
2026-09-08 04:17:27.125,dummy,-1.849,1.941,1.284,157.9,0.0,0.0,,,
2026-09-08 04:17:27.177,dummy,-1.875,1.952,1.283,159.5,0.0,0.0,,,
2026-09-08 04:17:27.228,dummy,-1.902,1.961,1.282,161.3,0.0,0.0,,,
2026-09-08 04:17:27.280,dummy,-1.928,1.969,1.282,163.2,0.0,0.0,,,
2026-09-08 04:17:27.332,dummy,-1.954,1.977,1.281,165.1,0.0,0.0,,,
2026-09-08 04:17:27.383,dummy,-1.98,1.983,1.281,167.1,0.0,0.0,,,
2026-09-08 04:17:27.435,dummy,-2.005,1.989,1.28,169.2,0.0,0.0,,,
2026-09-08 04:17:27.486,dummy,-2.03,1.993,1.28,171.3,0.0,0.0,,,
2026-09-08 04:17:27.537,dummy,-2.055,1.996,1.279,173.6,0.0,0.0,,,
2026-09-08 04:17:27.590,dummy,-2.08,1.998,1.278,175.9,0.0,0.0,,,
2026-09-08 04:17:27.641,dummy,-2.105,2.0,1.278,178.3,0.0,0.0,,,
2026-09-08 04:17:27.693,dummy,-2.129,2.0,1.277,180.8,0.0,0.0,,,
2026-09-08 04:17:27.745,dummy,-2.152,1.999,1.276,183.2,0.0,0.0,,,
2026-09-08 04:17:27.796,dummy,-2.176,1.997,1.276,185.8,0.0,0.0,,,
2026-09-08 04:17:27.848,dummy,-2.199,1.994,1.275,188.4,0.0,0.0,,,
2026-09-08 04:17:27.900,dummy,-2.223,1.99,1.274,191.0,0.0,0.0,,,
2026-09-08 04:17:27.951,dummy,-2.245,1.985,1.274,193.6,0.0,0.0,,,
2026-09-08 04:17:28.003,dummy,-2.268,1.979,1.273,196.2,0.0,0.0,,,
2026-09-08 04:17:28.054,dummy,-2.29,1.973,1.272,198.8,0.0,0.0,,,
2026-09-08 04:17:28.106,dummy,-2.312,1.965,1.271,201.4,0.0,0.0,,,
2026-09-08 04:17:28.157,dummy,-2.333,1.956,1.271,204.0,0.0,0.0,,,
2026-09-08 04:17:28.209,dummy,-2.354,1.946,1.27,206.5,0.0,0.0,,,
2026-09-08 04:17:28.260,dummy,-2.375,1.935,1.269,209.0,0.0,0.0,,,
2026-09-08 04:17:28.312,dummy,-2.396,1.923,1.268,211.4,0.0,0.0,,,
2026-09-08 04:17:28.363,dummy,-2.416,1.91,1.268,213.8,0.0,0.0,,,
2026-09-08 04:17:28.414,dummy,-2.436,1.896,1.267,216.0,0.0,0.0,,,
2026-09-08 04:17:28.466,dummy,-2.456,1.881,1.266,218.3,0.0,0.0,,,
2026-09-08 04:17:28.518,dummy,-2.475,1.865,1.265,220.5,0.0,0.0,,,
2026-09-08 04:17:28.569,dummy,-2.494,1.848,1.265,222.5,0.0,0.0,,,
2026-09-08 04:17:28.621,dummy,-2.513,1.83,1.264,224.6,0.0,0.0,,,
2026-09-08 04:17:28.672,dummy,-2.531,1.811,1.263,226.5,0.0,0.0,,,
2026-09-08 04:17:28.724,dummy,-2.55,1.792,1.262,228.4,0.0,0.0,,,
2026-09-08 04:17:28.776,dummy,-2.567,1.771,1.261,230.1,0.0,0.0,,,
2026-09-08 04:17:28.827,dummy,-2.585,1.749,1.26,231.8,0.0,0.0,,,
2026-09-08 04:17:28.878,dummy,-2.602,1.727,1.26,233.5,0.0,0.0,,,
2026-09-08 04:17:28.930,dummy,-2.619,1.704,1.259,235.1,0.0,0.0,,,
2026-09-08 04:17:28.981,dummy,-2.635,1.68,1.258,236.6,0.0,0.0,,,
2026-09-08 04:17:29.032,dummy,-2.651,1.655,1.257,238.0,0.0,0.0,,,
2026-09-08 04:17:29.084,dummy,-2.667,1.629,1.256,239.4,0.0,0.0,,,
2026-09-08 04:17:29.137,dummy,-2.683,1.601,1.255,240.7,0.0,0.0,,,
2026-09-08 04:17:29.188,dummy,-2.698,1.574,1.254,242.0,0.0,0.0,,,
2026-09-08 04:17:29.240,dummy,-2.712,1.546,1.253,243.2,0.0,0.0,,,
2026-09-08 04:17:29.292,dummy,-2.727,1.516,1.253,244.4,0.0,0.0,,,
2026-09-08 04:17:29.343,dummy,-2.741,1.487,1.252,245.5,0.0,0.0,,,
2026-09-08 04:17:29.394,dummy,-2.754,1.456,1.251,246.6,0.0,0.0,,,
2026-09-08 04:17:29.445,dummy,-2.767,1.425,1.25,247.6,0.0,0.0,,,
2026-09-08 04:17:29.497,dummy,-2.78,1.392,1.249,248.6,0.0,0.0,,,
2026-09-08 04:17:29.548,dummy,-2.793,1.36,1.248,249.5,0.0,0.0,,,
2026-09-08 04:17:29.600,dummy,-2.805,1.326,1.247,250.4,0.0,0.0,,,
2026-09-08 04:17:29.651,dummy,-2.817,1.291,1.246,251.3,0.0,0.0,,,
2026-09-08 04:17:29.703,dummy,-2.829,1.256,1.245,252.2,0.0,0.0,,,
2026-09-08 04:17:29.755,dummy,-2.84,1.221,1.244,253.0,0.0,0.0,,,
2026-09-08 04:17:29.807,dummy,-2.851,1.184,1.243,253.8,0.0,0.0,,,
2026-09-08 04:17:29.858,dummy,-2.861,1.148,1.242,254.6,0.0,0.0,,,
2026-09-08 04:17:29.910,dummy,-2.871,1.11,1.241,255.4,0.0,0.0,,,
2026-09-08 04:17:29.962,dummy,-2.881,1.072,1.24,256.1,0.0,0.0,,,
2026-09-08 04:17:30.013,dummy,-2.89,1.033,1.239,256.8,0.0,0.0,,,
2026-09-08 04:17:30.065,dummy,-2.899,0.994,1.238,257.5,0.0,0.0,,,
2026-09-08 04:17:30.117,dummy,-2.908,0.954,1.237,258.1,0.0,0.0,,,
2026-09-08 04:17:30.168,dummy,-2.916,0.914,1.236,258.8,0.0,0.0,,,
2026-09-08 04:17:30.220,dummy,-2.924,0.874,1.235,259.4,0.0,0.0,,,
2026-09-08 04:17:30.271,dummy,-2.931,0.833,1.234,260.0,0.0,0.0,,,
2026-09-08 04:17:30.323,dummy,-2.938,0.791,1.233,260.6,0.0,0.0,,,
2026-09-08 04:17:30.374,dummy,-2.945,0.749,1.231,261.2,0.0,0.0,,,
2026-09-08 04:17:30.426,dummy,-2.951,0.707,1.23,261.8,0.0,0.0,,,
2026-09-08 04:17:30.478,dummy,-2.957,0.664,1.229,262.4,0.0,0.0,,,
2026-09-08 04:17:30.529,dummy,-2.963,0.621,1.228,262.9,0.0,0.0,,,
2026-09-08 04:17:30.580,dummy,-2.968,0.578,1.227,263.5,0.0,0.0,,,
2026-09-08 04:17:30.632,dummy,-2.973,0.535,1.226,264.0,0.0,0.0,,,
2026-09-08 04:17:30.684,dummy,-2.977,0.491,1.225,264.5,0.0,0.0,,,
2026-09-08 04:17:30.736,dummy,-2.981,0.446,1.224,265.1,0.0,0.0,,,
2026-09-08 04:17:30.787,dummy,-2.985,0.402,1.223,265.6,0.0,0.0,,,
2026-09-08 04:17:30.839,dummy,-2.988,0.357,1.221,266.1,0.0,0.0,,,
2026-09-08 04:17:30.890,dummy,-2.991,0.313,1.22,266.6,0.0,0.0,,,
2026-09-08 04:17:30.943,dummy,-2.993,0.267,1.219,267.1,0.0,0.0,,,
2026-09-08 04:17:30.995,dummy,-2.995,0.222,1.218,267.6,0.0,0.0,,,
2026-09-08 04:17:31.046,dummy,-2.997,0.177,1.217,268.1,0.0,0.0,,,
2026-09-08 04:17:31.097,dummy,-2.998,0.132,1.216,268.6,0.0,0.0,,,
2026-09-08 04:17:31.149,dummy,-2.999,0.087,1.214,269.1,0.0,0.0,,,
2026-09-08 04:17:31.200,dummy,-3.0,0.041,1.213,269.6,0.0,0.0,,,
2026-09-08 04:17:31.252,dummy,-3.0,-0.004,1.212,270.0,0.0,0.0,,,
2026-09-08 04:17:31.304,dummy,-3.0,-0.05,1.211,270.5,0.0,0.0,,,
2026-09-08 04:17:31.355,dummy,-2.999,-0.095,1.21,271.0,0.0,0.0,,,
2026-09-08 04:17:31.407,dummy,-2.998,-0.14,1.208,271.5,0.0,0.0,,,
2026-09-08 04:17:31.458,dummy,-2.997,-0.185,1.207,272.0,0.0,0.0,,,
2026-09-08 04:17:31.510,dummy,-2.995,-0.231,1.206,272.5,0.0,0.0,,,
2026-09-08 04:17:31.561,dummy,-2.993,-0.276,1.205,273.0,0.0,0.0,,,
2026-09-08 04:17:31.613,dummy,-2.99,-0.32,1.203,273.5,0.0,0.0,,,
2026-09-08 04:17:31.664,dummy,-2.987,-0.365,1.202,274.0,0.0,0.0,,,
2026-09-08 04:17:31.715,dummy,-2.984,-0.409,1.201,274.5,0.0,0.0,,,
2026-09-08 04:17:31.767,dummy,-2.98,-0.454,1.2,275.0,0.0,0.0,,,
2026-09-08 04:17:31.818,dummy,-2.976,-0.498,1.198,275.5,0.0,0.0,,,
2026-09-08 04:17:31.870,dummy,-2.972,-0.541,1.197,276.1,0.0,0.0,,,
2026-09-08 04:17:31.921,dummy,-2.967,-0.585,1.196,276.6,0.0,0.0,,,
2026-09-08 04:17:31.980,dummy,-2.962,-0.628,1.195,277.2,0.0,0.0,,,
2026-09-08 04:17:32.032,dummy,-2.955,-0.677,1.193,277.8,0.0,0.0,,,
2026-09-08 04:17:32.084,dummy,-2.949,-0.72,1.192,278.4,0.0,0.0,,,
2026-09-08 04:17:32.135,dummy,-2.943,-0.762,1.19,278.9,0.0,0.0,,,
2026-09-08 04:17:32.187,dummy,-2.936,-0.804,1.189,279.5,0.0,0.0,,,
2026-09-08 04:17:32.239,dummy,-2.929,-0.846,1.188,280.2,0.0,0.0,,,
2026-09-08 04:17:32.291,dummy,-2.921,-0.887,1.186,280.8,0.0,0.0,,,
2026-09-08 04:17:32.342,dummy,-2.913,-0.927,1.185,281.4,0.0,0.0,,,
2026-09-08 04:17:32.393,dummy,-2.905,-0.967,1.184,282.1,0.0,0.0,,,
2026-09-08 04:17:32.445,dummy,-2.896,-1.006,1.182,282.7,0.0,0.0,,,
2026-09-08 04:17:32.497,dummy,-2.887,-1.045,1.181,283.4,0.0,0.0,,,
2026-09-08 04:17:32.549,dummy,-2.878,-1.084,1.18,284.2,0.0,0.0,,,
2026-09-08 04:17:32.600,dummy,-2.868,-1.122,1.178,284.9,0.0,0.0,,,
2026-09-08 04:17:32.652,dummy,-2.858,-1.159,1.177,285.6,0.0,0.0,,,
2026-09-08 04:17:32.704,dummy,-2.847,-1.196,1.176,286.4,0.0,0.0,,,
2026-09-08 04:17:32.756,dummy,-2.836,-1.232,1.174,287.2,0.0,0.0,,,
2026-09-08 04:17:32.807,dummy,-2.825,-1.268,1.173,288.1,0.0,0.0,,,
2026-09-08 04:17:32.859,dummy,-2.813,-1.302,1.171,288.9,0.0,0.0,,,
2026-09-08 04:17:32.910,dummy,-2.801,-1.336,1.17,289.8,0.0,0.0,,,
2026-09-08 04:17:32.962,dummy,-2.789,-1.37,1.169,290.8,0.0,0.0,,,
2026-09-08 04:17:33.013,dummy,-2.776,-1.403,1.167,291.7,0.0,0.0,,,
2026-09-08 04:17:33.065,dummy,-2.763,-1.434,1.166,292.7,0.0,0.0,,,
2026-09-08 04:17:33.116,dummy,-2.75,-1.466,1.164,293.8,0.0,0.0,,,
2026-09-08 04:17:33.168,dummy,-2.736,-1.496,1.163,294.9,0.0,0.0,,,
2026-09-08 04:17:33.219,dummy,-2.722,-1.526,1.162,296.0,0.0,0.0,,,
2026-09-08 04:17:33.271,dummy,-2.708,-1.555,1.16,297.2,0.0,0.0,,,
2026-09-08 04:17:33.322,dummy,-2.693,-1.583,1.159,298.4,0.0,0.0,,,
2026-09-08 04:17:33.375,dummy,-2.677,-1.61,1.157,299.7,0.0,0.0,,,
2026-09-08 04:17:33.426,dummy,-2.662,-1.637,1.156,301.1,0.0,0.0,,,
2026-09-08 04:17:33.477,dummy,-2.646,-1.662,1.154,302.4,0.0,0.0,,,
2026-09-08 04:17:33.529,dummy,-2.63,-1.687,1.153,303.9,0.0,0.0,,,
2026-09-08 04:17:33.580,dummy,-2.613,-1.711,1.151,305.4,0.0,0.0,,,
2026-09-08 04:17:33.632,dummy,-2.597,-1.734,1.15,307.0,0.0,0.0,,,
2026-09-08 04:17:33.683,dummy,-2.579,-1.756,1.148,308.7,0.0,0.0,,,
2026-09-08 04:17:33.735,dummy,-2.562,-1.777,1.147,310.4,0.0,0.0,,,
2026-09-08 04:17:33.786,dummy,-2.544,-1.798,1.145,312.2,0.0,0.0,,,
2026-09-08 04:17:33.838,dummy,-2.526,-1.817,1.144,314.1,0.0,0.0,,,
2026-09-08 04:17:33.890,dummy,-2.507,-1.836,1.142,316.1,0.0,0.0,,,
2026-09-08 04:17:33.941,dummy,-2.488,-1.853,1.141,318.1,0.0,0.0,,,
2026-09-08 04:17:33.993,dummy,-2.469,-1.87,1.139,320.2,0.0,0.0,,,
2026-09-08 04:17:34.045,dummy,-2.449,-1.886,1.138,322.4,0.0,0.0,,,
2026-09-08 04:17:34.097,dummy,-2.43,-1.9,1.136,324.7,0.0,0.0,,,
2026-09-08 04:17:34.148,dummy,-2.409,-1.914,1.135,327.0,0.0,0.0,,,
2026-09-08 04:17:34.201,dummy,-2.389,-1.927,1.133,329.4,0.0,0.0,,,
2026-09-08 04:17:34.253,dummy,-2.368,-1.939,1.132,331.9,0.0,0.0,,,
2026-09-08 04:17:34.307,dummy,-2.346,-1.95,1.13,334.6,0.0,0.0,,,
2026-09-08 04:17:34.363,dummy,-2.322,-1.96,1.129,337.3,0.0,0.0,,,
2026-09-08 04:17:34.415,dummy,-2.3,-1.969,1.127,339.9,0.0,0.0,,,
2026-09-08 04:17:34.467,dummy,-2.278,-1.976,1.125,342.6,0.0,0.0,,,
2026-09-08 04:17:34.519,dummy,-2.256,-1.983,1.124,345.2,0.0,0.0,,,
2026-09-08 04:17:34.571,dummy,-2.233,-1.988,1.122,347.8,0.0,0.0,,,
2026-09-08 04:17:34.623,dummy,-2.21,-1.993,1.121,350.4,0.0,0.0,,,
2026-09-08 04:17:34.674,dummy,-2.187,-1.996,1.119,353.0,0.0,0.0,,,
2026-09-08 04:17:34.726,dummy,-2.163,-1.998,1.118,355.6,0.0,0.0,,,
2026-09-08 04:17:34.778,dummy,-2.14,-2.0,1.116,358.1,0.0,0.0,,,
2026-09-08 04:17:34.829,dummy,-2.116,-2.0,1.114,0.6,0.0,0.0,,,
2026-09-08 04:17:34.881,dummy,-2.091,-1.999,1.113,3.0,0.0,0.0,,,
2026-09-08 04:17:34.933,dummy,-2.066,-1.997,1.111,5.4,0.0,0.0,,,
2026-09-08 04:17:34.984,dummy,-2.042,-1.995,1.11,7.6,0.0,0.0,,,
2026-09-08 04:17:35.036,dummy,-2.017,-1.991,1.108,9.8,0.0,0.0,,,
2026-09-08 04:17:35.088,dummy,-1.991,-1.986,1.107,12.0,0.0,0.0,,,
2026-09-08 04:17:35.139,dummy,-1.966,-1.98,1.105,14.0,0.0,0.0,,,
2026-09-08 04:17:35.190,dummy,-1.94,-1.973,1.103,15.9,0.0,0.0,,,
2026-09-08 04:17:35.242,dummy,-1.914,-1.965,1.102,17.8,0.0,0.0,,,
2026-09-08 04:17:35.294,dummy,-1.888,-1.956,1.1,19.7,0.0,0.0,,,
2026-09-08 04:17:35.345,dummy,-1.861,-1.946,1.099,21.4,0.0,0.0,,,
2026-09-08 04:17:35.396,dummy,-1.834,-1.935,1.097,23.0,0.0,0.0,,,
2026-09-08 04:17:35.448,dummy,-1.808,-1.924,1.095,24.6,0.0,0.0,,,
2026-09-08 04:17:35.499,dummy,-1.78,-1.911,1.094,26.1,0.0,0.0,,,
2026-09-08 04:17:35.551,dummy,-1.753,-1.897,1.092,27.5,0.0,0.0,,,
2026-09-08 04:17:35.602,dummy,-1.725,-1.882,1.09,28.9,0.0,0.0,,,
2026-09-08 04:17:35.654,dummy,-1.697,-1.866,1.089,30.2,0.0,0.0,,,
2026-09-08 04:17:35.706,dummy,-1.669,-1.849,1.087,31.4,0.0,0.0,,,
2026-09-08 04:17:35.757,dummy,-1.641,-1.831,1.086,32.6,0.0,0.0,,,
2026-09-08 04:17:35.809,dummy,-1.612,-1.813,1.084,33.7,0.0,0.0,,,
2026-09-08 04:17:35.860,dummy,-1.583,-1.793,1.082,34.8,0.0,0.0,,,
2026-09-08 04:17:35.912,dummy,-1.554,-1.772,1.081,35.8,0.0,0.0,,,
2026-09-08 04:17:35.964,dummy,-1.525,-1.751,1.079,36.8,0.0,0.0,,,
2026-09-08 04:17:36.018,dummy,-1.495,-1.728,1.077,37.7,0.0,0.0,,,
2026-09-08 04:17:36.069,dummy,-1.464,-1.704,1.076,38.6,0.0,0.0,,,
2026-09-08 04:17:36.121,dummy,-1.435,-1.68,1.074,39.5,0.0,0.0,,,
2026-09-08 04:17:36.172,dummy,-1.404,-1.655,1.072,40.3,0.0,0.0,,,
2026-09-08 04:17:36.224,dummy,-1.374,-1.629,1.071,41.0,0.0,0.0,,,
2026-09-08 04:17:36.276,dummy,-1.344,-1.602,1.069,41.8,0.0,0.0,,,
2026-09-08 04:17:36.328,dummy,-1.313,-1.574,1.067,42.4,0.0,0.0,,,
2026-09-08 04:17:36.380,dummy,-1.282,-1.546,1.066,43.1,0.0,0.0,,,
2026-09-08 04:17:36.431,dummy,-1.251,-1.516,1.064,43.7,0.0,0.0,,,
2026-09-08 04:17:36.483,dummy,-1.22,-1.486,1.062,44.3,0.0,0.0,,,
2026-09-08 04:17:36.535,dummy,-1.189,-1.456,1.061,44.9,0.0,0.0,,,
2026-09-08 04:17:36.586,dummy,-1.158,-1.424,1.059,45.4,0.0,0.0,,,
2026-09-08 04:17:36.639,dummy,-1.126,-1.392,1.057,45.9,0.0,0.0,,,
2026-09-08 04:17:36.690,dummy,-1.094,-1.358,1.056,46.4,0.0,0.0,,,
2026-09-08 04:17:36.741,dummy,-1.063,-1.325,1.054,46.9,0.0,0.0,,,
2026-09-08 04:17:36.792,dummy,-1.031,-1.291,1.052,47.3,0.0,0.0,,,
2026-09-08 04:17:36.844,dummy,-0.999,-1.256,1.051,47.7,0.0,0.0,,,
2026-09-08 04:17:36.895,dummy,-0.967,-1.221,1.049,48.1,0.0,0.0,,,
2026-09-08 04:17:36.947,dummy,-0.935,-1.185,1.047,48.5,0.0,0.0,,,
2026-09-08 04:17:36.998,dummy,-0.902,-1.148,1.046,48.9,0.0,0.0,,,
2026-09-08 04:17:37.050,dummy,-0.87,-1.11,1.044,49.2,0.0,0.0,,,
2026-09-08 04:17:37.102,dummy,-0.837,-1.072,1.042,49.5,0.0,0.0,,,
2026-09-08 04:17:37.153,dummy,-0.804,-1.033,1.041,49.8,0.0,0.0,,,
2026-09-08 04:17:37.205,dummy,-0.772,-0.994,1.039,50.1,0.0,0.0,,,
2026-09-08 04:17:37.257,dummy,-0.739,-0.954,1.037,50.4,0.0,0.0,,,
2026-09-08 04:17:37.308,dummy,-0.706,-0.914,1.036,50.7,0.0,0.0,,,
2026-09-08 04:17:37.359,dummy,-0.673,-0.874,1.034,50.9,0.0,0.0,,,
2026-09-08 04:17:37.410,dummy,-0.64,-0.833,1.032,51.1,0.0,0.0,,,
2026-09-08 04:17:37.462,dummy,-0.606,-0.792,1.03,51.3,0.0,0.0,,,
2026-09-08 04:17:37.513,dummy,-0.573,-0.75,1.029,51.5,0.0,0.0,,,
2026-09-08 04:17:37.565,dummy,-0.54,-0.708,1.027,51.7,0.0,0.0,,,
2026-09-08 04:17:37.616,dummy,-0.506,-0.665,1.025,51.9,0.0,0.0,,,
2026-09-08 04:17:37.668,dummy,-0.473,-0.622,1.024,52.1,0.0,0.0,,,
2026-09-08 04:17:37.719,dummy,-0.439,-0.58,1.022,52.2,0.0,0.0,,,
2026-09-08 04:17:37.770,dummy,-0.406,-0.536,1.02,52.4,0.0,0.0,,,
2026-09-08 04:17:37.821,dummy,-0.372,-0.493,1.019,52.5,0.0,0.0,,,
2026-09-08 04:17:37.873,dummy,-0.339,-0.449,1.017,52.6,0.0,0.0,,,
2026-09-08 04:17:37.924,dummy,-0.305,-0.405,1.015,52.7,0.0,0.0,,,
2026-09-08 04:17:37.976,dummy,-0.271,-0.36,1.014,52.8,0.0,0.0,,,
2026-09-08 04:17:38.027,dummy,-0.237,-0.315,1.012,52.9,0.0,0.0,,,
2026-09-08 04:17:38.079,dummy,-0.203,-0.27,1.01,52.9,0.0,0.0,,,
2026-09-08 04:17:38.130,dummy,-0.169,-0.225,1.008,53.0,0.0,0.0,,,
2026-09-08 04:17:38.182,dummy,-0.135,-0.18,1.007,53.0,0.0,0.0,,,
2026-09-08 04:17:38.234,dummy,-0.101,-0.135,1.005,53.1,0.0,0.0,,,
2026-09-08 04:17:38.285,dummy,-0.067,-0.09,1.003,53.1,0.0,0.0,,,
2026-09-08 04:17:38.338,dummy,-0.033,-0.043,1.002,53.1,0.0,0.0,,,
2026-09-08 04:17:38.389,dummy,0.001,0.002,1.0,53.1,0.0,0.0,,,
2026-09-08 04:17:38.441,dummy,0.035,0.047,0.998,53.1,0.0,0.0,,,
2026-09-08 04:17:38.493,dummy,0.07,0.093,0.997,53.1,0.0,0.0,,,
2026-09-08 04:17:38.544,dummy,0.104,0.138,0.995,53.1,0.0,0.0,,,
2026-09-08 04:17:38.596,dummy,0.138,0.183,0.993,53.0,0.0,0.0,,,
2026-09-08 04:17:38.647,dummy,0.172,0.229,0.991,53.0,0.0,0.0,,,
2026-09-08 04:17:38.699,dummy,0.206,0.274,0.99,52.9,0.0,0.0,,,
2026-09-08 04:17:38.751,dummy,0.24,0.318,0.988,52.9,0.0,0.0,,,
2026-09-08 04:17:38.802,dummy,0.273,0.363,0.986,52.8,0.0,0.0,,,
2026-09-08 04:17:38.854,dummy,0.307,0.407,0.985,52.7,0.0,0.0,,,
2026-09-08 04:17:38.906,dummy,0.341,0.452,0.983,52.6,0.0,0.0,,,
2026-09-08 04:17:38.957,dummy,0.375,0.496,0.981,52.5,0.0,0.0,,,
2026-09-08 04:17:39.009,dummy,0.409,0.54,0.98,52.3,0.0,0.0,,,
2026-09-08 04:17:39.060,dummy,0.443,0.584,0.978,52.2,0.0,0.0,,,
2026-09-08 04:17:39.112,dummy,0.476,0.627,0.976,52.1,0.0,0.0,,,
2026-09-08 04:17:39.164,dummy,0.51,0.67,0.974,51.9,0.0,0.0,,,
2026-09-08 04:17:39.216,dummy,0.544,0.713,0.973,51.7,0.0,0.0,,,
2026-09-08 04:17:39.267,dummy,0.577,0.755,0.971,51.5,0.0,0.0,,,
2026-09-08 04:17:39.318,dummy,0.61,0.797,0.969,51.3,0.0,0.0,,,
2026-09-08 04:17:39.370,dummy,0.643,0.838,0.968,51.1,0.0,0.0,,,
2026-09-08 04:17:39.421,dummy,0.677,0.879,0.966,50.9,0.0,0.0,,,
2026-09-08 04:17:39.473,dummy,0.71,0.919,0.964,50.6,0.0,0.0,,,
2026-09-08 04:17:39.525,dummy,0.743,0.96,0.963,50.4,0.0,0.0,,,
2026-09-08 04:17:39.577,dummy,0.776,1.0,0.961,50.1,0.0,0.0,,,
2026-09-08 04:17:39.628,dummy,0.809,1.039,0.959,49.8,0.0,0.0,,,
2026-09-08 04:17:39.680,dummy,0.842,1.077,0.957,49.5,0.0,0.0,,,
2026-09-08 04:17:39.731,dummy,0.874,1.115,0.956,49.2,0.0,0.0,,,
2026-09-08 04:17:39.783,dummy,0.907,1.153,0.954,48.8,0.0,0.0,,,
2026-09-08 04:17:39.836,dummy,0.94,1.19,0.952,48.5,0.0,0.0,,,
2026-09-08 04:17:39.887,dummy,0.972,1.226,0.951,48.1,0.0,0.0,,,
2026-09-08 04:17:39.939,dummy,1.004,1.262,0.949,47.7,0.0,0.0,,,
2026-09-08 04:17:39.990,dummy,1.036,1.297,0.947,47.2,0.0,0.0,,,
2026-09-08 04:17:40.042,dummy,1.068,1.331,0.946,46.8,0.0,0.0,,,
2026-09-08 04:17:40.093,dummy,1.1,1.364,0.944,46.3,0.0,0.0,,,
2026-09-08 04:17:40.144,dummy,1.131,1.397,0.942,45.9,0.0,0.0,,,
2026-09-08 04:17:40.196,dummy,1.163,1.429,0.941,45.3,0.0,0.0,,,
2026-09-08 04:17:40.247,dummy,1.194,1.46,0.939,44.8,0.0,0.0,,,
2026-09-08 04:17:40.299,dummy,1.225,1.491,0.937,44.2,0.0,0.0,,,
2026-09-08 04:17:40.351,dummy,1.256,1.521,0.936,43.6,0.0,0.0,,,
2026-09-08 04:17:40.403,dummy,1.287,1.55,0.934,43.0,0.0,0.0,,,
2026-09-08 04:17:40.454,dummy,1.318,1.578,0.932,42.3,0.0,0.0,,,
2026-09-08 04:17:40.506,dummy,1.348,1.606,0.931,41.7,0.0,0.0,,,
2026-09-08 04:17:40.558,dummy,1.379,1.633,0.929,40.9,0.0,0.0,,,
2026-09-08 04:17:40.610,dummy,1.409,1.659,0.927,40.2,0.0,0.0,,,
2026-09-08 04:17:40.662,dummy,1.44,1.684,0.926,39.3,0.0,0.0,,,
2026-09-08 04:17:40.714,dummy,1.47,1.708,0.924,38.5,0.0,0.0,,,
2026-09-08 04:17:40.766,dummy,1.499,1.732,0.922,37.6,0.0,0.0,,,
2026-09-08 04:17:40.818,dummy,1.529,1.754,0.921,36.7,0.0,0.0,,,
2026-09-08 04:17:40.870,dummy,1.558,1.776,0.919,35.7,0.0,0.0,,,
2026-09-08 04:17:40.922,dummy,1.587,1.796,0.917,34.7,0.0,0.0,,,
2026-09-08 04:17:40.973,dummy,1.616,1.815,0.916,33.6,0.0,0.0,,,
2026-09-08 04:17:41.024,dummy,1.645,1.834,0.914,32.5,0.0,0.0,,,
2026-09-08 04:17:41.076,dummy,1.673,1.852,0.913,31.3,0.0,0.0,,,
2026-09-08 04:17:41.128,dummy,1.701,1.868,0.911,30.0,0.0,0.0,,,
2026-09-08 04:17:41.179,dummy,1.729,1.884,0.909,28.7,0.0,0.0,,,
2026-09-08 04:17:41.231,dummy,1.757,1.899,0.908,27.3,0.0,0.0,,,
2026-09-08 04:17:41.283,dummy,1.784,1.913,0.906,25.9,0.0,0.0,,,
2026-09-08 04:17:41.335,dummy,1.812,1.925,0.904,24.3,0.0,0.0,,,
2026-09-08 04:17:41.386,dummy,1.839,1.937,0.903,22.8,0.0,0.0,,,
2026-09-08 04:17:41.438,dummy,1.866,1.948,0.901,21.1,0.0,0.0,,,
2026-09-08 04:17:41.490,dummy,1.892,1.958,0.9,19.3,0.0,0.0,,,
2026-09-08 04:17:41.542,dummy,1.919,1.967,0.898,17.5,0.0,0.0,,,
2026-09-08 04:17:41.594,dummy,1.945,1.974,0.896,15.6,0.0,0.0,,,
2026-09-08 04:17:41.646,dummy,1.971,1.981,0.895,13.6,0.0,0.0,,,
2026-09-08 04:17:41.697,dummy,1.996,1.987,0.893,11.5,0.0,0.0,,,
2026-09-08 04:17:41.749,dummy,2.022,1.992,0.892,9.4,0.0,0.0,,,
2026-09-08 04:17:41.801,dummy,2.047,1.995,0.89,7.1,0.0,0.0,,,
2026-09-08 04:17:41.853,dummy,2.072,1.998,0.888,4.8,0.0,0.0,,,
2026-09-08 04:17:41.905,dummy,2.097,1.999,0.887,2.5,0.0,0.0,,,
2026-09-08 04:17:41.956,dummy,2.121,2.0,0.885,0.0,0.0,0.0,,,
2026-09-08 04:17:42.008,dummy,2.145,2.0,0.884,357.6,0.0,0.0,,,
2026-09-08 04:17:42.059,dummy,2.168,1.998,0.882,355.1,0.0,0.0,,,
2026-09-08 04:17:42.110,dummy,2.192,1.995,0.881,352.5,0.0,0.0,,,
2026-09-08 04:17:42.162,dummy,2.215,1.992,0.879,349.9,0.0,0.0,,,
2026-09-08 04:17:42.214,dummy,2.238,1.987,0.877,347.3,0.0,0.0,,,
2026-09-08 04:17:42.265,dummy,2.26,1.982,0.876,344.7,0.0,0.0,,,
2026-09-08 04:17:42.317,dummy,2.283,1.975,0.874,342.0,0.0,0.0,,,
2026-09-08 04:17:42.369,dummy,2.305,1.967,0.873,339.4,0.0,0.0,,,
2026-09-08 04:17:42.421,dummy,2.326,1.959,0.871,336.8,0.0,0.0,,,
2026-09-08 04:17:42.473,dummy,2.348,1.949,0.87,334.3,0.0,0.0,,,
2026-09-08 04:17:42.524,dummy,2.369,1.938,0.868,331.8,0.0,0.0,,,
2026-09-08 04:17:42.576,dummy,2.389,1.926,0.867,329.3,0.0,0.0,,,
2026-09-08 04:17:42.627,dummy,2.41,1.914,0.865,327.0,0.0,0.0,,,
2026-09-08 04:17:42.678,dummy,2.43,1.9,0.864,324.7,0.0,0.0,,,
2026-09-08 04:17:42.731,dummy,2.45,1.885,0.862,322.4,0.0,0.0,,,
2026-09-08 04:17:42.782,dummy,2.47,1.87,0.861,320.2,0.0,0.0,,,
2026-09-08 04:17:42.834,dummy,2.489,1.853,0.859,318.1,0.0,0.0,,,
2026-09-08 04:17:42.892,dummy,2.507,1.835,0.858,316.0,0.0,0.0,,,
2026-09-08 04:17:42.944,dummy,2.528,1.815,0.856,313.8,0.0,0.0,,,
2026-09-08 04:17:42.995,dummy,2.547,1.795,0.854,311.9,0.0,0.0,,,
2026-09-08 04:17:43.048,dummy,2.565,1.774,0.853,310.1,0.0,0.0,,,
2026-09-08 04:17:43.101,dummy,2.583,1.752,0.851,308.4,0.0,0.0,,,
2026-09-08 04:17:43.152,dummy,2.6,1.73,0.85,306.7,0.0,0.0,,,
2026-09-08 04:17:43.204,dummy,2.617,1.707,0.848,305.1,0.0,0.0,,,
2026-09-08 04:17:43.255,dummy,2.633,1.683,0.847,303.6,0.0,0.0,,,
2026-09-08 04:17:43.306,dummy,2.649,1.658,0.845,302.2,0.0,0.0,,,
2026-09-08 04:17:43.358,dummy,2.665,1.632,0.844,300.8,0.0,0.0,,,
2026-09-08 04:17:43.410,dummy,2.68,1.605,0.843,299.5,0.0,0.0,,,
2026-09-08 04:17:43.462,dummy,2.696,1.578,0.841,298.2,0.0,0.0,,,
2026-09-08 04:17:43.513,dummy,2.71,1.549,0.84,297.0,0.0,0.0,,,
2026-09-08 04:17:43.564,dummy,2.725,1.52,0.838,295.8,0.0,0.0,,,
2026-09-08 04:17:43.616,dummy,2.739,1.491,0.837,294.7,0.0,0.0,,,
2026-09-08 04:17:43.667,dummy,2.752,1.46,0.835,293.6,0.0,0.0,,,
2026-09-08 04:17:43.719,dummy,2.766,1.429,0.834,292.6,0.0,0.0,,,
2026-09-08 04:17:43.771,dummy,2.779,1.396,0.833,291.5,0.0,0.0,,,
2026-09-08 04:17:43.823,dummy,2.792,1.363,0.831,290.6,0.0,0.0,,,
2026-09-08 04:17:43.875,dummy,2.804,1.329,0.83,289.6,0.0,0.0,,,
2026-09-08 04:17:43.926,dummy,2.816,1.295,0.828,288.8,0.0,0.0,,,
2026-09-08 04:17:43.979,dummy,2.828,1.26,0.827,287.9,0.0,0.0,,,
2026-09-08 04:17:44.030,dummy,2.839,1.224,0.826,287.1,0.0,0.0,,,
2026-09-08 04:17:44.082,dummy,2.85,1.188,0.824,286.2,0.0,0.0,,,
2026-09-08 04:17:44.134,dummy,2.86,1.151,0.823,285.5,0.0,0.0,,,
2026-09-08 04:17:44.186,dummy,2.87,1.113,0.821,284.7,0.0,0.0,,,
2026-09-08 04:17:44.243,dummy,2.88,1.075,0.82,284.0,0.0,0.0,,,
2026-09-08 04:17:44.295,dummy,2.89,1.032,0.818,283.2,0.0,0.0,,,
2026-09-08 04:17:44.347,dummy,2.899,0.993,0.817,282.5,0.0,0.0,,,
2026-09-08 04:17:44.398,dummy,2.908,0.953,0.816,281.8,0.0,0.0,,,
2026-09-08 04:17:44.450,dummy,2.916,0.913,0.814,281.2,0.0,0.0,,,
2026-09-08 04:17:44.501,dummy,2.924,0.872,0.813,280.6,0.0,0.0,,,
2026-09-08 04:17:44.553,dummy,2.931,0.831,0.812,279.9,0.0,0.0,,,
2026-09-08 04:17:44.605,dummy,2.938,0.79,0.81,279.3,0.0,0.0,,,
2026-09-08 04:17:44.656,dummy,2.945,0.748,0.809,278.8,0.0,0.0,,,
2026-09-08 04:17:44.708,dummy,2.951,0.705,0.808,278.2,0.0,0.0,,,
2026-09-08 04:17:44.760,dummy,2.957,0.662,0.807,277.6,0.0,0.0,,,
2026-09-08 04:17:44.811,dummy,2.963,0.619,0.805,277.0,0.0,0.0,,,
2026-09-08 04:17:44.863,dummy,2.968,0.576,0.804,276.5,0.0,0.0,,,
2026-09-08 04:17:44.915,dummy,2.973,0.533,0.803,276.0,0.0,0.0,,,
2026-09-08 04:17:44.966,dummy,2.977,0.489,0.801,275.4,0.0,0.0,,,
2026-09-08 04:17:45.018,dummy,2.981,0.444,0.8,274.9,0.0,0.0,,,
2026-09-08 04:17:45.071,dummy,2.985,0.399,0.799,274.4,0.0,0.0,,,
2026-09-08 04:17:45.123,dummy,2.988,0.354,0.798,273.9,0.0,0.0,,,
2026-09-08 04:17:45.174,dummy,2.991,0.309,0.796,273.4,0.0,0.0,,,
2026-09-08 04:17:45.227,dummy,2.993,0.264,0.795,272.9,0.0,0.0,,,
2026-09-08 04:17:45.278,dummy,2.995,0.219,0.794,272.4,0.0,0.0,,,
2026-09-08 04:17:45.330,dummy,2.997,0.173,0.793,271.9,0.0,0.0,,,
2026-09-08 04:17:45.381,dummy,2.998,0.128,0.791,271.4,0.0,0.0,,,
2026-09-08 04:17:45.434,dummy,2.999,0.082,0.79,270.9,0.0,0.0,,,
2026-09-08 04:17:45.485,dummy,3.0,0.037,0.789,270.4,0.0,0.0,,,
2026-09-08 04:17:45.537,dummy,3.0,-0.008,0.788,269.9,0.0,0.0,,,
2026-09-08 04:17:45.589,dummy,3.0,-0.054,0.786,269.4,0.0,0.0,,,
2026-09-08 04:17:45.640,dummy,2.999,-0.1,0.785,268.9,0.0,0.0,,,
2026-09-08 04:17:45.692,dummy,2.998,-0.145,0.784,268.4,0.0,0.0,,,
2026-09-08 04:17:45.744,dummy,2.997,-0.191,0.783,267.9,0.0,0.0,,,
2026-09-08 04:17:45.796,dummy,2.995,-0.236,0.782,267.4,0.0,0.0,,,
2026-09-08 04:17:45.847,dummy,2.993,-0.281,0.781,266.9,0.0,0.0,,,
2026-09-08 04:17:45.899,dummy,2.99,-0.326,0.779,266.4,0.0,0.0,,,
2026-09-08 04:17:45.951,dummy,2.987,-0.371,0.778,265.9,0.0,0.0,,,
2026-09-08 04:17:46.003,dummy,2.984,-0.416,0.777,265.4,0.0,0.0,,,
2026-09-08 04:17:46.054,dummy,2.98,-0.46,0.776,264.9,0.0,0.0,,,
2026-09-08 04:17:46.106,dummy,2.976,-0.504,0.775,264.4,0.0,0.0,,,
2026-09-08 04:17:46.158,dummy,2.971,-0.548,0.774,263.8,0.0,0.0,,,
2026-09-08 04:17:46.209,dummy,2.966,-0.592,0.773,263.3,0.0,0.0,,,
2026-09-08 04:17:46.261,dummy,2.961,-0.635,0.771,262.8,0.0,0.0,,,
2026-09-08 04:17:46.312,dummy,2.955,-0.677,0.77,262.2,0.0,0.0,,,
2026-09-08 04:17:46.364,dummy,2.949,-0.72,0.769,261.6,0.0,0.0,,,
2026-09-08 04:17:46.416,dummy,2.943,-0.762,0.768,261.0,0.0,0.0,,,
2026-09-08 04:17:46.468,dummy,2.936,-0.804,0.767,260.4,0.0,0.0,,,
2026-09-08 04:17:46.520,dummy,2.929,-0.846,0.766,259.8,0.0,0.0,,,
2026-09-08 04:17:46.571,dummy,2.921,-0.887,0.765,259.2,0.0,0.0,,,
2026-09-08 04:17:46.622,dummy,2.913,-0.927,0.764,258.6,0.0,0.0,,,
2026-09-08 04:17:46.674,dummy,2.905,-0.967,0.763,257.9,0.0,0.0,,,
2026-09-08 04:17:46.726,dummy,2.896,-1.007,0.762,257.3,0.0,0.0,,,
2026-09-08 04:17:46.778,dummy,2.887,-1.046,0.761,256.6,0.0,0.0,,,
2026-09-08 04:17:46.829,dummy,2.878,-1.084,0.76,255.8,0.0,0.0,,,
2026-09-08 04:17:46.881,dummy,2.868,-1.122,0.759,255.1,0.0,0.0,,,
2026-09-08 04:17:46.933,dummy,2.858,-1.16,0.758,254.3,0.0,0.0,,,
2026-09-08 04:17:46.985,dummy,2.847,-1.197,0.757,253.6,0.0,0.0,,,
2026-09-08 04:17:47.037,dummy,2.836,-1.233,0.756,252.7,0.0,0.0,,,
2026-09-08 04:17:47.088,dummy,2.825,-1.268,0.755,251.9,0.0,0.0,,,
2026-09-08 04:17:47.140,dummy,2.813,-1.303,0.754,251.0,0.0,0.0,,,
2026-09-08 04:17:47.191,dummy,2.801,-1.337,0.753,250.2,0.0,0.0,,,
2026-09-08 04:17:47.243,dummy,2.789,-1.371,0.752,249.2,0.0,0.0,,,
2026-09-08 04:17:47.294,dummy,2.776,-1.403,0.751,248.3,0.0,0.0,,,
2026-09-08 04:17:47.346,dummy,2.763,-1.435,0.75,247.2,0.0,0.0,,,
2026-09-08 04:17:47.397,dummy,2.75,-1.466,0.749,246.2,0.0,0.0,,,
2026-09-08 04:17:47.449,dummy,2.736,-1.497,0.748,245.1,0.0,0.0,,,
2026-09-08 04:17:47.501,dummy,2.722,-1.527,0.747,244.0,0.0,0.0,,,
2026-09-08 04:17:47.553,dummy,2.707,-1.556,0.746,242.8,0.0,0.0,,,
2026-09-08 04:17:47.604,dummy,2.692,-1.584,0.745,241.5,0.0,0.0,,,
2026-09-08 04:17:47.656,dummy,2.677,-1.611,0.744,240.3,0.0,0.0,,,
2026-09-08 04:17:47.708,dummy,2.661,-1.638,0.744,238.9,0.0,0.0,,,
2026-09-08 04:17:47.759,dummy,2.645,-1.663,0.743,237.5,0.0,0.0,,,
2026-09-08 04:17:47.811,dummy,2.629,-1.688,0.742,236.0,0.0,0.0,,,
2026-09-08 04:17:47.862,dummy,2.613,-1.712,0.741,234.5,0.0,0.0,,,
2026-09-08 04:17:47.914,dummy,2.596,-1.735,0.74,232.9,0.0,0.0,,,
2026-09-08 04:17:47.966,dummy,2.579,-1.757,0.739,231.3,0.0,0.0,,,
2026-09-08 04:17:48.018,dummy,2.561,-1.779,0.738,229.5,0.0,0.0,,,
2026-09-08 04:17:48.070,dummy,2.543,-1.799,0.738,227.7,0.0,0.0,,,
2026-09-08 04:17:48.122,dummy,2.524,-1.819,0.737,225.8,0.0,0.0,,,
2026-09-08 04:17:48.173,dummy,2.506,-1.837,0.736,223.8,0.0,0.0,,,
2026-09-08 04:17:48.224,dummy,2.487,-1.854,0.735,221.8,0.0,0.0,,,
2026-09-08 04:17:48.276,dummy,2.468,-1.871,0.734,219.7,0.0,0.0,,,
2026-09-08 04:17:48.328,dummy,2.448,-1.887,0.734,217.5,0.0,0.0,,,
2026-09-08 04:17:48.379,dummy,2.429,-1.901,0.733,215.2,0.0,0.0,,,
2026-09-08 04:17:48.430,dummy,2.409,-1.915,0.732,212.9,0.0,0.0,,,
2026-09-08 04:17:48.482,dummy,2.388,-1.927,0.731,210.5,0.0,0.0,,,
2026-09-08 04:17:48.534,dummy,2.367,-1.939,0.73,208.1,0.0,0.0,,,
2026-09-08 04:17:48.585,dummy,2.346,-1.949,0.73,205.6,0.0,0.0,,,
2026-09-08 04:17:48.637,dummy,2.325,-1.959,0.729,203.0,0.0,0.0,,,
2026-09-08 04:17:48.688,dummy,2.303,-1.968,0.728,200.4,0.0,0.0,,,
2026-09-08 04:17:48.740,dummy,2.281,-1.975,0.728,197.8,0.0,0.0,,,
2026-09-08 04:17:48.792,dummy,2.259,-1.982,0.727,195.2,0.0,0.0,,,
2026-09-08 04:17:48.843,dummy,2.237,-1.987,0.726,192.6,0.0,0.0,,,
2026-09-08 04:17:48.896,dummy,2.213,-1.992,0.725,189.9,0.0,0.0,,,
2026-09-08 04:17:48.947,dummy,2.19,-1.996,0.725,187.3,0.0,0.0,,,
2026-09-08 04:17:48.999,dummy,2.167,-1.998,0.724,184.8,0.0,0.0,,,
2026-09-08 04:17:49.051,dummy,2.143,-2.0,0.723,182.2,0.0,0.0,,,
2026-09-08 04:17:49.103,dummy,2.119,-2.0,0.723,179.7,0.0,0.0,,,
2026-09-08 04:17:49.154,dummy,2.095,-1.999,0.722,177.3,0.0,0.0,,,
2026-09-08 04:17:49.206,dummy,2.07,-1.998,0.721,175.0,0.0,0.0,,,
2026-09-08 04:17:49.258,dummy,2.045,-1.995,0.721,172.7,0.0,0.0,,,
2026-09-08 04:17:49.309,dummy,2.02,-1.991,0.72,170.5,0.0,0.0,,,
2026-09-08 04:17:49.361,dummy,1.995,-1.987,0.72,168.3,0.0,0.0,,,
2026-09-08 04:17:49.412,dummy,1.969,-1.981,0.719,166.3,0.0,0.0,,,
2026-09-08 04:17:49.464,dummy,1.944,-1.974,0.718,164.3,0.0,0.0,,,
2026-09-08 04:17:49.515,dummy,1.918,-1.966,0.718,162.4,0.0,0.0,,,
2026-09-08 04:17:49.568,dummy,1.89,-1.957,0.717,160.5,0.0,0.0,,,
2026-09-08 04:17:49.620,dummy,1.864,-1.947,0.717,158.8,0.0,0.0,,,
2026-09-08 04:17:49.672,dummy,1.837,-1.936,0.716,157.1,0.0,0.0,,,
2026-09-08 04:17:49.723,dummy,1.81,-1.925,0.716,155.5,0.0,0.0,,,
2026-09-08 04:17:49.775,dummy,1.783,-1.912,0.715,154.0,0.0,0.0,,,
2026-09-08 04:17:49.827,dummy,1.755,-1.898,0.715,152.6,0.0,0.0,,,
2026-09-08 04:17:49.879,dummy,1.727,-1.883,0.714,151.2,0.0,0.0,,,
2026-09-08 04:17:49.930,dummy,1.699,-1.867,0.713,149.9,0.0,0.0,,,
2026-09-08 04:17:49.982,dummy,1.671,-1.85,0.713,148.6,0.0,0.0,,,
2026-09-08 04:17:50.033,dummy,1.643,-1.833,0.713,147.5,0.0,0.0,,,
2026-09-08 04:17:50.085,dummy,1.614,-1.814,0.712,146.3,0.0,0.0,,,
2026-09-08 04:17:50.137,dummy,1.585,-1.794,0.712,145.3,0.0,0.0,,,
2026-09-08 04:17:50.188,dummy,1.556,-1.774,0.711,144.2,0.0,0.0,,,
2026-09-08 04:17:50.240,dummy,1.527,-1.753,0.711,143.3,0.0,0.0,,,
2026-09-08 04:17:50.291,dummy,1.498,-1.73,0.71,142.3,0.0,0.0,,,
2026-09-08 04:17:50.343,dummy,1.468,-1.707,0.71,141.5,0.0,0.0,,,
2026-09-08 04:17:50.394,dummy,1.438,-1.683,0.709,140.6,0.0,0.0,,,
2026-09-08 04:17:50.446,dummy,1.408,-1.658,0.709,139.8,0.0,0.0,,,
2026-09-08 04:17:50.499,dummy,1.378,-1.632,0.709,139.1,0.0,0.0,,,
2026-09-08 04:17:50.551,dummy,1.347,-1.605,0.708,138.3,0.0,0.0,,,
2026-09-08 04:17:50.602,dummy,1.317,-1.577,0.708,137.6,0.0,0.0,,,
2026-09-08 04:17:50.653,dummy,1.286,-1.549,0.707,137.0,0.0,0.0,,,
2026-09-08 04:17:50.705,dummy,1.255,-1.52,0.707,136.3,0.0,0.0,,,
2026-09-08 04:17:50.757,dummy,1.224,-1.49,0.707,135.8,0.0,0.0,,,
2026-09-08 04:17:50.808,dummy,1.193,-1.459,0.706,135.2,0.0,0.0,,,
2026-09-08 04:17:50.860,dummy,1.162,-1.428,0.706,134.6,0.0,0.0,,,
2026-09-08 04:17:50.912,dummy,1.13,-1.396,0.706,134.1,0.0,0.0,,,
2026-09-08 04:17:50.963,dummy,1.098,-1.363,0.705,133.6,0.0,0.0,,,
2026-09-08 04:17:51.014,dummy,1.067,-1.33,0.705,133.2,0.0,0.0,,,
2026-09-08 04:17:51.065,dummy,1.035,-1.296,0.705,132.7,0.0,0.0,,,
2026-09-08 04:17:51.116,dummy,1.004,-1.261,0.704,132.3,0.0,0.0,,,
2026-09-08 04:17:51.169,dummy,0.971,-1.225,0.704,131.9,0.0,0.0,,,
2026-09-08 04:17:51.220,dummy,0.939,-1.189,0.704,131.5,0.0,0.0,,,
2026-09-08 04:17:51.272,dummy,0.907,-1.152,0.704,131.2,0.0,0.0,,,
2026-09-08 04:17:51.323,dummy,0.874,-1.115,0.703,130.8,0.0,0.0,,,
2026-09-08 04:17:51.374,dummy,0.842,-1.077,0.703,130.5,0.0,0.0,,,
2026-09-08 04:17:51.426,dummy,0.809,-1.039,0.703,130.2,0.0,0.0,,,
2026-09-08 04:17:51.483,dummy,0.773,-0.996,0.703,129.9,0.0,0.0,,,
2026-09-08 04:17:51.538,dummy,0.738,-0.953,0.702,129.6,0.0,0.0,,,
2026-09-08 04:17:51.589,dummy,0.705,-0.913,0.702,129.3,0.0,0.0,,,
2026-09-08 04:17:51.640,dummy,0.672,-0.873,0.702,129.1,0.0,0.0,,,
2026-09-08 04:17:51.692,dummy,0.639,-0.832,0.702,128.9,0.0,0.0,,,
2026-09-08 04:17:51.743,dummy,0.606,-0.791,0.702,128.7,0.0,0.0,,,
2026-09-08 04:17:51.795,dummy,0.572,-0.749,0.701,128.4,0.0,0.0,,,
2026-09-08 04:17:51.847,dummy,0.539,-0.706,0.701,128.3,0.0,0.0,,,
2026-09-08 04:17:51.898,dummy,0.505,-0.664,0.701,128.1,0.0,0.0,,,
2026-09-08 04:17:51.950,dummy,0.471,-0.621,0.701,127.9,0.0,0.0,,,
2026-09-08 04:17:52.001,dummy,0.438,-0.577,0.701,127.8,0.0,0.0,,,
2026-09-08 04:17:52.053,dummy,0.404,-0.534,0.701,127.6,0.0,0.0,,,
2026-09-08 04:17:52.104,dummy,0.37,-0.49,0.701,127.5,0.0,0.0,,,
2026-09-08 04:17:52.157,dummy,0.336,-0.445,0.7,127.4,0.0,0.0,,,
2026-09-08 04:17:52.208,dummy,0.302,-0.401,0.7,127.3,0.0,0.0,,,
2026-09-08 04:17:52.260,dummy,0.269,-0.357,0.7,127.2,0.0,0.0,,,
2026-09-08 04:17:52.311,dummy,0.235,-0.312,0.7,127.1,0.0,0.0,,,
2026-09-08 04:17:52.362,dummy,0.201,-0.267,0.7,127.1,0.0,0.0,,,
2026-09-08 04:17:52.414,dummy,0.167,-0.222,0.7,127.0,0.0,0.0,,,
2026-09-08 04:17:52.466,dummy,0.133,-0.177,0.7,127.0,0.0,0.0,,,
2026-09-08 04:17:52.517,dummy,0.099,-0.132,0.7,126.9,0.0,0.0,,,
2026-09-08 04:17:52.569,dummy,0.065,-0.086,0.7,126.9,0.0,0.0,,,
2026-09-08 04:17:52.621,dummy,0.03,-0.04,0.7,126.9,0.0,0.0,,,
2026-09-08 04:17:52.673,dummy,-0.004,0.005,0.7,126.9,0.0,0.0,,,
2026-09-08 04:17:52.724,dummy,-0.038,0.05,0.7,126.9,0.0,0.0,,,
2026-09-08 04:17:52.776,dummy,-0.072,0.095,0.7,126.9,0.0,0.0,,,
2026-09-08 04:17:52.827,dummy,-0.106,0.141,0.7,126.9,0.0,0.0,,,
2026-09-08 04:17:52.879,dummy,-0.14,0.186,0.7,127.0,0.0,0.0,,,
2026-09-08 04:17:52.930,dummy,-0.174,0.231,0.7,127.0,0.0,0.0,,,
2026-09-08 04:17:52.982,dummy,-0.208,0.276,0.7,127.1,0.0,0.0,,,
2026-09-08 04:17:53.034,dummy,-0.242,0.322,0.7,127.1,0.0,0.0,,,
2026-09-08 04:17:53.086,dummy,-0.276,0.366,0.7,127.2,0.0,0.0,,,
2026-09-08 04:17:53.137,dummy,-0.31,0.411,0.7,127.3,0.0,0.0,,,
2026-09-08 04:17:53.190,dummy,-0.344,0.456,0.7,127.4,0.0,0.0,,,
2026-09-08 04:17:53.242,dummy,-0.378,0.5,0.701,127.5,0.0,0.0,,,
2026-09-08 04:17:53.293,dummy,-0.412,0.544,0.701,127.7,0.0,0.0,,,
2026-09-08 04:17:53.345,dummy,-0.446,0.588,0.701,127.8,0.0,0.0,,,
2026-09-08 04:17:53.397,dummy,-0.479,0.631,0.701,128.0,0.0,0.0,,,
2026-09-08 04:17:53.448,dummy,-0.513,0.674,0.701,128.1,0.0,0.0,,,
2026-09-08 04:17:53.500,dummy,-0.546,0.716,0.701,128.3,0.0,0.0,,,
2026-09-08 04:17:53.551,dummy,-0.58,0.759,0.701,128.5,0.0,0.0,,,
2026-09-08 04:17:53.603,dummy,-0.613,0.8,0.702,128.7,0.0,0.0,,,
2026-09-08 04:17:53.654,dummy,-0.647,0.842,0.702,128.9,0.0,0.0,,,
2026-09-08 04:17:53.706,dummy,-0.68,0.883,0.702,129.1,0.0,0.0,,,
2026-09-08 04:17:53.758,dummy,-0.713,0.924,0.702,129.4,0.0,0.0,,,
2026-09-08 04:17:53.809,dummy,-0.746,0.963,0.702,129.7,0.0,0.0,,,
2026-09-08 04:17:53.862,dummy,-0.779,1.003,0.703,129.9,0.0,0.0,,,
2026-09-08 04:17:53.915,dummy,-0.813,1.043,0.703,130.2,0.0,0.0,,,
2026-09-08 04:17:53.966,dummy,-0.846,1.082,0.703,130.5,0.0,0.0,,,
2026-09-08 04:17:54.018,dummy,-0.879,1.12,0.703,130.9,0.0,0.0,,,
2026-09-08 04:17:54.070,dummy,-0.911,1.157,0.704,131.2,0.0,0.0,,,
2026-09-08 04:17:54.122,dummy,-0.944,1.194,0.704,131.6,0.0,0.0,,,
2026-09-08 04:17:54.173,dummy,-0.976,1.231,0.704,132.0,0.0,0.0,,,
2026-09-08 04:17:54.225,dummy,-1.008,1.266,0.704,132.4,0.0,0.0,,,
2026-09-08 04:17:54.276,dummy,-1.04,1.301,0.705,132.8,0.0,0.0,,,
2026-09-08 04:17:54.332,dummy,-1.074,1.337,0.705,133.3,0.0,0.0,,,
2026-09-08 04:17:54.384,dummy,-1.106,1.371,0.705,133.8,0.0,0.0,,,
2026-09-08 04:17:54.436,dummy,-1.138,1.404,0.706,134.3,0.0,0.0,,,
2026-09-08 04:17:54.487,dummy,-1.17,1.436,0.706,134.8,0.0,0.0,,,
2026-09-08 04:17:54.540,dummy,-1.201,1.468,0.706,135.3,0.0,0.0,,,
2026-09-08 04:17:54.591,dummy,-1.232,1.498,0.707,135.9,0.0,0.0,,,
2026-09-08 04:17:54.642,dummy,-1.263,1.527,0.707,136.5,0.0,0.0,,,
2026-09-08 04:17:54.693,dummy,-1.294,1.556,0.707,137.1,0.0,0.0,,,
2026-09-08 04:17:54.746,dummy,-1.324,1.584,0.708,137.8,0.0,0.0,,,
2026-09-08 04:17:54.797,dummy,-1.355,1.612,0.708,138.5,0.0,0.0,,,
2026-09-08 04:17:54.849,dummy,-1.385,1.638,0.709,139.2,0.0,0.0,,,
2026-09-08 04:17:54.901,dummy,-1.415,1.664,0.709,140.0,0.0,0.0,,,
2026-09-08 04:17:54.952,dummy,-1.445,1.689,0.709,140.8,0.0,0.0,,,
2026-09-08 04:17:55.003,dummy,-1.475,1.712,0.71,141.7,0.0,0.0,,,
2026-09-08 04:17:55.055,dummy,-1.505,1.736,0.71,142.6,0.0,0.0,,,
2026-09-08 04:17:55.107,dummy,-1.534,1.758,0.711,143.5,0.0,0.0,,,
2026-09-08 04:17:55.158,dummy,-1.563,1.779,0.711,144.5,0.0,0.0,,,
2026-09-08 04:17:55.211,dummy,-1.593,1.799,0.712,145.5,0.0,0.0,,,
2026-09-08 04:17:55.262,dummy,-1.621,1.819,0.712,146.6,0.0,0.0,,,
2026-09-08 04:17:55.314,dummy,-1.65,1.837,0.713,147.8,0.0,0.0,,,
2026-09-08 04:17:55.365,dummy,-1.678,1.855,0.713,149.0,0.0,0.0,,,
2026-09-08 04:17:55.417,dummy,-1.706,1.871,0.714,150.2,0.0,0.0,,,
2026-09-08 04:17:55.468,dummy,-1.734,1.887,0.714,151.5,0.0,0.0,,,
2026-09-08 04:17:55.520,dummy,-1.762,1.901,0.715,152.9,0.0,0.0,,,
2026-09-08 04:17:55.571,dummy,-1.789,1.915,0.715,154.4,0.0,0.0,,,
2026-09-08 04:17:55.623,dummy,-1.816,1.927,0.716,155.9,0.0,0.0,,,
2026-09-08 04:17:55.675,dummy,-1.843,1.939,0.716,157.5,0.0,0.0,,,
2026-09-08 04:17:55.726,dummy,-1.87,1.95,0.717,159.2,0.0,0.0,,,
2026-09-08 04:17:55.778,dummy,-1.896,1.959,0.717,160.9,0.0,0.0,,,
2026-09-08 04:17:55.829,dummy,-1.923,1.968,0.718,162.8,0.0,0.0,,,
2026-09-08 04:17:55.881,dummy,-1.949,1.976,0.719,164.7,0.0,0.0,,,
2026-09-08 04:17:55.933,dummy,-1.975,1.982,0.719,166.7,0.0,0.0,,,
2026-09-08 04:17:55.984,dummy,-2.0,1.988,0.72,168.7,0.0,0.0,,,
2026-09-08 04:17:56.035,dummy,-2.025,1.992,0.72,170.9,0.0,0.0,,,
2026-09-08 04:17:56.087,dummy,-2.05,1.996,0.721,173.1,0.0,0.0,,,
2026-09-08 04:17:56.138,dummy,-2.075,1.998,0.722,175.4,0.0,0.0,,,
2026-09-08 04:17:56.190,dummy,-2.099,2.0,0.722,177.8,0.0,0.0,,,
2026-09-08 04:17:56.241,dummy,-2.123,2.0,0.723,180.2,0.0,0.0,,,
2026-09-08 04:17:56.293,dummy,-2.147,1.999,0.724,182.7,0.0,0.0,,,
2026-09-08 04:17:56.344,dummy,-2.171,1.998,0.724,185.2,0.0,0.0,,,
2026-09-08 04:17:56.396,dummy,-2.194,1.995,0.725,187.8,0.0,0.0,,,
2026-09-08 04:17:56.448,dummy,-2.217,1.991,0.726,190.4,0.0,0.0,,,
2026-09-08 04:17:56.500,dummy,-2.24,1.987,0.726,193.0,0.0,0.0,,,
2026-09-08 04:17:56.551,dummy,-2.263,1.981,0.727,195.6,0.0,0.0,,,
2026-09-08 04:17:56.604,dummy,-2.285,1.974,0.728,198.3,0.0,0.0,,,
2026-09-08 04:17:56.655,dummy,-2.307,1.966,0.728,200.9,0.0,0.0,,,
2026-09-08 04:17:56.707,dummy,-2.329,1.957,0.729,203.5,0.0,0.0,,,
2026-09-08 04:17:56.759,dummy,-2.35,1.947,0.73,206.0,0.0,0.0,,,
2026-09-08 04:17:56.811,dummy,-2.372,1.937,0.731,208.5,0.0,0.0,,,
2026-09-08 04:17:56.862,dummy,-2.392,1.925,0.731,211.0,0.0,0.0,,,
2026-09-08 04:17:56.914,dummy,-2.413,1.912,0.732,213.4,0.0,0.0,,,
2026-09-08 04:17:56.966,dummy,-2.433,1.898,0.733,215.7,0.0,0.0,,,
2026-09-08 04:17:57.018,dummy,-2.453,1.883,0.734,217.9,0.0,0.0,,,
2026-09-08 04:17:57.070,dummy,-2.472,1.867,0.734,220.1,0.0,0.0,,,
2026-09-08 04:17:57.122,dummy,-2.491,1.851,0.735,222.2,0.0,0.0,,,
2026-09-08 04:17:57.173,dummy,-2.51,1.833,0.736,224.3,0.0,0.0,,,
2026-09-08 04:17:57.225,dummy,-2.529,1.814,0.737,226.2,0.0,0.0,,,
2026-09-08 04:17:57.276,dummy,-2.547,1.795,0.738,228.1,0.0,0.0,,,
2026-09-08 04:17:57.328,dummy,-2.565,1.774,0.739,229.9,0.0,0.0,,,
2026-09-08 04:17:57.379,dummy,-2.582,1.753,0.739,231.6,0.0,0.0,,,
2026-09-08 04:17:57.431,dummy,-2.599,1.73,0.74,233.3,0.0,0.0,,,
2026-09-08 04:17:57.482,dummy,-2.616,1.707,0.741,234.8,0.0,0.0,,,
2026-09-08 04:17:57.534,dummy,-2.633,1.683,0.742,236.3,0.0,0.0,,,
2026-09-08 04:17:57.586,dummy,-2.649,1.658,0.743,237.8,0.0,0.0,,,
2026-09-08 04:17:57.637,dummy,-2.665,1.632,0.744,239.2,0.0,0.0,,,
2026-09-08 04:17:57.688,dummy,-2.68,1.606,0.745,240.5,0.0,0.0,,,
2026-09-08 04:17:57.740,dummy,-2.695,1.578,0.746,241.8,0.0,0.0,,,
2026-09-08 04:17:57.792,dummy,-2.71,1.55,0.746,243.0,0.0,0.0,,,
2026-09-08 04:17:57.843,dummy,-2.724,1.521,0.747,244.2,0.0,0.0,,,
2026-09-08 04:17:57.895,dummy,-2.738,1.491,0.748,245.3,0.0,0.0,,,
2026-09-08 04:17:57.947,dummy,-2.752,1.46,0.749,246.4,0.0,0.0,,,
2026-09-08 04:17:57.998,dummy,-2.766,1.429,0.75,247.4,0.0,0.0,,,
2026-09-08 04:17:58.050,dummy,-2.779,1.397,0.751,248.4,0.0,0.0,,,
2026-09-08 04:17:58.102,dummy,-2.791,1.364,0.752,249.4,0.0,0.0,,,
2026-09-08 04:17:58.154,dummy,-2.804,1.33,0.753,250.3,0.0,0.0,,,
2026-09-08 04:17:58.206,dummy,-2.816,1.295,0.754,251.2,0.0,0.0,,,
2026-09-08 04:17:58.258,dummy,-2.827,1.26,0.755,252.1,0.0,0.0,,,
2026-09-08 04:17:58.309,dummy,-2.839,1.225,0.756,252.9,0.0,0.0,,,
2026-09-08 04:17:58.362,dummy,-2.85,1.188,0.757,253.7,0.0,0.0,,,
2026-09-08 04:17:58.413,dummy,-2.86,1.151,0.758,254.5,0.0,0.0,,,
2026-09-08 04:17:58.465,dummy,-2.87,1.114,0.759,255.3,0.0,0.0,,,
2026-09-08 04:17:58.517,dummy,-2.88,1.075,0.76,256.0,0.0,0.0,,,
2026-09-08 04:17:58.569,dummy,-2.889,1.037,0.761,256.7,0.0,0.0,,,
2026-09-08 04:17:58.620,dummy,-2.898,0.997,0.762,257.4,0.0,0.0,,,
2026-09-08 04:17:58.672,dummy,-2.907,0.958,0.763,258.1,0.0,0.0,,,
2026-09-08 04:17:58.724,dummy,-2.915,0.917,0.764,258.7,0.0,0.0,,,
2026-09-08 04:17:58.776,dummy,-2.923,0.876,0.765,259.4,0.0,0.0,,,
2026-09-08 04:17:58.829,dummy,-2.931,0.835,0.766,260.0,0.0,0.0,,,
2026-09-08 04:17:58.880,dummy,-2.938,0.793,0.767,260.6,0.0,0.0,,,
2026-09-08 04:17:58.947,dummy,-2.946,0.739,0.769,261.4,0.0,0.0,,,
2026-09-08 04:17:59.001,dummy,-2.953,0.694,0.77,262.0,0.0,0.0,,,
2026-09-08 04:17:59.054,dummy,-2.959,0.651,0.771,262.5,0.0,0.0,,,
2026-09-08 04:17:59.105,dummy,-2.964,0.608,0.772,263.1,0.0,0.0,,,
2026-09-08 04:17:59.157,dummy,-2.969,0.564,0.773,263.6,0.0,0.0,,,
2026-09-08 04:17:59.210,dummy,-2.974,0.52,0.774,264.2,0.0,0.0,,,
2026-09-08 04:17:59.261,dummy,-2.978,0.476,0.776,264.7,0.0,0.0,,,
2026-09-08 04:17:59.313,dummy,-2.982,0.431,0.777,265.2,0.0,0.0,,,
2026-09-08 04:17:59.365,dummy,-2.986,0.386,0.778,265.8,0.0,0.0,,,
2026-09-08 04:17:59.417,dummy,-2.989,0.341,0.779,266.3,0.0,0.0,,,
2026-09-08 04:17:59.469,dummy,-2.992,0.296,0.78,266.8,0.0,0.0,,,
2026-09-08 04:17:59.521,dummy,-2.994,0.251,0.781,267.3,0.0,0.0,,,
2026-09-08 04:17:59.573,dummy,-2.996,0.206,0.782,267.8,0.0,0.0,,,
2026-09-08 04:17:59.625,dummy,-2.998,0.16,0.784,268.3,0.0,0.0,,,
2026-09-08 04:17:59.678,dummy,-2.999,0.115,0.785,268.8,0.0,0.0,,,
2026-09-08 04:17:59.729,dummy,-3.0,0.069,0.786,269.3,0.0,0.0,,,
2026-09-08 04:17:59.781,dummy,-3.0,0.023,0.787,269.8,0.0,0.0,,,
2026-09-08 04:17:59.833,dummy,-3.0,-0.023,0.788,270.2,0.0,0.0,,,
2026-09-08 04:17:59.886,dummy,-3.0,-0.069,0.79,270.7,0.0,0.0,,,
2026-09-08 04:17:59.937,dummy,-2.999,-0.114,0.791,271.2,0.0,0.0,,,
2026-09-08 04:17:59.989,dummy,-2.998,-0.16,0.792,271.7,0.0,0.0,,,
2026-09-08 04:18:00.040,dummy,-2.996,-0.205,0.793,272.2,0.0,0.0,,,
2026-09-08 04:18:00.092,dummy,-2.994,-0.25,0.795,272.7,0.0,0.0,,,
2026-09-08 04:18:00.144,dummy,-2.992,-0.295,0.796,273.2,0.0,0.0,,,
2026-09-08 04:18:00.195,dummy,-2.989,-0.34,0.797,273.7,0.0,0.0,,,
2026-09-08 04:18:00.247,dummy,-2.986,-0.385,0.798,274.2,0.0,0.0,,,
2026-09-08 04:18:00.298,dummy,-2.983,-0.429,0.8,274.7,0.0,0.0,,,
2026-09-08 04:18:00.350,dummy,-2.979,-0.473,0.801,275.3,0.0,0.0,,,
2026-09-08 04:18:00.402,dummy,-2.974,-0.517,0.802,275.8,0.0,0.0,,,
2026-09-08 04:18:00.454,dummy,-2.97,-0.562,0.803,276.3,0.0,0.0,,,
2026-09-08 04:18:00.505,dummy,-2.965,-0.605,0.805,276.9,0.0,0.0,,,
2026-09-08 04:18:00.557,dummy,-2.959,-0.648,0.806,277.4,0.0,0.0,,,
2026-09-08 04:18:00.624,dummy,-2.953,-0.691,0.807,278.0,0.0,0.0,,,
2026-09-08 04:18:00.676,dummy,-2.945,-0.746,0.809,278.7,0.0,0.0,,,
2026-09-08 04:18:00.728,dummy,-2.939,-0.788,0.81,279.3,0.0,0.0,,,
2026-09-08 04:18:00.780,dummy,-2.932,-0.83,0.812,279.9,0.0,0.0,,,
2026-09-08 04:18:00.833,dummy,-2.924,-0.872,0.813,280.6,0.0,0.0,,,
2026-09-08 04:18:00.885,dummy,-2.916,-0.913,0.814,281.2,0.0,0.0,,,
2026-09-08 04:18:00.936,dummy,-2.908,-0.953,0.816,281.8,0.0,0.0,,,
2026-09-08 04:18:00.988,dummy,-2.899,-0.993,0.817,282.5,0.0,0.0,,,
2026-09-08 04:18:01.040,dummy,-2.89,-1.032,0.818,283.2,0.0,0.0,,,
2026-09-08 04:18:01.091,dummy,-2.881,-1.071,0.82,283.9,0.0,0.0,,,
2026-09-08 04:18:01.143,dummy,-2.871,-1.109,0.821,284.6,0.0,0.0,,,
2026-09-08 04:18:01.196,dummy,-2.861,-1.147,0.823,285.4,0.0,0.0,,,
2026-09-08 04:18:01.247,dummy,-2.851,-1.184,0.824,286.2,0.0,0.0,,,
2026-09-08 04:18:01.298,dummy,-2.84,-1.22,0.825,287.0,0.0,0.0,,,
2026-09-08 04:18:01.350,dummy,-2.829,-1.256,0.827,287.8,0.0,0.0,,,
2026-09-08 04:18:01.402,dummy,-2.817,-1.291,0.828,288.6,0.0,0.0,,,
2026-09-08 04:18:01.453,dummy,-2.805,-1.325,0.83,289.5,0.0,0.0,,,
2026-09-08 04:18:01.505,dummy,-2.793,-1.359,0.831,290.4,0.0,0.0,,,
2026-09-08 04:18:01.556,dummy,-2.781,-1.392,0.832,291.4,0.0,0.0,,,
2026-09-08 04:18:01.608,dummy,-2.768,-1.424,0.834,292.4,0.0,0.0,,,
2026-09-08 04:18:01.659,dummy,-2.754,-1.456,0.835,293.4,0.0,0.0,,,
2026-09-08 04:18:01.711,dummy,-2.741,-1.486,0.837,294.5,0.0,0.0,,,
2026-09-08 04:18:01.766,dummy,-2.726,-1.518,0.838,295.7,0.0,0.0,,,
2026-09-08 04:18:01.818,dummy,-2.711,-1.548,0.84,296.9,0.0,0.0,,,
2026-09-08 04:18:01.869,dummy,-2.696,-1.576,0.841,298.1,0.0,0.0,,,
2026-09-08 04:18:01.921,dummy,-2.681,-1.603,0.842,299.4,0.0,0.0,,,
2026-09-08 04:18:01.973,dummy,-2.666,-1.63,0.844,300.7,0.0,0.0,,,
2026-09-08 04:18:02.024,dummy,-2.65,-1.656,0.845,302.1,0.0,0.0,,,
2026-09-08 04:18:02.076,dummy,-2.634,-1.681,0.847,303.5,0.0,0.0,,,
2026-09-08 04:18:02.128,dummy,-2.618,-1.705,0.848,305.0,0.0,0.0,,,
2026-09-08 04:18:02.180,dummy,-2.6,-1.729,0.85,306.6,0.0,0.0,,,
2026-09-08 04:18:02.231,dummy,-2.583,-1.751,0.851,308.3,0.0,0.0,,,
2026-09-08 04:18:02.285,dummy,-2.566,-1.773,0.853,310.0,0.0,0.0,,,
2026-09-08 04:18:02.337,dummy,-2.547,-1.794,0.854,311.9,0.0,0.0,,,
2026-09-08 04:18:02.388,dummy,-2.529,-1.814,0.856,313.7,0.0,0.0,,,
2026-09-08 04:18:02.440,dummy,-2.511,-1.832,0.857,315.7,0.0,0.0,,,
2026-09-08 04:18:02.492,dummy,-2.492,-1.85,0.859,317.7,0.0,0.0,,,
2026-09-08 04:18:02.543,dummy,-2.473,-1.867,0.86,319.8,0.0,0.0,,,
2026-09-08 04:18:02.595,dummy,-2.453,-1.883,0.862,322.0,0.0,0.0,,,
2026-09-08 04:18:02.647,dummy,-2.433,-1.898,0.863,324.2,0.0,0.0,,,
2026-09-08 04:18:02.698,dummy,-2.413,-1.911,0.865,326.6,0.0,0.0,,,
2026-09-08 04:18:02.750,dummy,-2.393,-1.924,0.866,328.9,0.0,0.0,,,
2026-09-08 04:18:02.801,dummy,-2.372,-1.936,0.868,331.4,0.0,0.0,,,
2026-09-08 04:18:02.853,dummy,-2.351,-1.947,0.869,333.9,0.0,0.0,,,
2026-09-08 04:18:02.904,dummy,-2.33,-1.957,0.871,336.4,0.0,0.0,,,
2026-09-08 04:18:02.956,dummy,-2.309,-1.966,0.872,339.0,0.0,0.0,,,
2026-09-08 04:18:03.007,dummy,-2.287,-1.974,0.874,341.6,0.0,0.0,,,
2026-09-08 04:18:03.059,dummy,-2.264,-1.98,0.876,344.2,0.0,0.0,,,
2026-09-08 04:18:03.111,dummy,-2.242,-1.986,0.877,346.8,0.0,0.0,,,
2026-09-08 04:18:03.163,dummy,-2.219,-1.991,0.879,349.4,0.0,0.0,,,
2026-09-08 04:18:03.216,dummy,-2.196,-1.995,0.88,352.1,0.0,0.0,,,
2026-09-08 04:18:03.268,dummy,-2.172,-1.998,0.882,354.7,0.0,0.0,,,
2026-09-08 04:18:03.320,dummy,-2.148,-1.999,0.883,357.2,0.0,0.0,,,
2026-09-08 04:18:03.371,dummy,-2.124,-2.0,0.885,359.7,0.0,0.0,,,
2026-09-08 04:18:03.423,dummy,-2.1,-2.0,0.887,2.2,0.0,0.0,,,
2026-09-08 04:18:03.475,dummy,-2.075,-1.998,0.888,4.6,0.0,0.0,,,
2026-09-08 04:18:03.527,dummy,-2.05,-1.996,0.89,6.9,0.0,0.0,,,
2026-09-08 04:18:03.579,dummy,-2.025,-1.992,0.891,9.1,0.0,0.0,,,
2026-09-08 04:18:03.630,dummy,-2.0,-1.988,0.893,11.3,0.0,0.0,,,
2026-09-08 04:18:03.682,dummy,-1.974,-1.982,0.895,13.3,0.0,0.0,,,
2026-09-08 04:18:03.734,dummy,-1.949,-1.975,0.896,15.3,0.0,0.0,,,
2026-09-08 04:18:03.786,dummy,-1.923,-1.968,0.898,17.2,0.0,0.0,,,
2026-09-08 04:18:03.838,dummy,-1.896,-1.959,0.899,19.1,0.0,0.0,,,
2026-09-08 04:18:03.890,dummy,-1.869,-1.949,0.901,20.9,0.0,0.0,,,
2026-09-08 04:18:03.942,dummy,-1.842,-1.939,0.903,22.6,0.0,0.0,,,
2026-09-08 04:18:03.993,dummy,-1.815,-1.927,0.904,24.2,0.0,0.0,,,
2026-09-08 04:18:04.045,dummy,-1.788,-1.914,0.906,25.7,0.0,0.0,,,
2026-09-08 04:18:04.097,dummy,-1.76,-1.901,0.907,27.1,0.0,0.0,,,
2026-09-08 04:18:04.148,dummy,-1.733,-1.886,0.909,28.5,0.0,0.0,,,
2026-09-08 04:18:04.200,dummy,-1.705,-1.87,0.911,29.8,0.0,0.0,,,
2026-09-08 04:18:04.251,dummy,-1.677,-1.854,0.912,31.1,0.0,0.0,,,
2026-09-08 04:18:04.303,dummy,-1.649,-1.836,0.914,32.3,0.0,0.0,,,
2026-09-08 04:18:04.354,dummy,-1.62,-1.818,0.916,33.4,0.0,0.0,,,
2026-09-08 04:18:04.405,dummy,-1.591,-1.799,0.917,34.5,0.0,0.0,,,
2026-09-08 04:18:04.458,dummy,-1.562,-1.778,0.919,35.6,0.0,0.0,,,
2026-09-08 04:18:04.510,dummy,-1.533,-1.757,0.921,36.6,0.0,0.0,,,
2026-09-08 04:18:04.561,dummy,-1.504,-1.735,0.922,37.5,0.0,0.0,,,
2026-09-08 04:18:04.613,dummy,-1.474,-1.712,0.924,38.4,0.0,0.0,,,
2026-09-08 04:18:04.664,dummy,-1.444,-1.688,0.925,39.2,0.0,0.0,,,
2026-09-08 04:18:04.716,dummy,-1.414,-1.663,0.927,40.0,0.0,0.0,,,
2026-09-08 04:18:04.769,dummy,-1.383,-1.637,0.929,40.8,0.0,0.0,,,
2026-09-08 04:18:04.820,dummy,-1.353,-1.61,0.93,41.5,0.0,0.0,,,
2026-09-08 04:18:04.873,dummy,-1.322,-1.582,0.932,42.3,0.0,0.0,,,
2026-09-08 04:18:04.924,dummy,-1.291,-1.554,0.934,42.9,0.0,0.0,,,
2026-09-08 04:18:04.976,dummy,-1.261,-1.525,0.935,43.5,0.0,0.0,,,
2026-09-08 04:18:05.027,dummy,-1.23,-1.496,0.937,44.1,0.0,0.0,,,
2026-09-08 04:18:05.079,dummy,-1.198,-1.465,0.939,44.7,0.0,0.0,,,
2026-09-08 04:18:05.131,dummy,-1.167,-1.433,0.94,45.3,0.0,0.0,,,
2026-09-08 04:18:05.182,dummy,-1.136,-1.401,0.942,45.8,0.0,0.0,,,
2026-09-08 04:18:05.235,dummy,-1.104,-1.369,0.944,46.3,0.0,0.0,,,
2026-09-08 04:18:05.287,dummy,-1.072,-1.335,0.946,46.8,0.0,0.0,,,
2026-09-08 04:18:05.338,dummy,-1.04,-1.301,0.947,47.2,0.0,0.0,,,
2026-09-08 04:18:05.390,dummy,-1.008,-1.266,0.949,47.6,0.0,0.0,,,
2026-09-08 04:18:05.441,dummy,-0.976,-1.23,0.951,48.0,0.0,0.0,,,
2026-09-08 04:18:05.493,dummy,-0.944,-1.194,0.952,48.4,0.0,0.0,,,
2026-09-08 04:18:05.545,dummy,-0.911,-1.157,0.954,48.8,0.0,0.0,,,
2026-09-08 04:18:05.596,dummy,-0.878,-1.12,0.956,49.1,0.0,0.0,,,
2026-09-08 04:18:05.648,dummy,-0.846,-1.082,0.957,49.4,0.0,0.0,,,
2026-09-08 04:18:05.699,dummy,-0.813,-1.044,0.959,49.8,0.0,0.0,,,
2026-09-08 04:18:05.750,dummy,-0.781,-1.005,0.961,50.0,0.0,0.0,,,
2026-09-08 04:18:05.802,dummy,-0.748,-0.966,0.962,50.3,0.0,0.0,,,
2026-09-08 04:18:05.854,dummy,-0.715,-0.926,0.964,50.6,0.0,0.0,,,
2026-09-08 04:18:05.905,dummy,-0.682,-0.885,0.966,50.8,0.0,0.0,,,
2026-09-08 04:18:05.956,dummy,-0.649,-0.845,0.967,51.1,0.0,0.0,,,
2026-09-08 04:18:06.008,dummy,-0.616,-0.803,0.969,51.3,0.0,0.0,,,
2026-09-08 04:18:06.059,dummy,-0.582,-0.762,0.971,51.5,0.0,0.0,,,
2026-09-08 04:18:06.110,dummy,-0.549,-0.72,0.972,51.7,0.0,0.0,,,
2026-09-08 04:18:06.162,dummy,-0.516,-0.677,0.974,51.9,0.0,0.0,,,
2026-09-08 04:18:06.214,dummy,-0.482,-0.634,0.976,52.0,0.0,0.0,,,
2026-09-08 04:18:06.266,dummy,-0.448,-0.591,0.978,52.2,0.0,0.0,,,
2026-09-08 04:18:06.318,dummy,-0.414,-0.547,0.979,52.3,0.0,0.0,,,
2026-09-08 04:18:06.369,dummy,-0.381,-0.503,0.981,52.5,0.0,0.0,,,
2026-09-08 04:18:06.420,dummy,-0.347,-0.459,0.983,52.6,0.0,0.0,,,
2026-09-08 04:18:06.472,dummy,-0.313,-0.415,0.984,52.7,0.0,0.0,,,
2026-09-08 04:18:06.524,dummy,-0.279,-0.37,0.986,52.8,0.0,0.0,,,
2026-09-08 04:18:06.576,dummy,-0.245,-0.326,0.988,52.9,0.0,0.0,,,
2026-09-08 04:18:06.628,dummy,-0.211,-0.281,0.989,52.9,0.0,0.0,,,
2026-09-08 04:18:06.680,dummy,-0.176,-0.235,0.991,53.0,0.0,0.0,,,
2026-09-08 04:18:06.732,dummy,-0.142,-0.189,0.993,53.0,0.0,0.0,,,
2026-09-08 04:18:06.783,dummy,-0.108,-0.144,0.995,53.1,0.0,0.0,,,
2026-09-08 04:18:06.835,dummy,-0.074,-0.099,0.996,53.1,0.0,0.0,,,
2026-09-08 04:18:06.886,dummy,-0.04,-0.054,0.998,53.1,0.0,0.0,,,
2026-09-08 04:18:06.938,dummy,-0.006,-0.008,1.0,53.1,0.0,0.0,,,
2026-09-08 04:18:06.989,dummy,0.028,0.037,1.001,53.1,0.0,0.0,,,
2026-09-08 04:18:07.041,dummy,0.062,0.082,1.003,53.1,0.0,0.0,,,
2026-09-08 04:18:07.093,dummy,0.096,0.128,1.005,53.1,0.0,0.0,,,
2026-09-08 04:18:07.145,dummy,0.13,0.174,1.007,53.1,0.0,0.0,,,
2026-09-08 04:18:07.196,dummy,0.164,0.219,1.008,53.0,0.0,0.0,,,
2026-09-08 04:18:07.248,dummy,0.198,0.264,1.01,52.9,0.0,0.0,,,
2026-09-08 04:18:07.300,dummy,0.232,0.309,1.012,52.9,0.0,0.0,,,
2026-09-08 04:18:07.351,dummy,0.266,0.353,1.013,52.8,0.0,0.0,,,
2026-09-08 04:18:07.403,dummy,0.3,0.398,1.015,52.7,0.0,0.0,,,
2026-09-08 04:18:07.455,dummy,0.334,0.443,1.017,52.6,0.0,0.0,,,
2026-09-08 04:18:07.508,dummy,0.369,0.488,1.018,52.5,0.0,0.0,,,
2026-09-08 04:18:07.559,dummy,0.403,0.532,1.02,52.4,0.0,0.0,,,
2026-09-08 04:18:07.610,dummy,0.436,0.575,1.022,52.2,0.0,0.0,,,
2026-09-08 04:18:07.662,dummy,0.47,0.619,1.024,52.1,0.0,0.0,,,
2026-09-08 04:18:07.714,dummy,0.504,0.662,1.025,51.9,0.0,0.0,,,
2026-09-08 04:18:07.766,dummy,0.537,0.705,1.027,51.7,0.0,0.0,,,
2026-09-08 04:18:07.818,dummy,0.571,0.748,1.029,51.6,0.0,0.0,,,
2026-09-08 04:18:07.870,dummy,0.605,0.79,1.03,51.4,0.0,0.0,,,
2026-09-08 04:18:07.921,dummy,0.638,0.831,1.032,51.1,0.0,0.0,,,
2026-09-08 04:18:07.973,dummy,0.671,0.872,1.034,50.9,0.0,0.0,,,
2026-09-08 04:18:08.024,dummy,0.704,0.913,1.035,50.7,0.0,0.0,,,
2026-09-08 04:18:08.075,dummy,0.737,0.953,1.037,50.4,0.0,0.0,,,
2026-09-08 04:18:08.127,dummy,0.77,0.992,1.039,50.1,0.0,0.0,,,
2026-09-08 04:18:08.178,dummy,0.803,1.031,1.041,49.9,0.0,0.0,,,
2026-09-08 04:18:08.230,dummy,0.835,1.07,1.042,49.6,0.0,0.0,,,
2026-09-08 04:18:08.281,dummy,0.868,1.108,1.044,49.2,0.0,0.0,,,
2026-09-08 04:18:08.335,dummy,0.902,1.147,1.046,48.9,0.0,0.0,,,
2026-09-08 04:18:08.387,dummy,0.934,1.184,1.047,48.5,0.0,0.0,,,
2026-09-08 04:18:08.438,dummy,0.967,1.22,1.049,48.1,0.0,0.0,,,
2026-09-08 04:18:08.490,dummy,0.999,1.256,1.051,47.7,0.0,0.0,,,
2026-09-08 04:18:08.541,dummy,1.031,1.291,1.052,47.3,0.0,0.0,,,
2026-09-08 04:18:08.593,dummy,1.063,1.325,1.054,46.9,0.0,0.0,,,
2026-09-08 04:18:08.644,dummy,1.094,1.359,1.056,46.4,0.0,0.0,,,
2026-09-08 04:18:08.696,dummy,1.126,1.392,1.057,45.9,0.0,0.0,,,
2026-09-08 04:18:08.748,dummy,1.158,1.424,1.059,45.4,0.0,0.0,,,
2026-09-08 04:18:08.800,dummy,1.189,1.456,1.061,44.9,0.0,0.0,,,
2026-09-08 04:18:08.851,dummy,1.22,1.486,1.062,44.3,0.0,0.0,,,
2026-09-08 04:18:08.903,dummy,1.251,1.516,1.064,43.7,0.0,0.0,,,
2026-09-08 04:18:08.955,dummy,1.283,1.546,1.066,43.1,0.0,0.0,,,
2026-09-08 04:18:09.007,dummy,1.313,1.574,1.067,42.4,0.0,0.0,,,
2026-09-08 04:18:09.059,dummy,1.344,1.602,1.069,41.8,0.0,0.0,,,
2026-09-08 04:18:09.110,dummy,1.374,1.629,1.071,41.0,0.0,0.0,,,
2026-09-08 04:18:09.161,dummy,1.404,1.654,1.072,40.3,0.0,0.0,,,
2026-09-08 04:18:09.213,dummy,1.434,1.68,1.074,39.5,0.0,0.0,,,
2026-09-08 04:18:09.264,dummy,1.464,1.704,1.076,38.7,0.0,0.0,,,
2026-09-08 04:18:09.316,dummy,1.494,1.727,1.077,37.8,0.0,0.0,,,
2026-09-08 04:18:09.367,dummy,1.523,1.749,1.079,36.9,0.0,0.0,,,
2026-09-08 04:18:09.419,dummy,1.552,1.771,1.081,35.9,0.0,0.0,,,
2026-09-08 04:18:09.471,dummy,1.581,1.792,1.082,34.9,0.0,0.0,,,
2026-09-08 04:18:09.522,dummy,1.61,1.811,1.084,33.8,0.0,0.0,,,
2026-09-08 04:18:09.574,dummy,1.639,1.83,1.085,32.7,0.0,0.0,,,
2026-09-08 04:18:09.625,dummy,1.667,1.848,1.087,31.5,0.0,0.0,,,
2026-09-08 04:18:09.676,dummy,1.695,1.865,1.089,30.3,0.0,0.0,,,
2026-09-08 04:18:09.728,dummy,1.723,1.881,1.09,29.0,0.0,0.0,,,
2026-09-08 04:18:09.780,dummy,1.751,1.896,1.092,27.6,0.0,0.0,,,
2026-09-08 04:18:09.832,dummy,1.779,1.91,1.094,26.2,0.0,0.0,,,
2026-09-08 04:18:09.884,dummy,1.806,1.923,1.095,24.7,0.0,0.0,,,
2026-09-08 04:18:09.935,dummy,1.833,1.935,1.097,23.1,0.0,0.0,,,
2026-09-08 04:18:09.987,dummy,1.86,1.946,1.098,21.4,0.0,0.0,,,
2026-09-08 04:18:10.039,dummy,1.887,1.956,1.1,19.7,0.0,0.0,,,
2026-09-08 04:18:10.090,dummy,1.913,1.965,1.102,17.9,0.0,0.0,,,
2026-09-08 04:18:10.142,dummy,1.939,1.973,1.103,16.0,0.0,0.0,,,
2026-09-08 04:18:10.193,dummy,1.965,1.98,1.105,14.1,0.0,0.0,,,
2026-09-08 04:18:10.246,dummy,1.991,1.986,1.106,12.0,0.0,0.0,,,
2026-09-08 04:18:10.298,dummy,2.016,1.991,1.108,9.9,0.0,0.0,,,
2026-09-08 04:18:10.349,dummy,2.042,1.995,1.11,7.6,0.0,0.0,,,
2026-09-08 04:18:10.401,dummy,2.066,1.997,1.111,5.4,0.0,0.0,,,
2026-09-08 04:18:10.453,dummy,2.091,1.999,1.113,3.0,0.0,0.0,,,
2026-09-08 04:18:10.505,dummy,2.116,2.0,1.114,0.6,0.0,0.0,,,
2026-09-08 04:18:10.557,dummy,2.14,2.0,1.116,358.1,0.0,0.0,,,
2026-09-08 04:18:10.608,dummy,2.163,1.998,1.118,355.6,0.0,0.0,,,
2026-09-08 04:18:10.660,dummy,2.187,1.996,1.119,353.0,0.0,0.0,,,
2026-09-08 04:18:10.712,dummy,2.21,1.993,1.121,350.4,0.0,0.0,,,
2026-09-08 04:18:10.764,dummy,2.233,1.988,1.122,347.8,0.0,0.0,,,
2026-09-08 04:18:10.816,dummy,2.256,1.983,1.124,345.2,0.0,0.0,,,
2026-09-08 04:18:10.867,dummy,2.278,1.976,1.125,342.6,0.0,0.0,,,
2026-09-08 04:18:10.918,dummy,2.3,1.969,1.127,340.0,0.0,0.0,,,
2026-09-08 04:18:10.970,dummy,2.322,1.96,1.128,337.4,0.0,0.0,,,
2026-09-08 04:18:11.023,dummy,2.344,1.951,1.13,334.8,0.0,0.0,,,
2026-09-08 04:18:11.075,dummy,2.365,1.94,1.132,332.2,0.0,0.0,,,
2026-09-08 04:18:11.127,dummy,2.386,1.929,1.133,329.8,0.0,0.0,,,
2026-09-08 04:18:11.178,dummy,2.406,1.916,1.135,327.4,0.0,0.0,,,
2026-09-08 04:18:11.230,dummy,2.427,1.902,1.136,325.0,0.0,0.0,,,
2026-09-08 04:18:11.281,dummy,2.447,1.888,1.138,322.7,0.0,0.0,,,
2026-09-08 04:18:11.335,dummy,2.467,1.872,1.139,320.5,0.0,0.0,,,
2026-09-08 04:18:11.387,dummy,2.486,1.855,1.141,318.3,0.0,0.0,,,
2026-09-08 04:18:11.438,dummy,2.505,1.838,1.142,316.3,0.0,0.0,,,
2026-09-08 04:18:11.490,dummy,2.524,1.82,1.144,314.3,0.0,0.0,,,
2026-09-08 04:18:11.542,dummy,2.542,1.8,1.145,312.4,0.0,0.0,,,
2026-09-08 04:18:11.593,dummy,2.56,1.78,1.147,310.6,0.0,0.0,,,
2026-09-08 04:18:11.645,dummy,2.577,1.759,1.148,308.9,0.0,0.0,,,
2026-09-08 04:18:11.696,dummy,2.595,1.737,1.15,307.2,0.0,0.0,,,
2026-09-08 04:18:11.749,dummy,2.612,1.713,1.151,305.6,0.0,0.0,,,
2026-09-08 04:18:11.801,dummy,2.628,1.689,1.153,304.0,0.0,0.0,,,
2026-09-08 04:18:11.852,dummy,2.645,1.665,1.154,302.6,0.0,0.0,,,
2026-09-08 04:18:11.904,dummy,2.661,1.639,1.156,301.2,0.0,0.0,,,
2026-09-08 04:18:11.956,dummy,2.676,1.612,1.157,299.8,0.0,0.0,,,
2026-09-08 04:18:12.008,dummy,2.691,1.585,1.159,298.5,0.0,0.0,,,
2026-09-08 04:18:12.059,dummy,2.706,1.557,1.16,297.3,0.0,0.0,,,
2026-09-08 04:18:12.111,dummy,2.721,1.528,1.161,296.1,0.0,0.0,,,
2026-09-08 04:18:12.162,dummy,2.735,1.499,1.163,295.0,0.0,0.0,,,
2026-09-08 04:18:12.213,dummy,2.749,1.468,1.164,293.9,0.0,0.0,,,
2026-09-08 04:18:12.264,dummy,2.762,1.438,1.166,292.8,0.0,0.0,,,
2026-09-08 04:18:12.316,dummy,2.775,1.406,1.167,291.8,0.0,0.0,,,
2026-09-08 04:18:12.367,dummy,2.788,1.373,1.168,290.9,0.0,0.0,,,
2026-09-08 04:18:12.419,dummy,2.8,1.34,1.17,289.9,0.0,0.0,,,
2026-09-08 04:18:12.470,dummy,2.812,1.306,1.171,289.0,0.0,0.0,,,
2026-09-08 04:18:12.522,dummy,2.824,1.271,1.173,288.2,0.0,0.0,,,
2026-09-08 04:18:12.573,dummy,2.835,1.236,1.174,287.3,0.0,0.0,,,
2026-09-08 04:18:12.625,dummy,2.846,1.2,1.175,286.5,0.0,0.0,,,
2026-09-08 04:18:12.677,dummy,2.857,1.163,1.177,285.7,0.0,0.0,,,
2026-09-08 04:18:12.728,dummy,2.867,1.126,1.178,285.0,0.0,0.0,,,
2026-09-08 04:18:12.780,dummy,2.877,1.088,1.18,284.2,0.0,0.0,,,
2026-09-08 04:18:12.832,dummy,2.886,1.049,1.181,283.5,0.0,0.0,,,
2026-09-08 04:18:12.884,dummy,2.895,1.01,1.182,282.8,0.0,0.0,,,
2026-09-08 04:18:12.935,dummy,2.904,0.971,1.184,282.1,0.0,0.0,,,
2026-09-08 04:18:12.987,dummy,2.913,0.931,1.185,281.5,0.0,0.0,,,
2026-09-08 04:18:13.039,dummy,2.921,0.89,1.186,280.8,0.0,0.0,,,
2026-09-08 04:18:13.090,dummy,2.928,0.85,1.188,280.2,0.0,0.0,,,
2026-09-08 04:18:13.141,dummy,2.935,0.809,1.189,279.6,0.0,0.0,,,
2026-09-08 04:18:13.193,dummy,2.942,0.767,1.19,279.0,0.0,0.0,,,
2026-09-08 04:18:13.245,dummy,2.949,0.725,1.192,278.4,0.0,0.0,,,
2026-09-08 04:18:13.296,dummy,2.955,0.682,1.193,277.9,0.0,0.0,,,
2026-09-08 04:18:13.350,dummy,2.96,0.638,1.194,277.3,0.0,0.0,,,
2026-09-08 04:18:13.402,dummy,2.966,0.594,1.196,276.7,0.0,0.0,,,
2026-09-08 04:18:13.453,dummy,2.971,0.551,1.197,276.2,0.0,0.0,,,
2026-09-08 04:18:13.505,dummy,2.975,0.507,1.198,275.7,0.0,0.0,,,
2026-09-08 04:18:13.556,dummy,2.98,0.463,1.199,275.1,0.0,0.0,,,
2026-09-08 04:18:13.608,dummy,2.983,0.419,1.201,274.6,0.0,0.0,,,
2026-09-08 04:18:13.659,dummy,2.987,0.374,1.202,274.1,0.0,0.0,,,
2026-09-08 04:18:13.711,dummy,2.99,0.329,1.203,273.6,0.0,0.0,,,
2026-09-08 04:18:13.763,dummy,2.992,0.284,1.204,273.1,0.0,0.0,,,
2026-09-08 04:18:13.814,dummy,2.995,0.239,1.206,272.6,0.0,0.0,,,
2026-09-08 04:18:13.865,dummy,2.996,0.195,1.207,272.1,0.0,0.0,,,
2026-09-08 04:18:13.917,dummy,2.998,0.149,1.208,271.6,0.0,0.0,,,
2026-09-08 04:18:13.969,dummy,2.999,0.104,1.209,271.1,0.0,0.0,,,
2026-09-08 04:18:14.020,dummy,3.0,0.059,1.211,270.6,0.0,0.0,,,
2026-09-08 04:18:14.071,dummy,3.0,0.014,1.212,270.1,0.0,0.0,,,
2026-09-08 04:18:14.123,dummy,3.0,-0.032,1.213,269.7,0.0,0.0,,,
2026-09-08 04:18:14.177,dummy,2.999,-0.079,1.214,269.2,0.0,0.0,,,
2026-09-08 04:18:14.228,dummy,2.999,-0.124,1.215,268.7,0.0,0.0,,,
2026-09-08 04:18:14.280,dummy,2.997,-0.169,1.217,268.2,0.0,0.0,,,
2026-09-08 04:18:14.332,dummy,2.996,-0.215,1.218,267.7,0.0,0.0,,,
2026-09-08 04:18:14.384,dummy,2.994,-0.26,1.219,267.2,0.0,0.0,,,
2026-09-08 04:18:14.435,dummy,2.991,-0.305,1.22,266.7,0.0,0.0,,,
2026-09-08 04:18:14.487,dummy,2.988,-0.35,1.221,266.2,0.0,0.0,,,
2026-09-08 04:18:14.538,dummy,2.985,-0.395,1.222,265.7,0.0,0.0,,,
2026-09-08 04:18:14.590,dummy,2.982,-0.439,1.224,265.2,0.0,0.0,,,
2026-09-08 04:18:14.642,dummy,2.978,-0.483,1.225,264.6,0.0,0.0,,,
2026-09-08 04:18:14.693,dummy,2.973,-0.527,1.226,264.1,0.0,0.0,,,
2026-09-08 04:18:14.746,dummy,2.969,-0.571,1.227,263.6,0.0,0.0,,,
2026-09-08 04:18:14.798,dummy,2.963,-0.615,1.228,263.0,0.0,0.0,,,
2026-09-08 04:18:14.849,dummy,2.958,-0.658,1.229,262.5,0.0,0.0,,,
2026-09-08 04:18:14.900,dummy,2.952,-0.7,1.23,261.9,0.0,0.0,,,
2026-09-08 04:18:14.952,dummy,2.946,-0.743,1.231,261.3,0.0,0.0,,,
2026-09-08 04:18:15.003,dummy,2.939,-0.784,1.232,260.7,0.0,0.0,,,
2026-09-08 04:18:15.054,dummy,2.932,-0.826,1.233,260.1,0.0,0.0,,,
2026-09-08 04:18:15.106,dummy,2.925,-0.867,1.235,259.5,0.0,0.0,,,
2026-09-08 04:18:15.158,dummy,2.917,-0.908,1.236,258.9,0.0,0.0,,,
2026-09-08 04:18:15.210,dummy,2.909,-0.948,1.237,258.2,0.0,0.0,,,
2026-09-08 04:18:15.262,dummy,2.9,-0.989,1.238,257.6,0.0,0.0,,,
2026-09-08 04:18:15.313,dummy,2.891,-1.028,1.239,256.9,0.0,0.0,,,
2026-09-08 04:18:15.365,dummy,2.882,-1.066,1.24,256.2,0.0,0.0,,,
2026-09-08 04:18:15.417,dummy,2.873,-1.105,1.241,255.5,0.0,0.0,,,
2026-09-08 04:18:15.471,dummy,2.862,-1.144,1.242,254.7,0.0,0.0,,,
2026-09-08 04:18:15.525,dummy,2.851,-1.182,1.243,253.9,0.0,0.0,,,
2026-09-08 04:18:15.576,dummy,2.84,-1.219,1.244,253.1,0.0,0.0,,,
2026-09-08 04:18:15.628,dummy,2.829,-1.254,1.245,252.2,0.0,0.0,,,
2026-09-08 04:18:15.679,dummy,2.818,-1.289,1.246,251.4,0.0,0.0,,,
2026-09-08 04:18:15.731,dummy,2.806,-1.324,1.247,250.5,0.0,0.0,,,
2026-09-08 04:18:15.783,dummy,2.794,-1.358,1.248,249.6,0.0,0.0,,,
2026-09-08 04:18:15.834,dummy,2.781,-1.39,1.249,248.6,0.0,0.0,,,
2026-09-08 04:18:15.886,dummy,2.768,-1.423,1.25,247.6,0.0,0.0,,,
2026-09-08 04:18:15.937,dummy,2.755,-1.454,1.251,246.6,0.0,0.0,,,
2026-09-08 04:18:15.989,dummy,2.741,-1.485,1.252,245.5,0.0,0.0,,,
2026-09-08 04:18:16.041,dummy,2.727,-1.515,1.252,244.4,0.0,0.0,,,
2026-09-08 04:18:16.093,dummy,2.713,-1.545,1.253,243.2,0.0,0.0,,,
2026-09-08 04:18:16.145,dummy,2.698,-1.573,1.254,242.0,0.0,0.0,,,
2026-09-08 04:18:16.198,dummy,2.682,-1.602,1.255,240.7,0.0,0.0,,,
2026-09-08 04:18:16.249,dummy,2.667,-1.629,1.256,239.4,0.0,0.0,,,
2026-09-08 04:18:16.301,dummy,2.651,-1.654,1.257,238.0,0.0,0.0,,,
2026-09-08 04:18:16.353,dummy,2.635,-1.68,1.258,236.6,0.0,0.0,,,
2026-09-08 04:18:16.404,dummy,2.619,-1.704,1.259,235.1,0.0,0.0,,,
2026-09-08 04:18:16.456,dummy,2.602,-1.727,1.26,233.5,0.0,0.0,,,
2026-09-08 04:18:16.508,dummy,2.585,-1.75,1.26,231.8,0.0,0.0,,,
2026-09-08 04:18:16.559,dummy,2.567,-1.771,1.261,230.1,0.0,0.0,,,
2026-09-08 04:18:16.611,dummy,2.549,-1.792,1.262,228.3,0.0,0.0,,,
2026-09-08 04:18:16.663,dummy,2.531,-1.812,1.263,226.5,0.0,0.0,,,
2026-09-08 04:18:16.714,dummy,2.513,-1.83,1.264,224.5,0.0,0.0,,,
2026-09-08 04:18:16.765,dummy,2.494,-1.848,1.265,222.5,0.0,0.0,,,
2026-09-08 04:18:16.817,dummy,2.475,-1.865,1.265,220.4,0.0,0.0,,,
2026-09-08 04:18:16.869,dummy,2.455,-1.881,1.266,218.3,0.0,0.0,,,
2026-09-08 04:18:16.920,dummy,2.436,-1.896,1.267,216.0,0.0,0.0,,,
2026-09-08 04:18:16.972,dummy,2.416,-1.91,1.268,213.7,0.0,0.0,,,
2026-09-08 04:18:17.025,dummy,2.395,-1.923,1.269,211.3,0.0,0.0,,,
2026-09-08 04:18:17.076,dummy,2.374,-1.935,1.269,208.9,0.0,0.0,,,
2026-09-08 04:18:17.128,dummy,2.353,-1.946,1.27,206.4,0.0,0.0,,,
2026-09-08 04:18:17.180,dummy,2.332,-1.956,1.271,203.9,0.0,0.0,,,
2026-09-08 04:18:17.231,dummy,2.311,-1.965,1.271,201.3,0.0,0.0,,,
2026-09-08 04:18:17.282,dummy,2.289,-1.973,1.272,198.7,0.0,0.0,,,
2026-09-08 04:18:17.334,dummy,2.267,-1.98,1.273,196.1,0.0,0.0,,,
2026-09-08 04:18:17.385,dummy,2.244,-1.986,1.274,193.5,0.0,0.0,,,
2026-09-08 04:18:17.437,dummy,2.222,-1.991,1.274,190.9,0.0,0.0,,,
2026-09-08 04:18:17.489,dummy,2.198,-1.995,1.275,188.3,0.0,0.0,,,
2026-09-08 04:18:17.540,dummy,2.175,-1.997,1.276,185.7,0.0,0.0,,,
2026-09-08 04:18:17.592,dummy,2.151,-1.999,1.276,183.1,0.0,0.0,,,
2026-09-08 04:18:17.644,dummy,2.127,-2.0,1.277,180.6,0.0,0.0,,,
2026-09-08 04:18:17.696,dummy,2.103,-2.0,1.278,178.2,0.0,0.0,,,
2026-09-08 04:18:17.748,dummy,2.079,-1.998,1.278,175.8,0.0,0.0,,,
2026-09-08 04:18:17.800,dummy,2.054,-1.996,1.279,173.5,0.0,0.0,,,
2026-09-08 04:18:17.851,dummy,2.029,-1.993,1.28,171.2,0.0,0.0,,,
2026-09-08 04:18:17.902,dummy,2.004,-1.988,1.28,169.1,0.0,0.0,,,
2026-09-08 04:18:17.953,dummy,1.979,-1.983,1.281,167.0,0.0,0.0,,,
2026-09-08 04:18:18.005,dummy,1.953,-1.977,1.281,165.0,0.0,0.0,,,
2026-09-08 04:18:18.057,dummy,1.927,-1.969,1.282,163.1,0.0,0.0,,,
2026-09-08 04:18:18.109,dummy,1.9,-1.961,1.283,161.2,0.0,0.0,,,
2026-09-08 04:18:18.160,dummy,1.874,-1.951,1.283,159.5,0.0,0.0,,,
2026-09-08 04:18:18.212,dummy,1.847,-1.941,1.284,157.8,0.0,0.0,,,
2026-09-08 04:18:18.263,dummy,1.821,-1.929,1.284,156.2,0.0,0.0,,,
2026-09-08 04:18:18.322,dummy,1.793,-1.917,1.285,154.6,0.0,0.0,,,
2026-09-08 04:18:18.373,dummy,1.762,-1.902,1.285,153.0,0.0,0.0,,,
2026-09-08 04:18:18.426,dummy,1.734,-1.887,1.286,151.5,0.0,0.0,,,
2026-09-08 04:18:18.477,dummy,1.706,-1.871,1.286,150.2,0.0,0.0,,,
2026-09-08 04:18:18.529,dummy,1.678,-1.855,1.287,149.0,0.0,0.0,,,
2026-09-08 04:18:18.580,dummy,1.65,-1.837,1.287,147.8,0.0,0.0,,,
2026-09-08 04:18:18.632,dummy,1.621,-1.819,1.288,146.6,0.0,0.0,,,
2026-09-08 04:18:18.683,dummy,1.593,-1.8,1.288,145.5,0.0,0.0,,,
2026-09-08 04:18:18.735,dummy,1.563,-1.779,1.289,144.5,0.0,0.0,,,
2026-09-08 04:18:18.787,dummy,1.534,-1.758,1.289,143.5,0.0,0.0,,,
2026-09-08 04:18:18.838,dummy,1.505,-1.736,1.29,142.6,0.0,0.0,,,
2026-09-08 04:18:18.890,dummy,1.475,-1.713,1.29,141.7,0.0,0.0,,,
2026-09-08 04:18:18.941,dummy,1.446,-1.689,1.291,140.8,0.0,0.0,,,
2026-09-08 04:18:18.993,dummy,1.416,-1.665,1.291,140.0,0.0,0.0,,,
2026-09-08 04:18:19.044,dummy,1.386,-1.639,1.291,139.3,0.0,0.0,,,
2026-09-08 04:18:19.097,dummy,1.355,-1.612,1.292,138.5,0.0,0.0,,,
2026-09-08 04:18:19.149,dummy,1.324,-1.584,1.292,137.8,0.0,0.0,,,
2026-09-08 04:18:19.200,dummy,1.294,-1.556,1.293,137.1,0.0,0.0,,,
2026-09-08 04:18:19.252,dummy,1.263,-1.528,1.293,136.5,0.0,0.0,,,
2026-09-08 04:18:19.303,dummy,1.232,-1.498,1.293,135.9,0.0,0.0,,,
2026-09-08 04:18:19.355,dummy,1.201,-1.467,1.294,135.3,0.0,0.0,,,
2026-09-08 04:18:19.407,dummy,1.17,-1.436,1.294,134.8,0.0,0.0,,,
2026-09-08 04:18:19.460,dummy,1.138,-1.404,1.294,134.3,0.0,0.0,,,
2026-09-08 04:18:19.512,dummy,1.106,-1.37,1.295,133.7,0.0,0.0,,,
2026-09-08 04:18:19.563,dummy,1.074,-1.337,1.295,133.3,0.0,0.0,,,
2026-09-08 04:18:19.615,dummy,1.042,-1.303,1.295,132.8,0.0,0.0,,,
2026-09-08 04:18:19.666,dummy,1.01,-1.268,1.296,132.4,0.0,0.0,,,
2026-09-08 04:18:19.718,dummy,0.978,-1.233,1.296,132.0,0.0,0.0,,,
2026-09-08 04:18:19.770,dummy,0.945,-1.196,1.296,131.6,0.0,0.0,,,
2026-09-08 04:18:19.822,dummy,0.913,-1.16,1.296,131.2,0.0,0.0,,,
2026-09-08 04:18:19.873,dummy,0.88,-1.122,1.297,130.9,0.0,0.0,,,
2026-09-08 04:18:19.925,dummy,0.848,-1.084,1.297,130.6,0.0,0.0,,,
2026-09-08 04:18:19.976,dummy,0.815,-1.046,1.297,130.3,0.0,0.0,,,
2026-09-08 04:18:20.028,dummy,0.782,-1.007,1.297,130.0,0.0,0.0,,,
2026-09-08 04:18:20.079,dummy,0.749,-0.967,1.298,129.7,0.0,0.0,,,
2026-09-08 04:18:20.131,dummy,0.716,-0.927,1.298,129.4,0.0,0.0,,,
2026-09-08 04:18:20.183,dummy,0.683,-0.886,1.298,129.2,0.0,0.0,,,
2026-09-08 04:18:20.235,dummy,0.65,-0.846,1.298,128.9,0.0,0.0,,,
2026-09-08 04:18:20.286,dummy,0.616,-0.804,1.298,128.7,0.0,0.0,,,
2026-09-08 04:18:20.339,dummy,0.583,-0.762,1.299,128.5,0.0,0.0,,,
2026-09-08 04:18:20.391,dummy,0.549,-0.72,1.299,128.3,0.0,0.0,,,
2026-09-08 04:18:20.443,dummy,0.515,-0.677,1.299,128.1,0.0,0.0,,,
2026-09-08 04:18:20.494,dummy,0.482,-0.634,1.299,128.0,0.0,0.0,,,
2026-09-08 04:18:20.545,dummy,0.448,-0.591,1.299,127.8,0.0,0.0,,,
2026-09-08 04:18:20.597,dummy,0.415,-0.548,1.299,127.7,0.0,0.0,,,
2026-09-08 04:18:20.648,dummy,0.381,-0.504,1.299,127.6,0.0,0.0,,,
2026-09-08 04:18:20.700,dummy,0.347,-0.46,1.299,127.4,0.0,0.0,,,
2026-09-08 04:18:20.752,dummy,0.313,-0.415,1.3,127.3,0.0,0.0,,,
2026-09-08 04:18:20.803,dummy,0.28,-0.371,1.3,127.2,0.0,0.0,,,
2026-09-08 04:18:20.855,dummy,0.245,-0.326,1.3,127.1,0.0,0.0,,,
2026-09-08 04:18:20.906,dummy,0.212,-0.281,1.3,127.1,0.0,0.0,,,
2026-09-08 04:18:20.960,dummy,0.178,-0.236,1.3,127.0,0.0,0.0,,,
2026-09-08 04:18:21.012,dummy,0.142,-0.189,1.3,127.0,0.0,0.0,,,
2026-09-08 04:18:21.064,dummy,0.108,-0.143,1.3,126.9,0.0,0.0,,,
2026-09-08 04:18:21.116,dummy,0.073,-0.098,1.3,126.9,0.0,0.0,,,
2026-09-08 04:18:21.167,dummy,0.039,-0.052,1.3,126.9,0.0,0.0,,,
2026-09-08 04:18:21.220,dummy,0.005,-0.006,1.3,126.9,0.0,0.0,,,
2026-09-08 04:18:21.271,dummy,-0.029,0.039,1.3,126.9,0.0,0.0,,,
2026-09-08 04:18:21.323,dummy,-0.063,0.084,1.3,126.9,0.0,0.0,,,
2026-09-08 04:18:21.375,dummy,-0.098,0.13,1.3,126.9,0.0,0.0,,,
2026-09-08 04:18:21.428,dummy,-0.132,0.175,1.3,126.9,0.0,0.0,,,
2026-09-08 04:18:21.482,dummy,-0.168,0.224,1.3,127.0,0.0,0.0,,,
2026-09-08 04:18:21.533,dummy,-0.202,0.269,1.3,127.1,0.0,0.0,,,
2026-09-08 04:18:21.585,dummy,-0.236,0.313,1.3,127.1,0.0,0.0,,,
2026-09-08 04:18:21.636,dummy,-0.27,0.358,1.3,127.2,0.0,0.0,,,
2026-09-08 04:18:21.688,dummy,-0.304,0.403,1.3,127.3,0.0,0.0,,,
2026-09-08 04:18:21.739,dummy,-0.337,0.447,1.3,127.4,0.0,0.0,,,
2026-09-08 04:18:21.790,dummy,-0.371,0.491,1.299,127.5,0.0,0.0,,,
2026-09-08 04:18:21.843,dummy,-0.405,0.535,1.299,127.6,0.0,0.0,,,
2026-09-08 04:18:21.895,dummy,-0.44,0.58,1.299,127.8,0.0,0.0,,,
2026-09-08 04:18:21.947,dummy,-0.473,0.623,1.299,127.9,0.0,0.0,,,
2026-09-08 04:18:21.998,dummy,-0.506,0.665,1.299,128.1,0.0,0.0,,,
2026-09-08 04:18:22.049,dummy,-0.54,0.708,1.299,128.3,0.0,0.0,,,
2026-09-08 04:18:22.101,dummy,-0.573,0.75,1.299,128.5,0.0,0.0,,,
2026-09-08 04:18:22.153,dummy,-0.607,0.792,1.298,128.7,0.0,0.0,,,
2026-09-08 04:18:22.205,dummy,-0.64,0.834,1.298,128.9,0.0,0.0,,,
2026-09-08 04:18:22.256,dummy,-0.673,0.875,1.298,129.1,0.0,0.0,,,
2026-09-08 04:18:22.308,dummy,-0.707,0.916,1.298,129.3,0.0,0.0,,,
2026-09-08 04:18:22.359,dummy,-0.74,0.956,1.298,129.6,0.0,0.0,,,
2026-09-08 04:18:22.416,dummy,-0.772,0.995,1.297,129.9,0.0,0.0,,,
2026-09-08 04:18:22.468,dummy,-0.809,1.039,1.297,130.2,0.0,0.0,,,
2026-09-08 04:18:22.520,dummy,-0.842,1.077,1.297,130.5,0.0,0.0,,,
2026-09-08 04:18:22.572,dummy,-0.875,1.115,1.297,130.8,0.0,0.0,,,
2026-09-08 04:18:22.623,dummy,-0.907,1.153,1.296,131.2,0.0,0.0,,,
2026-09-08 04:18:22.675,dummy,-0.94,1.19,1.296,131.5,0.0,0.0,,,
2026-09-08 04:18:22.728,dummy,-0.972,1.226,1.296,131.9,0.0,0.0,,,
2026-09-08 04:18:22.780,dummy,-1.005,1.263,1.296,132.3,0.0,0.0,,,
2026-09-08 04:18:22.831,dummy,-1.037,1.297,1.295,132.8,0.0,0.0,,,
2026-09-08 04:18:22.883,dummy,-1.069,1.331,1.295,133.2,0.0,0.0,,,
2026-09-08 04:18:22.934,dummy,-1.1,1.365,1.295,133.7,0.0,0.0,,,
2026-09-08 04:18:22.985,dummy,-1.132,1.398,1.294,134.2,0.0,0.0,,,
2026-09-08 04:18:23.037,dummy,-1.163,1.43,1.294,134.7,0.0,0.0,,,
2026-09-08 04:18:23.089,dummy,-1.195,1.461,1.294,135.2,0.0,0.0,,,
2026-09-08 04:18:23.141,dummy,-1.226,1.492,1.293,135.8,0.0,0.0,,,
2026-09-08 04:18:23.195,dummy,-1.257,1.522,1.293,136.4,0.0,0.0,,,
2026-09-08 04:18:23.247,dummy,-1.289,1.552,1.293,137.0,0.0,0.0,,,
2026-09-08 04:18:23.298,dummy,-1.32,1.58,1.292,137.7,0.0,0.0,,,
2026-09-08 04:18:23.349,dummy,-1.35,1.608,1.292,138.4,0.0,0.0,,,
2026-09-08 04:18:23.401,dummy,-1.381,1.634,1.291,139.1,0.0,0.0,,,
2026-09-08 04:18:23.453,dummy,-1.411,1.66,1.291,139.9,0.0,0.0,,,
2026-09-08 04:18:23.505,dummy,-1.441,1.685,1.291,140.7,0.0,0.0,,,
2026-09-08 04:18:23.557,dummy,-1.471,1.709,1.29,141.5,0.0,0.0,,,
2026-09-08 04:18:23.608,dummy,-1.501,1.733,1.29,142.4,0.0,0.0,,,
2026-09-08 04:18:23.660,dummy,-1.53,1.755,1.289,143.4,0.0,0.0,,,
2026-09-08 04:18:23.711,dummy,-1.559,1.776,1.289,144.3,0.0,0.0,,,
2026-09-08 04:18:23.763,dummy,-1.588,1.796,1.288,145.4,0.0,0.0,,,
2026-09-08 04:18:23.815,dummy,-1.617,1.816,1.288,146.4,0.0,0.0,,,
2026-09-08 04:18:23.866,dummy,-1.646,1.835,1.287,147.6,0.0,0.0,,,
2026-09-08 04:18:23.918,dummy,-1.674,1.852,1.287,148.8,0.0,0.0,,,
2026-09-08 04:18:23.969,dummy,-1.702,1.869,1.286,150.0,0.0,0.0,,,
2026-09-08 04:18:24.020,dummy,-1.73,1.884,1.286,151.3,0.0,0.0,,,
2026-09-08 04:18:24.072,dummy,-1.757,1.899,1.285,152.7,0.0,0.0,,,
2026-09-08 04:18:24.124,dummy,-1.785,1.913,1.285,154.2,0.0,0.0,,,
2026-09-08 04:18:24.176,dummy,-1.813,1.926,1.284,155.7,0.0,0.0,,,
2026-09-08 04:18:24.228,dummy,-1.84,1.938,1.284,157.3,0.0,0.0,,,
2026-09-08 04:18:24.279,dummy,-1.867,1.948,1.283,159.0,0.0,0.0,,,
2026-09-08 04:18:24.331,dummy,-1.893,1.958,1.283,160.7,0.0,0.0,,,
2026-09-08 04:18:24.382,dummy,-1.919,1.967,1.282,162.5,0.0,0.0,,,
2026-09-08 04:18:24.434,dummy,-1.945,1.975,1.282,164.4,0.0,0.0,,,
2026-09-08 04:18:24.487,dummy,-1.971,1.981,1.281,166.4,0.0,0.0,,,
2026-09-08 04:18:24.538,dummy,-1.997,1.987,1.28,168.5,0.0,0.0,,,
2026-09-08 04:18:24.590,dummy,-2.022,1.992,1.28,170.7,0.0,0.0,,,
2026-09-08 04:18:24.642,dummy,-2.048,1.995,1.279,172.9,0.0,0.0,,,
2026-09-08 04:18:24.693,dummy,-2.072,1.998,1.278,175.2,0.0,0.0,,,
2026-09-08 04:18:24.744,dummy,-2.097,1.999,1.278,177.5,0.0,0.0,,,
2026-09-08 04:18:24.797,dummy,-2.121,2.0,1.277,180.0,0.0,0.0,,,
2026-09-08 04:18:24.848,dummy,-2.145,1.999,1.277,182.5,0.0,0.0,,,
2026-09-08 04:18:24.900,dummy,-2.169,1.998,1.276,185.0,0.0,0.0,,,
2026-09-08 04:18:24.951,dummy,-2.192,1.995,1.275,187.5,0.0,0.0,,,
2026-09-08 04:18:25.003,dummy,-2.215,1.992,1.274,190.1,0.0,0.0,,,
2026-09-08 04:18:25.055,dummy,-2.238,1.987,1.274,192.8,0.0,0.0,,,
2026-09-08 04:18:25.107,dummy,-2.261,1.981,1.273,195.4,0.0,0.0,,,
2026-09-08 04:18:25.158,dummy,-2.283,1.975,1.272,198.0,0.0,0.0,,,
2026-09-08 04:18:25.211,dummy,-2.305,1.967,1.272,200.7,0.0,0.0,,,
2026-09-08 04:18:25.262,dummy,-2.327,1.958,1.271,203.2,0.0,0.0,,,
2026-09-08 04:18:25.315,dummy,-2.349,1.948,1.27,205.8,0.0,0.0,,,
2026-09-08 04:18:25.366,dummy,-2.37,1.938,1.269,208.3,0.0,0.0,,,
2026-09-08 04:18:25.418,dummy,-2.39,1.926,1.269,210.8,0.0,0.0,,,
2026-09-08 04:18:25.470,dummy,-2.411,1.913,1.268,213.2,0.0,0.0,,,
2026-09-08 04:18:25.522,dummy,-2.431,1.899,1.267,215.5,0.0,0.0,,,
2026-09-08 04:18:25.574,dummy,-2.451,1.884,1.266,217.8,0.0,0.0,,,
2026-09-08 04:18:25.626,dummy,-2.471,1.869,1.266,220.0,0.0,0.0,,,
2026-09-08 04:18:25.677,dummy,-2.49,1.852,1.265,222.1,0.0,0.0,,,
2026-09-08 04:18:25.729,dummy,-2.509,1.834,1.264,224.1,0.0,0.0,,,
2026-09-08 04:18:25.781,dummy,-2.527,1.816,1.263,226.1,0.0,0.0,,,
2026-09-08 04:18:25.833,dummy,-2.546,1.796,1.262,228.0,0.0,0.0,,,
2026-09-08 04:18:25.884,dummy,-2.563,1.775,1.261,229.8,0.0,0.0,,,
2026-09-08 04:18:25.936,dummy,-2.581,1.754,1.261,231.5,0.0,0.0,,,
2026-09-08 04:18:25.988,dummy,-2.598,1.732,1.26,233.2,0.0,0.0,,,
2026-09-08 04:18:26.040,dummy,-2.615,1.708,1.259,234.7,0.0,0.0,,,
2026-09-08 04:18:26.091,dummy,-2.632,1.685,1.258,236.3,0.0,0.0,,,
2026-09-08 04:18:26.144,dummy,-2.648,1.66,1.257,237.7,0.0,0.0,,,
2026-09-08 04:18:26.195,dummy,-2.664,1.633,1.256,239.1,0.0,0.0,,,
2026-09-08 04:18:26.247,dummy,-2.68,1.607,1.255,240.5,0.0,0.0,,,
2026-09-08 04:18:26.299,dummy,-2.695,1.579,1.255,241.8,0.0,0.0,,,
2026-09-08 04:18:26.351,dummy,-2.71,1.55,1.254,243.0,0.0,0.0,,,
2026-09-08 04:18:26.403,dummy,-2.724,1.521,1.253,244.2,0.0,0.0,,,
2026-09-08 04:18:26.455,dummy,-2.738,1.491,1.252,245.3,0.0,0.0,,,
2026-09-08 04:18:26.506,dummy,-2.752,1.461,1.251,246.4,0.0,0.0,,,
2026-09-08 04:18:26.558,dummy,-2.765,1.429,1.25,247.4,0.0,0.0,,,
2026-09-08 04:18:26.610,dummy,-2.779,1.397,1.249,248.4,0.0,0.0,,,
2026-09-08 04:18:26.662,dummy,-2.791,1.364,1.248,249.4,0.0,0.0,,,
2026-09-08 04:18:26.713,dummy,-2.804,1.33,1.247,250.3,0.0,0.0,,,
2026-09-08 04:18:26.765,dummy,-2.816,1.296,1.246,251.2,0.0,0.0,,,
2026-09-08 04:18:26.817,dummy,-2.827,1.26,1.245,252.1,0.0,0.0,,,
2026-09-08 04:18:26.869,dummy,-2.839,1.225,1.244,252.9,0.0,0.0,,,
2026-09-08 04:18:26.921,dummy,-2.849,1.189,1.243,253.7,0.0,0.0,,,
2026-09-08 04:18:26.973,dummy,-2.86,1.152,1.242,254.5,0.0,0.0,,,
2026-09-08 04:18:27.025,dummy,-2.87,1.114,1.241,255.3,0.0,0.0,,,
2026-09-08 04:18:27.077,dummy,-2.88,1.075,1.24,256.0,0.0,0.0,,,
2026-09-08 04:18:27.128,dummy,-2.889,1.037,1.239,256.7,0.0,0.0,,,
2026-09-08 04:18:27.180,dummy,-2.898,0.997,1.238,257.4,0.0,0.0,,,
2026-09-08 04:18:27.232,dummy,-2.907,0.958,1.237,258.1,0.0,0.0,,,
2026-09-08 04:18:27.283,dummy,-2.915,0.918,1.236,258.7,0.0,0.0,,,
2026-09-08 04:18:27.335,dummy,-2.923,0.877,1.235,259.4,0.0,0.0,,,
2026-09-08 04:18:27.386,dummy,-2.93,0.836,1.234,260.0,0.0,0.0,,,
2026-09-08 04:18:27.438,dummy,-2.938,0.795,1.233,260.6,0.0,0.0,,,
2026-09-08 04:18:27.490,dummy,-2.944,0.753,1.232,261.2,0.0,0.0,,,
2026-09-08 04:18:27.542,dummy,-2.951,0.71,1.23,261.8,0.0,0.0,,,
2026-09-08 04:18:27.593,dummy,-2.957,0.668,1.229,262.3,0.0,0.0,,,
2026-09-08 04:18:27.646,dummy,-2.962,0.624,1.228,262.9,0.0,0.0,,,
2026-09-08 04:18:27.698,dummy,-2.968,0.581,1.227,263.4,0.0,0.0,,,
2026-09-08 04:18:27.749,dummy,-2.972,0.537,1.226,264.0,0.0,0.0,,,
2026-09-08 04:18:27.801,dummy,-2.977,0.493,1.225,264.5,0.0,0.0,,,
2026-09-08 04:18:27.854,dummy,-2.981,0.448,1.224,265.0,0.0,0.0,,,
2026-09-08 04:18:27.905,dummy,-2.985,0.404,1.223,265.6,0.0,0.0,,,
2026-09-08 04:18:27.956,dummy,-2.988,0.36,1.221,266.1,0.0,0.0,,,
2026-09-08 04:18:28.008,dummy,-2.991,0.315,1.22,266.6,0.0,0.0,,,
2026-09-08 04:18:28.059,dummy,-2.993,0.27,1.219,267.1,0.0,0.0,,,
2026-09-08 04:18:28.111,dummy,-2.995,0.225,1.218,267.6,0.0,0.0,,,
2026-09-08 04:18:28.163,dummy,-2.997,0.18,1.217,268.1,0.0,0.0,,,
2026-09-08 04:18:28.215,dummy,-2.998,0.134,1.216,268.6,0.0,0.0,,,
2026-09-08 04:18:28.266,dummy,-2.999,0.089,1.214,269.0,0.0,0.0,,,
2026-09-08 04:18:28.317,dummy,-3.0,0.044,1.213,269.5,0.0,0.0,,,
2026-09-08 04:18:28.369,dummy,-3.0,-0.001,1.212,270.0,0.0,0.0,,,
2026-09-08 04:18:28.420,dummy,-3.0,-0.047,1.211,270.5,0.0,0.0,,,
2026-09-08 04:18:28.471,dummy,-2.999,-0.092,1.21,271.0,0.0,0.0,,,
2026-09-08 04:18:28.523,dummy,-2.998,-0.137,1.208,271.5,0.0,0.0,,,
2026-09-08 04:18:28.575,dummy,-2.997,-0.183,1.207,272.0,0.0,0.0,,,
2026-09-08 04:18:28.627,dummy,-2.995,-0.228,1.206,272.5,0.0,0.0,,,
2026-09-08 04:18:28.679,dummy,-2.993,-0.273,1.205,273.0,0.0,0.0,,,
2026-09-08 04:18:28.730,dummy,-2.99,-0.319,1.203,273.5,0.0,0.0,,,
2026-09-08 04:18:28.782,dummy,-2.987,-0.363,1.202,274.0,0.0,0.0,,,
2026-09-08 04:18:28.834,dummy,-2.984,-0.408,1.201,274.5,0.0,0.0,,,
2026-09-08 04:18:28.886,dummy,-2.981,-0.452,1.2,275.0,0.0,0.0,,,
2026-09-08 04:18:28.937,dummy,-2.976,-0.497,1.198,275.5,0.0,0.0,,,
2026-09-08 04:18:28.990,dummy,-2.972,-0.541,1.197,276.1,0.0,0.0,,,
2026-09-08 04:18:29.041,dummy,-2.967,-0.585,1.196,276.6,0.0,0.0,,,
2026-09-08 04:18:29.092,dummy,-2.962,-0.628,1.195,277.2,0.0,0.0,,,
2026-09-08 04:18:29.144,dummy,-2.956,-0.67,1.193,277.7,0.0,0.0,,,
2026-09-08 04:18:29.196,dummy,-2.95,-0.713,1.192,278.3,0.0,0.0,,,
2026-09-08 04:18:29.247,dummy,-2.944,-0.755,1.191,278.9,0.0,0.0,,,
2026-09-08 04:18:29.299,dummy,-2.937,-0.797,1.189,279.4,0.0,0.0,,,
2026-09-08 04:18:29.351,dummy,-2.93,-0.839,1.188,280.1,0.0,0.0,,,
2026-09-08 04:18:29.402,dummy,-2.922,-0.88,1.187,280.7,0.0,0.0,,,
2026-09-08 04:18:29.454,dummy,-2.915,-0.92,1.185,281.3,0.0,0.0,,,
2026-09-08 04:18:29.506,dummy,-2.906,-0.961,1.184,282.0,0.0,0.0,,,
2026-09-08 04:18:29.560,dummy,-2.898,-1.001,1.183,282.6,0.0,0.0,,,
2026-09-08 04:18:29.611,dummy,-2.888,-1.041,1.181,283.4,0.0,0.0,,,
2026-09-08 04:18:29.663,dummy,-2.879,-1.08,1.18,284.1,0.0,0.0,,,
2026-09-08 04:18:29.715,dummy,-2.869,-1.118,1.178,284.8,0.0,0.0,,,
2026-09-08 04:18:29.766,dummy,-2.859,-1.155,1.177,285.5,0.0,0.0,,,
2026-09-08 04:18:29.817,dummy,-2.849,-1.191,1.176,286.3,0.0,0.0,,,
2026-09-08 04:18:29.869,dummy,-2.838,-1.228,1.174,287.1,0.0,0.0,,,
2026-09-08 04:18:29.921,dummy,-2.826,-1.263,1.173,288.0,0.0,0.0,,,
2026-09-08 04:18:29.972,dummy,-2.815,-1.298,1.172,288.8,0.0,0.0,,,
2026-09-08 04:18:30.024,dummy,-2.803,-1.332,1.17,289.7,0.0,0.0,,,
2026-09-08 04:18:30.076,dummy,-2.79,-1.366,1.169,290.7,0.0,0.0,,,
2026-09-08 04:18:30.127,dummy,-2.778,-1.399,1.167,291.6,0.0,0.0,,,
2026-09-08 04:18:30.179,dummy,-2.765,-1.431,1.166,292.6,0.0,0.0,,,
2026-09-08 04:18:30.231,dummy,-2.751,-1.462,1.165,293.7,0.0,0.0,,,
2026-09-08 04:18:30.282,dummy,-2.738,-1.493,1.163,294.8,0.0,0.0,,,
2026-09-08 04:18:30.334,dummy,-2.723,-1.523,1.162,295.9,0.0,0.0,,,
2026-09-08 04:18:30.385,dummy,-2.709,-1.552,1.16,297.1,0.0,0.0,,,
2026-09-08 04:18:30.437,dummy,-2.694,-1.58,1.159,298.3,0.0,0.0,,,
2026-09-08 04:18:30.488,dummy,-2.679,-1.607,1.157,299.6,0.0,0.0,,,
2026-09-08 04:18:30.539,dummy,-2.664,-1.634,1.156,300.9,0.0,0.0,,,
2026-09-08 04:18:30.595,dummy,-2.648,-1.659,1.154,302.3,0.0,0.0,,,
2026-09-08 04:18:30.647,dummy,-2.631,-1.686,1.153,303.8,0.0,0.0,,,
2026-09-08 04:18:30.698,dummy,-2.614,-1.71,1.151,305.4,0.0,0.0,,,
2026-09-08 04:18:30.751,dummy,-2.597,-1.733,1.15,307.0,0.0,0.0,,,
2026-09-08 04:18:30.802,dummy,-2.58,-1.756,1.148,308.6,0.0,0.0,,,
2026-09-08 04:18:30.853,dummy,-2.562,-1.777,1.147,310.4,0.0,0.0,,,
2026-09-08 04:18:30.905,dummy,-2.544,-1.797,1.145,312.2,0.0,0.0,,,
2026-09-08 04:18:30.957,dummy,-2.526,-1.817,1.144,314.1,0.0,0.0,,,
2026-09-08 04:18:31.008,dummy,-2.508,-1.835,1.142,316.0,0.0,0.0,,,
2026-09-08 04:18:31.060,dummy,-2.489,-1.853,1.141,318.1,0.0,0.0,,,
2026-09-08 04:18:31.112,dummy,-2.469,-1.87,1.139,320.2,0.0,0.0,,,
2026-09-08 04:18:31.164,dummy,-2.45,-1.885,1.138,322.4,0.0,0.0,,,
2026-09-08 04:18:31.215,dummy,-2.43,-1.9,1.136,324.6,0.0,0.0,,,
2026-09-08 04:18:31.267,dummy,-2.41,-1.914,1.135,326.9,0.0,0.0,,,
2026-09-08 04:18:31.318,dummy,-2.39,-1.926,1.133,329.3,0.0,0.0,,,
2026-09-08 04:18:31.369,dummy,-2.369,-1.938,1.132,331.8,0.0,0.0,,,
2026-09-08 04:18:31.426,dummy,-2.346,-1.95,1.13,334.5,0.0,0.0,,,
2026-09-08 04:18:31.480,dummy,-2.324,-1.96,1.129,337.2,0.0,0.0,,,
2026-09-08 04:18:31.533,dummy,-2.301,-1.968,1.127,339.8,0.0,0.0,,,
2026-09-08 04:18:31.585,dummy,-2.279,-1.976,1.125,342.4,0.0,0.0,,,
2026-09-08 04:18:31.637,dummy,-2.257,-1.983,1.124,345.1,0.0,0.0,,,
2026-09-08 04:18:31.688,dummy,-2.234,-1.988,1.122,347.7,0.0,0.0,,,
2026-09-08 04:18:31.740,dummy,-2.211,-1.992,1.121,350.3,0.0,0.0,,,
2026-09-08 04:18:31.792,dummy,-2.188,-1.996,1.119,352.9,0.0,0.0,,,
2026-09-08 04:18:31.844,dummy,-2.164,-1.998,1.118,355.5,0.0,0.0,,,
2026-09-08 04:18:31.896,dummy,-2.141,-2.0,1.116,358.0,0.0,0.0,,,
2026-09-08 04:18:31.947,dummy,-2.116,-2.0,1.114,0.5,0.0,0.0,,,
2026-09-08 04:18:31.999,dummy,-2.092,-1.999,1.113,2.9,0.0,0.0,,,
2026-09-08 04:18:32.050,dummy,-2.068,-1.998,1.111,5.2,0.0,0.0,,,
2026-09-08 04:18:32.102,dummy,-2.043,-1.995,1.11,7.5,0.0,0.0,,,
2026-09-08 04:18:32.154,dummy,-2.018,-1.991,1.108,9.8,0.0,0.0,,,
2026-09-08 04:18:32.205,dummy,-1.992,-1.986,1.107,11.9,0.0,0.0,,,
2026-09-08 04:18:32.257,dummy,-1.967,-1.98,1.105,13.9,0.0,0.0,,,
2026-09-08 04:18:32.308,dummy,-1.941,-1.973,1.103,15.9,0.0,0.0,,,
2026-09-08 04:18:32.360,dummy,-1.915,-1.965,1.102,17.8,0.0,0.0,,,
2026-09-08 04:18:32.411,dummy,-1.889,-1.957,1.1,19.6,0.0,0.0,,,
2026-09-08 04:18:32.462,dummy,-1.863,-1.947,1.099,21.3,0.0,0.0,,,
2026-09-08 04:18:32.514,dummy,-1.836,-1.936,1.097,23.0,0.0,0.0,,,
2026-09-08 04:18:32.566,dummy,-1.808,-1.924,1.095,24.5,0.0,0.0,,,
2026-09-08 04:18:32.618,dummy,-1.781,-1.911,1.094,26.1,0.0,0.0,,,
2026-09-08 04:18:32.670,dummy,-1.754,-1.897,1.092,27.5,0.0,0.0,,,
2026-09-08 04:18:32.723,dummy,-1.725,-1.882,1.09,28.9,0.0,0.0,,,
2026-09-08 04:18:32.774,dummy,-1.697,-1.866,1.089,30.2,0.0,0.0,,,
2026-09-08 04:18:32.826,dummy,-1.669,-1.849,1.087,31.4,0.0,0.0,,,
2026-09-08 04:18:32.878,dummy,-1.64,-1.831,1.086,32.6,0.0,0.0,,,
2026-09-08 04:18:32.930,dummy,-1.611,-1.812,1.084,33.8,0.0,0.0,,,
2026-09-08 04:18:32.981,dummy,-1.583,-1.793,1.082,34.8,0.0,0.0,,,
2026-09-08 04:18:33.033,dummy,-1.554,-1.772,1.081,35.9,0.0,0.0,,,
2026-09-08 04:18:33.085,dummy,-1.524,-1.75,1.079,36.8,0.0,0.0,,,
2026-09-08 04:18:33.136,dummy,-1.495,-1.728,1.077,37.8,0.0,0.0,,,
2026-09-08 04:18:33.188,dummy,-1.465,-1.705,1.076,38.6,0.0,0.0,,,
2026-09-08 04:18:33.240,dummy,-1.435,-1.68,1.074,39.5,0.0,0.0,,,
2026-09-08 04:18:33.291,dummy,-1.405,-1.655,1.072,40.3,0.0,0.0,,,
2026-09-08 04:18:33.343,dummy,-1.375,-1.629,1.071,41.0,0.0,0.0,,,
2026-09-08 04:18:33.395,dummy,-1.344,-1.602,1.069,41.8,0.0,0.0,,,
2026-09-08 04:18:33.447,dummy,-1.314,-1.575,1.067,42.4,0.0,0.0,,,
2026-09-08 04:18:33.499,dummy,-1.283,-1.546,1.066,43.1,0.0,0.0,,,
2026-09-08 04:18:33.550,dummy,-1.252,-1.517,1.064,43.7,0.0,0.0,,,
2026-09-08 04:18:33.602,dummy,-1.221,-1.487,1.062,44.3,0.0,0.0,,,
2026-09-08 04:18:33.653,dummy,-1.19,-1.456,1.061,44.9,0.0,0.0,,,
2026-09-08 04:18:33.705,dummy,-1.158,-1.425,1.059,45.4,0.0,0.0,,,
2026-09-08 04:18:33.757,dummy,-1.127,-1.392,1.057,45.9,0.0,0.0,,,
2026-09-08 04:18:33.809,dummy,-1.095,-1.359,1.056,46.4,0.0,0.0,,,
2026-09-08 04:18:33.861,dummy,-1.063,-1.325,1.054,46.9,0.0,0.0,,,
2026-09-08 04:18:33.914,dummy,-1.03,-1.29,1.052,47.3,0.0,0.0,,,
2026-09-08 04:18:33.965,dummy,-0.998,-1.255,1.051,47.7,0.0,0.0,,,
2026-09-08 04:18:34.017,dummy,-0.966,-1.219,1.049,48.1,0.0,0.0,,,
2026-09-08 04:18:34.069,dummy,-0.933,-1.183,1.047,48.5,0.0,0.0,,,
2026-09-08 04:18:34.121,dummy,-0.9,-1.145,1.046,48.9,0.0,0.0,,,
2026-09-08 04:18:34.173,dummy,-0.868,-1.107,1.044,49.2,0.0,0.0,,,
2026-09-08 04:18:34.225,dummy,-0.835,-1.07,1.042,49.6,0.0,0.0,,,
2026-09-08 04:18:34.276,dummy,-0.802,-1.031,1.04,49.9,0.0,0.0,,,
2026-09-08 04:18:34.333,dummy,-0.766,-0.987,1.039,50.2,0.0,0.0,,,
2026-09-08 04:18:34.385,dummy,-0.733,-0.948,1.037,50.4,0.0,0.0,,,
2026-09-08 04:18:34.437,dummy,-0.7,-0.907,1.035,50.7,0.0,0.0,,,
2026-09-08 04:18:34.489,dummy,-0.667,-0.867,1.034,50.9,0.0,0.0,,,
2026-09-08 04:18:34.541,dummy,-0.633,-0.825,1.032,51.2,0.0,0.0,,,
2026-09-08 04:18:34.592,dummy,-0.6,-0.784,1.03,51.4,0.0,0.0,,,
2026-09-08 04:18:34.644,dummy,-0.566,-0.741,1.028,51.6,0.0,0.0,,,
2026-09-08 04:18:34.695,dummy,-0.533,-0.699,1.027,51.8,0.0,0.0,,,
2026-09-08 04:18:34.747,dummy,-0.499,-0.656,1.025,51.9,0.0,0.0,,,
2026-09-08 04:18:34.799,dummy,-0.465,-0.613,1.023,52.1,0.0,0.0,,,
2026-09-08 04:18:34.851,dummy,-0.432,-0.57,1.022,52.3,0.0,0.0,,,
2026-09-08 04:18:34.902,dummy,-0.398,-0.526,1.02,52.4,0.0,0.0,,,
2026-09-08 04:18:34.954,dummy,-0.364,-0.482,1.018,52.5,0.0,0.0,,,
2026-09-08 04:18:35.006,dummy,-0.33,-0.437,1.017,52.6,0.0,0.0,,,
2026-09-08 04:18:35.057,dummy,-0.296,-0.393,1.015,52.7,0.0,0.0,,,
2026-09-08 04:18:35.109,dummy,-0.263,-0.349,1.013,52.8,0.0,0.0,,,
2026-09-08 04:18:35.160,dummy,-0.229,-0.304,1.011,52.9,0.0,0.0,,,
2026-09-08 04:18:35.211,dummy,-0.195,-0.259,1.01,53.0,0.0,0.0,,,
2026-09-08 04:18:35.263,dummy,-0.161,-0.214,1.008,53.0,0.0,0.0,,,
2026-09-08 04:18:35.315,dummy,-0.127,-0.169,1.006,53.1,0.0,0.0,,,
2026-09-08 04:18:35.366,dummy,-0.093,-0.124,1.005,53.1,0.0,0.0,,,
2026-09-08 04:18:35.418,dummy,-0.059,-0.079,1.003,53.1,0.0,0.0,,,
2026-09-08 04:18:35.471,dummy,-0.024,-0.032,1.001,53.1,0.0,0.0,,,
2026-09-08 04:18:35.522,dummy,0.01,0.014,0.999,53.1,0.0,0.0,,,
2026-09-08 04:18:35.574,dummy,0.044,0.059,0.998,53.1,0.0,0.0,,,
2026-09-08 04:18:35.626,dummy,0.078,0.105,0.996,53.1,0.0,0.0,,,
2026-09-08 04:18:35.678,dummy,0.113,0.15,0.994,53.1,0.0,0.0,,,
2026-09-08 04:18:35.730,dummy,0.147,0.196,0.993,53.0,0.0,0.0,,,
2026-09-08 04:18:35.782,dummy,0.181,0.241,0.991,53.0,0.0,0.0,,,
2026-09-08 04:18:35.834,dummy,0.216,0.287,0.989,52.9,0.0,0.0,,,
2026-09-08 04:18:35.886,dummy,0.25,0.332,0.988,52.8,0.0,0.0,,,
2026-09-08 04:18:35.937,dummy,0.284,0.376,0.986,52.8,0.0,0.0,,,
2026-09-08 04:18:35.989,dummy,0.318,0.421,0.984,52.7,0.0,0.0,,,
2026-09-08 04:18:36.041,dummy,0.351,0.465,0.982,52.6,0.0,0.0,,,
2026-09-08 04:18:36.093,dummy,0.385,0.509,0.981,52.4,0.0,0.0,,,
2026-09-08 04:18:36.144,dummy,0.419,0.553,0.979,52.3,0.0,0.0,,,
2026-09-08 04:18:36.195,dummy,0.453,0.596,0.977,52.2,0.0,0.0,,,
2026-09-08 04:18:36.247,dummy,0.487,0.64,0.976,52.0,0.0,0.0,,,
2026-09-08 04:18:36.298,dummy,0.52,0.683,0.974,51.8,0.0,0.0,,,
2026-09-08 04:18:36.350,dummy,0.553,0.725,0.972,51.7,0.0,0.0,,,
2026-09-08 04:18:36.401,dummy,0.586,0.767,0.971,51.5,0.0,0.0,,,
2026-09-08 04:18:36.453,dummy,0.62,0.809,0.969,51.3,0.0,0.0,,,
2026-09-08 04:18:36.506,dummy,0.653,0.85,0.967,51.0,0.0,0.0,,,
2026-09-08 04:18:36.558,dummy,0.687,0.892,0.965,50.8,0.0,0.0,,,
2026-09-08 04:18:36.609,dummy,0.72,0.932,0.964,50.5,0.0,0.0,,,
2026-09-08 04:18:36.660,dummy,0.753,0.972,0.962,50.3,0.0,0.0,,,
2026-09-08 04:18:36.711,dummy,0.786,1.011,0.96,50.0,0.0,0.0,,,
2026-09-08 04:18:36.763,dummy,0.818,1.05,0.959,49.7,0.0,0.0,,,
2026-09-08 04:18:36.814,dummy,0.851,1.088,0.957,49.4,0.0,0.0,,,
2026-09-08 04:18:36.865,dummy,0.883,1.126,0.955,49.1,0.0,0.0,,,
2026-09-08 04:18:36.917,dummy,0.916,1.163,0.954,48.7,0.0,0.0,,,
2026-09-08 04:18:36.969,dummy,0.948,1.199,0.952,48.4,0.0,0.0,,,
2026-09-08 04:18:37.021,dummy,0.981,1.236,0.95,48.0,0.0,0.0,,,
2026-09-08 04:18:37.072,dummy,1.013,1.271,0.949,47.6,0.0,0.0,,,
2026-09-08 04:18:37.124,dummy,1.045,1.306,0.947,47.1,0.0,0.0,,,
2026-09-08 04:18:37.175,dummy,1.077,1.34,0.945,46.7,0.0,0.0,,,
2026-09-08 04:18:37.226,dummy,1.108,1.373,0.944,46.2,0.0,0.0,,,
2026-09-08 04:18:37.278,dummy,1.139,1.405,0.942,45.7,0.0,0.0,,,
2026-09-08 04:18:37.329,dummy,1.171,1.437,0.94,45.2,0.0,0.0,,,
2026-09-08 04:18:37.383,dummy,1.203,1.47,0.939,44.6,0.0,0.0,,,
2026-09-08 04:18:37.435,dummy,1.234,1.5,0.937,44.1,0.0,0.0,,,
2026-09-08 04:18:37.488,dummy,1.266,1.53,0.935,43.4,0.0,0.0,,,
2026-09-08 04:18:37.540,dummy,1.297,1.559,0.933,42.8,0.0,0.0,,,
2026-09-08 04:18:37.592,dummy,1.328,1.588,0.932,42.1,0.0,0.0,,,
2026-09-08 04:18:37.644,dummy,1.359,1.615,0.93,41.4,0.0,0.0,,,
2026-09-08 04:18:37.696,dummy,1.389,1.642,0.928,40.7,0.0,0.0,,,
2026-09-08 04:18:37.748,dummy,1.42,1.667,0.927,39.9,0.0,0.0,,,
2026-09-08 04:18:37.799,dummy,1.449,1.692,0.925,39.1,0.0,0.0,,,
2026-09-08 04:18:37.850,dummy,1.479,1.716,0.924,38.2,0.0,0.0,,,
2026-09-08 04:18:37.902,dummy,1.509,1.739,0.922,37.3,0.0,0.0,,,
2026-09-08 04:18:37.953,dummy,1.538,1.76,0.92,36.4,0.0,0.0,,,
2026-09-08 04:18:38.005,dummy,1.567,1.781,0.919,35.4,0.0,0.0,,,
2026-09-08 04:18:38.056,dummy,1.596,1.802,0.917,34.4,0.0,0.0,,,
2026-09-08 04:18:38.108,dummy,1.624,1.821,0.915,33.3,0.0,0.0,,,
2026-09-08 04:18:38.160,dummy,1.653,1.839,0.914,32.1,0.0,0.0,,,
2026-09-08 04:18:38.212,dummy,1.681,1.857,0.912,30.9,0.0,0.0,,,
2026-09-08 04:18:38.264,dummy,1.71,1.873,0.91,29.6,0.0,0.0,,,
2026-09-08 04:18:38.317,dummy,1.739,1.889,0.909,28.2,0.0,0.0,,,
2026-09-08 04:18:38.369,dummy,1.767,1.904,0.907,26.8,0.0,0.0,,,
2026-09-08 04:18:38.420,dummy,1.794,1.917,0.905,25.4,0.0,0.0,,,
2026-09-08 04:18:38.472,dummy,1.821,1.93,0.904,23.8,0.0,0.0,,,
2026-09-08 04:18:38.524,dummy,1.848,1.941,0.902,22.2,0.0,0.0,,,
2026-09-08 04:18:38.575,dummy,1.875,1.951,0.901,20.5,0.0,0.0,,,
2026-09-08 04:18:38.627,dummy,1.901,1.961,0.899,18.7,0.0,0.0,,,
2026-09-08 04:18:38.678,dummy,1.927,1.969,0.897,16.9,0.0,0.0,,,
2026-09-08 04:18:38.730,dummy,1.953,1.977,0.896,15.0,0.0,0.0,,,
2026-09-08 04:18:38.782,dummy,1.979,1.983,0.894,13.0,0.0,0.0,,,
2026-09-08 04:18:38.833,dummy,2.005,1.989,0.893,10.9,0.0,0.0,,,
2026-09-08 04:18:38.885,dummy,2.03,1.993,0.891,8.7,0.0,0.0,,,
2026-09-08 04:18:38.936,dummy,2.055,1.996,0.889,6.4,0.0,0.0,,,
2026-09-08 04:18:38.989,dummy,2.08,1.998,0.888,4.1,0.0,0.0,,,
2026-09-08 04:18:39.041,dummy,2.104,2.0,0.886,1.7,0.0,0.0,,,
2026-09-08 04:18:39.093,dummy,2.129,2.0,0.885,359.3,0.0,0.0,,,
2026-09-08 04:18:39.145,dummy,2.153,1.999,0.883,356.7,0.0,0.0,,,
2026-09-08 04:18:39.196,dummy,2.176,1.997,0.882,354.2,0.0,0.0,,,
2026-09-08 04:18:39.248,dummy,2.2,1.994,0.88,351.6,0.0,0.0,,,
2026-09-08 04:18:39.300,dummy,2.223,1.99,0.878,349.0,0.0,0.0,,,
2026-09-08 04:18:39.352,dummy,2.246,1.985,0.877,346.4,0.0,0.0,,,
2026-09-08 04:18:39.404,dummy,2.268,1.979,0.875,343.7,0.0,0.0,,,
2026-09-08 04:18:39.456,dummy,2.29,1.972,0.874,341.1,0.0,0.0,,,
2026-09-08 04:18:39.508,dummy,2.312,1.964,0.872,338.5,0.0,0.0,,,
2026-09-08 04:18:39.560,dummy,2.334,1.955,0.871,335.9,0.0,0.0,,,
2026-09-08 04:18:39.611,dummy,2.355,1.945,0.869,333.4,0.0,0.0,,,
2026-09-08 04:18:39.664,dummy,2.376,1.934,0.868,330.9,0.0,0.0,,,
2026-09-08 04:18:39.720,dummy,2.399,1.92,0.866,328.2,0.0,0.0,,,
2026-09-08 04:18:39.773,dummy,2.42,1.907,0.864,325.8,0.0,0.0,,,
2026-09-08 04:18:39.827,dummy,2.441,1.892,0.863,323.4,0.0,0.0,,,
2026-09-08 04:18:39.879,dummy,2.461,1.877,0.861,321.2,0.0,0.0,,,
2026-09-08 04:18:39.931,dummy,2.48,1.861,0.86,319.0,0.0,0.0,,,
2026-09-08 04:18:39.982,dummy,2.499,1.843,0.858,316.9,0.0,0.0,,,
2026-09-08 04:18:40.034,dummy,2.518,1.825,0.857,314.9,0.0,0.0,,,
2026-09-08 04:18:40.086,dummy,2.536,1.806,0.855,313.0,0.0,0.0,,,
2026-09-08 04:18:40.142,dummy,2.554,1.786,0.854,311.2,0.0,0.0,,,
2026-09-08 04:18:40.194,dummy,2.574,1.763,0.852,309.2,0.0,0.0,,,
2026-09-08 04:18:40.245,dummy,2.591,1.742,0.851,307.6,0.0,0.0,,,
2026-09-08 04:18:40.297,dummy,2.608,1.719,0.849,305.9,0.0,0.0,,,
2026-09-08 04:18:40.348,dummy,2.625,1.695,0.848,304.4,0.0,0.0,,,
2026-09-08 04:18:40.400,dummy,2.641,1.67,0.846,302.9,0.0,0.0,,,
2026-09-08 04:18:40.452,dummy,2.657,1.645,0.845,301.5,0.0,0.0,,,
2026-09-08 04:18:40.503,dummy,2.672,1.619,0.843,300.1,0.0,0.0,,,
2026-09-08 04:18:40.555,dummy,2.688,1.592,0.842,298.8,0.0,0.0,,,
2026-09-08 04:18:40.606,dummy,2.703,1.564,0.84,297.6,0.0,0.0,,,
2026-09-08 04:18:40.657,dummy,2.717,1.536,0.839,296.4,0.0,0.0,,,
2026-09-08 04:18:40.709,dummy,2.732,1.506,0.838,295.2,0.0,0.0,,,
2026-09-08 04:18:40.762,dummy,2.746,1.475,0.836,294.1,0.0,0.0,,,
2026-09-08 04:18:40.814,dummy,2.759,1.444,0.835,293.1,0.0,0.0,,,
2026-09-08 04:18:40.865,dummy,2.772,1.412,0.833,292.0,0.0,0.0,,,
2026-09-08 04:18:40.917,dummy,2.785,1.38,0.832,291.0,0.0,0.0,,,
2026-09-08 04:18:40.969,dummy,2.798,1.346,0.83,290.1,0.0,0.0,,,
2026-09-08 04:18:41.022,dummy,2.81,1.311,0.829,289.2,0.0,0.0,,,
2026-09-08 04:18:41.074,dummy,2.822,1.276,0.828,288.3,0.0,0.0,,,
2026-09-08 04:18:41.126,dummy,2.833,1.241,0.826,287.4,0.0,0.0,,,
2026-09-08 04:18:41.178,dummy,2.845,1.205,0.825,286.6,0.0,0.0,,,
2026-09-08 04:18:41.229,dummy,2.855,1.168,0.823,285.8,0.0,0.0,,,
2026-09-08 04:18:41.281,dummy,2.865,1.131,0.822,285.1,0.0,0.0,,,
2026-09-08 04:18:41.333,dummy,2.875,1.093,0.821,284.3,0.0,0.0,,,
2026-09-08 04:18:41.384,dummy,2.885,1.055,0.819,283.6,0.0,0.0,,,
2026-09-08 04:18:41.436,dummy,2.894,1.016,0.818,282.9,0.0,0.0,,,
2026-09-08 04:18:41.487,dummy,2.903,0.977,0.817,282.2,0.0,0.0,,,
2026-09-08 04:18:41.539,dummy,2.911,0.937,0.815,281.6,0.0,0.0,,,
2026-09-08 04:18:41.590,dummy,2.919,0.897,0.814,280.9,0.0,0.0,,,
2026-09-08 04:18:41.642,dummy,2.927,0.856,0.813,280.3,0.0,0.0,,,
2026-09-08 04:18:41.693,dummy,2.934,0.815,0.811,279.7,0.0,0.0,,,
2026-09-08 04:18:41.745,dummy,2.941,0.773,0.81,279.1,0.0,0.0,,,
2026-09-08 04:18:41.797,dummy,2.948,0.731,0.809,278.5,0.0,0.0,,,
2026-09-08 04:18:41.849,dummy,2.954,0.688,0.807,277.9,0.0,0.0,,,
2026-09-08 04:18:41.900,dummy,2.96,0.645,0.806,277.4,0.0,0.0,,,
2026-09-08 04:18:41.952,dummy,2.965,0.602,0.805,276.8,0.0,0.0,,,
2026-09-08 04:18:42.004,dummy,2.97,0.559,0.803,276.3,0.0,0.0,,,
2026-09-08 04:18:42.056,dummy,2.975,0.514,0.802,275.7,0.0,0.0,,,
2026-09-08 04:18:42.108,dummy,2.979,0.47,0.801,275.2,0.0,0.0,,,
2026-09-08 04:18:42.160,dummy,2.983,0.426,0.8,274.7,0.0,0.0,,,
2026-09-08 04:18:42.211,dummy,2.986,0.382,0.798,274.2,0.0,0.0,,,
2026-09-08 04:18:42.262,dummy,2.989,0.337,0.797,273.7,0.0,0.0,,,
2026-09-08 04:18:42.314,dummy,2.992,0.292,0.796,273.2,0.0,0.0,,,
2026-09-08 04:18:42.365,dummy,2.994,0.247,0.795,272.7,0.0,0.0,,,
2026-09-08 04:18:42.417,dummy,2.996,0.202,0.793,272.2,0.0,0.0,,,
2026-09-08 04:18:42.468,dummy,2.998,0.157,0.792,271.7,0.0,0.0,,,
2026-09-08 04:18:42.520,dummy,2.999,0.112,0.791,271.2,0.0,0.0,,,
2026-09-08 04:18:42.572,dummy,3.0,0.066,0.79,270.7,0.0,0.0,,,
2026-09-08 04:18:42.623,dummy,3.0,0.021,0.788,270.2,0.0,0.0,,,
2026-09-08 04:18:42.675,dummy,3.0,-0.024,0.787,269.7,0.0,0.0,,,
2026-09-08 04:18:42.727,dummy,3.0,-0.07,0.786,269.2,0.0,0.0,,,
2026-09-08 04:18:42.779,dummy,2.999,-0.115,0.785,268.8,0.0,0.0,,,
2026-09-08 04:18:42.830,dummy,2.998,-0.161,0.784,268.3,0.0,0.0,,,
2026-09-08 04:18:42.881,dummy,2.996,-0.206,0.782,267.8,0.0,0.0,,,
2026-09-08 04:18:42.933,dummy,2.994,-0.251,0.781,267.3,0.0,0.0,,,
2026-09-08 04:18:42.984,dummy,2.992,-0.296,0.78,266.8,0.0,0.0,,,
2026-09-08 04:18:43.036,dummy,2.989,-0.341,0.779,266.3,0.0,0.0,,,
2026-09-08 04:18:43.088,dummy,2.986,-0.385,0.778,265.8,0.0,0.0,,,
2026-09-08 04:18:43.139,dummy,2.982,-0.43,0.777,265.3,0.0,0.0,,,
2026-09-08 04:18:43.193,dummy,2.978,-0.475,0.776,264.7,0.0,0.0,,,
2026-09-08 04:18:43.244,dummy,2.974,-0.519,0.774,264.2,0.0,0.0,,,
2026-09-08 04:18:43.296,dummy,2.969,-0.564,0.773,263.7,0.0,0.0,,,
2026-09-08 04:18:43.348,dummy,2.964,-0.607,0.772,263.1,0.0,0.0,,,
2026-09-08 04:18:43.399,dummy,2.959,-0.65,0.771,262.6,0.0,0.0,,,
2026-09-08 04:18:43.451,dummy,2.953,-0.693,0.77,262.0,0.0,0.0,,,
2026-09-08 04:18:43.503,dummy,2.947,-0.735,0.769,261.4,0.0,0.0,,,
2026-09-08 04:18:43.555,dummy,2.94,-0.778,0.768,260.8,0.0,0.0,,,
2026-09-08 04:18:43.606,dummy,2.933,-0.819,0.767,260.2,0.0,0.0,,,
2026-09-08 04:18:43.658,dummy,2.926,-0.86,0.766,259.6,0.0,0.0,,,
2026-09-08 04:18:43.709,dummy,2.918,-0.901,0.765,259.0,0.0,0.0,,,
2026-09-08 04:18:43.761,dummy,2.91,-0.941,0.764,258.3,0.0,0.0,,,
2026-09-08 04:18:43.813,dummy,2.902,-0.982,0.762,257.7,0.0,0.0,,,
2026-09-08 04:18:43.864,dummy,2.893,-1.021,0.761,257.0,0.0,0.0,,,
2026-09-08 04:18:43.916,dummy,2.884,-1.06,0.76,256.3,0.0,0.0,,,
2026-09-08 04:18:43.968,dummy,2.874,-1.098,0.759,255.6,0.0,0.0,,,
2026-09-08 04:18:44.020,dummy,2.864,-1.136,0.758,254.8,0.0,0.0,,,
2026-09-08 04:18:44.072,dummy,2.854,-1.173,0.757,254.1,0.0,0.0,,,
2026-09-08 04:18:44.124,dummy,2.843,-1.21,0.756,253.3,0.0,0.0,,,
2026-09-08 04:18:44.176,dummy,2.832,-1.246,0.755,252.4,0.0,0.0,,,
2026-09-08 04:18:44.227,dummy,2.821,-1.281,0.754,251.6,0.0,0.0,,,
2026-09-08 04:18:44.279,dummy,2.809,-1.316,0.753,250.7,0.0,0.0,,,
2026-09-08 04:18:44.330,dummy,2.797,-1.35,0.752,249.8,0.0,0.0,,,
2026-09-08 04:18:44.382,dummy,2.784,-1.383,0.751,248.9,0.0,0.0,,,
2026-09-08 04:18:44.433,dummy,2.771,-1.415,0.751,247.9,0.0,0.0,,,
2026-09-08 04:18:44.485,dummy,2.758,-1.447,0.75,246.9,0.0,0.0,,,
2026-09-08 04:18:44.536,dummy,2.744,-1.478,0.749,245.8,0.0,0.0,,,
2026-09-08 04:18:44.588,dummy,2.731,-1.508,0.748,244.7,0.0,0.0,,,
2026-09-08 04:18:44.640,dummy,2.716,-1.538,0.747,243.5,0.0,0.0,,,
2026-09-08 04:18:44.692,dummy,2.701,-1.566,0.746,242.3,0.0,0.0,,,
2026-09-08 04:18:44.744,dummy,2.686,-1.594,0.745,241.1,0.0,0.0,,,
2026-09-08 04:18:44.795,dummy,2.671,-1.621,0.744,239.8,0.0,0.0,,,
2026-09-08 04:18:44.847,dummy,2.655,-1.647,0.743,238.4,0.0,0.0,,,
2026-09-08 04:18:44.898,dummy,2.64,-1.673,0.742,237.0,0.0,0.0,,,
2026-09-08 04:18:44.950,dummy,2.623,-1.697,0.741,235.5,0.0,0.0,,,
2026-09-08 04:18:45.002,dummy,2.606,-1.721,0.741,233.9,0.0,0.0,,,
2026-09-08 04:18:45.054,dummy,2.589,-1.744,0.74,232.3,0.0,0.0,,,
2026-09-08 04:18:45.107,dummy,2.572,-1.766,0.739,230.6,0.0,0.0,,,
2026-09-08 04:18:45.159,dummy,2.554,-1.787,0.738,228.8,0.0,0.0,,,
2026-09-08 04:18:45.210,dummy,2.535,-1.807,0.737,226.9,0.0,0.0,,,
2026-09-08 04:18:45.262,dummy,2.517,-1.826,0.736,225.0,0.0,0.0,,,
2026-09-08 04:18:45.313,dummy,2.499,-1.844,0.736,223.0,0.0,0.0,,,
2026-09-08 04:18:45.366,dummy,2.479,-1.861,0.735,220.9,0.0,0.0,,,
2026-09-08 04:18:45.417,dummy,2.46,-1.878,0.734,218.7,0.0,0.0,,,
2026-09-08 04:18:45.469,dummy,2.44,-1.893,0.733,216.5,0.0,0.0,,,
2026-09-08 04:18:45.521,dummy,2.42,-1.907,0.732,214.2,0.0,0.0,,,
2026-09-08 04:18:45.575,dummy,2.4,-1.92,0.732,211.9,0.0,0.0,,,
2026-09-08 04:18:45.626,dummy,2.378,-1.933,0.731,209.4,0.0,0.0,,,
2026-09-08 04:18:45.678,dummy,2.357,-1.944,0.73,206.9,0.0,0.0,,,
2026-09-08 04:18:45.729,dummy,2.336,-1.954,0.729,204.3,0.0,0.0,,,
2026-09-08 04:18:45.781,dummy,2.315,-1.963,0.729,201.8,0.0,0.0,,,
2026-09-08 04:18:45.833,dummy,2.293,-1.971,0.728,199.2,0.0,0.0,,,
2026-09-08 04:18:45.884,dummy,2.271,-1.979,0.727,196.6,0.0,0.0,,,
2026-09-08 04:18:45.936,dummy,2.248,-1.985,0.727,194.0,0.0,0.0,,,
2026-09-08 04:18:45.987,dummy,2.226,-1.99,0.726,191.4,0.0,0.0,,,
2026-09-08 04:18:46.039,dummy,2.203,-1.994,0.725,188.8,0.0,0.0,,,
2026-09-08 04:18:46.090,dummy,2.18,-1.997,0.724,186.2,0.0,0.0,,,
2026-09-08 04:18:46.142,dummy,2.156,-1.999,0.724,183.6,0.0,0.0,,,
2026-09-08 04:18:46.194,dummy,2.132,-2.0,0.723,181.1,0.0,0.0,,,
2026-09-08 04:18:46.245,dummy,2.108,-2.0,0.722,178.7,0.0,0.0,,,
2026-09-08 04:18:46.297,dummy,2.084,-1.999,0.722,176.3,0.0,0.0,,,
2026-09-08 04:18:46.348,dummy,2.059,-1.997,0.721,174.0,0.0,0.0,,,
2026-09-08 04:18:46.400,dummy,2.034,-1.994,0.721,171.7,0.0,0.0,,,
2026-09-08 04:18:46.452,dummy,2.009,-1.989,0.72,169.5,0.0,0.0,,,
2026-09-08 04:18:46.503,dummy,1.984,-1.984,0.719,167.4,0.0,0.0,,,
2026-09-08 04:18:46.555,dummy,1.958,-1.978,0.719,165.4,0.0,0.0,,,
2026-09-08 04:18:46.606,dummy,1.932,-1.971,0.718,163.5,0.0,0.0,,,
2026-09-08 04:18:46.658,dummy,1.906,-1.962,0.718,161.6,0.0,0.0,,,
2026-09-08 04:18:46.709,dummy,1.88,-1.953,0.717,159.8,0.0,0.0,,,
2026-09-08 04:18:46.761,dummy,1.853,-1.943,0.716,158.1,0.0,0.0,,,
2026-09-08 04:18:46.812,dummy,1.826,-1.932,0.716,156.5,0.0,0.0,,,
2026-09-08 04:18:46.863,dummy,1.799,-1.92,0.715,154.9,0.0,0.0,,,
2026-09-08 04:18:46.915,dummy,1.772,-1.906,0.715,153.5,0.0,0.0,,,
2026-09-08 04:18:46.967,dummy,1.744,-1.892,0.714,152.0,0.0,0.0,,,
2026-09-08 04:18:47.020,dummy,1.716,-1.876,0.714,150.6,0.0,0.0,,,
2026-09-08 04:18:47.072,dummy,1.687,-1.86,0.713,149.4,0.0,0.0,,,
2026-09-08 04:18:47.123,dummy,1.659,-1.843,0.713,148.1,0.0,0.0,,,
2026-09-08 04:18:47.174,dummy,1.631,-1.825,0.712,147.0,0.0,0.0,,,
2026-09-08 04:18:47.226,dummy,1.602,-1.806,0.712,145.9,0.0,0.0,,,
2026-09-08 04:18:47.278,dummy,1.573,-1.786,0.711,144.8,0.0,0.0,,,
2026-09-08 04:18:47.329,dummy,1.544,-1.765,0.711,143.8,0.0,0.0,,,
2026-09-08 04:18:47.381,dummy,1.515,-1.743,0.71,142.9,0.0,0.0,,,
2026-09-08 04:18:47.432,dummy,1.486,-1.721,0.71,142.0,0.0,0.0,,,
2026-09-08 04:18:47.484,dummy,1.456,-1.697,0.71,141.1,0.0,0.0,,,
2026-09-08 04:18:47.535,dummy,1.426,-1.673,0.709,140.3,0.0,0.0,,,
2026-09-08 04:18:47.587,dummy,1.396,-1.647,0.709,139.5,0.0,0.0,,,
2026-09-08 04:18:47.639,dummy,1.366,-1.621,0.708,138.8,0.0,0.0,,,
2026-09-08 04:18:47.690,dummy,1.335,-1.594,0.708,138.0,0.0,0.0,,,
2026-09-08 04:18:47.742,dummy,1.305,-1.566,0.708,137.4,0.0,0.0,,,
2026-09-08 04:18:47.795,dummy,1.273,-1.537,0.707,136.7,0.0,0.0,,,
2026-09-08 04:18:47.846,dummy,1.242,-1.508,0.707,136.1,0.0,0.0,,,
2026-09-08 04:18:47.898,dummy,1.211,-1.478,0.706,135.5,0.0,0.0,,,
2026-09-08 04:18:47.952,dummy,1.178,-1.445,0.706,134.9,0.0,0.0,,,
2026-09-08 04:18:48.006,dummy,1.145,-1.412,0.706,134.4,0.0,0.0,,,
2026-09-08 04:18:48.058,dummy,1.114,-1.379,0.705,133.9,0.0,0.0,,,
2026-09-08 04:18:48.109,dummy,1.082,-1.346,0.705,133.4,0.0,0.0,,,
2026-09-08 04:18:48.160,dummy,1.051,-1.312,0.705,132.9,0.0,0.0,,,
2026-09-08 04:18:48.212,dummy,1.019,-1.278,0.704,132.5,0.0,0.0,,,
2026-09-08 04:18:48.263,dummy,0.987,-1.243,0.704,132.1,0.0,0.0,,,
2026-09-08 04:18:48.316,dummy,0.955,-1.207,0.704,131.7,0.0,0.0,,,
2026-09-08 04:18:48.367,dummy,0.922,-1.17,0.704,131.3,0.0,0.0,,,
2026-09-08 04:18:48.419,dummy,0.889,-1.132,0.703,131.0,0.0,0.0,,,
2026-09-08 04:18:48.471,dummy,0.857,-1.095,0.703,130.7,0.0,0.0,,,
2026-09-08 04:18:48.522,dummy,0.824,-1.056,0.703,130.3,0.0,0.0,,,
2026-09-08 04:18:48.575,dummy,0.791,-1.017,0.703,130.0,0.0,0.0,,,
2026-09-08 04:18:48.626,dummy,0.758,-0.978,0.702,129.8,0.0,0.0,,,
2026-09-08 04:18:48.678,dummy,0.725,-0.938,0.702,129.5,0.0,0.0,,,
2026-09-08 04:18:48.730,dummy,0.691,-0.897,0.702,129.2,0.0,0.0,,,
2026-09-08 04:18:48.782,dummy,0.658,-0.856,0.702,129.0,0.0,0.0,,,
2026-09-08 04:18:48.834,dummy,0.625,-0.814,0.702,128.8,0.0,0.0,,,
2026-09-08 04:18:48.885,dummy,0.591,-0.773,0.701,128.6,0.0,0.0,,,
2026-09-08 04:18:48.936,dummy,0.558,-0.731,0.701,128.4,0.0,0.0,,,
2026-09-08 04:18:48.988,dummy,0.525,-0.689,0.701,128.2,0.0,0.0,,,
2026-09-08 04:18:49.039,dummy,0.491,-0.646,0.701,128.0,0.0,0.0,,,
2026-09-08 04:18:49.091,dummy,0.457,-0.603,0.701,127.9,0.0,0.0,,,
2026-09-08 04:18:49.143,dummy,0.424,-0.56,0.701,127.7,0.0,0.0,,,
2026-09-08 04:18:49.194,dummy,0.39,-0.516,0.701,127.6,0.0,0.0,,,
2026-09-08 04:18:49.245,dummy,0.357,-0.472,0.701,127.5,0.0,0.0,,,
2026-09-08 04:18:49.297,dummy,0.323,-0.428,0.7,127.4,0.0,0.0,,,
2026-09-08 04:18:49.348,dummy,0.289,-0.383,0.7,127.3,0.0,0.0,,,
2026-09-08 04:18:49.400,dummy,0.255,-0.339,0.7,127.2,0.0,0.0,,,
2026-09-08 04:18:49.451,dummy,0.221,-0.294,0.7,127.1,0.0,0.0,,,
2026-09-08 04:18:49.503,dummy,0.187,-0.249,0.7,127.0,0.0,0.0,,,
2026-09-08 04:18:49.554,dummy,0.153,-0.204,0.7,127.0,0.0,0.0,,,
2026-09-08 04:18:49.606,dummy,0.119,-0.159,0.7,126.9,0.0,0.0,,,
2026-09-08 04:18:49.657,dummy,0.086,-0.114,0.7,126.9,0.0,0.0,,,
2026-09-08 04:18:49.708,dummy,0.052,-0.069,0.7,126.9,0.0,0.0,,,
2026-09-08 04:18:49.760,dummy,0.018,-0.024,0.7,126.9,0.0,0.0,,,
2026-09-08 04:18:49.811,dummy,-0.016,0.021,0.7,126.9,0.0,0.0,,,
2026-09-08 04:18:49.863,dummy,-0.05,0.067,0.7,126.9,0.0,0.0,,,
2026-09-08 04:18:49.915,dummy,-0.084,0.113,0.7,126.9,0.0,0.0,,,
2026-09-08 04:18:49.967,dummy,-0.119,0.158,0.7,126.9,0.0,0.0,,,
2026-09-08 04:18:50.018,dummy,-0.153,0.203,0.7,127.0,0.0,0.0,,,
2026-09-08 04:18:50.070,dummy,-0.187,0.248,0.7,127.0,0.0,0.0,,,
2026-09-08 04:18:50.122,dummy,-0.221,0.294,0.7,127.1,0.0,0.0,,,
2026-09-08 04:18:50.173,dummy,-0.255,0.338,0.7,127.2,0.0,0.0,,,
2026-09-08 04:18:50.225,dummy,-0.289,0.383,0.7,127.3,0.0,0.0,,,
2026-09-08 04:18:50.277,dummy,-0.323,0.428,0.7,127.4,0.0,0.0,,,
2026-09-08 04:18:50.329,dummy,-0.357,0.472,0.701,127.5,0.0,0.0,,,
2026-09-08 04:18:50.380,dummy,-0.391,0.516,0.701,127.6,0.0,0.0,,,
2026-09-08 04:18:50.432,dummy,-0.424,0.56,0.701,127.7,0.0,0.0,,,
2026-09-08 04:18:50.484,dummy,-0.458,0.603,0.701,127.9,0.0,0.0,,,
2026-09-08 04:18:50.535,dummy,-0.492,0.647,0.701,128.0,0.0,0.0,,,
2026-09-08 04:18:50.587,dummy,-0.525,0.689,0.701,128.2,0.0,0.0,,,
2026-09-08 04:18:50.638,dummy,-0.559,0.732,0.701,128.4,0.0,0.0,,,
2026-09-08 04:18:50.690,dummy,-0.592,0.774,0.701,128.6,0.0,0.0,,,
2026-09-08 04:18:50.742,dummy,-0.626,0.816,0.702,128.8,0.0,0.0,,,
2026-09-08 04:18:50.794,dummy,-0.659,0.857,0.702,129.0,0.0,0.0,,,
2026-09-08 04:18:50.845,dummy,-0.692,0.898,0.702,129.2,0.0,0.0,,,
2026-09-08 04:18:50.897,dummy,-0.725,0.938,0.702,129.5,0.0,0.0,,,
2026-09-08 04:18:50.949,dummy,-0.759,0.978,0.702,129.8,0.0,0.0,,,
2026-09-08 04:18:51.001,dummy,-0.791,1.018,0.703,130.0,0.0,0.0,,,
2026-09-08 04:18:51.052,dummy,-0.824,1.056,0.703,130.3,0.0,0.0,,,
2026-09-08 04:18:51.103,dummy,-0.857,1.095,0.703,130.7,0.0,0.0,,,
2026-09-08 04:18:51.155,dummy,-0.889,1.132,0.703,131.0,0.0,0.0,,,
2026-09-08 04:18:51.206,dummy,-0.922,1.169,0.704,131.3,0.0,0.0,,,
2026-09-08 04:18:51.258,dummy,-0.954,1.206,0.704,131.7,0.0,0.0,,,
2026-09-08 04:18:51.309,dummy,-0.986,1.241,0.704,132.1,0.0,0.0,,,
2026-09-08 04:18:51.361,dummy,-1.018,1.277,0.704,132.5,0.0,0.0,,,
2026-09-08 04:18:51.412,dummy,-1.05,1.311,0.705,132.9,0.0,0.0,,,
2026-09-08 04:18:51.464,dummy,-1.082,1.345,0.705,133.4,0.0,0.0,,,
2026-09-08 04:18:51.515,dummy,-1.113,1.378,0.705,133.9,0.0,0.0,,,
2026-09-08 04:18:51.567,dummy,-1.145,1.411,0.706,134.4,0.0,0.0,,,
2026-09-08 04:18:51.618,dummy,-1.176,1.443,0.706,134.9,0.0,0.0,,,
2026-09-08 04:18:51.670,dummy,-1.207,1.474,0.706,135.4,0.0,0.0,,,
2026-09-08 04:18:51.721,dummy,-1.238,1.504,0.707,136.0,0.0,0.0,,,
2026-09-08 04:18:51.773,dummy,-1.269,1.534,0.707,136.6,0.0,0.0,,,
2026-09-08 04:18:51.824,dummy,-1.3,1.562,0.708,137.3,0.0,0.0,,,
2026-09-08 04:18:51.876,dummy,-1.331,1.59,0.708,137.9,0.0,0.0,,,
2026-09-08 04:18:51.927,dummy,-1.361,1.617,0.708,138.6,0.0,0.0,,,
2026-09-08 04:18:51.979,dummy,-1.391,1.643,0.709,139.4,0.0,0.0,,,
2026-09-08 04:18:52.030,dummy,-1.421,1.669,0.709,140.2,0.0,0.0,,,
2026-09-08 04:18:52.082,dummy,-1.451,1.693,0.71,141.0,0.0,0.0,,,
2026-09-08 04:18:52.133,dummy,-1.481,1.717,0.71,141.8,0.0,0.0,,,
2026-09-08 04:18:52.186,dummy,-1.51,1.74,0.71,142.7,0.0,0.0,,,
2026-09-08 04:18:52.237,dummy,-1.54,1.762,0.711,143.7,0.0,0.0,,,
2026-09-08 04:18:52.289,dummy,-1.569,1.783,0.711,144.7,0.0,0.0,,,
2026-09-08 04:18:52.340,dummy,-1.598,1.803,0.712,145.7,0.0,0.0,,,
2026-09-08 04:18:52.392,dummy,-1.626,1.822,0.712,146.8,0.0,0.0,,,
2026-09-08 04:18:52.443,dummy,-1.655,1.84,0.713,148.0,0.0,0.0,,,
2026-09-08 04:18:52.495,dummy,-1.683,1.858,0.713,149.2,0.0,0.0,,,
2026-09-08 04:18:52.546,dummy,-1.711,1.874,0.714,150.5,0.0,0.0,,,
2026-09-08 04:18:52.598,dummy,-1.739,1.889,0.714,151.8,0.0,0.0,,,
2026-09-08 04:18:52.649,dummy,-1.767,1.904,0.715,153.2,0.0,0.0,,,
2026-09-08 04:18:52.701,dummy,-1.794,1.917,0.715,154.7,0.0,0.0,,,
2026-09-08 04:18:52.753,dummy,-1.821,1.93,0.716,156.2,0.0,0.0,,,
2026-09-08 04:18:52.804,dummy,-1.848,1.941,0.716,157.8,0.0,0.0,,,
2026-09-08 04:18:52.856,dummy,-1.875,1.952,0.717,159.5,0.0,0.0,,,
2026-09-08 04:18:52.908,dummy,-1.902,1.961,0.718,161.3,0.0,0.0,,,
2026-09-08 04:18:52.959,dummy,-1.928,1.969,0.718,163.2,0.0,0.0,,,
2026-09-08 04:18:53.011,dummy,-1.954,1.977,0.719,165.1,0.0,0.0,,,
2026-09-08 04:18:53.063,dummy,-1.98,1.983,0.719,167.1,0.0,0.0,,,
2026-09-08 04:18:53.115,dummy,-2.005,1.989,0.72,169.2,0.0,0.0,,,
2026-09-08 04:18:53.166,dummy,-2.031,1.993,0.72,171.4,0.0,0.0,,,
2026-09-08 04:18:53.218,dummy,-2.055,1.996,0.721,173.6,0.0,0.0,,,
2026-09-08 04:18:53.270,dummy,-2.08,1.999,0.722,175.9,0.0,0.0,,,
2026-09-08 04:18:53.321,dummy,-2.105,2.0,0.722,178.3,0.0,0.0,,,
2026-09-08 04:18:53.373,dummy,-2.129,2.0,0.723,180.8,0.0,0.0,,,
2026-09-08 04:18:53.425,dummy,-2.153,1.999,0.724,183.3,0.0,0.0,,,
2026-09-08 04:18:53.477,dummy,-2.177,1.997,0.724,185.8,0.0,0.0,,,
2026-09-08 04:18:53.528,dummy,-2.2,1.994,0.725,188.4,0.0,0.0,,,
2026-09-08 04:18:53.580,dummy,-2.223,1.99,0.726,191.0,0.0,0.0,,,
2026-09-08 04:18:53.631,dummy,-2.245,1.985,0.726,193.6,0.0,0.0,,,
2026-09-08 04:18:53.682,dummy,-2.268,1.98,0.727,196.2,0.0,0.0,,,
2026-09-08 04:18:53.734,dummy,-2.29,1.973,0.728,198.8,0.0,0.0,,,
2026-09-08 04:18:53.785,dummy,-2.311,1.965,0.729,201.4,0.0,0.0,,,
2026-09-08 04:18:53.837,dummy,-2.333,1.956,0.729,204.0,0.0,0.0,,,
2026-09-08 04:18:53.889,dummy,-2.355,1.945,0.73,206.5,0.0,0.0,,,
2026-09-08 04:18:53.941,dummy,-2.376,1.934,0.731,209.0,0.0,0.0,,,
2026-09-08 04:18:53.993,dummy,-2.396,1.922,0.732,211.5,0.0,0.0,,,
2026-09-08 04:18:54.045,dummy,-2.417,1.909,0.732,213.9,0.0,0.0,,,
2026-09-08 04:18:54.097,dummy,-2.437,1.895,0.733,216.2,0.0,0.0,,,
2026-09-08 04:18:54.149,dummy,-2.457,1.88,0.734,218.4,0.0,0.0,,,
2026-09-08 04:18:54.201,dummy,-2.476,1.864,0.735,220.6,0.0,0.0,,,
2026-09-08 04:18:54.252,dummy,-2.496,1.847,0.735,222.7,0.0,0.0,,,
2026-09-08 04:18:54.305,dummy,-2.514,1.829,0.736,224.7,0.0,0.0,,,
2026-09-08 04:18:54.356,dummy,-2.533,1.81,0.737,226.6,0.0,0.0,,,
2026-09-08 04:18:54.408,dummy,-2.551,1.79,0.738,228.5,0.0,0.0,,,
2026-09-08 04:18:54.459,dummy,-2.569,1.769,0.739,230.3,0.0,0.0,,,
2026-09-08 04:18:54.511,dummy,-2.586,1.748,0.74,232.0,0.0,0.0,,,
2026-09-08 04:18:54.562,dummy,-2.603,1.725,0.74,233.6,0.0,0.0,,,
2026-09-08 04:18:54.613,dummy,-2.62,1.702,0.741,235.2,0.0,0.0,,,
2026-09-08 04:18:54.665,dummy,-2.636,1.678,0.742,236.7,0.0,0.0,,,
2026-09-08 04:18:54.716,dummy,-2.652,1.653,0.743,238.1,0.0,0.0,,,
2026-09-08 04:18:54.768,dummy,-2.668,1.627,0.744,239.5,0.0,0.0,,,
2026-09-08 04:18:54.819,dummy,-2.683,1.6,0.745,240.8,0.0,0.0,,,
2026-09-08 04:18:54.870,dummy,-2.698,1.573,0.746,242.1,0.0,0.0,,,
2026-09-08 04:18:54.924,dummy,-2.713,1.544,0.747,243.3,0.0,0.0,,,
2026-09-08 04:18:54.975,dummy,-2.728,1.514,0.748,244.5,0.0,0.0,,,
2026-09-08 04:18:55.026,dummy,-2.742,1.484,0.748,245.6,0.0,0.0,,,
2026-09-08 04:18:55.079,dummy,-2.755,1.453,0.749,246.7,0.0,0.0,,,
2026-09-08 04:18:55.130,dummy,-2.769,1.422,0.75,247.7,0.0,0.0,,,
2026-09-08 04:18:55.182,dummy,-2.782,1.389,0.751,248.7,0.0,0.0,,,
2026-09-08 04:18:55.233,dummy,-2.794,1.357,0.752,249.6,0.0,0.0,,,
2026-09-08 04:18:55.284,dummy,-2.806,1.323,0.753,250.5,0.0,0.0,,,
2026-09-08 04:18:55.337,dummy,-2.818,1.288,0.754,251.4,0.0,0.0,,,
2026-09-08 04:18:55.391,dummy,-2.83,1.252,0.755,252.3,0.0,0.0,,,
2026-09-08 04:18:55.443,dummy,-2.841,1.215,0.756,253.1,0.0,0.0,,,
2026-09-08 04:18:55.494,dummy,-2.852,1.179,0.757,253.9,0.0,0.0,,,
2026-09-08 04:18:55.546,dummy,-2.863,1.142,0.758,254.7,0.0,0.0,,,
2026-09-08 04:18:55.597,dummy,-2.873,1.105,0.759,255.5,0.0,0.0,,,
2026-09-08 04:18:55.648,dummy,-2.882,1.067,0.76,256.2,0.0,0.0,,,
2026-09-08 04:18:55.700,dummy,-2.891,1.028,0.761,256.9,0.0,0.0,,,
2026-09-08 04:18:55.751,dummy,-2.9,0.989,0.762,257.6,0.0,0.0,,,
2026-09-08 04:18:55.802,dummy,-2.909,0.95,0.763,258.2,0.0,0.0,,,
2026-09-08 04:18:55.854,dummy,-2.917,0.91,0.764,258.9,0.0,0.0,,,
2026-09-08 04:18:55.905,dummy,-2.925,0.869,0.765,259.5,0.0,0.0,,,
2026-09-08 04:18:55.956,dummy,-2.932,0.828,0.766,260.1,0.0,0.0,,,
2026-09-08 04:18:56.008,dummy,-2.939,0.787,0.768,260.7,0.0,0.0,,,
2026-09-08 04:18:56.062,dummy,-2.946,0.743,0.769,261.3,0.0,0.0,,,
2026-09-08 04:18:56.116,dummy,-2.952,0.698,0.77,261.9,0.0,0.0,,,
2026-09-08 04:18:56.168,dummy,-2.958,0.656,0.771,262.5,0.0,0.0,,,
2026-09-08 04:18:56.219,dummy,-2.964,0.613,0.772,263.0,0.0,0.0,,,
2026-09-08 04:18:56.270,dummy,-2.969,0.57,0.773,263.6,0.0,0.0,,,
2026-09-08 04:18:56.321,dummy,-2.973,0.526,0.774,264.1,0.0,0.0,,,
2026-09-08 04:18:56.373,dummy,-2.978,0.482,0.775,264.6,0.0,0.0,,,
2026-09-08 04:18:56.425,dummy,-2.982,0.438,0.776,265.2,0.0,0.0,,,
2026-09-08 04:18:56.477,dummy,-2.985,0.393,0.778,265.7,0.0,0.0,,,
2026-09-08 04:18:56.529,dummy,-2.988,0.349,0.779,266.2,0.0,0.0,,,
2026-09-08 04:18:56.581,dummy,-2.991,0.303,0.78,266.7,0.0,0.0,,,
2026-09-08 04:18:56.633,dummy,-2.994,0.258,0.781,267.2,0.0,0.0,,,
2026-09-08 04:18:56.684,dummy,-2.996,0.213,0.782,267.7,0.0,0.0,,,
2026-09-08 04:18:56.736,dummy,-2.997,0.168,0.783,268.2,0.0,0.0,,,
2026-09-08 04:18:56.790,dummy,-2.999,0.121,0.785,268.7,0.0,0.0,,,
2026-09-08 04:18:56.843,dummy,-2.999,0.074,0.786,269.2,0.0,0.0,,,
2026-09-08 04:18:56.894,dummy,-3.0,0.029,0.787,269.7,0.0,0.0,,,
2026-09-08 04:18:56.946,dummy,-3.0,-0.017,0.788,270.2,0.0,0.0,,,
2026-09-08 04:18:56.998,dummy,-3.0,-0.062,0.79,270.7,0.0,0.0,,,
2026-09-08 04:18:57.049,dummy,-2.999,-0.108,0.791,271.2,0.0,0.0,,,
2026-09-08 04:18:57.101,dummy,-2.998,-0.153,0.792,271.6,0.0,0.0,,,
2026-09-08 04:18:57.152,dummy,-2.996,-0.198,0.793,272.1,0.0,0.0,,,
2026-09-08 04:18:57.204,dummy,-2.994,-0.243,0.794,272.6,0.0,0.0,,,
2026-09-08 04:18:57.255,dummy,-2.992,-0.288,0.796,273.1,0.0,0.0,,,
2026-09-08 04:18:57.306,dummy,-2.99,-0.332,0.797,273.6,0.0,0.0,,,
2026-09-08 04:18:57.358,dummy,-2.986,-0.377,0.798,274.1,0.0,0.0,,,
2026-09-08 04:18:57.410,dummy,-2.983,-0.422,0.799,274.7,0.0,0.0,,,
2026-09-08 04:18:57.462,dummy,-2.979,-0.466,0.801,275.2,0.0,0.0,,,
2026-09-08 04:18:57.514,dummy,-2.975,-0.511,0.802,275.7,0.0,0.0,,,
2026-09-08 04:18:57.566,dummy,-2.97,-0.555,0.803,276.2,0.0,0.0,,,
2026-09-08 04:18:57.618,dummy,-2.965,-0.599,0.805,276.8,0.0,0.0,,,
2026-09-08 04:18:57.670,dummy,-2.96,-0.642,0.806,277.3,0.0,0.0,,,
2026-09-08 04:18:57.722,dummy,-2.954,-0.685,0.807,277.9,0.0,0.0,,,
2026-09-08 04:18:57.774,dummy,-2.948,-0.728,0.809,278.5,0.0,0.0,,,
2026-09-08 04:18:57.825,dummy,-2.942,-0.77,0.81,279.1,0.0,0.0,,,
2026-09-08 04:18:57.878,dummy,-2.935,-0.812,0.811,279.7,0.0,0.0,,,
2026-09-08 04:18:57.930,dummy,-2.927,-0.855,0.813,280.3,0.0,0.0,,,
2026-09-08 04:18:57.982,dummy,-2.92,-0.895,0.814,280.9,0.0,0.0,,,
2026-09-08 04:18:58.034,dummy,-2.912,-0.936,0.815,281.6,0.0,0.0,,,
2026-09-08 04:18:58.086,dummy,-2.903,-0.976,0.817,282.2,0.0,0.0,,,
2026-09-08 04:18:58.138,dummy,-2.894,-1.016,0.818,282.9,0.0,0.0,,,
2026-09-08 04:18:58.189,dummy,-2.885,-1.055,0.819,283.6,0.0,0.0,,,
2026-09-08 04:18:58.241,dummy,-2.876,-1.093,0.821,284.3,0.0,0.0,,,
2026-09-08 04:18:58.292,dummy,-2.866,-1.131,0.822,285.1,0.0,0.0,,,
2026-09-08 04:18:58.344,dummy,-2.855,-1.168,0.823,285.8,0.0,0.0,,,
2026-09-08 04:18:58.396,dummy,-2.845,-1.204,0.825,286.6,0.0,0.0,,,
2026-09-08 04:18:58.448,dummy,-2.834,-1.241,0.826,287.4,0.0,0.0,,,
2026-09-08 04:18:58.499,dummy,-2.822,-1.276,0.828,288.3,0.0,0.0,,,
2026-09-08 04:18:58.551,dummy,-2.811,-1.31,0.829,289.1,0.0,0.0,,,
2026-09-08 04:18:58.603,dummy,-2.798,-1.345,0.83,290.1,0.0,0.0,,,
2026-09-08 04:18:58.657,dummy,-2.786,-1.379,0.832,291.0,0.0,0.0,,,
2026-09-08 04:18:58.709,dummy,-2.773,-1.412,0.833,292.0,0.0,0.0,,,
2026-09-08 04:18:58.760,dummy,-2.759,-1.444,0.835,293.0,0.0,0.0,,,
2026-09-08 04:18:58.812,dummy,-2.746,-1.475,0.836,294.1,0.0,0.0,,,
2026-09-08 04:18:58.865,dummy,-2.731,-1.506,0.838,295.2,0.0,0.0,,,
2026-09-08 04:18:58.916,dummy,-2.717,-1.535,0.839,296.4,0.0,0.0,,,
2026-09-08 04:18:58.968,dummy,-2.703,-1.564,0.84,297.6,0.0,0.0,,,
2026-09-08 04:18:59.019,dummy,-2.688,-1.592,0.842,298.8,0.0,0.0,,,
2026-09-08 04:18:59.071,dummy,-2.672,-1.619,0.843,300.1,0.0,0.0,,,
2026-09-08 04:18:59.123,dummy,-2.657,-1.646,0.845,301.5,0.0,0.0,,,
2026-09-08 04:18:59.175,dummy,-2.64,-1.671,0.846,302.9,0.0,0.0,,,
2026-09-08 04:18:59.227,dummy,-2.624,-1.696,0.848,304.4,0.0,0.0,,,
2026-09-08 04:18:59.279,dummy,-2.607,-1.719,0.849,306.0,0.0,0.0,,,
2026-09-08 04:18:59.332,dummy,-2.59,-1.743,0.851,307.6,0.0,0.0,,,
2026-09-08 04:18:59.383,dummy,-2.573,-1.764,0.852,309.3,0.0,0.0,,,
2026-09-08 04:18:59.435,dummy,-2.555,-1.785,0.854,311.1,0.0,0.0,,,
2026-09-08 04:18:59.486,dummy,-2.537,-1.805,0.855,312.9,0.0,0.0,,,
2026-09-08 04:18:59.538,dummy,-2.519,-1.825,0.857,314.9,0.0,0.0,,,
2026-09-08 04:18:59.590,dummy,-2.5,-1.843,0.858,316.9,0.0,0.0,,,
2026-09-08 04:18:59.641,dummy,-2.481,-1.86,0.86,318.9,0.0,0.0,,,
2026-09-08 04:18:59.693,dummy,-2.461,-1.876,0.861,321.1,0.0,0.0,,,
2026-09-08 04:18:59.745,dummy,-2.442,-1.892,0.863,323.3,0.0,0.0,,,
2026-09-08 04:18:59.796,dummy,-2.422,-1.906,0.864,325.6,0.0,0.0,,,
2026-09-08 04:18:59.848,dummy,-2.402,-1.919,0.866,327.9,0.0,0.0,,,
2026-09-08 04:18:59.900,dummy,-2.381,-1.931,0.867,330.3,0.0,0.0,,,
2026-09-08 04:18:59.951,dummy,-2.36,-1.943,0.869,332.8,0.0,0.0,,,
2026-09-08 04:19:00.003,dummy,-2.339,-1.953,0.87,335.3,0.0,0.0,,,
2026-09-08 04:19:00.055,dummy,-2.317,-1.962,0.872,337.9,0.0,0.0,,,
2026-09-08 04:19:00.106,dummy,-2.296,-1.971,0.873,340.5,0.0,0.0,,,
2026-09-08 04:19:00.158,dummy,-2.273,-1.978,0.875,343.1,0.0,0.0,,,
2026-09-08 04:19:00.209,dummy,-2.251,-1.984,0.876,345.7,0.0,0.0,,,
2026-09-08 04:19:00.261,dummy,-2.228,-1.989,0.878,348.3,0.0,0.0,,,
2026-09-08 04:19:00.313,dummy,-2.205,-1.993,0.88,351.0,0.0,0.0,,,
2026-09-08 04:19:00.365,dummy,-2.182,-1.997,0.881,353.6,0.0,0.0,,,
2026-09-08 04:19:00.416,dummy,-2.159,-1.999,0.883,356.1,0.0,0.0,,,
2026-09-08 04:19:00.468,dummy,-2.135,-2.0,0.884,358.6,0.0,0.0,,,
2026-09-08 04:19:00.520,dummy,-2.111,-2.0,0.886,1.1,0.0,0.0,,,
2026-09-08 04:19:00.571,dummy,-2.086,-1.999,0.887,3.5,0.0,0.0,,,
2026-09-08 04:19:00.623,dummy,-2.062,-1.997,0.889,5.8,0.0,0.0,,,
2026-09-08 04:19:00.675,dummy,-2.037,-1.994,0.891,8.1,0.0,0.0,,,
2026-09-08 04:19:00.727,dummy,-2.011,-1.99,0.892,10.3,0.0,0.0,,,
2026-09-08 04:19:00.779,dummy,-1.986,-1.985,0.894,12.4,0.0,0.0,,,
2026-09-08 04:19:00.833,dummy,-1.96,-1.979,0.895,14.4,0.0,0.0,,,
2026-09-08 04:19:00.885,dummy,-1.933,-1.971,0.897,16.5,0.0,0.0,,,
2026-09-08 04:19:00.938,dummy,-1.907,-1.963,0.899,18.4,0.0,0.0,,,
2026-09-08 04:19:00.989,dummy,-1.88,-1.953,0.9,20.2,0.0,0.0,,,
2026-09-08 04:19:01.040,dummy,-1.853,-1.943,0.902,21.9,0.0,0.0,,,
2026-09-08 04:19:01.092,dummy,-1.826,-1.932,0.904,23.5,0.0,0.0,,,
2026-09-08 04:19:01.144,dummy,-1.799,-1.919,0.905,25.1,0.0,0.0,,,
2026-09-08 04:19:01.196,dummy,-1.772,-1.906,0.907,26.6,0.0,0.0,,,
2026-09-08 04:19:01.248,dummy,-1.743,-1.892,0.908,28.0,0.0,0.0,,,
2026-09-08 04:19:01.301,dummy,-1.715,-1.876,0.91,29.4,0.0,0.0,,,
2026-09-08 04:19:01.352,dummy,-1.687,-1.86,0.912,30.7,0.0,0.0,,,
2026-09-08 04:19:01.404,dummy,-1.659,-1.843,0.913,31.9,0.0,0.0,,,
2026-09-08 04:19:01.455,dummy,-1.63,-1.825,0.915,33.0,0.0,0.0,,,
2026-09-08 04:19:01.507,dummy,-1.602,-1.806,0.917,34.1,0.0,0.0,,,
2026-09-08 04:19:01.559,dummy,-1.573,-1.786,0.918,35.2,0.0,0.0,,,
2026-09-08 04:19:01.610,dummy,-1.544,-1.765,0.92,36.2,0.0,0.0,,,
2026-09-08 04:19:01.662,dummy,-1.514,-1.743,0.922,37.1,0.0,0.0,,,
2026-09-08 04:19:01.714,dummy,-1.485,-1.72,0.923,38.1,0.0,0.0,,,
2026-09-08 04:19:01.766,dummy,-1.455,-1.696,0.925,38.9,0.0,0.0,,,
2026-09-08 04:19:01.817,dummy,-1.425,-1.672,0.927,39.7,0.0,0.0,,,
2026-09-08 04:19:01.869,dummy,-1.395,-1.647,0.928,40.5,0.0,0.0,,,
2026-09-08 04:19:01.921,dummy,-1.364,-1.62,0.93,41.3,0.0,0.0,,,
2026-09-08 04:19:01.972,dummy,-1.334,-1.593,0.931,42.0,0.0,0.0,,,
2026-09-08 04:19:02.024,dummy,-1.304,-1.565,0.933,42.7,0.0,0.0,,,
2026-09-08 04:19:02.076,dummy,-1.273,-1.537,0.935,43.3,0.0,0.0,,,
2026-09-08 04:19:02.128,dummy,-1.242,-1.507,0.936,43.9,0.0,0.0,,,
2026-09-08 04:19:02.179,dummy,-1.211,-1.477,0.938,44.5,0.0,0.0,,,
2026-09-08 04:19:02.232,dummy,-1.179,-1.445,0.94,45.1,0.0,0.0,,,
2026-09-08 04:19:02.283,dummy,-1.147,-1.413,0.942,45.6,0.0,0.0,,,
2026-09-08 04:19:02.335,dummy,-1.116,-1.381,0.943,46.1,0.0,0.0,,,
2026-09-08 04:19:02.386,dummy,-1.084,-1.348,0.945,46.6,0.0,0.0,,,
2026-09-08 04:19:02.438,dummy,-1.052,-1.314,0.947,47.0,0.0,0.0,,,
2026-09-08 04:19:02.489,dummy,-1.021,-1.28,0.948,47.5,0.0,0.0,,,
2026-09-08 04:19:02.540,dummy,-0.989,-1.245,0.95,47.9,0.0,0.0,,,
2026-09-08 04:19:02.593,dummy,-0.956,-1.209,0.952,48.3,0.0,0.0,,,
2026-09-08 04:19:02.645,dummy,-0.924,-1.172,0.953,48.6,0.0,0.0,,,
2026-09-08 04:19:02.698,dummy,-0.891,-1.134,0.955,49.0,0.0,0.0,,,
2026-09-08 04:19:02.750,dummy,-0.857,-1.095,0.957,49.3,0.0,0.0,,,
2026-09-08 04:19:02.801,dummy,-0.825,-1.057,0.958,49.7,0.0,0.0,,,
2026-09-08 04:19:02.853,dummy,-0.792,-1.018,0.96,50.0,0.0,0.0,,,
2026-09-08 04:19:02.905,dummy,-0.759,-0.979,0.962,50.2,0.0,0.0,,,
2026-09-08 04:19:02.956,dummy,-0.726,-0.939,0.963,50.5,0.0,0.0,,,
2026-09-08 04:19:03.008,dummy,-0.693,-0.899,0.965,50.8,0.0,0.0,,,
2026-09-08 04:19:03.059,dummy,-0.66,-0.858,0.967,51.0,0.0,0.0,,,
2026-09-08 04:19:03.112,dummy,-0.626,-0.816,0.969,51.2,0.0,0.0,,,
2026-09-08 04:19:03.163,dummy,-0.593,-0.775,0.97,51.4,0.0,0.0,,,
2026-09-08 04:19:03.217,dummy,-0.558,-0.731,0.972,51.6,0.0,0.0,,,
2026-09-08 04:19:03.268,dummy,-0.524,-0.688,0.974,51.8,0.0,0.0,,,
2026-09-08 04:19:03.320,dummy,-0.491,-0.646,0.975,52.0,0.0,0.0,,,
2026-09-08 04:19:03.373,dummy,-0.457,-0.602,0.977,52.1,0.0,0.0,,,
2026-09-08 04:19:03.424,dummy,-0.423,-0.558,0.979,52.3,0.0,0.0,,,
2026-09-08 04:19:03.475,dummy,-0.389,-0.515,0.98,52.4,0.0,0.0,,,
2026-09-08 04:19:03.527,dummy,-0.355,-0.47,0.982,52.5,0.0,0.0,,,
2026-09-08 04:19:03.579,dummy,-0.322,-0.426,0.984,52.6,0.0,0.0,,,
2026-09-08 04:19:03.631,dummy,-0.288,-0.382,0.986,52.7,0.0,0.0,,,
2026-09-08 04:19:03.682,dummy,-0.254,-0.337,0.987,52.8,0.0,0.0,,,
2026-09-08 04:19:03.734,dummy,-0.22,-0.292,0.989,52.9,0.0,0.0,,,
2026-09-08 04:19:03.785,dummy,-0.186,-0.248,0.991,53.0,0.0,0.0,,,
2026-09-08 04:19:03.837,dummy,-0.152,-0.202,0.992,53.0,0.0,0.0,,,
2026-09-08 04:19:03.888,dummy,-0.118,-0.157,0.994,53.1,0.0,0.0,,,
2026-09-08 04:19:03.941,dummy,-0.084,-0.112,0.996,53.1,0.0,0.0,,,
2026-09-08 04:19:03.992,dummy,-0.049,-0.066,0.998,53.1,0.0,0.0,,,
2026-09-08 04:19:04.045,dummy,-0.015,-0.02,0.999,53.1,0.0,0.0,,,
2026-09-08 04:19:04.096,dummy,0.019,0.026,1.001,53.1,0.0,0.0,,,
2026-09-08 04:19:04.160,dummy,0.061,0.081,1.003,53.1,0.0,0.0,,,
2026-09-08 04:19:04.221,dummy,0.102,0.135,1.005,53.1,0.0,0.0,,,
2026-09-08 04:19:04.274,dummy,0.137,0.182,1.007,53.0,0.0,0.0,,,
2026-09-08 04:19:04.327,dummy,0.171,0.227,1.009,53.0,0.0,0.0,,,
2026-09-08 04:19:04.378,dummy,0.205,0.273,1.01,52.9,0.0,0.0,,,
2026-09-08 04:19:04.430,dummy,0.239,0.318,1.012,52.9,0.0,0.0,,,
2026-09-08 04:19:04.482,dummy,0.273,0.363,1.014,52.8,0.0,0.0,,,
2026-09-08 04:19:04.534,dummy,0.307,0.408,1.015,52.7,0.0,0.0,,,
2026-09-08 04:19:04.585,dummy,0.341,0.452,1.017,52.6,0.0,0.0,,,
2026-09-08 04:19:04.637,dummy,0.375,0.496,1.019,52.5,0.0,0.0,,,
2026-09-08 04:19:04.689,dummy,0.409,0.54,1.021,52.3,0.0,0.0,,,
2026-09-08 04:19:04.740,dummy,0.443,0.584,1.022,52.2,0.0,0.0,,,
2026-09-08 04:19:04.792,dummy,0.476,0.627,1.024,52.1,0.0,0.0,,,
2026-09-08 04:19:04.844,dummy,0.51,0.67,1.026,51.9,0.0,0.0,,,
2026-09-08 04:19:04.895,dummy,0.544,0.713,1.027,51.7,0.0,0.0,,,
2026-09-08 04:19:04.947,dummy,0.577,0.755,1.029,51.5,0.0,0.0,,,
2026-09-08 04:19:04.998,dummy,0.61,0.797,1.031,51.3,0.0,0.0,,,
2026-09-08 04:19:05.050,dummy,0.644,0.838,1.032,51.1,0.0,0.0,,,
2026-09-08 04:19:05.101,dummy,0.677,0.879,1.034,50.9,0.0,0.0,,,
2026-09-08 04:19:05.153,dummy,0.71,0.92,1.036,50.6,0.0,0.0,,,
2026-09-08 04:19:05.204,dummy,0.743,0.96,1.037,50.4,0.0,0.0,,,
2026-09-08 04:19:05.256,dummy,0.776,0.999,1.039,50.1,0.0,0.0,,,
2026-09-08 04:19:05.307,dummy,0.808,1.038,1.041,49.8,0.0,0.0,,,
2026-09-08 04:19:05.361,dummy,0.842,1.077,1.043,49.5,0.0,0.0,,,
2026-09-08 04:19:05.412,dummy,0.875,1.116,1.044,49.2,0.0,0.0,,,
2026-09-08 04:19:05.464,dummy,0.908,1.154,1.046,48.8,0.0,0.0,,,
2026-09-08 04:19:05.516,dummy,0.94,1.19,1.048,48.5,0.0,0.0,,,
2026-09-08 04:19:05.567,dummy,0.972,1.226,1.049,48.1,0.0,0.0,,,
2026-09-08 04:19:05.619,dummy,1.005,1.262,1.051,47.7,0.0,0.0,,,
2026-09-08 04:19:05.671,dummy,1.037,1.297,1.053,47.2,0.0,0.0,,,
2026-09-08 04:19:05.722,dummy,1.068,1.331,1.054,46.8,0.0,0.0,,,
2026-09-08 04:19:05.774,dummy,1.1,1.365,1.056,46.3,0.0,0.0,,,
2026-09-08 04:19:05.826,dummy,1.132,1.398,1.058,45.8,0.0,0.0,,,
2026-09-08 04:19:05.877,dummy,1.163,1.43,1.059,45.3,0.0,0.0,,,
2026-09-08 04:19:05.928,dummy,1.194,1.461,1.061,44.8,0.0,0.0,,,
2026-09-08 04:19:05.981,dummy,1.226,1.492,1.063,44.2,0.0,0.0,,,
2026-09-08 04:19:06.035,dummy,1.257,1.522,1.064,43.6,0.0,0.0,,,
2026-09-08 04:19:06.087,dummy,1.29,1.553,1.066,42.9,0.0,0.0,,,
2026-09-08 04:19:06.139,dummy,1.32,1.581,1.068,42.3,0.0,0.0,,,
2026-09-08 04:19:06.190,dummy,1.351,1.608,1.069,41.6,0.0,0.0,,,
2026-09-08 04:19:06.242,dummy,1.381,1.635,1.071,40.9,0.0,0.0,,,
2026-09-08 04:19:06.294,dummy,1.412,1.661,1.073,40.1,0.0,0.0,,,
2026-09-08 04:19:06.345,dummy,1.442,1.686,1.074,39.3,0.0,0.0,,,
2026-09-08 04:19:06.397,dummy,1.471,1.71,1.076,38.4,0.0,0.0,,,
2026-09-08 04:19:06.449,dummy,1.501,1.733,1.078,37.6,0.0,0.0,,,
2026-09-08 04:19:06.500,dummy,1.53,1.755,1.079,36.6,0.0,0.0,,,
2026-09-08 04:19:06.552,dummy,1.559,1.776,1.081,35.7,0.0,0.0,,,
2026-09-08 04:19:06.604,dummy,1.589,1.797,1.083,34.6,0.0,0.0,,,
2026-09-08 04:19:06.656,dummy,1.618,1.816,1.084,33.5,0.0,0.0,,,
2026-09-08 04:19:06.707,dummy,1.646,1.835,1.086,32.4,0.0,0.0,,,
2026-09-08 04:19:06.759,dummy,1.675,1.853,1.088,31.2,0.0,0.0,,,
2026-09-08 04:19:06.812,dummy,1.703,1.87,1.089,29.9,0.0,0.0,,,
2026-09-08 04:19:06.863,dummy,1.731,1.885,1.091,28.6,0.0,0.0,,,
2026-09-08 04:19:06.914,dummy,1.759,1.9,1.092,27.2,0.0,0.0,,,
2026-09-08 04:19:06.966,dummy,1.786,1.913,1.094,25.8,0.0,0.0,,,
2026-09-08 04:19:07.017,dummy,1.813,1.926,1.096,24.3,0.0,0.0,,,
2026-09-08 04:19:07.070,dummy,1.841,1.938,1.097,22.6,0.0,0.0,,,
2026-09-08 04:19:07.121,dummy,1.868,1.949,1.099,21.0,0.0,0.0,,,
2026-09-08 04:19:07.173,dummy,1.894,1.958,1.101,19.2,0.0,0.0,,,
2026-09-08 04:19:07.224,dummy,1.92,1.967,1.102,17.4,0.0,0.0,,,
2026-09-08 04:19:07.276,dummy,1.946,1.975,1.104,15.5,0.0,0.0,,,
2026-09-08 04:19:07.327,dummy,1.972,1.981,1.105,13.5,0.0,0.0,,,
2026-09-08 04:19:07.379,dummy,1.997,1.987,1.107,11.5,0.0,0.0,,,
2026-09-08 04:19:07.430,dummy,2.023,1.992,1.108,9.3,0.0,0.0,,,
2026-09-08 04:19:07.482,dummy,2.048,1.995,1.11,7.1,0.0,0.0,,,
2026-09-08 04:19:07.534,dummy,2.072,1.998,1.112,4.8,0.0,0.0,,,
2026-09-08 04:19:07.586,dummy,2.097,1.999,1.113,2.4,0.0,0.0,,,
2026-09-08 04:19:07.637,dummy,2.122,2.0,1.115,360.0,0.0,0.0,,,
2026-09-08 04:19:07.689,dummy,2.145,1.999,1.116,357.5,0.0,0.0,,,
2026-09-08 04:19:07.742,dummy,2.169,1.998,1.118,354.9,0.0,0.0,,,
2026-09-08 04:19:07.794,dummy,2.193,1.995,1.12,352.3,0.0,0.0,,,
2026-09-08 04:19:07.847,dummy,2.216,1.992,1.121,349.7,0.0,0.0,,,
2026-09-08 04:19:07.898,dummy,2.24,1.987,1.123,347.1,0.0,0.0,,,
2026-09-08 04:19:07.949,dummy,2.262,1.981,1.124,344.4,0.0,0.0,,,
2026-09-08 04:19:08.001,dummy,2.284,1.974,1.126,341.8,0.0,0.0,,,
2026-09-08 04:19:08.054,dummy,2.306,1.967,1.127,339.2,0.0,0.0,,,
2026-09-08 04:19:08.105,dummy,2.328,1.958,1.129,336.6,0.0,0.0,,,
2026-09-08 04:19:08.156,dummy,2.349,1.948,1.13,334.1,0.0,0.0,,,
2026-09-08 04:19:08.208,dummy,2.371,1.937,1.132,331.6,0.0,0.0,,,
2026-09-08 04:19:08.260,dummy,2.391,1.925,1.134,329.1,0.0,0.0,,,
2026-09-08 04:19:08.311,dummy,2.412,1.913,1.135,326.8,0.0,0.0,,,
2026-09-08 04:19:08.363,dummy,2.432,1.899,1.137,324.4,0.0,0.0,,,
2026-09-08 04:19:08.414,dummy,2.451,1.884,1.138,322.2,0.0,0.0,,,
2026-09-08 04:19:08.466,dummy,2.471,1.868,1.14,320.0,0.0,0.0,,,
2026-09-08 04:19:08.518,dummy,2.49,1.852,1.141,317.9,0.0,0.0,,,
2026-09-08 04:19:08.569,dummy,2.509,1.834,1.143,315.9,0.0,0.0,,,
2026-09-08 04:19:08.622,dummy,2.528,1.815,1.144,313.9,0.0,0.0,,,
2026-09-08 04:19:08.674,dummy,2.546,1.795,1.146,312.0,0.0,0.0,,,
2026-09-08 04:19:08.726,dummy,2.564,1.775,1.147,310.2,0.0,0.0,,,
2026-09-08 04:19:08.777,dummy,2.582,1.753,1.149,308.5,0.0,0.0,,,
2026-09-08 04:19:08.829,dummy,2.599,1.731,1.15,306.8,0.0,0.0,,,
2026-09-08 04:19:08.881,dummy,2.616,1.708,1.152,305.2,0.0,0.0,,,
2026-09-08 04:19:08.932,dummy,2.632,1.684,1.153,303.7,0.0,0.0,,,
2026-09-08 04:19:08.983,dummy,2.648,1.659,1.154,302.3,0.0,0.0,,,
2026-09-08 04:19:09.035,dummy,2.664,1.633,1.156,300.9,0.0,0.0,,,
2026-09-08 04:19:09.086,dummy,2.679,1.607,1.157,299.5,0.0,0.0,,,
2026-09-08 04:19:09.137,dummy,2.694,1.58,1.159,298.3,0.0,0.0,,,
2026-09-08 04:19:09.189,dummy,2.709,1.552,1.16,297.0,0.0,0.0,,,
2026-09-08 04:19:09.241,dummy,2.724,1.522,1.162,295.9,0.0,0.0,,,
2026-09-08 04:19:09.292,dummy,2.738,1.493,1.163,294.7,0.0,0.0,,,
2026-09-08 04:19:09.343,dummy,2.751,1.462,1.165,293.7,0.0,0.0,,,
2026-09-08 04:19:09.395,dummy,2.765,1.431,1.166,292.6,0.0,0.0,,,
2026-09-08 04:19:09.446,dummy,2.778,1.399,1.167,291.6,0.0,0.0,,,
2026-09-08 04:19:09.498,dummy,2.79,1.366,1.169,290.7,0.0,0.0,,,
2026-09-08 04:19:09.549,dummy,2.803,1.333,1.17,289.7,0.0,0.0,,,
2026-09-08 04:19:09.600,dummy,2.815,1.299,1.172,288.9,0.0,0.0,,,
2026-09-08 04:19:09.652,dummy,2.826,1.264,1.173,288.0,0.0,0.0,,,
2026-09-08 04:19:09.703,dummy,2.837,1.229,1.174,287.2,0.0,0.0,,,
2026-09-08 04:19:09.756,dummy,2.848,1.192,1.176,286.3,0.0,0.0,,,
2026-09-08 04:19:09.808,dummy,2.859,1.155,1.177,285.6,0.0,0.0,,,
2026-09-08 04:19:09.860,dummy,2.869,1.117,1.178,284.8,0.0,0.0,,,
2026-09-08 04:19:09.912,dummy,2.879,1.079,1.18,284.1,0.0,0.0,,,
2026-09-08 04:19:09.965,dummy,2.889,1.04,1.181,283.3,0.0,0.0,,,
2026-09-08 04:19:10.016,dummy,2.898,1.001,1.183,282.6,0.0,0.0,,,
2026-09-08 04:19:10.067,dummy,2.906,0.961,1.184,282.0,0.0,0.0,,,
2026-09-08 04:19:10.119,dummy,2.914,0.921,1.185,281.3,0.0,0.0,,,
2026-09-08 04:19:10.170,dummy,2.922,0.881,1.187,280.7,0.0,0.0,,,
2026-09-08 04:19:10.221,dummy,2.93,0.84,1.188,280.1,0.0,0.0,,,
2026-09-08 04:19:10.273,dummy,2.937,0.799,1.189,279.5,0.0,0.0,,,
2026-09-08 04:19:10.327,dummy,2.944,0.755,1.191,278.9,0.0,0.0,,,
2026-09-08 04:19:10.379,dummy,2.95,0.713,1.192,278.3,0.0,0.0,,,
2026-09-08 04:19:10.431,dummy,2.956,0.67,1.193,277.7,0.0,0.0,,,
2026-09-08 04:19:10.483,dummy,2.962,0.626,1.195,277.1,0.0,0.0,,,
2026-09-08 04:19:10.534,dummy,2.967,0.583,1.196,276.6,0.0,0.0,,,
2026-09-08 04:19:10.586,dummy,2.972,0.54,1.197,276.1,0.0,0.0,,,
2026-09-08 04:19:10.638,dummy,2.977,0.496,1.198,275.5,0.0,0.0,,,
2026-09-08 04:19:10.690,dummy,2.981,0.451,1.2,275.0,0.0,0.0,,,
2026-09-08 04:19:10.743,dummy,2.984,0.407,1.201,274.5,0.0,0.0,,,
2026-09-08 04:19:10.794,dummy,2.988,0.361,1.202,274.0,0.0,0.0,,,
2026-09-08 04:19:10.846,dummy,2.991,0.316,1.204,273.4,0.0,0.0,,,
2026-09-08 04:19:10.898,dummy,2.993,0.271,1.205,272.9,0.0,0.0,,,
2026-09-08 04:19:10.950,dummy,2.995,0.226,1.206,272.4,0.0,0.0,,,
2026-09-08 04:19:11.001,dummy,2.997,0.181,1.207,272.0,0.0,0.0,,,
2026-09-08 04:19:11.052,dummy,2.998,0.136,1.208,271.5,0.0,0.0,,,
2026-09-08 04:19:11.103,dummy,2.999,0.091,1.21,271.0,0.0,0.0,,,
2026-09-08 04:19:11.154,dummy,3.0,0.046,1.211,270.5,0.0,0.0,,,
2026-09-08 04:19:11.206,dummy,3.0,0.001,1.212,270.0,0.0,0.0,,,
2026-09-08 04:19:11.257,dummy,3.0,-0.044,1.213,269.5,0.0,0.0,,,
2026-09-08 04:19:11.308,dummy,2.999,-0.089,1.214,269.0,0.0,0.0,,,
2026-09-08 04:19:11.359,dummy,2.998,-0.134,1.216,268.6,0.0,0.0,,,
2026-09-08 04:19:11.410,dummy,2.997,-0.179,1.217,268.1,0.0,0.0,,,
2026-09-08 04:19:11.462,dummy,2.995,-0.224,1.218,267.6,0.0,0.0,,,
2026-09-08 04:19:11.513,dummy,2.993,-0.269,1.219,267.1,0.0,0.0,,,
2026-09-08 04:19:11.565,dummy,2.991,-0.313,1.22,266.6,0.0,0.0,,,
2026-09-08 04:19:11.616,dummy,2.988,-0.358,1.221,266.1,0.0,0.0,,,
2026-09-08 04:19:11.667,dummy,2.985,-0.402,1.223,265.6,0.0,0.0,,,
2026-09-08 04:19:11.719,dummy,2.981,-0.447,1.224,265.1,0.0,0.0,,,
2026-09-08 04:19:11.770,dummy,2.977,-0.491,1.225,264.5,0.0,0.0,,,
2026-09-08 04:19:11.822,dummy,2.973,-0.535,1.226,264.0,0.0,0.0,,,
2026-09-08 04:19:11.874,dummy,2.968,-0.578,1.227,263.5,0.0,0.0,,,
2026-09-08 04:19:11.925,dummy,2.963,-0.621,1.228,262.9,0.0,0.0,,,
2026-09-08 04:19:11.976,dummy,2.957,-0.664,1.229,262.4,0.0,0.0,,,
2026-09-08 04:19:12.027,dummy,2.951,-0.706,1.23,261.8,0.0,0.0,,,
2026-09-08 04:19:12.078,dummy,2.945,-0.748,1.231,261.2,0.0,0.0,,,
2026-09-08 04:19:12.129,dummy,2.938,-0.789,1.233,260.7,0.0,0.0,,,
2026-09-08 04:19:12.181,dummy,2.931,-0.831,1.234,260.1,0.0,0.0,,,
2026-09-08 04:19:12.232,dummy,2.924,-0.872,1.235,259.4,0.0,0.0,,,
2026-09-08 04:19:12.284,dummy,2.916,-0.913,1.236,258.8,0.0,0.0,,,
2026-09-08 04:19:12.335,dummy,2.908,-0.953,1.237,258.2,0.0,0.0,,,
2026-09-08 04:19:12.387,dummy,2.9,-0.992,1.238,257.5,0.0,0.0,,,
2026-09-08 04:19:12.439,dummy,2.89,-1.032,1.239,256.8,0.0,0.0,,,
2026-09-08 04:19:12.491,dummy,2.881,-1.071,1.24,256.1,0.0,0.0,,,
2026-09-08 04:19:12.542,dummy,2.872,-1.108,1.241,255.4,0.0,0.0,,,
2026-09-08 04:19:12.593,dummy,2.862,-1.146,1.242,254.6,0.0,0.0,,,
2026-09-08 04:19:12.644,dummy,2.851,-1.182,1.243,253.9,0.0,0.0,,,
2026-09-08 04:19:12.697,dummy,2.84,-1.219,1.244,253.1,0.0,0.0,,,
2026-09-08 04:19:12.748,dummy,2.829,-1.255,1.245,252.2,0.0,0.0,,,
2026-09-08 04:19:12.799,dummy,2.818,-1.289,1.246,251.4,0.0,0.0,,,
2026-09-08 04:19:12.851,dummy,2.806,-1.324,1.247,250.5,0.0,0.0,,,
2026-09-08 04:19:12.903,dummy,2.794,-1.358,1.248,249.6,0.0,0.0,,,
2026-09-08 04:19:12.955,dummy,2.781,-1.391,1.249,248.6,0.0,0.0,,,
2026-09-08 04:19:13.006,dummy,2.768,-1.423,1.25,247.6,0.0,0.0,,,
2026-09-08 04:19:13.058,dummy,2.755,-1.455,1.251,246.6,0.0,0.0,,,
2026-09-08 04:19:13.109,dummy,2.741,-1.485,1.252,245.5,0.0,0.0,,,
2026-09-08 04:19:13.160,dummy,2.727,-1.515,1.252,244.4,0.0,0.0,,,
2026-09-08 04:19:13.211,dummy,2.713,-1.544,1.253,243.3,0.0,0.0,,,
2026-09-08 04:19:13.273,dummy,2.695,-1.578,1.254,241.8,0.0,0.0,,,
2026-09-08 04:19:13.324,dummy,2.68,-1.605,1.255,240.5,0.0,0.0,,,
2026-09-08 04:19:13.375,dummy,2.665,-1.632,1.256,239.2,0.0,0.0,,,
2026-09-08 04:19:13.426,dummy,2.649,-1.657,1.257,237.9,0.0,0.0,,,
2026-09-08 04:19:13.477,dummy,2.633,-1.682,1.258,236.4,0.0,0.0,,,
2026-09-08 04:19:13.528,dummy,2.617,-1.706,1.259,234.9,0.0,0.0,,,
2026-09-08 04:19:13.580,dummy,2.6,-1.729,1.26,233.3,0.0,0.0,,,
2026-09-08 04:19:13.632,dummy,2.583,-1.752,1.261,231.7,0.0,0.0,,,
2026-09-08 04:19:13.683,dummy,2.566,-1.773,1.261,230.0,0.0,0.0,,,
2026-09-08 04:19:13.734,dummy,2.548,-1.793,1.262,228.2,0.0,0.0,,,
2026-09-08 04:19:13.786,dummy,2.53,-1.813,1.263,226.3,0.0,0.0,,,
2026-09-08 04:19:13.837,dummy,2.511,-1.832,1.264,224.4,0.0,0.0,,,
2026-09-08 04:19:13.889,dummy,2.493,-1.849,1.265,222.4,0.0,0.0,,,
2026-09-08 04:19:13.942,dummy,2.474,-1.866,1.265,220.3,0.0,0.0,,,
2026-09-08 04:19:13.993,dummy,2.454,-1.882,1.266,218.1,0.0,0.0,,,
2026-09-08 04:19:14.045,dummy,2.434,-1.897,1.267,215.8,0.0,0.0,,,
2026-09-08 04:19:14.096,dummy,2.414,-1.911,1.268,213.5,0.0,0.0,,,
2026-09-08 04:19:14.147,dummy,2.394,-1.924,1.269,211.2,0.0,0.0,,,
2026-09-08 04:19:14.198,dummy,2.373,-1.936,1.269,208.8,0.0,0.0,,,
2026-09-08 04:19:14.250,dummy,2.352,-1.947,1.27,206.3,0.0,0.0,,,
2026-09-08 04:19:14.301,dummy,2.331,-1.956,1.271,203.7,0.0,0.0,,,
2026-09-08 04:19:14.352,dummy,2.31,-1.965,1.272,201.2,0.0,0.0,,,
2026-09-08 04:19:14.403,dummy,2.288,-1.973,1.272,198.6,0.0,0.0,,,
2026-09-08 04:19:14.454,dummy,2.266,-1.98,1.273,196.0,0.0,0.0,,,
2026-09-08 04:19:14.506,dummy,2.244,-1.986,1.274,193.4,0.0,0.0,,,
2026-09-08 04:19:14.557,dummy,2.221,-1.991,1.274,190.8,0.0,0.0,,,
2026-09-08 04:19:14.609,dummy,2.198,-1.995,1.275,188.2,0.0,0.0,,,
2026-09-08 04:19:14.660,dummy,2.175,-1.997,1.276,185.7,0.0,0.0,,,
2026-09-08 04:19:14.711,dummy,2.152,-1.999,1.276,183.2,0.0,0.0,,,
2026-09-08 04:19:14.763,dummy,2.128,-2.0,1.277,180.7,0.0,0.0,,,
2026-09-08 04:19:14.814,dummy,2.104,-2.0,1.278,178.2,0.0,0.0,,,
2026-09-08 04:19:14.865,dummy,2.08,-1.998,1.278,175.9,0.0,0.0,,,
2026-09-08 04:19:14.918,dummy,2.055,-1.996,1.279,173.5,0.0,0.0,,,
2026-09-08 04:19:14.969,dummy,2.03,-1.993,1.28,171.3,0.0,0.0,,,
2026-09-08 04:19:15.020,dummy,2.005,-1.989,1.28,169.1,0.0,0.0,,,
2026-09-08 04:19:15.072,dummy,1.979,-1.983,1.281,167.1,0.0,0.0,,,
2026-09-08 04:19:15.123,dummy,1.954,-1.977,1.281,165.1,0.0,0.0,,,
2026-09-08 04:19:15.174,dummy,1.928,-1.969,1.282,163.1,0.0,0.0,,,
2026-09-08 04:19:15.226,dummy,1.902,-1.961,1.282,161.3,0.0,0.0,,,
2026-09-08 04:19:15.283,dummy,1.873,-1.951,1.283,159.4,0.0,0.0,,,
2026-09-08 04:19:15.334,dummy,1.846,-1.94,1.284,157.7,0.0,0.0,,,
2026-09-08 04:19:15.385,dummy,1.82,-1.929,1.284,156.1,0.0,0.0,,,
2026-09-08 04:19:15.436,dummy,1.793,-1.917,1.285,154.6,0.0,0.0,,,
2026-09-08 04:19:15.487,dummy,1.766,-1.903,1.285,153.1,0.0,0.0,,,
2026-09-08 04:19:15.538,dummy,1.738,-1.889,1.286,151.7,0.0,0.0,,,
2026-09-08 04:19:15.589,dummy,1.711,-1.874,1.286,150.4,0.0,0.0,,,
2026-09-08 04:19:15.640,dummy,1.683,-1.857,1.287,149.1,0.0,0.0,,,
2026-09-08 04:19:15.691,dummy,1.654,-1.84,1.287,147.9,0.0,0.0,,,
2026-09-08 04:19:15.743,dummy,1.626,-1.822,1.288,146.8,0.0,0.0,,,
2026-09-08 04:19:15.794,dummy,1.598,-1.803,1.288,145.7,0.0,0.0,,,
2026-09-08 04:19:15.845,dummy,1.569,-1.783,1.289,144.7,0.0,0.0,,,
2026-09-08 04:19:15.896,dummy,1.54,-1.762,1.289,143.7,0.0,0.0,,,
2026-09-08 04:19:15.948,dummy,1.511,-1.74,1.29,142.7,0.0,0.0,,,
2026-09-08 04:19:15.999,dummy,1.481,-1.718,1.29,141.8,0.0,0.0,,,
2026-09-08 04:19:16.050,dummy,1.452,-1.694,1.29,141.0,0.0,0.0,,,
2026-09-08 04:19:16.101,dummy,1.422,-1.67,1.291,140.2,0.0,0.0,,,
2026-09-08 04:19:16.153,dummy,1.392,-1.645,1.291,139.4,0.0,0.0,,,
2026-09-08 04:19:16.204,dummy,1.363,-1.619,1.292,138.7,0.0,0.0,,,
2026-09-08 04:19:16.255,dummy,1.332,-1.592,1.292,138.0,0.0,0.0,,,
2026-09-08 04:19:16.306,dummy,1.302,-1.564,1.292,137.3,0.0,0.0,,,
2026-09-08 04:19:16.357,dummy,1.271,-1.535,1.293,136.7,0.0,0.0,,,
2026-09-08 04:19:16.409,dummy,1.241,-1.506,1.293,136.1,0.0,0.0,,,
2026-09-08 04:19:16.464,dummy,1.208,-1.474,1.294,135.4,0.0,0.0,,,
2026-09-08 04:19:16.515,dummy,1.177,-1.443,1.294,134.9,0.0,0.0,,,
2026-09-08 04:19:16.566,dummy,1.146,-1.412,1.294,134.4,0.0,0.0,,,
2026-09-08 04:19:16.617,dummy,1.114,-1.379,1.295,133.9,0.0,0.0,,,
2026-09-08 04:19:16.668,dummy,1.083,-1.347,1.295,133.4,0.0,0.0,,,
2026-09-08 04:19:16.719,dummy,1.052,-1.313,1.295,133.0,0.0,0.0,,,
2026-09-08 04:19:16.770,dummy,1.02,-1.279,1.295,132.5,0.0,0.0,,,
2026-09-08 04:19:16.822,dummy,0.988,-1.244,1.296,132.1,0.0,0.0,,,
2026-09-08 04:19:16.873,dummy,0.956,-1.208,1.296,131.7,0.0,0.0,,,
2026-09-08 04:19:16.924,dummy,0.923,-1.171,1.296,131.4,0.0,0.0,,,
2026-09-08 04:19:16.976,dummy,0.891,-1.135,1.297,131.0,0.0,0.0,,,
2026-09-08 04:19:17.028,dummy,0.859,-1.097,1.297,130.7,0.0,0.0,,,
2026-09-08 04:19:17.079,dummy,0.826,-1.059,1.297,130.4,0.0,0.0,,,
2026-09-08 04:19:17.130,dummy,0.793,-1.02,1.297,130.1,0.0,0.0,,,
2026-09-08 04:19:17.181,dummy,0.761,-0.981,1.298,129.8,0.0,0.0,,,
2026-09-08 04:19:17.232,dummy,0.728,-0.942,1.298,129.5,0.0,0.0,,,
2026-09-08 04:19:17.291,dummy,0.691,-0.896,1.298,129.2,0.0,0.0,,,
2026-09-08 04:19:17.342,dummy,0.658,-0.855,1.298,129.0,0.0,0.0,,,
2026-09-08 04:19:17.393,dummy,0.625,-0.814,1.298,128.8,0.0,0.0,,,
2026-09-08 04:19:17.444,dummy,0.592,-0.773,1.299,128.6,0.0,0.0,,,
2026-09-08 04:19:17.495,dummy,0.559,-0.732,1.299,128.4,0.0,0.0,,,
2026-09-08 04:19:17.546,dummy,0.526,-0.69,1.299,128.2,0.0,0.0,,,
2026-09-08 04:19:17.598,dummy,0.492,-0.647,1.299,128.0,0.0,0.0,,,
2026-09-08 04:19:17.649,dummy,0.459,-0.605,1.299,127.9,0.0,0.0,,,
2026-09-08 04:19:17.700,dummy,0.425,-0.562,1.299,127.7,0.0,0.0,,,
2026-09-08 04:19:17.751,dummy,0.392,-0.518,1.299,127.6,0.0,0.0,,,
2026-09-08 04:19:17.802,dummy,0.358,-0.474,1.299,127.5,0.0,0.0,,,
2026-09-08 04:19:17.854,dummy,0.324,-0.43,1.3,127.4,0.0,0.0,,,
2026-09-08 04:19:17.906,dummy,0.29,-0.385,1.3,127.3,0.0,0.0,,,
2026-09-08 04:19:17.957,dummy,0.257,-0.341,1.3,127.2,0.0,0.0,,,
2026-09-08 04:19:18.009,dummy,0.223,-0.296,1.3,127.1,0.0,0.0,,,
2026-09-08 04:19:18.060,dummy,0.189,-0.252,1.3,127.0,0.0,0.0,,,
2026-09-08 04:19:18.111,dummy,0.156,-0.207,1.3,127.0,0.0,0.0,,,
2026-09-08 04:19:18.162,dummy,0.122,-0.162,1.3,126.9,0.0,0.0,,,
2026-09-08 04:19:18.213,dummy,0.088,-0.118,1.3,126.9,0.0,0.0,,,
2026-09-08 04:19:18.264,dummy,0.054,-0.073,1.3,126.9,0.0,0.0,,,
2026-09-08 04:19:18.315,dummy,0.021,-0.028,1.3,126.9,0.0,0.0,,,
2026-09-08 04:19:18.366,dummy,-0.013,0.017,1.3,126.9,0.0,0.0,,,
2026-09-08 04:19:18.417,dummy,-0.046,0.062,1.3,126.9,0.0,0.0,,,
2026-09-08 04:19:18.468,dummy,-0.08,0.107,1.3,126.9,0.0,0.0,,,
2026-09-08 04:19:18.519,dummy,-0.114,0.152,1.3,126.9,0.0,0.0,,,
2026-09-08 04:19:18.571,dummy,-0.148,0.197,1.3,127.0,0.0,0.0,,,
2026-09-08 04:19:18.622,dummy,-0.182,0.242,1.3,127.0,0.0,0.0,,,
2026-09-08 04:19:18.673,dummy,-0.215,0.286,1.3,127.1,0.0,0.0,,,
2026-09-08 04:19:18.724,dummy,-0.249,0.331,1.3,127.2,0.0,0.0,,,
2026-09-08 04:19:18.775,dummy,-0.282,0.375,1.3,127.2,0.0,0.0,,,
2026-09-08 04:19:18.826,dummy,-0.316,0.419,1.3,127.3,0.0,0.0,,,
2026-09-08 04:19:18.877,dummy,-0.349,0.462,1.299,127.4,0.0,0.0,,,
2026-09-08 04:19:18.928,dummy,-0.383,0.506,1.299,127.6,0.0,0.0,,,
2026-09-08 04:19:18.979,dummy,-0.416,0.549,1.299,127.7,0.0,0.0,,,
2026-09-08 04:19:19.031,dummy,-0.45,0.593,1.299,127.8,0.0,0.0,,,
2026-09-08 04:19:19.082,dummy,-0.483,0.636,1.299,128.0,0.0,0.0,,,
2026-09-08 04:19:19.133,dummy,-0.516,0.678,1.299,128.1,0.0,0.0,,,
2026-09-08 04:19:19.184,dummy,-0.55,0.72,1.299,128.3,0.0,0.0,,,
2026-09-08 04:19:19.235,dummy,-0.582,0.762,1.299,128.5,0.0,0.0,,,
2026-09-08 04:19:19.286,dummy,-0.615,0.803,1.298,128.7,0.0,0.0,,,
2026-09-08 04:19:19.337,dummy,-0.648,0.844,1.298,128.9,0.0,0.0,,,
2026-09-08 04:19:19.388,dummy,-0.681,0.884,1.298,129.2,0.0,0.0,,,
2026-09-08 04:19:19.439,dummy,-0.714,0.925,1.298,129.4,0.0,0.0,,,
2026-09-08 04:19:19.490,dummy,-0.747,0.964,1.298,129.7,0.0,0.0,,,
2026-09-08 04:19:19.541,dummy,-0.779,1.004,1.297,129.9,0.0,0.0,,,
2026-09-08 04:19:19.592,dummy,-0.812,1.042,1.297,130.2,0.0,0.0,,,
2026-09-08 04:19:19.643,dummy,-0.844,1.08,1.297,130.5,0.0,0.0,,,
2026-09-08 04:19:19.694,dummy,-0.876,1.118,1.297,130.9,0.0,0.0,,,
2026-09-08 04:19:19.745,dummy,-0.909,1.154,1.296,131.2,0.0,0.0,,,
2026-09-08 04:19:19.796,dummy,-0.941,1.191,1.296,131.6,0.0,0.0,,,
2026-09-08 04:19:19.848,dummy,-0.973,1.227,1.296,131.9,0.0,0.0,,,
2026-09-08 04:19:19.900,dummy,-1.005,1.263,1.296,132.3,0.0,0.0,,,
2026-09-08 04:19:19.951,dummy,-1.037,1.297,1.295,132.8,0.0,0.0,,,
2026-09-08 04:19:20.002,dummy,-1.068,1.331,1.295,133.2,0.0,0.0,,,
2026-09-08 04:19:20.053,dummy,-1.1,1.364,1.295,133.7,0.0,0.0,,,
2026-09-08 04:19:20.104,dummy,-1.131,1.397,1.294,134.1,0.0,0.0,,,
2026-09-08 04:19:20.155,dummy,-1.162,1.429,1.294,134.7,0.0,0.0,,,
2026-09-08 04:19:20.206,dummy,-1.193,1.46,1.294,135.2,0.0,0.0,,,
2026-09-08 04:19:20.257,dummy,-1.224,1.49,1.293,135.7,0.0,0.0,,,
2026-09-08 04:19:20.308,dummy,-1.255,1.52,1.293,136.3,0.0,0.0,,,
2026-09-08 04:19:20.359,dummy,-1.285,1.548,1.293,137.0,0.0,0.0,,,
2026-09-08 04:19:20.410,dummy,-1.315,1.576,1.292,137.6,0.0,0.0,,,
2026-09-08 04:19:20.461,dummy,-1.346,1.604,1.292,138.3,0.0,0.0,,,
2026-09-08 04:19:20.512,dummy,-1.376,1.63,1.292,139.0,0.0,0.0,,,
2026-09-08 04:19:20.564,dummy,-1.406,1.656,1.291,139.8,0.0,0.0,,,
2026-09-08 04:19:20.615,dummy,-1.436,1.681,1.291,140.5,0.0,0.0,,,
2026-09-08 04:19:20.666,dummy,-1.465,1.705,1.29,141.4,0.0,0.0,,,
2026-09-08 04:19:20.717,dummy,-1.495,1.728,1.29,142.2,0.0,0.0,,,
2026-09-08 04:19:20.769,dummy,-1.524,1.75,1.289,143.2,0.0,0.0,,,
2026-09-08 04:19:20.820,dummy,-1.553,1.772,1.289,144.1,0.0,0.0,,,
2026-09-08 04:19:20.871,dummy,-1.582,1.792,1.289,145.1,0.0,0.0,,,
2026-09-08 04:19:20.922,dummy,-1.61,1.811,1.288,146.2,0.0,0.0,,,
2026-09-08 04:19:20.973,dummy,-1.638,1.83,1.288,147.3,0.0,0.0,,,
2026-09-08 04:19:21.028,dummy,-1.666,1.848,1.287,148.4,0.0,0.0,,,
2026-09-08 04:19:21.081,dummy,-1.697,1.866,1.287,149.8,0.0,0.0,,,
2026-09-08 04:19:21.132,dummy,-1.726,1.882,1.286,151.1,0.0,0.0,,,
2026-09-08 04:19:21.184,dummy,-1.753,1.897,1.286,152.5,0.0,0.0,,,
2026-09-08 04:19:21.235,dummy,-1.78,1.911,1.285,153.9,0.0,0.0,,,
2026-09-08 04:19:21.285,dummy,-1.807,1.923,1.284,155.4,0.0,0.0,,,
2026-09-08 04:19:21.336,dummy,-1.834,1.935,1.284,157.0,0.0,0.0,,,
2026-09-08 04:19:21.387,dummy,-1.861,1.946,1.283,158.6,0.0,0.0,,,
2026-09-08 04:19:21.439,dummy,-1.887,1.956,1.283,160.3,0.0,0.0,,,
2026-09-08 04:19:21.489,dummy,-1.913,1.965,1.282,162.1,0.0,0.0,,,
2026-09-08 04:19:21.540,dummy,-1.939,1.973,1.282,163.9,0.0,0.0,,,
2026-09-08 04:19:21.591,dummy,-1.964,1.98,1.281,165.9,0.0,0.0,,,
2026-09-08 04:19:21.642,dummy,-1.99,1.985,1.28,167.9,0.0,0.0,,,
2026-09-08 04:19:21.694,dummy,-2.015,1.99,1.28,170.0,0.0,0.0,,,
2026-09-08 04:19:21.745,dummy,-2.04,1.994,1.279,172.2,0.0,0.0,,,
2026-09-08 04:19:21.796,dummy,-2.064,1.997,1.279,174.4,0.0,0.0,,,
2026-09-08 04:19:21.848,dummy,-2.089,1.999,1.278,176.8,0.0,0.0,,,
2026-09-08 04:19:21.899,dummy,-2.113,2.0,1.277,179.2,0.0,0.0,,,
2026-09-08 04:19:21.950,dummy,-2.137,2.0,1.277,181.6,0.0,0.0,,,
2026-09-08 04:19:22.001,dummy,-2.16,1.999,1.276,184.1,0.0,0.0,,,
2026-09-08 04:19:22.052,dummy,-2.183,1.996,1.275,186.6,0.0,0.0,,,
2026-09-08 04:19:22.103,dummy,-2.206,1.993,1.275,189.2,0.0,0.0,,,
2026-09-08 04:19:22.154,dummy,-2.229,1.989,1.274,191.7,0.0,0.0,,,
2026-09-08 04:19:22.205,dummy,-2.252,1.984,1.273,194.3,0.0,0.0,,,
2026-09-08 04:19:22.256,dummy,-2.274,1.978,1.273,196.9,0.0,0.0,,,
2026-09-08 04:19:22.307,dummy,-2.295,1.971,1.272,199.5,0.0,0.0,,,
2026-09-08 04:19:22.359,dummy,-2.317,1.962,1.271,202.1,0.0,0.0,,,
2026-09-08 04:19:22.410,dummy,-2.338,1.953,1.271,204.6,0.0,0.0,,,
2026-09-08 04:19:22.461,dummy,-2.359,1.943,1.27,207.1,0.0,0.0,,,
2026-09-08 04:19:22.512,dummy,-2.38,1.932,1.269,209.6,0.0,0.0,,,
2026-09-08 04:19:22.563,dummy,-2.401,1.92,1.268,212.0,0.0,0.0,,,
2026-09-08 04:19:22.614,dummy,-2.421,1.907,1.268,214.3,0.0,0.0,,,
2026-09-08 04:19:22.665,dummy,-2.44,1.893,1.267,216.5,0.0,0.0,,,
2026-09-08 04:19:22.716,dummy,-2.46,1.877,1.266,218.8,0.0,0.0,,,
2026-09-08 04:19:22.767,dummy,-2.479,1.862,1.265,220.9,0.0,0.0,,,
2026-09-08 04:19:22.819,dummy,-2.498,1.844,1.264,223.0,0.0,0.0,,,
2026-09-08 04:19:22.871,dummy,-2.517,1.826,1.264,225.0,0.0,0.0,,,
2026-09-08 04:19:22.922,dummy,-2.535,1.808,1.263,226.9,0.0,0.0,,,
2026-09-08 04:19:22.973,dummy,-2.553,1.788,1.262,228.7,0.0,0.0,,,
2026-09-08 04:19:23.025,dummy,-2.571,1.767,1.261,230.5,0.0,0.0,,,
2026-09-08 04:19:23.077,dummy,-2.588,1.745,1.26,232.2,0.0,0.0,,,
2026-09-08 04:19:23.128,dummy,-2.605,1.723,1.259,233.8,0.0,0.0,,,
2026-09-08 04:19:23.181,dummy,-2.622,1.699,1.259,235.4,0.0,0.0,,,
2026-09-08 04:19:23.232,dummy,-2.639,1.674,1.258,236.9,0.0,0.0,,,
2026-09-08 04:19:23.283,dummy,-2.654,1.649,1.257,238.3,0.0,0.0,,,
2026-09-08 04:19:23.334,dummy,-2.67,1.623,1.256,239.7,0.0,0.0,,,
2026-09-08 04:19:23.386,dummy,-2.685,1.597,1.255,241.0,0.0,0.0,,,
2026-09-08 04:19:23.437,dummy,-2.7,1.569,1.254,242.2,0.0,0.0,,,
2026-09-08 04:19:23.489,dummy,-2.715,1.54,1.253,243.4,0.0,0.0,,,
2026-09-08 04:19:23.541,dummy,-2.729,1.511,1.252,244.6,0.0,0.0,,,
2026-09-08 04:19:23.592,dummy,-2.743,1.481,1.251,245.7,0.0,0.0,,,
2026-09-08 04:19:23.644,dummy,-2.757,1.45,1.251,246.8,0.0,0.0,,,
2026-09-08 04:19:23.695,dummy,-2.77,1.418,1.25,247.8,0.0,0.0,,,
2026-09-08 04:19:23.747,dummy,-2.783,1.386,1.249,248.8,0.0,0.0,,,
2026-09-08 04:19:23.799,dummy,-2.795,1.353,1.248,249.7,0.0,0.0,,,
2026-09-08 04:19:23.850,dummy,-2.808,1.319,1.247,250.6,0.0,0.0,,,
2026-09-08 04:19:23.902,dummy,-2.819,1.285,1.246,251.5,0.0,0.0,,,
2026-09-08 04:19:23.953,dummy,-2.831,1.25,1.245,252.4,0.0,0.0,,,
2026-09-08 04:19:24.004,dummy,-2.842,1.214,1.244,253.2,0.0,0.0,,,
2026-09-08 04:19:24.056,dummy,-2.853,1.177,1.243,254.0,0.0,0.0,,,
2026-09-08 04:19:24.108,dummy,-2.863,1.14,1.242,254.7,0.0,0.0,,,
2026-09-08 04:19:24.160,dummy,-2.873,1.103,1.241,255.5,0.0,0.0,,,
2026-09-08 04:19:24.212,dummy,-2.883,1.064,1.24,256.2,0.0,0.0,,,
2026-09-08 04:19:24.264,dummy,-2.892,1.025,1.239,256.9,0.0,0.0,,,
2026-09-08 04:19:24.315,dummy,-2.901,0.986,1.238,257.6,0.0,0.0,,,
2026-09-08 04:19:24.367,dummy,-2.909,0.946,1.237,258.3,0.0,0.0,,,
2026-09-08 04:19:24.419,dummy,-2.918,0.906,1.236,258.9,0.0,0.0,,,
2026-09-08 04:19:24.470,dummy,-2.925,0.865,1.234,259.5,0.0,0.0,,,
2026-09-08 04:19:24.522,dummy,-2.933,0.824,1.233,260.2,0.0,0.0,,,
2026-09-08 04:19:24.573,dummy,-2.94,0.782,1.232,260.8,0.0,0.0,,,
2026-09-08 04:19:24.625,dummy,-2.946,0.741,1.231,261.3,0.0,0.0,,,
2026-09-08 04:19:24.676,dummy,-2.952,0.698,1.23,261.9,0.0,0.0,,,
2026-09-08 04:19:24.728,dummy,-2.958,0.655,1.229,262.5,0.0,0.0,,,
2026-09-08 04:19:24.780,dummy,-2.964,0.612,1.228,263.0,0.0,0.0,,,
2026-09-08 04:19:24.831,dummy,-2.969,0.569,1.227,263.6,0.0,0.0,,,
2026-09-08 04:19:24.884,dummy,-2.974,0.525,1.226,264.1,0.0,0.0,,,
2026-09-08 04:19:24.936,dummy,-2.978,0.48,1.225,264.7,0.0,0.0,,,
2026-09-08 04:19:24.988,dummy,-2.982,0.436,1.223,265.2,0.0,0.0,,,
2026-09-08 04:19:25.040,dummy,-2.986,0.391,1.222,265.7,0.0,0.0,,,
2026-09-08 04:19:25.092,dummy,-2.989,0.346,1.221,266.2,0.0,0.0,,,
2026-09-08 04:19:25.144,dummy,-2.991,0.301,1.22,266.7,0.0,0.0,,,
2026-09-08 04:19:25.196,dummy,-2.994,0.255,1.219,267.2,0.0,0.0,,,
2026-09-08 04:19:25.248,dummy,-2.996,0.21,1.218,267.7,0.0,0.0,,,
2026-09-08 04:19:25.299,dummy,-2.997,0.165,1.216,268.2,0.0,0.0,,,
2026-09-08 04:19:25.351,dummy,-2.999,0.12,1.215,268.7,0.0,0.0,,,
2026-09-08 04:19:25.403,dummy,-2.999,0.074,1.214,269.2,0.0,0.0,,,
2026-09-08 04:19:25.454,dummy,-3.0,0.029,1.213,269.7,0.0,0.0,,,
2026-09-08 04:19:25.505,dummy,-3.0,-0.016,1.212,270.2,0.0,0.0,,,
2026-09-08 04:19:25.557,dummy,-3.0,-0.061,1.21,270.7,0.0,0.0,,,
2026-09-08 04:19:25.608,dummy,-2.999,-0.107,1.209,271.1,0.0,0.0,,,
2026-09-08 04:19:25.660,dummy,-2.998,-0.152,1.208,271.6,0.0,0.0,,,
2026-09-08 04:19:25.711,dummy,-2.996,-0.197,1.207,272.1,0.0,0.0,,,
2026-09-08 04:19:25.763,dummy,-2.994,-0.242,1.206,272.6,0.0,0.0,,,
2026-09-08 04:19:25.815,dummy,-2.992,-0.287,1.204,273.1,0.0,0.0,,,
2026-09-08 04:19:25.867,dummy,-2.99,-0.333,1.203,273.6,0.0,0.0,,,
2026-09-08 04:19:25.918,dummy,-2.986,-0.377,1.202,274.1,0.0,0.0,,,
2026-09-08 04:19:25.970,dummy,-2.983,-0.422,1.201,274.7,0.0,0.0,,,
2026-09-08 04:19:26.022,dummy,-2.979,-0.467,1.199,275.2,0.0,0.0,,,
2026-09-08 04:19:26.074,dummy,-2.975,-0.511,1.198,275.7,0.0,0.0,,,
2026-09-08 04:19:26.125,dummy,-2.97,-0.554,1.197,276.2,0.0,0.0,,,
2026-09-08 04:19:26.177,dummy,-2.965,-0.598,1.195,276.8,0.0,0.0,,,
2026-09-08 04:19:26.229,dummy,-2.96,-0.641,1.194,277.3,0.0,0.0,,,
2026-09-08 04:19:26.280,dummy,-2.954,-0.684,1.193,277.9,0.0,0.0,,,
2026-09-08 04:19:26.331,dummy,-2.948,-0.726,1.192,278.5,0.0,0.0,,,
2026-09-08 04:19:26.383,dummy,-2.942,-0.768,1.19,279.0,0.0,0.0,,,
2026-09-08 04:19:26.434,dummy,-2.935,-0.81,1.189,279.6,0.0,0.0,,,
2026-09-08 04:19:26.486,dummy,-2.928,-0.851,1.188,280.2,0.0,0.0,,,
2026-09-08 04:19:26.538,dummy,-2.92,-0.892,1.186,280.9,0.0,0.0,,,
2026-09-08 04:19:26.590,dummy,-2.912,-0.933,1.185,281.5,0.0,0.0,,,
2026-09-08 04:19:26.641,dummy,-2.904,-0.973,1.184,282.2,0.0,0.0,,,
2026-09-08 04:19:26.694,dummy,-2.895,-1.013,1.182,282.9,0.0,0.0,,,
2026-09-08 04:19:26.745,dummy,-2.886,-1.052,1.181,283.5,0.0,0.0,,,
2026-09-08 04:19:26.797,dummy,-2.876,-1.09,1.179,284.3,0.0,0.0,,,
2026-09-08 04:19:26.848,dummy,-2.866,-1.128,1.178,285.0,0.0,0.0,,,
2026-09-08 04:19:26.900,dummy,-2.856,-1.165,1.177,285.8,0.0,0.0,,,
2026-09-08 04:19:26.952,dummy,-2.846,-1.202,1.175,286.6,0.0,0.0,,,
2026-09-08 04:19:27.004,dummy,-2.835,-1.238,1.174,287.4,0.0,0.0,,,
2026-09-08 04:19:27.055,dummy,-2.823,-1.273,1.173,288.2,0.0,0.0,,,
2026-09-08 04:19:27.106,dummy,-2.812,-1.307,1.171,289.1,0.0,0.0,,,
2026-09-08 04:19:27.158,dummy,-2.8,-1.341,1.17,290.0,0.0,0.0,,,
2026-09-08 04:19:27.210,dummy,-2.787,-1.375,1.168,290.9,0.0,0.0,,,
2026-09-08 04:19:27.262,dummy,-2.774,-1.408,1.167,291.9,0.0,0.0,,,
2026-09-08 04:19:27.314,dummy,-2.761,-1.44,1.166,292.9,0.0,0.0,,,
2026-09-08 04:19:27.365,dummy,-2.747,-1.471,1.164,294.0,0.0,0.0,,,
2026-09-08 04:19:27.418,dummy,-2.733,-1.502,1.163,295.1,0.0,0.0,,,
2026-09-08 04:19:27.470,dummy,-2.719,-1.532,1.161,296.2,0.0,0.0,,,
2026-09-08 04:19:27.521,dummy,-2.705,-1.56,1.16,297.4,0.0,0.0,,,
2026-09-08 04:19:27.573,dummy,-2.69,-1.589,1.158,298.7,0.0,0.0,,,
2026-09-08 04:19:27.624,dummy,-2.674,-1.616,1.157,300.0,0.0,0.0,,,
2026-09-08 04:19:27.676,dummy,-2.659,-1.642,1.155,301.3,0.0,0.0,,,
2026-09-08 04:19:27.728,dummy,-2.643,-1.668,1.154,302.7,0.0,0.0,,,
2026-09-08 04:19:27.781,dummy,-2.626,-1.692,1.152,304.2,0.0,0.0,,,
2026-09-08 04:19:27.832,dummy,-2.609,-1.717,1.151,305.8,0.0,0.0,,,
2026-09-08 04:19:27.884,dummy,-2.592,-1.74,1.15,307.4,0.0,0.0,,,
2026-09-08 04:19:27.936,dummy,-2.575,-1.762,1.148,309.1,0.0,0.0,,,
2026-09-08 04:19:27.988,dummy,-2.557,-1.783,1.147,310.9,0.0,0.0,,,
2026-09-08 04:19:28.040,dummy,-2.539,-1.803,1.145,312.7,0.0,0.0,,,
2026-09-08 04:19:28.091,dummy,-2.521,-1.822,1.144,314.6,0.0,0.0,,,
2026-09-08 04:19:28.143,dummy,-2.502,-1.84,1.142,316.6,0.0,0.0,,,
2026-09-08 04:19:28.194,dummy,-2.483,-1.858,1.141,318.6,0.0,0.0,,,
2026-09-08 04:19:28.245,dummy,-2.464,-1.874,1.139,320.7,0.0,0.0,,,
2026-09-08 04:19:28.297,dummy,-2.445,-1.889,1.138,322.9,0.0,0.0,,,
2026-09-08 04:19:28.348,dummy,-2.425,-1.904,1.136,325.2,0.0,0.0,,,
2026-09-08 04:19:28.400,dummy,-2.405,-1.917,1.135,327.5,0.0,0.0,,,
2026-09-08 04:19:28.453,dummy,-2.384,-1.93,1.133,330.0,0.0,0.0,,,
2026-09-08 04:19:28.504,dummy,-2.363,-1.941,1.131,332.5,0.0,0.0,,,
2026-09-08 04:19:28.556,dummy,-2.342,-1.952,1.13,335.0,0.0,0.0,,,
2026-09-08 04:19:28.607,dummy,-2.32,-1.961,1.128,337.6,0.0,0.0,,,
2026-09-08 04:19:28.659,dummy,-2.299,-1.969,1.127,340.1,0.0,0.0,,,
2026-09-08 04:19:28.710,dummy,-2.277,-1.977,1.125,342.7,0.0,0.0,,,
2026-09-08 04:19:28.763,dummy,-2.254,-1.983,1.124,345.4,0.0,0.0,,,
2026-09-08 04:19:28.815,dummy,-2.231,-1.989,1.122,348.0,0.0,0.0,,,
2026-09-08 04:19:28.866,dummy,-2.208,-1.993,1.121,350.6,0.0,0.0,,,
2026-09-08 04:19:28.918,dummy,-2.185,-1.996,1.119,353.2,0.0,0.0,,,
2026-09-08 04:19:28.970,dummy,-2.161,-1.999,1.117,355.8,0.0,0.0,,,
2026-09-08 04:19:29.022,dummy,-2.138,-2.0,1.116,358.3,0.0,0.0,,,
2026-09-08 04:19:29.074,dummy,-2.113,-2.0,1.114,0.8,0.0,0.0,,,
2026-09-08 04:19:29.125,dummy,-2.089,-1.999,1.113,3.2,0.0,0.0,,,
2026-09-08 04:19:29.177,dummy,-2.065,-1.997,1.111,5.5,0.0,0.0,,,
2026-09-08 04:19:29.228,dummy,-2.04,-1.994,1.11,7.8,0.0,0.0,,,
2026-09-08 04:19:29.280,dummy,-2.015,-1.99,1.108,10.0,0.0,0.0,,,
2026-09-08 04:19:29.332,dummy,-1.989,-1.985,1.106,12.1,0.0,0.0,,,
2026-09-08 04:19:29.383,dummy,-1.964,-1.979,1.105,14.2,0.0,0.0,,,
2026-09-08 04:19:29.435,dummy,-1.938,-1.972,1.103,16.1,0.0,0.0,,,
2026-09-08 04:19:29.487,dummy,-1.911,-1.964,1.102,18.0,0.0,0.0,,,
2026-09-08 04:19:29.539,dummy,-1.885,-1.955,1.1,19.8,0.0,0.0,,,
2026-09-08 04:19:29.591,dummy,-1.858,-1.945,1.098,21.6,0.0,0.0,,,
2026-09-08 04:19:29.643,dummy,-1.831,-1.934,1.097,23.2,0.0,0.0,,,
2026-09-08 04:19:29.694,dummy,-1.804,-1.922,1.095,24.8,0.0,0.0,,,
2026-09-08 04:19:29.746,dummy,-1.777,-1.909,1.093,26.3,0.0,0.0,,,
2026-09-08 04:19:29.798,dummy,-1.749,-1.895,1.092,27.7,0.0,0.0,,,
2026-09-08 04:19:29.849,dummy,-1.721,-1.88,1.09,29.1,0.0,0.0,,,
2026-09-08 04:19:29.901,dummy,-1.693,-1.864,1.089,30.4,0.0,0.0,,,
2026-09-08 04:19:29.952,dummy,-1.665,-1.847,1.087,31.6,0.0,0.0,,,
2026-09-08 04:19:30.004,dummy,-1.637,-1.829,1.085,32.8,0.0,0.0,,,
2026-09-08 04:19:30.055,dummy,-1.608,-1.81,1.084,33.9,0.0,0.0,,,
2026-09-08 04:19:30.106,dummy,-1.58,-1.791,1.082,34.9,0.0,0.0,,,
2026-09-08 04:19:30.158,dummy,-1.551,-1.77,1.08,36.0,0.0,0.0,,,
2026-09-08 04:19:30.210,dummy,-1.521,-1.748,1.079,36.9,0.0,0.0,,,
2026-09-08 04:19:30.262,dummy,-1.491,-1.725,1.077,37.9,0.0,0.0,,,
2026-09-08 04:19:30.314,dummy,-1.461,-1.702,1.076,38.7,0.0,0.0,,,
2026-09-08 04:19:30.365,dummy,-1.432,-1.678,1.074,39.6,0.0,0.0,,,
2026-09-08 04:19:30.418,dummy,-1.402,-1.652,1.072,40.4,0.0,0.0,,,
2026-09-08 04:19:30.469,dummy,-1.371,-1.626,1.071,41.1,0.0,0.0,,,
2026-09-08 04:19:30.521,dummy,-1.341,-1.599,1.069,41.8,0.0,0.0,,,
2026-09-08 04:19:30.579,dummy,-1.31,-1.572,1.067,42.5,0.0,0.0,,,
2026-09-08 04:19:30.630,dummy,-1.276,-1.54,1.065,43.2,0.0,0.0,,,
2026-09-08 04:19:30.683,dummy,-1.244,-1.51,1.064,43.9,0.0,0.0,,,
2026-09-08 04:19:30.734,dummy,-1.213,-1.479,1.062,44.5,0.0,0.0,,,
2026-09-08 04:19:30.786,dummy,-1.182,-1.449,1.06,45.0,0.0,0.0,,,
2026-09-08 04:19:30.837,dummy,-1.151,-1.417,1.059,45.5,0.0,0.0,,,
2026-09-08 04:19:30.889,dummy,-1.12,-1.385,1.057,46.0,0.0,0.0,,,
2026-09-08 04:19:30.940,dummy,-1.088,-1.352,1.055,46.5,0.0,0.0,,,
2026-09-08 04:19:30.991,dummy,-1.056,-1.318,1.054,47.0,0.0,0.0,,,
2026-09-08 04:19:31.043,dummy,-1.024,-1.284,1.052,47.4,0.0,0.0,,,
2026-09-08 04:19:31.095,dummy,-0.992,-1.249,1.05,47.8,0.0,0.0,,,
2026-09-08 04:19:31.146,dummy,-0.96,-1.213,1.049,48.2,0.0,0.0,,,
2026-09-08 04:19:31.198,dummy,-0.927,-1.176,1.047,48.6,0.0,0.0,,,
2026-09-08 04:19:31.250,dummy,-0.895,-1.139,1.045,48.9,0.0,0.0,,,
2026-09-08 04:19:31.301,dummy,-0.863,-1.101,1.044,49.3,0.0,0.0,,,
2026-09-08 04:19:31.353,dummy,-0.83,-1.063,1.042,49.6,0.0,0.0,,,
2026-09-08 04:19:31.412,dummy,-0.792,-1.019,1.04,49.9,0.0,0.0,,,
2026-09-08 04:19:31.464,dummy,-0.759,-0.979,1.038,50.2,0.0,0.0,,,
2026-09-08 04:19:31.515,dummy,-0.726,-0.94,1.037,50.5,0.0,0.0,,,
2026-09-08 04:19:31.567,dummy,-0.693,-0.9,1.035,50.8,0.0,0.0,,,
2026-09-08 04:19:31.618,dummy,-0.66,-0.859,1.033,51.0,0.0,0.0,,,
2026-09-08 04:19:31.669,dummy,-0.627,-0.818,1.032,51.2,0.0,0.0,,,
2026-09-08 04:19:31.721,dummy,-0.594,-0.777,1.03,51.4,0.0,0.0,,,
2026-09-08 04:19:31.772,dummy,-0.561,-0.735,1.028,51.6,0.0,0.0,,,
2026-09-08 04:19:31.824,dummy,-0.527,-0.692,1.026,51.8,0.0,0.0,,,
2026-09-08 04:19:31.875,dummy,-0.494,-0.649,1.025,52.0,0.0,0.0,,,
2026-09-08 04:19:31.927,dummy,-0.46,-0.606,1.023,52.1,0.0,0.0,,,
2026-09-08 04:19:31.981,dummy,-0.426,-0.562,1.021,52.3,0.0,0.0,,,
2026-09-08 04:19:32.033,dummy,-0.391,-0.517,1.02,52.4,0.0,0.0,,,
2026-09-08 04:19:32.084,dummy,-0.357,-0.473,1.018,52.5,0.0,0.0,,,
2026-09-08 04:19:32.136,dummy,-0.324,-0.429,1.016,52.6,0.0,0.0,,,
2026-09-08 04:19:32.188,dummy,-0.29,-0.384,1.014,52.7,0.0,0.0,,,
2026-09-08 04:19:32.239,dummy,-0.256,-0.34,1.013,52.8,0.0,0.0,,,
2026-09-08 04:19:32.291,dummy,-0.222,-0.295,1.011,52.9,0.0,0.0,,,
2026-09-08 04:19:32.342,dummy,-0.188,-0.25,1.009,53.0,0.0,0.0,,,
2026-09-08 04:19:32.394,dummy,-0.154,-0.205,1.008,53.0,0.0,0.0,,,
2026-09-08 04:19:32.445,dummy,-0.12,-0.16,1.006,53.1,0.0,0.0,,,
2026-09-08 04:19:32.497,dummy,-0.086,-0.114,1.004,53.1,0.0,0.0,,,
2026-09-08 04:19:32.548,dummy,-0.052,-0.069,1.003,53.1,0.0,0.0,,,
2026-09-08 04:19:32.600,dummy,-0.018,-0.024,1.001,53.1,0.0,0.0,,,
2026-09-08 04:19:32.651,dummy,0.016,0.022,0.999,53.1,0.0,0.0,,,
2026-09-08 04:19:32.703,dummy,0.05,0.067,0.997,53.1,0.0,0.0,,,
2026-09-08 04:19:32.755,dummy,0.085,0.113,0.996,53.1,0.0,0.0,,,
2026-09-08 04:19:32.807,dummy,0.119,0.159,0.994,53.1,0.0,0.0,,,
2026-09-08 04:19:32.861,dummy,0.154,0.205,0.992,53.0,0.0,0.0,,,
2026-09-08 04:19:32.912,dummy,0.188,0.251,0.991,53.0,0.0,0.0,,,
2026-09-08 04:19:32.964,dummy,0.222,0.295,0.989,52.9,0.0,0.0,,,
2026-09-08 04:19:33.016,dummy,0.256,0.341,0.987,52.8,0.0,0.0,,,
2026-09-08 04:19:33.067,dummy,0.29,0.385,0.985,52.7,0.0,0.0,,,
2026-09-08 04:19:33.118,dummy,0.324,0.429,0.984,52.6,0.0,0.0,,,
2026-09-08 04:19:33.170,dummy,0.358,0.474,0.982,52.5,0.0,0.0,,,
2026-09-08 04:19:33.222,dummy,0.391,0.517,0.98,52.4,0.0,0.0,,,
2026-09-08 04:19:33.274,dummy,0.425,0.561,0.979,52.3,0.0,0.0,,,
2026-09-08 04:19:33.325,dummy,0.459,0.605,0.977,52.1,0.0,0.0,,,
2026-09-08 04:19:33.377,dummy,0.493,0.648,0.975,52.0,0.0,0.0,,,
2026-09-08 04:19:33.428,dummy,0.526,0.691,0.974,51.8,0.0,0.0,,,
2026-09-08 04:19:33.480,dummy,0.56,0.733,0.972,51.6,0.0,0.0,,,
2026-09-08 04:19:33.531,dummy,0.593,0.775,0.97,51.4,0.0,0.0,,,
2026-09-08 04:19:33.583,dummy,0.626,0.817,0.969,51.2,0.0,0.0,,,
2026-09-08 04:19:33.634,dummy,0.659,0.858,0.967,51.0,0.0,0.0,,,
2026-09-08 04:19:33.686,dummy,0.693,0.898,0.965,50.8,0.0,0.0,,,
2026-09-08 04:19:33.738,dummy,0.726,0.939,0.963,50.5,0.0,0.0,,,
2026-09-08 04:19:33.790,dummy,0.759,0.979,0.962,50.2,0.0,0.0,,,
2026-09-08 04:19:33.842,dummy,0.792,1.019,0.96,49.9,0.0,0.0,,,
2026-09-08 04:19:33.894,dummy,0.825,1.058,0.958,49.6,0.0,0.0,,,
2026-09-08 04:19:33.945,dummy,0.858,1.096,0.957,49.3,0.0,0.0,,,
2026-09-08 04:19:33.996,dummy,0.89,1.133,0.955,49.0,0.0,0.0,,,
2026-09-08 04:19:34.048,dummy,0.923,1.171,0.953,48.6,0.0,0.0,,,
2026-09-08 04:19:34.100,dummy,0.955,1.207,0.952,48.3,0.0,0.0,,,
2026-09-08 04:19:34.151,dummy,0.987,1.243,0.95,47.9,0.0,0.0,,,
2026-09-08 04:19:34.203,dummy,1.02,1.279,0.948,47.5,0.0,0.0,,,
2026-09-08 04:19:34.255,dummy,1.051,1.313,0.947,47.0,0.0,0.0,,,
2026-09-08 04:19:34.306,dummy,1.083,1.347,0.945,46.6,0.0,0.0,,,
2026-09-08 04:19:34.358,dummy,1.115,1.38,0.943,46.1,0.0,0.0,,,
2026-09-08 04:19:34.410,dummy,1.147,1.413,0.942,45.6,0.0,0.0,,,
2026-09-08 04:19:34.461,dummy,1.178,1.445,0.94,45.1,0.0,0.0,,,
2026-09-08 04:19:34.513,dummy,1.209,1.476,0.938,44.5,0.0,0.0,,,
2026-09-08 04:19:34.564,dummy,1.24,1.506,0.937,43.9,0.0,0.0,,,
2026-09-08 04:19:34.616,dummy,1.271,1.535,0.935,43.3,0.0,0.0,,,
2026-09-08 04:19:34.667,dummy,1.302,1.564,0.933,42.7,0.0,0.0,,,
2026-09-08 04:19:34.719,dummy,1.333,1.592,0.932,42.0,0.0,0.0,,,
2026-09-08 04:19:34.771,dummy,1.363,1.619,0.93,41.3,0.0,0.0,,,
2026-09-08 04:19:34.822,dummy,1.393,1.645,0.928,40.6,0.0,0.0,,,
2026-09-08 04:19:34.874,dummy,1.423,1.671,0.927,39.8,0.0,0.0,,,
2026-09-08 04:19:34.926,dummy,1.453,1.695,0.925,39.0,0.0,0.0,,,
2026-09-08 04:19:34.977,dummy,1.483,1.719,0.923,38.1,0.0,0.0,,,
2026-09-08 04:19:35.030,dummy,1.513,1.742,0.922,37.2,0.0,0.0,,,
2026-09-08 04:19:35.081,dummy,1.542,1.764,0.92,36.2,0.0,0.0,,,
2026-09-08 04:19:35.133,dummy,1.571,1.785,0.918,35.2,0.0,0.0,,,
2026-09-08 04:19:35.185,dummy,1.601,1.805,0.917,34.2,0.0,0.0,,,
2026-09-08 04:19:35.237,dummy,1.629,1.824,0.915,33.1,0.0,0.0,,,
2026-09-08 04:19:35.288,dummy,1.658,1.842,0.913,31.9,0.0,0.0,,,
2026-09-08 04:19:35.339,dummy,1.686,1.859,0.912,30.7,0.0,0.0,,,
2026-09-08 04:19:35.391,dummy,1.714,1.876,0.91,29.4,0.0,0.0,,,
2026-09-08 04:19:35.442,dummy,1.742,1.891,0.909,28.1,0.0,0.0,,,
2026-09-08 04:19:35.494,dummy,1.769,1.905,0.907,26.7,0.0,0.0,,,
2026-09-08 04:19:35.545,dummy,1.796,1.918,0.905,25.2,0.0,0.0,,,
2026-09-08 04:19:35.597,dummy,1.823,1.931,0.904,23.7,0.0,0.0,,,
2026-09-08 04:19:35.648,dummy,1.85,1.942,0.902,22.1,0.0,0.0,,,
2026-09-08 04:19:35.699,dummy,1.877,1.952,0.901,20.4,0.0,0.0,,,
2026-09-08 04:19:35.751,dummy,1.903,1.962,0.899,18.6,0.0,0.0,,,
2026-09-08 04:19:35.803,dummy,1.93,1.97,0.897,16.7,0.0,0.0,,,
2026-09-08 04:19:35.854,dummy,1.956,1.977,0.896,14.8,0.0,0.0,,,
2026-09-08 04:19:35.908,dummy,1.982,1.984,0.894,12.7,0.0,0.0,,,
2026-09-08 04:19:35.960,dummy,2.008,1.989,0.892,10.6,0.0,0.0,,,
2026-09-08 04:19:36.012,dummy,2.033,1.993,0.891,8.4,0.0,0.0,,,
2026-09-08 04:19:36.064,dummy,2.058,1.997,0.889,6.1,0.0,0.0,,,
2026-09-08 04:19:36.116,dummy,2.083,1.999,0.888,3.8,0.0,0.0,,,
2026-09-08 04:19:36.168,dummy,2.108,2.0,0.886,1.4,0.0,0.0,,,
2026-09-08 04:19:36.219,dummy,2.132,2.0,0.885,358.9,0.0,0.0,,,
2026-09-08 04:19:36.271,dummy,2.156,1.999,0.883,356.4,0.0,0.0,,,
2026-09-08 04:19:36.323,dummy,2.18,1.997,0.881,353.8,0.0,0.0,,,
2026-09-08 04:19:36.374,dummy,2.203,1.994,0.88,351.3,0.0,0.0,,,
2026-09-08 04:19:36.428,dummy,2.226,1.99,0.878,348.7,0.0,0.0,,,
2026-09-08 04:19:36.480,dummy,2.249,1.985,0.877,346.0,0.0,0.0,,,
2026-09-08 04:19:36.531,dummy,2.272,1.978,0.875,343.3,0.0,0.0,,,
2026-09-08 04:19:36.583,dummy,2.294,1.971,0.874,340.7,0.0,0.0,,,
2026-09-08 04:19:36.634,dummy,2.315,1.963,0.872,338.2,0.0,0.0,,,
2026-09-08 04:19:36.686,dummy,2.337,1.954,0.87,335.6,0.0,0.0,,,
2026-09-08 04:19:36.738,dummy,2.358,1.944,0.869,333.1,0.0,0.0,,,
2026-09-08 04:19:36.789,dummy,2.379,1.932,0.867,330.6,0.0,0.0,,,
2026-09-08 04:19:36.841,dummy,2.399,1.92,0.866,328.2,0.0,0.0,,,
2026-09-08 04:19:36.892,dummy,2.42,1.907,0.864,325.8,0.0,0.0,,,
2026-09-08 04:19:36.944,dummy,2.44,1.893,0.863,323.5,0.0,0.0,,,
2026-09-08 04:19:36.996,dummy,2.459,1.878,0.861,321.3,0.0,0.0,,,
2026-09-08 04:19:37.048,dummy,2.479,1.861,0.86,319.1,0.0,0.0,,,
2026-09-08 04:19:37.099,dummy,2.498,1.844,0.858,317.0,0.0,0.0,,,
2026-09-08 04:19:37.151,dummy,2.517,1.826,0.857,315.0,0.0,0.0,,,
2026-09-08 04:19:37.203,dummy,2.535,1.807,0.855,313.1,0.0,0.0,,,
2026-09-08 04:19:37.254,dummy,2.553,1.787,0.854,311.3,0.0,0.0,,,
2026-09-08 04:19:37.306,dummy,2.571,1.767,0.852,309.5,0.0,0.0,,,
2026-09-08 04:19:37.358,dummy,2.589,1.745,0.851,307.8,0.0,0.0,,,
2026-09-08 04:19:37.410,dummy,2.606,1.722,0.849,306.2,0.0,0.0,,,
2026-09-08 04:19:37.462,dummy,2.622,1.698,0.848,304.6,0.0,0.0,,,
2026-09-08 04:19:37.513,dummy,2.639,1.674,0.846,303.1,0.0,0.0,,,
2026-09-08 04:19:37.565,dummy,2.655,1.649,0.845,301.7,0.0,0.0,,,
2026-09-08 04:19:37.617,dummy,2.671,1.622,0.843,300.3,0.0,0.0,,,
2026-09-08 04:19:37.669,dummy,2.686,1.595,0.842,299.0,0.0,0.0,,,
2026-09-08 04:19:37.721,dummy,2.701,1.567,0.841,297.7,0.0,0.0,,,
2026-09-08 04:19:37.772,dummy,2.716,1.538,0.839,296.5,0.0,0.0,,,
2026-09-08 04:19:37.824,dummy,2.73,1.509,0.838,295.3,0.0,0.0,,,
2026-09-08 04:19:37.876,dummy,2.744,1.479,0.836,294.2,0.0,0.0,,,
2026-09-08 04:19:37.927,dummy,2.758,1.448,0.835,293.2,0.0,0.0,,,
2026-09-08 04:19:37.978,dummy,2.771,1.416,0.833,292.2,0.0,0.0,,,
2026-09-08 04:19:38.031,dummy,2.784,1.384,0.832,291.2,0.0,0.0,,,
2026-09-08 04:19:38.083,dummy,2.796,1.35,0.831,290.2,0.0,0.0,,,
2026-09-08 04:19:38.134,dummy,2.809,1.316,0.829,289.3,0.0,0.0,,,
2026-09-08 04:19:38.186,dummy,2.82,1.282,0.828,288.4,0.0,0.0,,,
2026-09-08 04:19:38.238,dummy,2.832,1.247,0.826,287.6,0.0,0.0,,,
2026-09-08 04:19:38.290,dummy,2.843,1.21,0.825,286.7,0.0,0.0,,,
2026-09-08 04:19:38.342,dummy,2.854,1.173,0.824,285.9,0.0,0.0,,,
2026-09-08 04:19:38.394,dummy,2.864,1.136,0.822,285.2,0.0,0.0,,,
2026-09-08 04:19:38.445,dummy,2.874,1.099,0.821,284.4,0.0,0.0,,,
2026-09-08 04:19:38.497,dummy,2.884,1.061,0.819,283.7,0.0,0.0,,,
2026-09-08 04:19:38.548,dummy,2.893,1.022,0.818,283.0,0.0,0.0,,,
2026-09-08 04:19:38.599,dummy,2.902,0.983,0.817,282.3,0.0,0.0,,,
2026-09-08 04:19:38.650,dummy,2.91,0.944,0.815,281.7,0.0,0.0,,,
2026-09-08 04:19:38.702,dummy,2.918,0.903,0.814,281.0,0.0,0.0,,,
2026-09-08 04:19:38.755,dummy,2.926,0.863,0.813,280.4,0.0,0.0,,,
2026-09-08 04:19:38.807,dummy,2.933,0.82,0.811,279.8,0.0,0.0,,,
2026-09-08 04:19:38.858,dummy,2.94,0.779,0.81,279.2,0.0,0.0,,,
2026-09-08 04:19:38.910,dummy,2.947,0.736,0.809,278.6,0.0,0.0,,,
2026-09-08 04:19:38.961,dummy,2.953,0.694,0.807,278.0,0.0,0.0,,,
2026-09-08 04:19:39.013,dummy,2.959,0.651,0.806,277.5,0.0,0.0,,,
2026-09-08 04:19:39.065,dummy,2.964,0.608,0.805,276.9,0.0,0.0,,,
2026-09-08 04:19:39.116,dummy,2.969,0.565,0.804,276.4,0.0,0.0,,,
2026-09-08 04:19:39.168,dummy,2.974,0.521,0.802,275.8,0.0,0.0,,,
2026-09-08 04:19:39.220,dummy,2.978,0.477,0.801,275.3,0.0,0.0,,,
2026-09-08 04:19:39.271,dummy,2.982,0.433,0.8,274.8,0.0,0.0,,,
2026-09-08 04:19:39.326,dummy,2.986,0.385,0.798,274.2,0.0,0.0,,,
2026-09-08 04:19:39.377,dummy,2.989,0.341,0.797,273.7,0.0,0.0,,,
2026-09-08 04:19:39.429,dummy,2.992,0.297,0.796,273.2,0.0,0.0,,,
2026-09-08 04:19:39.481,dummy,2.994,0.251,0.795,272.7,0.0,0.0,,,
2026-09-08 04:19:39.532,dummy,2.996,0.206,0.793,272.2,0.0,0.0,,,
2026-09-08 04:19:39.584,dummy,2.998,0.161,0.792,271.7,0.0,0.0,,,
2026-09-08 04:19:39.635,dummy,2.999,0.116,0.791,271.2,0.0,0.0,,,
2026-09-08 04:19:39.687,dummy,3.0,0.07,0.79,270.8,0.0,0.0,,,
2026-09-08 04:19:39.739,dummy,3.0,0.025,0.789,270.3,0.0,0.0,,,
2026-09-08 04:19:39.790,dummy,3.0,-0.02,0.787,269.8,0.0,0.0,,,
2026-09-08 04:19:39.842,dummy,3.0,-0.066,0.786,269.3,0.0,0.0,,,
2026-09-08 04:19:39.893,dummy,2.999,-0.111,0.785,268.8,0.0,0.0,,,
2026-09-08 04:19:39.945,dummy,2.998,-0.157,0.784,268.3,0.0,0.0,,,
2026-09-08 04:19:39.996,dummy,2.996,-0.201,0.783,267.8,0.0,0.0,,,
2026-09-08 04:19:40.047,dummy,2.994,-0.246,0.781,267.3,0.0,0.0,,,
2026-09-08 04:19:40.099,dummy,2.992,-0.291,0.78,266.8,0.0,0.0,,,
2026-09-08 04:19:40.150,dummy,2.989,-0.336,0.779,266.3,0.0,0.0,,,
2026-09-08 04:19:40.201,dummy,2.986,-0.38,0.778,265.8,0.0,0.0,,,
2026-09-08 04:19:40.253,dummy,2.983,-0.424,0.777,265.3,0.0,0.0,,,
2026-09-08 04:19:40.304,dummy,2.979,-0.468,0.776,264.8,0.0,0.0,,,
2026-09-08 04:19:40.356,dummy,2.975,-0.513,0.775,264.3,0.0,0.0,,,
2026-09-08 04:19:40.408,dummy,2.97,-0.557,0.773,263.7,0.0,0.0,,,
2026-09-08 04:19:40.460,dummy,2.965,-0.6,0.772,263.2,0.0,0.0,,,
2026-09-08 04:19:40.511,dummy,2.96,-0.643,0.771,262.6,0.0,0.0,,,
2026-09-08 04:19:40.563,dummy,2.954,-0.686,0.77,262.1,0.0,0.0,,,
2026-09-08 04:19:40.614,dummy,2.948,-0.729,0.769,261.5,0.0,0.0,,,
2026-09-08 04:19:40.666,dummy,2.941,-0.771,0.768,260.9,0.0,0.0,,,
2026-09-08 04:19:40.718,dummy,2.935,-0.812,0.767,260.3,0.0,0.0,,,
2026-09-08 04:19:40.769,dummy,2.927,-0.853,0.766,259.7,0.0,0.0,,,
2026-09-08 04:19:40.820,dummy,2.92,-0.894,0.765,259.1,0.0,0.0,,,
2026-09-08 04:19:40.872,dummy,2.912,-0.935,0.764,258.5,0.0,0.0,,,
2026-09-08 04:19:40.924,dummy,2.903,-0.975,0.763,257.8,0.0,0.0,,,
2026-09-08 04:19:40.976,dummy,2.895,-1.014,0.762,257.1,0.0,0.0,,,
2026-09-08 04:19:41.027,dummy,2.885,-1.053,0.761,256.4,0.0,0.0,,,
2026-09-08 04:19:41.080,dummy,2.876,-1.092,0.76,255.7,0.0,0.0,,,
2026-09-08 04:19:41.132,dummy,2.866,-1.13,0.759,254.9,0.0,0.0,,,
2026-09-08 04:19:41.183,dummy,2.855,-1.167,0.758,254.2,0.0,0.0,,,
2026-09-08 04:19:41.235,dummy,2.845,-1.204,0.757,253.4,0.0,0.0,,,
2026-09-08 04:19:41.287,dummy,2.834,-1.24,0.756,252.6,0.0,0.0,,,
2026-09-08 04:19:41.339,dummy,2.822,-1.276,0.755,251.7,0.0,0.0,,,
2026-09-08 04:19:41.391,dummy,2.811,-1.31,0.754,250.9,0.0,0.0,,,
2026-09-08 04:19:41.442,dummy,2.799,-1.344,0.753,250.0,0.0,0.0,,,
2026-09-08 04:19:41.494,dummy,2.786,-1.378,0.752,249.0,0.0,0.0,,,
2026-09-08 04:19:41.546,dummy,2.773,-1.41,0.751,248.0,0.0,0.0,,,
2026-09-08 04:19:41.597,dummy,2.76,-1.442,0.75,247.0,0.0,0.0,,,
2026-09-08 04:19:41.649,dummy,2.746,-1.473,0.749,245.9,0.0,0.0,,,
2026-09-08 04:19:41.701,dummy,2.733,-1.504,0.748,244.8,0.0,0.0,,,
2026-09-08 04:19:41.752,dummy,2.718,-1.533,0.747,243.7,0.0,0.0,,,
2026-09-08 04:19:41.805,dummy,2.704,-1.562,0.746,242.5,0.0,0.0,,,
2026-09-08 04:19:41.856,dummy,2.689,-1.59,0.745,241.3,0.0,0.0,,,
2026-09-08 04:19:41.908,dummy,2.673,-1.618,0.744,239.9,0.0,0.0,,,
2026-09-08 04:19:41.963,dummy,2.657,-1.646,0.743,238.5,0.0,0.0,,,
2026-09-08 04:19:42.015,dummy,2.641,-1.671,0.742,237.1,0.0,0.0,,,
2026-09-08 04:19:42.066,dummy,2.624,-1.696,0.742,235.6,0.0,0.0,,,
2026-09-08 04:19:42.118,dummy,2.608,-1.719,0.741,234.0,0.0,0.0,,,
2026-09-08 04:19:42.169,dummy,2.591,-1.742,0.74,232.4,0.0,0.0,,,
2026-09-08 04:19:42.221,dummy,2.573,-1.764,0.739,230.7,0.0,0.0,,,
2026-09-08 04:19:42.273,dummy,2.556,-1.785,0.738,229.0,0.0,0.0,,,
2026-09-08 04:19:42.325,dummy,2.537,-1.805,0.737,227.1,0.0,0.0,,,
2026-09-08 04:19:42.378,dummy,2.519,-1.824,0.736,225.2,0.0,0.0,,,
2026-09-08 04:19:42.429,dummy,2.5,-1.843,0.736,223.2,0.0,0.0,,,
2026-09-08 04:19:42.480,dummy,2.481,-1.86,0.735,221.1,0.0,0.0,,,
2026-09-08 04:19:42.532,dummy,2.462,-1.876,0.734,219.0,0.0,0.0,,,
2026-09-08 04:19:42.584,dummy,2.442,-1.891,0.733,216.8,0.0,0.0,,,
2026-09-08 04:19:42.636,dummy,2.422,-1.906,0.733,214.5,0.0,0.0,,,
2026-09-08 04:19:42.687,dummy,2.402,-1.919,0.732,212.1,0.0,0.0,,,
2026-09-08 04:19:42.738,dummy,2.381,-1.931,0.731,209.7,0.0,0.0,,,
2026-09-08 04:19:42.790,dummy,2.361,-1.942,0.73,207.2,0.0,0.0,,,
2026-09-08 04:19:42.849,dummy,2.338,-1.953,0.729,204.6,0.0,0.0,,,
2026-09-08 04:19:42.901,dummy,2.315,-1.963,0.729,201.8,0.0,0.0,,,
2026-09-08 04:19:42.952,dummy,2.293,-1.971,0.728,199.2,0.0,0.0,,,
2026-09-08 04:19:43.003,dummy,2.271,-1.978,0.727,196.6,0.0,0.0,,,
2026-09-08 04:19:43.055,dummy,2.249,-1.985,0.727,194.0,0.0,0.0,,,
2026-09-08 04:19:43.106,dummy,2.226,-1.99,0.726,191.4,0.0,0.0,,,
2026-09-08 04:19:43.158,dummy,2.203,-1.994,0.725,188.8,0.0,0.0,,,
2026-09-08 04:19:43.211,dummy,2.18,-1.997,0.724,186.2,0.0,0.0,,,
2026-09-08 04:19:43.262,dummy,2.156,-1.999,0.724,183.6,0.0,0.0,,,
2026-09-08 04:19:43.314,dummy,2.132,-2.0,0.723,181.1,0.0,0.0,,,
2026-09-08 04:19:43.366,dummy,2.108,-2.0,0.722,178.6,0.0,0.0,,,
2026-09-08 04:19:43.417,dummy,2.083,-1.999,0.722,176.2,0.0,0.0,,,
2026-09-08 04:19:43.469,dummy,2.059,-1.997,0.721,173.9,0.0,0.0,,,
2026-09-08 04:19:43.521,dummy,2.034,-1.993,0.721,171.7,0.0,0.0,,,
2026-09-08 04:19:43.572,dummy,2.009,-1.989,0.72,169.5,0.0,0.0,,,
2026-09-08 04:19:43.624,dummy,1.983,-1.984,0.719,167.4,0.0,0.0,,,
2026-09-08 04:19:43.676,dummy,1.957,-1.978,0.719,165.4,0.0,0.0,,,
2026-09-08 04:19:43.728,dummy,1.931,-1.971,0.718,163.4,0.0,0.0,,,
2026-09-08 04:19:43.779,dummy,1.905,-1.962,0.718,161.5,0.0,0.0,,,
2026-09-08 04:19:43.831,dummy,1.879,-1.953,0.717,159.8,0.0,0.0,,,
2026-09-08 04:19:43.882,dummy,1.852,-1.943,0.716,158.1,0.0,0.0,,,
2026-09-08 04:19:43.934,dummy,1.825,-1.931,0.716,156.4,0.0,0.0,,,
2026-09-08 04:19:43.985,dummy,1.798,-1.919,0.715,154.9,0.0,0.0,,,
2026-09-08 04:19:44.037,dummy,1.771,-1.906,0.715,153.4,0.0,0.0,,,
2026-09-08 04:19:44.088,dummy,1.743,-1.892,0.714,152.0,0.0,0.0,,,
2026-09-08 04:19:44.139,dummy,1.716,-1.877,0.714,150.7,0.0,0.0,,,
2026-09-08 04:19:44.191,dummy,1.688,-1.86,0.713,149.4,0.0,0.0,,,
2026-09-08 04:19:44.242,dummy,1.66,-1.843,0.713,148.2,0.0,0.0,,,
2026-09-08 04:19:44.294,dummy,1.631,-1.825,0.712,147.0,0.0,0.0,,,
2026-09-08 04:19:44.348,dummy,1.602,-1.806,0.712,145.9,0.0,0.0,,,
2026-09-08 04:19:44.400,dummy,1.572,-1.785,0.711,144.8,0.0,0.0,,,
2026-09-08 04:19:44.452,dummy,1.542,-1.764,0.711,143.8,0.0,0.0,,,
2026-09-08 04:19:44.504,dummy,1.513,-1.742,0.71,142.8,0.0,0.0,,,
2026-09-08 04:19:44.556,dummy,1.483,-1.719,0.71,141.9,0.0,0.0,,,
2026-09-08 04:19:44.608,dummy,1.453,-1.695,0.71,141.0,0.0,0.0,,,
2026-09-08 04:19:44.659,dummy,1.424,-1.671,0.709,140.2,0.0,0.0,,,
2026-09-08 04:19:44.710,dummy,1.394,-1.646,0.709,139.4,0.0,0.0,,,
2026-09-08 04:19:44.762,dummy,1.364,-1.62,0.708,138.7,0.0,0.0,,,
2026-09-08 04:19:44.813,dummy,1.334,-1.593,0.708,138.0,0.0,0.0,,,
2026-09-08 04:19:44.865,dummy,1.303,-1.565,0.708,137.3,0.0,0.0,,,
2026-09-08 04:19:44.917,dummy,1.272,-1.536,0.707,136.7,0.0,0.0,,,
2026-09-08 04:19:44.969,dummy,1.241,-1.506,0.707,136.1,0.0,0.0,,,
2026-09-08 04:19:45.020,dummy,1.21,-1.476,0.706,135.5,0.0,0.0,,,
2026-09-08 04:19:45.071,dummy,1.179,-1.445,0.706,134.9,0.0,0.0,,,
2026-09-08 04:19:45.123,dummy,1.148,-1.414,0.706,134.4,0.0,0.0,,,
2026-09-08 04:19:45.174,dummy,1.116,-1.381,0.705,133.9,0.0,0.0,,,
2026-09-08 04:19:45.226,dummy,1.084,-1.348,0.705,133.4,0.0,0.0,,,
2026-09-08 04:19:45.279,dummy,1.053,-1.314,0.705,133.0,0.0,0.0,,,
2026-09-08 04:19:45.331,dummy,1.019,-1.278,0.704,132.5,0.0,0.0,,,
2026-09-08 04:19:45.383,dummy,0.987,-1.243,0.704,132.1,0.0,0.0,,,
2026-09-08 04:19:45.435,dummy,0.955,-1.207,0.704,131.7,0.0,0.0,,,
2026-09-08 04:19:45.487,dummy,0.922,-1.17,0.704,131.3,0.0,0.0,,,
2026-09-08 04:19:45.538,dummy,0.89,-1.133,0.703,131.0,0.0,0.0,,,
2026-09-08 04:19:45.590,dummy,0.857,-1.095,0.703,130.7,0.0,0.0,,,
2026-09-08 04:19:45.642,dummy,0.824,-1.056,0.703,130.3,0.0,0.0,,,
2026-09-08 04:19:45.694,dummy,0.791,-1.017,0.703,130.0,0.0,0.0,,,
2026-09-08 04:19:45.747,dummy,0.758,-0.977,0.702,129.8,0.0,0.0,,,
2026-09-08 04:19:45.799,dummy,0.724,-0.937,0.702,129.5,0.0,0.0,,,
2026-09-08 04:19:45.851,dummy,0.691,-0.896,0.702,129.2,0.0,0.0,,,
2026-09-08 04:19:45.904,dummy,0.657,-0.855,0.702,129.0,0.0,0.0,,,
2026-09-08 04:19:45.956,dummy,0.623,-0.813,0.702,128.8,0.0,0.0,,,
2026-09-08 04:19:46.007,dummy,0.59,-0.771,0.701,128.6,0.0,0.0,,,
2026-09-08 04:19:46.059,dummy,0.556,-0.729,0.701,128.4,0.0,0.0,,,
2026-09-08 04:19:46.110,dummy,0.523,-0.687,0.701,128.2,0.0,0.0,,,
2026-09-08 04:19:46.161,dummy,0.49,-0.644,0.701,128.0,0.0,0.0,,,
2026-09-08 04:19:46.213,dummy,0.456,-0.601,0.701,127.9,0.0,0.0,,,
2026-09-08 04:19:46.265,dummy,0.422,-0.558,0.701,127.7,0.0,0.0,,,
2026-09-08 04:19:46.316,dummy,0.389,-0.514,0.701,127.6,0.0,0.0,,,
2026-09-08 04:19:46.368,dummy,0.355,-0.47,0.701,127.5,0.0,0.0,,,
2026-09-08 04:19:46.420,dummy,0.321,-0.426,0.7,127.3,0.0,0.0,,,
2026-09-08 04:19:46.472,dummy,0.287,-0.381,0.7,127.3,0.0,0.0,,,
2026-09-08 04:19:46.523,dummy,0.253,-0.336,0.7,127.2,0.0,0.0,,,
2026-09-08 04:19:46.575,dummy,0.219,-0.291,0.7,127.1,0.0,0.0,,,
2026-09-08 04:19:46.627,dummy,0.185,-0.246,0.7,127.0,0.0,0.0,,,
2026-09-08 04:19:46.678,dummy,0.151,-0.201,0.7,127.0,0.0,0.0,,,
2026-09-08 04:19:46.731,dummy,0.116,-0.155,0.7,126.9,0.0,0.0,,,
2026-09-08 04:19:46.783,dummy,0.082,-0.109,0.7,126.9,0.0,0.0,,,
2026-09-08 04:19:46.834,dummy,0.048,-0.064,0.7,126.9,0.0,0.0,,,
2026-09-08 04:19:46.886,dummy,0.014,-0.019,0.7,126.9,0.0,0.0,,,
2026-09-08 04:19:46.938,dummy,-0.021,0.028,0.7,126.9,0.0,0.0,,,
2026-09-08 04:19:46.990,dummy,-0.055,0.073,0.7,126.9,0.0,0.0,,,
2026-09-08 04:19:47.043,dummy,-0.089,0.118,0.7,126.9,0.0,0.0,,,
2026-09-08 04:19:47.096,dummy,-0.124,0.166,0.7,126.9,0.0,0.0,,,
2026-09-08 04:19:47.147,dummy,-0.158,0.211,0.7,127.0,0.0,0.0,,,
2026-09-08 04:19:47.199,dummy,-0.193,0.256,0.7,127.0,0.0,0.0,,,
2026-09-08 04:19:47.250,dummy,-0.226,0.301,0.7,127.1,0.0,0.0,,,
2026-09-08 04:19:47.302,dummy,-0.26,0.346,0.7,127.2,0.0,0.0,,,
2026-09-08 04:19:47.354,dummy,-0.294,0.39,0.7,127.3,0.0,0.0,,,
2026-09-08 04:19:47.405,dummy,-0.328,0.435,0.7,127.4,0.0,0.0,,,
2026-09-08 04:19:47.457,dummy,-0.362,0.479,0.701,127.5,0.0,0.0,,,
2026-09-08 04:19:47.509,dummy,-0.396,0.524,0.701,127.6,0.0,0.0,,,
2026-09-08 04:19:47.561,dummy,-0.43,0.567,0.701,127.7,0.0,0.0,,,
2026-09-08 04:19:47.612,dummy,-0.464,0.611,0.701,127.9,0.0,0.0,,,
2026-09-08 04:19:47.664,dummy,-0.497,0.654,0.701,128.0,0.0,0.0,,,
2026-09-08 04:19:47.715,dummy,-0.531,0.697,0.701,128.2,0.0,0.0,,,
2026-09-08 04:19:47.767,dummy,-0.564,0.739,0.701,128.4,0.0,0.0,,,
2026-09-08 04:19:47.819,dummy,-0.598,0.781,0.702,128.6,0.0,0.0,,,
2026-09-08 04:19:47.870,dummy,-0.631,0.823,0.702,128.8,0.0,0.0,,,
2026-09-08 04:19:47.922,dummy,-0.664,0.864,0.702,129.0,0.0,0.0,,,
2026-09-08 04:19:47.973,dummy,-0.697,0.904,0.702,129.3,0.0,0.0,,,
2026-09-08 04:19:48.025,dummy,-0.731,0.945,0.702,129.5,0.0,0.0,,,
2026-09-08 04:19:48.076,dummy,-0.763,0.984,0.702,129.8,0.0,0.0,,,
2026-09-08 04:19:48.128,dummy,-0.796,1.024,0.703,130.1,0.0,0.0,,,
2026-09-08 04:19:48.181,dummy,-0.829,1.063,0.703,130.4,0.0,0.0,,,
2026-09-08 04:19:48.232,dummy,-0.862,1.101,0.703,130.7,0.0,0.0,,,
2026-09-08 04:19:48.284,dummy,-0.895,1.139,0.703,131.0,0.0,0.0,,,
2026-09-08 04:19:48.338,dummy,-0.929,1.178,0.704,131.4,0.0,0.0,,,
2026-09-08 04:19:48.389,dummy,-0.961,1.214,0.704,131.8,0.0,0.0,,,
2026-09-08 04:19:48.441,dummy,-0.993,1.25,0.704,132.2,0.0,0.0,,,
2026-09-08 04:19:48.492,dummy,-1.025,1.285,0.705,132.6,0.0,0.0,,,
2026-09-08 04:19:48.544,dummy,-1.057,1.319,0.705,133.0,0.0,0.0,,,
2026-09-08 04:19:48.596,dummy,-1.089,1.353,0.705,133.5,0.0,0.0,,,
2026-09-08 04:19:48.647,dummy,-1.121,1.386,0.705,134.0,0.0,0.0,,,
2026-09-08 04:19:48.699,dummy,-1.152,1.418,0.706,134.5,0.0,0.0,,,
2026-09-08 04:19:48.750,dummy,-1.184,1.45,0.706,135.0,0.0,0.0,,,
2026-09-08 04:19:48.801,dummy,-1.215,1.481,0.706,135.6,0.0,0.0,,,
2026-09-08 04:19:48.853,dummy,-1.245,1.511,0.707,136.2,0.0,0.0,,,
2026-09-08 04:19:48.905,dummy,-1.277,1.54,0.707,136.8,0.0,0.0,,,
2026-09-08 04:19:48.956,dummy,-1.307,1.569,0.708,137.4,0.0,0.0,,,
2026-09-08 04:19:49.008,dummy,-1.338,1.597,0.708,138.1,0.0,0.0,,,
2026-09-08 04:19:49.059,dummy,-1.368,1.623,0.708,138.8,0.0,0.0,,,
2026-09-08 04:19:49.112,dummy,-1.399,1.65,0.709,139.6,0.0,0.0,,,
2026-09-08 04:19:49.163,dummy,-1.429,1.675,0.709,140.4,0.0,0.0,,,
2026-09-08 04:19:49.217,dummy,-1.46,1.7,0.71,141.2,0.0,0.0,,,
2026-09-08 04:19:49.269,dummy,-1.49,1.724,0.71,142.1,0.0,0.0,,,
2026-09-08 04:19:49.321,dummy,-1.52,1.747,0.711,143.0,0.0,0.0,,,
2026-09-08 04:19:49.373,dummy,-1.549,1.769,0.711,144.0,0.0,0.0,,,
2026-09-08 04:19:49.425,dummy,-1.578,1.789,0.711,145.0,0.0,0.0,,,
2026-09-08 04:19:49.476,dummy,-1.607,1.809,0.712,146.1,0.0,0.0,,,
2026-09-08 04:19:49.528,dummy,-1.636,1.828,0.712,147.2,0.0,0.0,,,
2026-09-08 04:19:49.579,dummy,-1.664,1.846,0.713,148.4,0.0,0.0,,,
2026-09-08 04:19:49.630,dummy,-1.692,1.863,0.713,149.6,0.0,0.0,,,
2026-09-08 04:19:49.682,dummy,-1.72,1.879,0.714,150.9,0.0,0.0,,,
2026-09-08 04:19:49.735,dummy,-1.749,1.895,0.714,152.3,0.0,0.0,,,
2026-09-08 04:19:49.787,dummy,-1.776,1.909,0.715,153.7,0.0,0.0,,,
2026-09-08 04:19:49.839,dummy,-1.804,1.922,0.715,155.2,0.0,0.0,,,
2026-09-08 04:19:49.890,dummy,-1.831,1.934,0.716,156.7,0.0,0.0,,,
2026-09-08 04:19:49.942,dummy,-1.858,1.945,0.717,158.4,0.0,0.0,,,
2026-09-08 04:19:49.994,dummy,-1.884,1.955,0.717,160.1,0.0,0.0,,,
2026-09-08 04:19:50.046,dummy,-1.911,1.964,0.718,161.9,0.0,0.0,,,
2026-09-08 04:19:50.098,dummy,-1.937,1.972,0.718,163.8,0.0,0.0,,,
2026-09-08 04:19:50.150,dummy,-1.963,1.979,0.719,165.8,0.0,0.0,,,
2026-09-08 04:19:50.202,dummy,-1.989,1.985,0.719,167.9,0.0,0.0,,,
2026-09-08 04:19:50.253,dummy,-2.015,1.99,0.72,170.0,0.0,0.0,,,
2026-09-08 04:19:50.305,dummy,-2.04,1.994,0.721,172.2,0.0,0.0,,,
2026-09-08 04:19:50.357,dummy,-2.065,1.997,0.721,174.5,0.0,0.0,,,
2026-09-08 04:19:50.409,dummy,-2.089,1.999,0.722,176.8,0.0,0.0,,,
2026-09-08 04:19:50.461,dummy,-2.114,2.0,0.723,179.3,0.0,0.0,,,
2026-09-08 04:19:50.513,dummy,-2.138,2.0,0.723,181.7,0.0,0.0,,,
2026-09-08 04:19:50.565,dummy,-2.162,1.998,0.724,184.3,0.0,0.0,,,
2026-09-08 04:19:50.618,dummy,-2.186,1.996,0.725,186.9,0.0,0.0,,,
2026-09-08 04:19:50.670,dummy,-2.209,1.993,0.725,189.5,0.0,0.0,,,
2026-09-08 04:19:50.722,dummy,-2.232,1.988,0.726,192.1,0.0,0.0,,,
2026-09-08 04:19:50.773,dummy,-2.255,1.983,0.727,194.7,0.0,0.0,,,
2026-09-08 04:19:50.825,dummy,-2.277,1.977,0.727,197.3,0.0,0.0,,,
2026-09-08 04:19:50.877,dummy,-2.299,1.969,0.728,200.0,0.0,0.0,,,
2026-09-08 04:19:50.929,dummy,-2.321,1.961,0.729,202.6,0.0,0.0,,,
2026-09-08 04:19:50.981,dummy,-2.343,1.951,0.73,205.1,0.0,0.0,,,
2026-09-08 04:19:51.048,dummy,-2.37,1.937,0.731,208.4,0.0,0.0,,,
2026-09-08 04:19:51.099,dummy,-2.391,1.925,0.731,210.8,0.0,0.0,,,
2026-09-08 04:19:51.153,dummy,-2.412,1.912,0.732,213.3,0.0,0.0,,,
2026-09-08 04:19:51.205,dummy,-2.433,1.898,0.733,215.7,0.0,0.0,,,
2026-09-08 04:19:51.257,dummy,-2.452,1.883,0.734,217.9,0.0,0.0,,,
2026-09-08 04:19:51.308,dummy,-2.472,1.868,0.734,220.1,0.0,0.0,,,
2026-09-08 04:19:51.360,dummy,-2.491,1.851,0.735,222.2,0.0,0.0,,,
2026-09-08 04:19:51.412,dummy,-2.51,1.833,0.736,224.2,0.0,0.0,,,
2026-09-08 04:19:51.464,dummy,-2.528,1.814,0.737,226.2,0.0,0.0,,,
2026-09-08 04:19:51.516,dummy,-2.547,1.795,0.738,228.1,0.0,0.0,,,
2026-09-08 04:19:51.567,dummy,-2.565,1.774,0.739,229.9,0.0,0.0,,,
2026-09-08 04:19:51.619,dummy,-2.582,1.753,0.739,231.6,0.0,0.0,,,
2026-09-08 04:19:51.672,dummy,-2.6,1.73,0.74,233.3,0.0,0.0,,,
2026-09-08 04:19:51.723,dummy,-2.616,1.707,0.741,234.9,0.0,0.0,,,
2026-09-08 04:19:51.775,dummy,-2.633,1.682,0.742,236.4,0.0,0.0,,,
2026-09-08 04:19:51.827,dummy,-2.649,1.657,0.743,237.8,0.0,0.0,,,
2026-09-08 04:19:51.879,dummy,-2.665,1.631,0.744,239.2,0.0,0.0,,,
2026-09-08 04:19:51.930,dummy,-2.681,1.605,0.745,240.6,0.0,0.0,,,
2026-09-08 04:19:51.983,dummy,-2.696,1.577,0.746,241.9,0.0,0.0,,,
2026-09-08 04:19:52.035,dummy,-2.711,1.548,0.746,243.1,0.0,0.0,,,
2026-09-08 04:19:52.087,dummy,-2.725,1.519,0.747,244.3,0.0,0.0,,,
2026-09-08 04:19:52.139,dummy,-2.74,1.489,0.748,245.4,0.0,0.0,,,
2026-09-08 04:19:52.191,dummy,-2.753,1.458,0.749,246.5,0.0,0.0,,,
2026-09-08 04:19:52.287,dummy,-2.778,1.399,0.751,248.4,0.0,0.0,,,
2026-09-08 04:19:52.342,dummy,-2.791,1.364,0.752,249.4,0.0,0.0,,,
2026-09-08 04:19:52.393,dummy,-2.804,1.33,0.753,250.3,0.0,0.0,,,
2026-09-08 04:19:52.445,dummy,-2.816,1.296,0.754,251.2,0.0,0.0,,,
2026-09-08 04:19:52.497,dummy,-2.827,1.261,0.755,252.1,0.0,0.0,,,
2026-09-08 04:19:52.548,dummy,-2.838,1.225,0.756,252.9,0.0,0.0,,,
2026-09-08 04:19:52.600,dummy,-2.849,1.189,0.757,253.7,0.0,0.0,,,
2026-09-08 04:19:52.653,dummy,-2.86,1.151,0.758,254.5,0.0,0.0,,,
2026-09-08 04:19:52.704,dummy,-2.87,1.114,0.759,255.3,0.0,0.0,,,
2026-09-08 04:19:52.756,dummy,-2.88,1.076,0.76,256.0,0.0,0.0,,,
2026-09-08 04:19:52.807,dummy,-2.889,1.037,0.761,256.7,0.0,0.0,,,
2026-09-08 04:19:52.859,dummy,-2.898,0.998,0.762,257.4,0.0,0.0,,,
2026-09-08 04:19:52.910,dummy,-2.907,0.959,0.763,258.1,0.0,0.0,,,
2026-09-08 04:19:52.962,dummy,-2.915,0.919,0.764,258.7,0.0,0.0,,,
2026-09-08 04:19:53.014,dummy,-2.923,0.878,0.765,259.3,0.0,0.0,,,
2026-09-08 04:19:53.066,dummy,-2.93,0.837,0.766,260.0,0.0,0.0,,,
2026-09-08 04:19:53.117,dummy,-2.937,0.796,0.767,260.6,0.0,0.0,,,
2026-09-08 04:19:53.169,dummy,-2.944,0.754,0.768,261.2,0.0,0.0,,,
2026-09-08 04:19:53.221,dummy,-2.951,0.711,0.769,261.7,0.0,0.0,,,
2026-09-08 04:19:53.272,dummy,-2.957,0.668,0.771,262.3,0.0,0.0,,,
2026-09-08 04:19:53.324,dummy,-2.962,0.625,0.772,262.9,0.0,0.0,,,
2026-09-08 04:19:53.376,dummy,-2.967,0.582,0.773,263.4,0.0,0.0,,,
2026-09-08 04:19:53.437,dummy,-2.972,0.538,0.774,264.0,0.0,0.0,,,
2026-09-08 04:19:53.488,dummy,-2.977,0.486,0.775,264.6,0.0,0.0,,,
2026-09-08 04:19:53.540,dummy,-2.981,0.442,0.776,265.1,0.0,0.0,,,
2026-09-08 04:19:53.591,dummy,-2.985,0.398,0.778,265.6,0.0,0.0,,,
2026-09-08 04:19:53.643,dummy,-2.988,0.353,0.779,266.1,0.0,0.0,,,
2026-09-08 04:19:53.695,dummy,-2.991,0.308,0.78,266.6,0.0,0.0,,,
2026-09-08 04:19:53.747,dummy,-2.993,0.263,0.781,267.1,0.0,0.0,,,
2026-09-08 04:19:54.141,dummy,-2.996,0.218,0.782,267.6,0.0,0.0,,,
2026-09-08 04:19:54.193,dummy,-2.998,-0.128,0.791,271.4,0.0,0.0,,,
2026-09-08 04:19:54.244,dummy,-2.997,-0.174,0.793,271.9,0.0,0.0,,,
2026-09-08 04:19:54.296,dummy,-2.995,-0.219,0.794,272.4,0.0,0.0,,,
2026-09-08 04:19:54.348,dummy,-2.993,-0.264,0.795,272.9,0.0,0.0,,,
2026-09-08 04:19:54.399,dummy,-2.991,-0.309,0.796,273.4,0.0,0.0,,,
2026-09-08 04:19:54.451,dummy,-2.988,-0.354,0.798,273.9,0.0,0.0,,,
2026-09-08 04:19:54.502,dummy,-2.985,-0.398,0.799,274.4,0.0,0.0,,,
2026-09-08 04:19:54.554,dummy,-2.981,-0.442,0.8,274.9,0.0,0.0,,,
2026-09-08 04:19:54.605,dummy,-2.977,-0.487,0.801,275.4,0.0,0.0,,,
2026-09-08 04:19:54.657,dummy,-2.973,-0.53,0.803,275.9,0.0,0.0,,,
2026-09-08 04:19:54.708,dummy,-2.968,-0.574,0.804,276.5,0.0,0.0,,,
2026-09-08 04:19:54.760,dummy,-2.963,-0.617,0.805,277.0,0.0,0.0,,,
2026-09-08 04:19:54.811,dummy,-2.958,-0.66,0.806,277.6,0.0,0.0,,,
2026-09-08 04:19:54.862,dummy,-2.952,-0.702,0.808,278.1,0.0,0.0,,,
2026-09-08 04:19:54.913,dummy,-2.946,-0.744,0.809,278.7,0.0,0.0,,,
2026-09-08 04:19:54.966,dummy,-2.939,-0.786,0.81,279.3,0.0,0.0,,,
2026-09-08 04:19:55.019,dummy,-2.932,-0.83,0.812,279.9,0.0,0.0,,,
2026-09-08 04:19:55.071,dummy,-2.924,-0.871,0.813,280.5,0.0,0.0,,,
2026-09-08 04:19:55.122,dummy,-2.916,-0.911,0.814,281.2,0.0,0.0,,,
2026-09-08 04:19:55.173,dummy,-2.908,-0.951,0.816,281.8,0.0,0.0,,,
2026-09-08 04:19:55.225,dummy,-2.9,-0.991,0.817,282.5,0.0,0.0,,,
2026-09-08 04:19:55.277,dummy,-2.891,-1.03,0.818,283.2,0.0,0.0,,,
2026-09-08 04:19:55.330,dummy,-2.881,-1.07,0.82,283.9,0.0,0.0,,,
2026-09-08 04:19:55.382,dummy,-2.871,-1.109,0.821,284.6,0.0,0.0,,,
2026-09-08 04:19:55.433,dummy,-2.862,-1.146,0.823,285.4,0.0,0.0,,,
2026-09-08 04:19:55.485,dummy,-2.851,-1.183,0.824,286.1,0.0,0.0,,,
2026-09-08 04:19:55.537,dummy,-2.84,-1.219,0.825,286.9,0.0,0.0,,,
2026-09-08 04:19:55.588,dummy,-2.829,-1.255,0.827,287.8,0.0,0.0,,,
2026-09-08 04:19:55.641,dummy,-2.817,-1.29,0.828,288.6,0.0,0.0,,,
2026-09-08 04:19:55.692,dummy,-2.806,-1.325,0.83,289.5,0.0,0.0,,,
2026-09-08 04:19:55.747,dummy,-2.793,-1.36,0.831,290.5,0.0,0.0,,,
2026-09-08 04:19:55.800,dummy,-2.78,-1.394,0.832,291.5,0.0,0.0,,,
2026-09-08 04:19:55.855,dummy,-2.766,-1.428,0.834,292.5,0.0,0.0,,,
2026-09-08 04:19:55.911,dummy,-2.751,-1.462,0.835,293.7,0.0,0.0,,,
2026-09-08 04:19:55.962,dummy,-2.738,-1.493,0.837,294.8,0.0,0.0,,,
2026-09-08 04:19:56.014,dummy,-2.723,-1.523,0.838,295.9,0.0,0.0,,,
2026-09-08 04:19:56.066,dummy,-2.709,-1.552,0.84,297.1,0.0,0.0,,,
2026-09-08 04:19:56.117,dummy,-2.694,-1.58,0.841,298.3,0.0,0.0,,,
2026-09-08 04:19:56.169,dummy,-2.679,-1.608,0.843,299.6,0.0,0.0,,,
2026-09-08 04:19:56.221,dummy,-2.663,-1.634,0.844,300.9,0.0,0.0,,,
2026-09-08 04:19:56.272,dummy,-2.648,-1.66,0.846,302.3,0.0,0.0,,,
2026-09-08 04:19:56.323,dummy,-2.632,-1.685,0.847,303.7,0.0,0.0,,,
2026-09-08 04:19:56.374,dummy,-2.615,-1.708,0.849,305.3,0.0,0.0,,,
2026-09-08 04:19:56.425,dummy,-2.598,-1.731,0.85,306.8,0.0,0.0,,,
2026-09-08 04:19:56.479,dummy,-2.581,-1.754,0.851,308.5,0.0,0.0,,,
2026-09-08 04:19:56.531,dummy,-2.563,-1.776,0.853,310.3,0.0,0.0,,,
2026-09-08 04:19:56.584,dummy,-2.545,-1.797,0.855,312.1,0.0,0.0,,,
2026-09-08 04:19:56.636,dummy,-2.526,-1.816,0.856,314.0,0.0,0.0,,,
2026-09-08 04:19:56.687,dummy,-2.508,-1.835,0.857,316.0,0.0,0.0,,,
2026-09-08 04:19:56.739,dummy,-2.489,-1.852,0.859,318.0,0.0,0.0,,,
2026-09-08 04:19:56.790,dummy,-2.47,-1.869,0.86,320.1,0.0,0.0,,,
2026-09-08 04:19:56.842,dummy,-2.45,-1.885,0.862,322.3,0.0,0.0,,,
2026-09-08 04:19:56.894,dummy,-2.431,-1.9,0.864,324.6,0.0,0.0,,,
2026-09-08 04:19:56.945,dummy,-2.41,-1.913,0.865,326.9,0.0,0.0,,,
2026-09-08 04:19:56.997,dummy,-2.39,-1.926,0.867,329.3,0.0,0.0,,,
2026-09-08 04:19:57.048,dummy,-2.369,-1.938,0.868,331.7,0.0,0.0,,,
2026-09-08 04:19:57.100,dummy,-2.348,-1.949,0.87,334.2,0.0,0.0,,,
2026-09-08 04:19:57.152,dummy,-2.327,-1.958,0.871,336.8,0.0,0.0,,,
2026-09-08 04:19:57.204,dummy,-2.305,-1.967,0.873,339.4,0.0,0.0,,,
2026-09-08 04:19:57.256,dummy,-2.283,-1.975,0.874,342.0,0.0,0.0,,,
2026-09-08 04:19:57.308,dummy,-2.261,-1.982,0.876,344.6,0.0,0.0,,,
2026-09-08 04:19:57.359,dummy,-2.238,-1.987,0.877,347.2,0.0,0.0,,,
2026-09-08 04:19:57.410,dummy,-2.215,-1.992,0.879,349.8,0.0,0.0,,,
2026-09-08 04:19:57.464,dummy,-2.192,-1.995,0.881,352.5,0.0,0.0,,,
2026-09-08 04:19:57.516,dummy,-2.168,-1.998,0.882,355.1,0.0,0.0,,,
2026-09-08 04:19:57.568,dummy,-2.144,-2.0,0.884,357.7,0.0,0.0,,,
2026-09-08 04:19:57.620,dummy,-2.12,-2.0,0.885,0.2,0.0,0.0,,,
2026-09-08 04:19:57.672,dummy,-2.095,-1.999,0.887,2.6,0.0,0.0,,,
2026-09-08 04:19:57.724,dummy,-2.071,-1.998,0.888,5.0,0.0,0.0,,,
2026-09-08 04:19:57.775,dummy,-2.046,-1.995,0.89,7.2,0.0,0.0,,,
2026-09-08 04:19:57.827,dummy,-2.021,-1.991,0.892,9.5,0.0,0.0,,,
2026-09-08 04:19:57.879,dummy,-1.996,-1.987,0.893,11.6,0.0,0.0,,,
2026-09-08 04:19:57.930,dummy,-1.97,-1.981,0.895,13.6,0.0,0.0,,,
2026-09-08 04:19:57.982,dummy,-1.944,-1.974,0.896,15.6,0.0,0.0,,,
2026-09-08 04:19:58.033,dummy,-1.918,-1.967,0.898,17.5,0.0,0.0,,,
2026-09-08 04:19:58.085,dummy,-1.892,-1.958,0.9,19.4,0.0,0.0,,,
2026-09-08 04:19:58.136,dummy,-1.866,-1.948,0.901,21.1,0.0,0.0,,,
2026-09-08 04:19:58.188,dummy,-1.839,-1.937,0.903,22.8,0.0,0.0,,,
2026-09-08 04:19:58.240,dummy,-1.812,-1.925,0.904,24.4,0.0,0.0,,,
2026-09-08 04:19:58.293,dummy,-1.784,-1.912,0.906,25.9,0.0,0.0,,,
2026-09-08 04:19:58.345,dummy,-1.756,-1.898,0.908,27.4,0.0,0.0,,,
2026-09-08 04:19:58.396,dummy,-1.728,-1.884,0.909,28.7,0.0,0.0,,,
2026-09-08 04:19:58.449,dummy,-1.7,-1.868,0.911,30.1,0.0,0.0,,,
2026-09-08 04:19:58.500,dummy,-1.672,-1.851,0.913,31.3,0.0,0.0,,,
2026-09-08 04:19:58.552,dummy,-1.643,-1.833,0.914,32.5,0.0,0.0,,,
2026-09-08 04:19:58.604,dummy,-1.615,-1.814,0.916,33.6,0.0,0.0,,,
2026-09-08 04:19:58.655,dummy,-1.586,-1.795,0.918,34.7,0.0,0.0,,,
2026-09-08 04:19:58.707,dummy,-1.557,-1.774,0.919,35.7,0.0,0.0,,,
2026-09-08 04:19:58.758,dummy,-1.528,-1.753,0.921,36.7,0.0,0.0,,,
2026-09-08 04:19:58.810,dummy,-1.498,-1.731,0.922,37.6,0.0,0.0,,,
2026-09-08 04:19:58.862,dummy,-1.468,-1.707,0.924,38.5,0.0,0.0,,,
2026-09-08 04:19:58.914,dummy,-1.439,-1.683,0.926,39.4,0.0,0.0,,,
2026-09-08 04:19:58.965,dummy,-1.409,-1.658,0.927,40.2,0.0,0.0,,,
2026-09-08 04:19:59.017,dummy,-1.378,-1.632,0.929,40.9,0.0,0.0,,,
2026-09-08 04:19:59.069,dummy,-1.348,-1.606,0.931,41.7,0.0,0.0,,,
2026-09-08 04:19:59.122,dummy,-1.317,-1.578,0.932,42.4,0.0,0.0,,,
2026-09-08 04:19:59.173,dummy,-1.286,-1.549,0.934,43.0,0.0,0.0,,,
2026-09-08 04:19:59.224,dummy,-1.255,-1.52,0.936,43.6,0.0,0.0,,,
2026-09-08 04:19:59.276,dummy,-1.225,-1.49,0.937,44.2,0.0,0.0,,,
2026-09-08 04:19:59.330,dummy,-1.192,-1.458,0.939,44.8,0.0,0.0,,,
2026-09-08 04:19:59.382,dummy,-1.16,-1.427,0.941,45.4,0.0,0.0,,,
2026-09-08 04:19:59.433,dummy,-1.129,-1.395,0.942,45.9,0.0,0.0,,,
2026-09-08 04:19:59.486,dummy,-1.096,-1.361,0.944,46.4,0.0,0.0,,,
2026-09-08 04:19:59.537,dummy,-1.065,-1.327,0.946,46.9,0.0,0.0,,,
2026-09-08 04:19:59.589,dummy,-1.033,-1.293,0.948,47.3,0.0,0.0,,,
2026-09-08 04:19:59.641,dummy,-1.001,-1.258,0.949,47.7,0.0,0.0,,,
2026-09-08 04:19:59.692,dummy,-0.969,-1.222,0.951,48.1,0.0,0.0,,,
2026-09-08 04:19:59.744,dummy,-0.936,-1.186,0.953,48.5,0.0,0.0,,,
2026-09-08 04:19:59.796,dummy,-0.904,-1.149,0.954,48.9,0.0,0.0,,,
2026-09-08 04:19:59.847,dummy,-0.871,-1.112,0.956,49.2,0.0,0.0,,,
2026-09-08 04:19:59.899,dummy,-0.839,-1.074,0.958,49.5,0.0,0.0,,,
2026-09-08 04:19:59.951,dummy,-0.806,-1.035,0.959,49.8,0.0,0.0,,,
2026-09-08 04:20:00.004,dummy,-0.772,-0.995,0.961,50.1,0.0,0.0,,,
2026-09-08 04:20:00.055,dummy,-0.739,-0.955,0.963,50.4,0.0,0.0,,,
2026-09-08 04:20:00.108,dummy,-0.705,-0.914,0.964,50.7,0.0,0.0,,,
2026-09-08 04:20:00.160,dummy,-0.672,-0.873,0.966,50.9,0.0,0.0,,,
2026-09-08 04:20:00.211,dummy,-0.639,-0.833,0.968,51.1,0.0,0.0,,,
2026-09-08 04:20:00.262,dummy,-0.606,-0.791,0.97,51.3,0.0,0.0,,,
2026-09-08 04:20:00.314,dummy,-0.573,-0.749,0.971,51.5,0.0,0.0,,,
2026-09-08 04:20:00.366,dummy,-0.539,-0.707,0.973,51.7,0.0,0.0,,,
2026-09-08 04:20:00.417,dummy,-0.505,-0.664,0.975,51.9,0.0,0.0,,,
2026-09-08 04:20:00.469,dummy,-0.472,-0.622,0.976,52.1,0.0,0.0,,,
2026-09-08 04:20:00.520,dummy,-0.438,-0.578,0.978,52.2,0.0,0.0,,,
2026-09-08 04:20:00.572,dummy,-0.405,-0.534,0.98,52.4,0.0,0.0,,,
2026-09-08 04:20:00.624,dummy,-0.371,-0.491,0.981,52.5,0.0,0.0,,,
2026-09-08 04:20:00.675,dummy,-0.337,-0.446,0.983,52.6,0.0,0.0,,,
2026-09-08 04:20:00.727,dummy,-0.303,-0.402,0.985,52.7,0.0,0.0,,,
2026-09-08 04:20:00.778,dummy,-0.269,-0.358,0.987,52.8,0.0,0.0,,,
2026-09-08 04:20:00.829,dummy,-0.236,-0.313,0.988,52.9,0.0,0.0,,,
2026-09-08 04:20:00.881,dummy,-0.202,-0.269,0.99,52.9,0.0,0.0,,,
2026-09-08 04:20:00.932,dummy,-0.168,-0.224,0.992,53.0,0.0,0.0,,,
2026-09-08 04:20:00.984,dummy,-0.134,-0.178,0.993,53.0,0.0,0.0,,,
2026-09-08 04:20:01.035,dummy,-0.1,-0.133,0.995,53.1,0.0,0.0,,,
2026-09-08 04:20:01.087,dummy,-0.066,-0.088,0.997,53.1,0.0,0.0,,,
2026-09-08 04:20:01.140,dummy,-0.032,-0.042,0.998,53.1,0.0,0.0,,,
2026-09-08 04:20:01.191,dummy,0.003,0.004,1.0,53.1,0.0,0.0,,,
2026-09-08 04:20:01.243,dummy,0.037,0.049,1.002,53.1,0.0,0.0,,,
2026-09-08 04:20:01.294,dummy,0.071,0.094,1.004,53.1,0.0,0.0,,,
2026-09-08 04:20:01.345,dummy,0.104,0.139,1.005,53.1,0.0,0.0,,,
2026-09-08 04:20:01.396,dummy,0.138,0.184,1.007,53.0,0.0,0.0,,,
2026-09-08 04:20:01.448,dummy,0.173,0.23,1.009,53.0,0.0,0.0,,,
2026-09-08 04:20:01.501,dummy,0.207,0.276,1.01,52.9,0.0,0.0,,,
2026-09-08 04:20:01.553,dummy,0.241,0.32,1.012,52.9,0.0,0.0,,,
2026-09-08 04:20:01.605,dummy,0.275,0.366,1.014,52.8,0.0,0.0,,,
2026-09-08 04:20:01.656,dummy,0.309,0.41,1.015,52.7,0.0,0.0,,,
2026-09-08 04:20:01.708,dummy,0.343,0.455,1.017,52.6,0.0,0.0,,,
2026-09-08 04:20:01.759,dummy,0.377,0.499,1.019,52.5,0.0,0.0,,,
2026-09-08 04:20:01.811,dummy,0.411,0.542,1.021,52.3,0.0,0.0,,,
2026-09-08 04:20:01.862,dummy,0.444,0.585,1.022,52.2,0.0,0.0,,,
2026-09-08 04:20:01.913,dummy,0.477,0.628,1.024,52.0,0.0,0.0,,,
2026-09-08 04:20:01.967,dummy,0.511,0.672,1.026,51.9,0.0,0.0,,,
2026-09-08 04:20:02.018,dummy,0.546,0.716,1.027,51.7,0.0,0.0,,,
2026-09-08 04:20:02.070,dummy,0.579,0.758,1.029,51.5,0.0,0.0,,,
2026-09-08 04:20:02.123,dummy,0.614,0.801,1.031,51.3,0.0,0.0,,,
2026-09-08 04:20:02.176,dummy,0.648,0.843,1.033,51.1,0.0,0.0,,,
2026-09-08 04:20:02.227,dummy,0.681,0.884,1.034,50.8,0.0,0.0,,,
2026-09-08 04:20:02.279,dummy,0.714,0.924,1.036,50.6,0.0,0.0,,,
2026-09-08 04:20:02.330,dummy,0.747,0.965,1.038,50.3,0.0,0.0,,,
2026-09-08 04:20:02.382,dummy,0.78,1.004,1.039,50.1,0.0,0.0,,,
2026-09-08 04:20:02.433,dummy,0.813,1.043,1.041,49.8,0.0,0.0,,,
2026-09-08 04:20:02.485,dummy,0.845,1.081,1.043,49.5,0.0,0.0,,,
2026-09-08 04:20:02.536,dummy,0.878,1.119,1.044,49.1,0.0,0.0,,,
2026-09-08 04:20:02.589,dummy,0.91,1.157,1.046,48.8,0.0,0.0,,,
2026-09-08 04:20:02.640,dummy,0.943,1.194,1.048,48.4,0.0,0.0,,,
2026-09-08 04:20:02.691,dummy,0.975,1.229,1.049,48.0,0.0,0.0,,,
2026-09-08 04:20:02.743,dummy,1.007,1.265,1.051,47.6,0.0,0.0,,,
2026-09-08 04:20:02.794,dummy,1.039,1.299,1.053,47.2,0.0,0.0,,,
2026-09-08 04:20:02.846,dummy,1.071,1.334,1.054,46.8,0.0,0.0,,,
2026-09-08 04:20:02.899,dummy,1.103,1.367,1.056,46.3,0.0,0.0,,,
2026-09-08 04:20:02.951,dummy,1.135,1.401,1.058,45.8,0.0,0.0,,,
2026-09-08 04:20:03.002,dummy,1.167,1.433,1.06,45.3,0.0,0.0,,,
2026-09-08 04:20:03.055,dummy,1.198,1.465,1.061,44.7,0.0,0.0,,,
2026-09-08 04:20:03.107,dummy,1.23,1.496,1.063,44.1,0.0,0.0,,,
2026-09-08 04:20:03.159,dummy,1.261,1.525,1.065,43.5,0.0,0.0,,,
2026-09-08 04:20:03.210,dummy,1.292,1.554,1.066,42.9,0.0,0.0,,,
2026-09-08 04:20:03.261,dummy,1.322,1.582,1.068,42.3,0.0,0.0,,,
2026-09-08 04:20:03.313,dummy,1.353,1.61,1.07,41.6,0.0,0.0,,,
2026-09-08 04:20:03.366,dummy,1.384,1.637,1.071,40.8,0.0,0.0,,,
2026-09-08 04:20:03.417,dummy,1.414,1.663,1.073,40.0,0.0,0.0,,,
2026-09-08 04:20:03.468,dummy,1.444,1.687,1.075,39.2,0.0,0.0,,,
2026-09-08 04:20:03.521,dummy,1.474,1.712,1.076,38.4,0.0,0.0,,,
2026-09-08 04:20:03.573,dummy,1.504,1.735,1.078,37.5,0.0,0.0,,,
2026-09-08 04:20:03.625,dummy,1.533,1.757,1.079,36.5,0.0,0.0,,,
2026-09-08 04:20:03.677,dummy,1.562,1.778,1.081,35.5,0.0,0.0,,,
2026-09-08 04:20:03.729,dummy,1.592,1.799,1.083,34.5,0.0,0.0,,,
2026-09-08 04:20:03.780,dummy,1.62,1.818,1.084,33.4,0.0,0.0,,,
2026-09-08 04:20:03.833,dummy,1.65,1.837,1.086,32.2,0.0,0.0,,,
2026-09-08 04:20:03.885,dummy,1.678,1.855,1.088,31.1,0.0,0.0,,,
2026-09-08 04:20:03.936,dummy,1.706,1.871,1.089,29.8,0.0,0.0,,,
2026-09-08 04:20:03.988,dummy,1.734,1.887,1.091,28.5,0.0,0.0,,,
2026-09-08 04:20:04.040,dummy,1.762,1.901,1.093,27.1,0.0,0.0,,,
2026-09-08 04:20:04.091,dummy,1.789,1.915,1.094,25.6,0.0,0.0,,,
2026-09-08 04:20:04.143,dummy,1.817,1.928,1.096,24.1,0.0,0.0,,,
2026-09-08 04:20:04.196,dummy,1.844,1.939,1.097,22.5,0.0,0.0,,,
2026-09-08 04:20:04.248,dummy,1.871,1.95,1.099,20.8,0.0,0.0,,,
2026-09-08 04:20:04.300,dummy,1.898,1.96,1.101,19.0,0.0,0.0,,,
2026-09-08 04:20:04.352,dummy,1.924,1.968,1.102,17.1,0.0,0.0,,,
2026-09-08 04:20:04.403,dummy,1.95,1.976,1.104,15.2,0.0,0.0,,,
2026-09-08 04:20:04.455,dummy,1.976,1.982,1.106,13.2,0.0,0.0,,,
2026-09-08 04:20:04.507,dummy,2.002,1.988,1.107,11.1,0.0,0.0,,,
2026-09-08 04:20:04.558,dummy,2.027,1.992,1.109,9.0,0.0,0.0,,,
2026-09-08 04:20:04.610,dummy,2.052,1.996,1.11,6.7,0.0,0.0,,,
2026-09-08 04:20:04.662,dummy,2.076,1.998,1.112,4.4,0.0,0.0,,,
2026-09-08 04:20:04.714,dummy,2.101,2.0,1.113,2.0,0.0,0.0,,,
2026-09-08 04:20:04.765,dummy,2.125,2.0,1.115,359.6,0.0,0.0,,,
2026-09-08 04:20:04.816,dummy,2.149,1.999,1.117,357.1,0.0,0.0,,,
2026-09-08 04:20:04.868,dummy,2.172,1.998,1.118,354.6,0.0,0.0,,,
2026-09-08 04:20:04.920,dummy,2.196,1.995,1.12,352.0,0.0,0.0,,,
2026-09-08 04:20:04.972,dummy,2.219,1.991,1.121,349.4,0.0,0.0,,,
2026-09-08 04:20:05.023,dummy,2.242,1.986,1.123,346.8,0.0,0.0,,,
2026-09-08 04:20:05.075,dummy,2.265,1.98,1.124,344.1,0.0,0.0,,,
2026-09-08 04:20:05.127,dummy,2.287,1.973,1.126,341.5,0.0,0.0,,,
2026-09-08 04:20:05.180,dummy,2.309,1.965,1.128,338.9,0.0,0.0,,,
2026-09-08 04:20:05.232,dummy,2.331,1.956,1.129,336.3,0.0,0.0,,,
2026-09-08 04:20:05.283,dummy,2.352,1.947,1.131,333.8,0.0,0.0,,,
2026-09-08 04:20:05.334,dummy,2.373,1.936,1.132,331.3,0.0,0.0,,,
2026-09-08 04:20:05.388,dummy,2.395,1.923,1.134,328.8,0.0,0.0,,,
2026-09-08 04:20:05.440,dummy,2.415,1.91,1.135,326.4,0.0,0.0,,,
2026-09-08 04:20:05.491,dummy,2.435,1.897,1.137,324.1,0.0,0.0,,,
2026-09-08 04:20:05.543,dummy,2.455,1.882,1.138,321.8,0.0,0.0,,,
2026-09-08 04:20:05.595,dummy,2.474,1.865,1.14,319.6,0.0,0.0,,,
2026-09-08 04:20:05.648,dummy,2.494,1.848,1.141,317.5,0.0,0.0,,,
2026-09-08 04:20:05.699,dummy,2.513,1.83,1.143,315.5,0.0,0.0,,,
2026-09-08 04:20:05.751,dummy,2.531,1.812,1.144,313.5,0.0,0.0,,,
2026-09-08 04:20:05.803,dummy,2.549,1.792,1.146,311.7,0.0,0.0,,,
2026-09-08 04:20:05.854,dummy,2.567,1.771,1.147,309.9,0.0,0.0,,,
2026-09-08 04:20:05.906,dummy,2.584,1.75,1.149,308.2,0.0,0.0,,,
2026-09-08 04:20:05.957,dummy,2.601,1.728,1.15,306.6,0.0,0.0,,,
2026-09-08 04:20:06.009,dummy,2.618,1.704,1.152,305.0,0.0,0.0,,,
2026-09-08 04:20:06.060,dummy,2.635,1.68,1.153,303.5,0.0,0.0,,,
2026-09-08 04:20:06.112,dummy,2.651,1.655,1.155,302.0,0.0,0.0,,,
2026-09-08 04:20:06.164,dummy,2.667,1.629,1.156,300.6,0.0,0.0,,,
2026-09-08 04:20:06.217,dummy,2.683,1.601,1.158,299.3,0.0,0.0,,,
2026-09-08 04:20:06.269,dummy,2.698,1.574,1.159,298.0,0.0,0.0,,,
2026-09-08 04:20:06.320,dummy,2.712,1.545,1.161,296.8,0.0,0.0,,,
2026-09-08 04:20:06.372,dummy,2.727,1.516,1.162,295.6,0.0,0.0,,,
2026-09-08 04:20:06.424,dummy,2.741,1.486,1.163,294.5,0.0,0.0,,,
2026-09-08 04:20:06.475,dummy,2.755,1.455,1.165,293.4,0.0,0.0,,,
2026-09-08 04:20:06.527,dummy,2.768,1.424,1.166,292.4,0.0,0.0,,,
2026-09-08 04:20:06.582,dummy,2.782,1.389,1.168,291.3,0.0,0.0,,,
2026-09-08 04:20:06.634,dummy,2.794,1.356,1.169,290.4,0.0,0.0,,,
2026-09-08 04:20:06.685,dummy,2.806,1.322,1.171,289.5,0.0,0.0,,,
2026-09-08 04:20:06.737,dummy,2.818,1.288,1.172,288.6,0.0,0.0,,,
2026-09-08 04:20:06.788,dummy,2.83,1.253,1.173,287.7,0.0,0.0,,,
2026-09-08 04:20:06.840,dummy,2.841,1.217,1.175,286.9,0.0,0.0,,,
2026-09-08 04:20:06.891,dummy,2.852,1.181,1.176,286.1,0.0,0.0,,,
2026-09-08 04:20:06.943,dummy,2.862,1.144,1.178,285.3,0.0,0.0,,,
2026-09-08 04:20:06.994,dummy,2.872,1.107,1.179,284.6,0.0,0.0,,,
2026-09-08 04:20:07.046,dummy,2.882,1.069,1.18,283.9,0.0,0.0,,,
2026-09-08 04:20:07.097,dummy,2.891,1.03,1.182,283.2,0.0,0.0,,,
2026-09-08 04:20:07.149,dummy,2.9,0.991,1.183,282.5,0.0,0.0,,,
2026-09-08 04:20:07.201,dummy,2.908,0.951,1.184,281.8,0.0,0.0,,,
2026-09-08 04:20:07.253,dummy,2.917,0.91,1.186,281.2,0.0,0.0,,,
2026-09-08 04:20:07.305,dummy,2.924,0.869,1.187,280.5,0.0,0.0,,,
2026-09-08 04:20:07.356,dummy,2.932,0.828,1.188,279.9,0.0,0.0,,,
2026-09-08 04:20:07.408,dummy,2.939,0.787,1.19,279.3,0.0,0.0,,,
2026-09-08 04:20:07.459,dummy,2.946,0.745,1.191,278.7,0.0,0.0,,,
2026-09-08 04:20:07.511,dummy,2.952,0.703,1.192,278.1,0.0,0.0,,,
2026-09-08 04:20:07.562,dummy,2.958,0.66,1.194,277.6,0.0,0.0,,,
2026-09-08 04:20:07.614,dummy,2.963,0.617,1.195,277.0,0.0,0.0,,,
2026-09-08 04:20:07.665,dummy,2.968,0.574,1.196,276.5,0.0,0.0,,,
2026-09-08 04:20:07.717,dummy,2.973,0.53,1.197,275.9,0.0,0.0,,,
2026-09-08 04:20:07.771,dummy,2.978,0.485,1.199,275.4,0.0,0.0,,,
2026-09-08 04:20:07.822,dummy,2.982,0.441,1.2,274.9,0.0,0.0,,,
2026-09-08 04:20:07.873,dummy,2.985,0.397,1.201,274.4,0.0,0.0,,,
2026-09-08 04:20:07.925,dummy,2.988,0.352,1.203,273.8,0.0,0.0,,,
2026-09-08 04:20:07.978,dummy,2.991,0.307,1.204,273.3,0.0,0.0,,,
2026-09-08 04:20:08.031,dummy,2.994,0.26,1.205,272.8,0.0,0.0,,,
2026-09-08 04:20:08.085,dummy,2.996,0.213,1.206,272.3,0.0,0.0,,,
2026-09-08 04:20:08.139,dummy,2.997,0.165,1.208,271.8,0.0,0.0,,,
2026-09-08 04:20:08.190,dummy,2.999,0.12,1.209,271.3,0.0,0.0,,,
2026-09-08 04:20:08.243,dummy,2.999,0.074,1.21,270.8,0.0,0.0,,,
2026-09-08 04:20:08.295,dummy,3.0,0.028,1.211,270.3,0.0,0.0,,,
2026-09-08 04:20:08.347,dummy,3.0,-0.018,1.213,269.8,0.0,0.0,,,
2026-09-08 04:20:08.399,dummy,3.0,-0.064,1.214,269.3,0.0,0.0,,,
2026-09-08 04:20:08.452,dummy,2.999,-0.109,1.215,268.8,0.0,0.0,,,
2026-09-08 04:20:08.504,dummy,2.998,-0.156,1.216,268.3,0.0,0.0,,,
2026-09-08 04:20:08.555,dummy,2.996,-0.201,1.217,267.8,0.0,0.0,,,
2026-09-08 04:20:08.607,dummy,2.994,-0.246,1.219,267.3,0.0,0.0,,,
2026-09-08 04:20:08.658,dummy,2.992,-0.29,1.22,266.8,0.0,0.0,,,
2026-09-08 04:20:08.709,dummy,2.989,-0.335,1.221,266.3,0.0,0.0,,,
2026-09-08 04:20:08.761,dummy,2.986,-0.379,1.222,265.8,0.0,0.0,,,
2026-09-08 04:20:08.813,dummy,2.983,-0.424,1.223,265.3,0.0,0.0,,,
2026-09-08 04:20:08.865,dummy,2.979,-0.469,1.224,264.8,0.0,0.0,,,
2026-09-08 04:20:08.916,dummy,2.975,-0.513,1.225,264.3,0.0,0.0,,,
2026-09-08 04:20:08.968,dummy,2.97,-0.557,1.227,263.7,0.0,0.0,,,
2026-09-08 04:20:09.019,dummy,2.965,-0.6,1.228,263.2,0.0,0.0,,,
2026-09-08 04:20:09.070,dummy,2.96,-0.643,1.229,262.6,0.0,0.0,,,
2026-09-08 04:20:09.122,dummy,2.954,-0.686,1.23,262.1,0.0,0.0,,,
2026-09-08 04:20:09.174,dummy,2.948,-0.728,1.231,261.5,0.0,0.0,,,
2026-09-08 04:20:09.225,dummy,2.942,-0.77,1.232,260.9,0.0,0.0,,,
2026-09-08 04:20:09.276,dummy,2.935,-0.811,1.233,260.3,0.0,0.0,,,
2026-09-08 04:20:09.328,dummy,2.928,-0.853,1.234,259.7,0.0,0.0,,,
2026-09-08 04:20:09.379,dummy,2.92,-0.894,1.235,259.1,0.0,0.0,,,
2026-09-08 04:20:09.431,dummy,2.912,-0.934,1.236,258.5,0.0,0.0,,,
2026-09-08 04:20:09.483,dummy,2.904,-0.974,1.237,257.8,0.0,0.0,,,
2026-09-08 04:20:09.534,dummy,2.895,-1.013,1.238,257.1,0.0,0.0,,,
2026-09-08 04:20:09.586,dummy,2.886,-1.052,1.239,256.4,0.0,0.0,,,
2026-09-08 04:20:09.639,dummy,2.876,-1.091,1.24,255.7,0.0,0.0,,,
2026-09-08 04:20:09.691,dummy,2.866,-1.13,1.241,255.0,0.0,0.0,,,
2026-09-08 04:20:09.742,dummy,2.856,-1.167,1.242,254.2,0.0,0.0,,,
2026-09-08 04:20:09.794,dummy,2.845,-1.203,1.243,253.4,0.0,0.0,,,
2026-09-08 04:20:09.846,dummy,2.834,-1.24,1.244,252.6,0.0,0.0,,,
2026-09-08 04:20:09.898,dummy,2.822,-1.275,1.245,251.7,0.0,0.0,,,
2026-09-08 04:20:09.950,dummy,2.811,-1.31,1.246,250.9,0.0,0.0,,,
2026-09-08 04:20:10.002,dummy,2.799,-1.344,1.247,250.0,0.0,0.0,,,
2026-09-08 04:20:10.053,dummy,2.786,-1.377,1.248,249.0,0.0,0.0,,,
2026-09-08 04:20:10.109,dummy,2.773,-1.41,1.249,248.0,0.0,0.0,,,
2026-09-08 04:20:10.161,dummy,2.759,-1.444,1.25,246.9,0.0,0.0,,,
2026-09-08 04:20:10.212,dummy,2.746,-1.475,1.251,245.9,0.0,0.0,,,
2026-09-08 04:20:10.264,dummy,2.732,-1.506,1.252,244.8,0.0,0.0,,,
2026-09-08 04:20:10.315,dummy,2.717,-1.535,1.253,243.6,0.0,0.0,,,
2026-09-08 04:20:10.366,dummy,2.703,-1.563,1.254,242.4,0.0,0.0,,,
2026-09-08 04:20:10.418,dummy,2.688,-1.591,1.255,241.2,0.0,0.0,,,
2026-09-08 04:20:10.469,dummy,2.673,-1.618,1.256,239.9,0.0,0.0,,,
2026-09-08 04:20:10.521,dummy,2.657,-1.645,1.257,238.5,0.0,0.0,,,
2026-09-08 04:20:10.573,dummy,2.641,-1.67,1.258,237.1,0.0,0.0,,,
2026-09-08 04:20:10.624,dummy,2.625,-1.695,1.258,235.6,0.0,0.0,,,
2026-09-08 04:20:10.677,dummy,2.608,-1.719,1.259,234.1,0.0,0.0,,,
2026-09-08 04:20:10.728,dummy,2.591,-1.741,1.26,232.5,0.0,0.0,,,
2026-09-08 04:20:10.780,dummy,2.574,-1.763,1.261,230.8,0.0,0.0,,,
2026-09-08 04:20:10.831,dummy,2.556,-1.784,1.262,229.0,0.0,0.0,,,
2026-09-08 04:20:10.882,dummy,2.538,-1.804,1.263,227.2,0.0,0.0,,,
2026-09-08 04:20:10.934,dummy,2.52,-1.823,1.263,225.3,0.0,0.0,,,
2026-09-08 04:20:10.986,dummy,2.501,-1.841,1.264,223.3,0.0,0.0,,,
2026-09-08 04:20:11.037,dummy,2.482,-1.859,1.265,221.3,0.0,0.0,,,
2026-09-08 04:20:11.089,dummy,2.463,-1.875,1.266,219.1,0.0,0.0,,,
2026-09-08 04:20:11.140,dummy,2.444,-1.89,1.267,216.9,0.0,0.0,,,
2026-09-08 04:20:11.192,dummy,2.424,-1.904,1.267,214.6,0.0,0.0,,,
2026-09-08 04:20:11.243,dummy,2.403,-1.918,1.268,212.3,0.0,0.0,,,
2026-09-08 04:20:11.295,dummy,2.383,-1.93,1.269,209.9,0.0,0.0,,,
2026-09-08 04:20:11.347,dummy,2.362,-1.942,1.27,207.4,0.0,0.0,,,
2026-09-08 04:20:11.399,dummy,2.34,-1.952,1.27,204.9,0.0,0.0,,,
2026-09-08 04:20:11.452,dummy,2.319,-1.962,1.271,202.2,0.0,0.0,,,
2026-09-08 04:20:11.505,dummy,2.296,-1.97,1.272,199.6,0.0,0.0,,,
2026-09-08 04:20:11.557,dummy,2.274,-1.978,1.273,196.9,0.0,0.0,,,
2026-09-08 04:20:11.609,dummy,2.251,-1.984,1.273,194.3,0.0,0.0,,,
2026-09-08 04:20:11.660,dummy,2.229,-1.989,1.274,191.7,0.0,0.0,,,
2026-09-08 04:20:11.711,dummy,2.206,-1.993,1.275,189.1,0.0,0.0,,,
2026-09-08 04:20:11.763,dummy,2.183,-1.997,1.275,186.5,0.0,0.0,,,
2026-09-08 04:20:11.815,dummy,2.159,-1.999,1.276,184.0,0.0,0.0,,,
2026-09-08 04:20:11.867,dummy,2.135,-2.0,1.277,181.4,0.0,0.0,,,
2026-09-08 04:20:11.918,dummy,2.111,-2.0,1.277,179.0,0.0,0.0,,,
2026-09-08 04:20:11.970,dummy,2.087,-1.999,1.278,176.6,0.0,0.0,,,
2026-09-08 04:20:12.021,dummy,2.062,-1.997,1.279,174.3,0.0,0.0,,,
2026-09-08 04:20:12.073,dummy,2.037,-1.994,1.279,172.0,0.0,0.0,,,
2026-09-08 04:20:12.125,dummy,2.012,-1.99,1.28,169.8,0.0,0.0,,,
2026-09-08 04:20:12.177,dummy,1.987,-1.985,1.281,167.7,0.0,0.0,,,
2026-09-08 04:20:12.229,dummy,1.961,-1.979,1.281,165.6,0.0,0.0,,,
2026-09-08 04:20:12.281,dummy,1.935,-1.972,1.282,163.6,0.0,0.0,,,
2026-09-08 04:20:12.333,dummy,1.908,-1.963,1.282,161.8,0.0,0.0,,,
2026-09-08 04:20:12.385,dummy,1.882,-1.954,1.283,160.0,0.0,0.0,,,
2026-09-08 04:20:12.436,dummy,1.855,-1.944,1.283,158.3,0.0,0.0,,,
2026-09-08 04:20:12.488,dummy,1.828,-1.933,1.284,156.6,0.0,0.0,,,
2026-09-08 04:20:12.539,dummy,1.802,-1.921,1.285,155.1,0.0,0.0,,,
2026-09-08 04:20:12.590,dummy,1.774,-1.908,1.285,153.6,0.0,0.0,,,
2026-09-08 04:20:12.642,dummy,1.747,-1.893,1.286,152.2,0.0,0.0,,,
2026-09-08 04:20:12.694,dummy,1.719,-1.878,1.286,150.8,0.0,0.0,,,
2026-09-08 04:20:12.745,dummy,1.691,-1.862,1.287,149.5,0.0,0.0,,,
2026-09-08 04:20:12.797,dummy,1.663,-1.845,1.287,148.3,0.0,0.0,,,
2026-09-08 04:20:12.849,dummy,1.634,-1.827,1.288,147.1,0.0,0.0,,,
2026-09-08 04:20:12.900,dummy,1.605,-1.808,1.288,146.0,0.0,0.0,,,
2026-09-08 04:20:12.953,dummy,1.576,-1.788,1.289,144.9,0.0,0.0,,,
2026-09-08 04:20:13.004,dummy,1.547,-1.767,1.289,143.9,0.0,0.0,,,
2026-09-08 04:20:13.056,dummy,1.518,-1.746,1.29,143.0,0.0,0.0,,,
2026-09-08 04:20:13.107,dummy,1.488,-1.723,1.29,142.1,0.0,0.0,,,
2026-09-08 04:20:13.159,dummy,1.458,-1.699,1.29,141.2,0.0,0.0,,,
2026-09-08 04:20:13.211,dummy,1.429,-1.675,1.291,140.4,0.0,0.0,,,
2026-09-08 04:20:13.262,dummy,1.399,-1.65,1.291,139.6,0.0,0.0,,,
2026-09-08 04:20:13.315,dummy,1.368,-1.623,1.292,138.8,0.0,0.0,,,
2026-09-08 04:20:13.367,dummy,1.337,-1.596,1.292,138.1,0.0,0.0,,,
2026-09-08 04:20:13.419,dummy,1.307,-1.568,1.292,137.4,0.0,0.0,,,
2026-09-08 04:20:13.470,dummy,1.276,-1.54,1.293,136.8,0.0,0.0,,,
2026-09-08 04:20:13.521,dummy,1.245,-1.51,1.293,136.1,0.0,0.0,,,
2026-09-08 04:20:13.573,dummy,1.214,-1.48,1.294,135.6,0.0,0.0,,,
2026-09-08 04:20:13.626,dummy,1.182,-1.449,1.294,135.0,0.0,0.0,,,
2026-09-08 04:20:13.677,dummy,1.151,-1.417,1.294,134.5,0.0,0.0,,,
2026-09-08 04:20:13.728,dummy,1.12,-1.385,1.295,134.0,0.0,0.0,,,
2026-09-08 04:20:13.781,dummy,1.087,-1.351,1.295,133.5,0.0,0.0,,,
2026-09-08 04:20:13.833,dummy,1.055,-1.317,1.295,133.0,0.0,0.0,,,
2026-09-08 04:20:13.885,dummy,1.023,-1.283,1.295,132.6,0.0,0.0,,,
2026-09-08 04:20:13.937,dummy,0.991,-1.247,1.296,132.2,0.0,0.0,,,
2026-09-08 04:20:13.989,dummy,0.959,-1.211,1.296,131.8,0.0,0.0,,,
2026-09-08 04:20:14.041,dummy,0.926,-1.174,1.296,131.4,0.0,0.0,,,
2026-09-08 04:20:14.092,dummy,0.894,-1.137,1.297,131.0,0.0,0.0,,,
2026-09-08 04:20:14.144,dummy,0.861,-1.1,1.297,130.7,0.0,0.0,,,
2026-09-08 04:20:14.195,dummy,0.828,-1.061,1.297,130.4,0.0,0.0,,,
2026-09-08 04:20:14.247,dummy,0.795,-1.023,1.297,130.1,0.0,0.0,,,
2026-09-08 04:20:14.299,dummy,0.762,-0.983,1.298,129.8,0.0,0.0,,,
2026-09-08 04:20:14.351,dummy,0.729,-0.943,1.298,129.5,0.0,0.0,,,
2026-09-08 04:20:14.403,dummy,0.696,-0.902,1.298,129.3,0.0,0.0,,,
2026-09-08 04:20:14.455,dummy,0.662,-0.861,1.298,129.0,0.0,0.0,,,
2026-09-08 04:20:14.506,dummy,0.629,-0.82,1.298,128.8,0.0,0.0,,,
2026-09-08 04:20:14.558,dummy,0.596,-0.778,1.299,128.6,0.0,0.0,,,
2026-09-08 04:20:14.610,dummy,0.562,-0.736,1.299,128.4,0.0,0.0,,,
2026-09-08 04:20:14.661,dummy,0.529,-0.694,1.299,128.2,0.0,0.0,,,
2026-09-08 04:20:14.713,dummy,0.495,-0.651,1.299,128.0,0.0,0.0,,,
2026-09-08 04:20:14.765,dummy,0.461,-0.608,1.299,127.9,0.0,0.0,,,
2026-09-08 04:20:14.817,dummy,0.428,-0.564,1.299,127.7,0.0,0.0,,,
2026-09-08 04:20:14.869,dummy,0.394,-0.52,1.299,127.6,0.0,0.0,,,
2026-09-08 04:20:14.920,dummy,0.36,-0.477,1.299,127.5,0.0,0.0,,,
2026-09-08 04:20:14.971,dummy,0.326,-0.432,1.3,127.4,0.0,0.0,,,
2026-09-08 04:20:15.023,dummy,0.293,-0.388,1.3,127.3,0.0,0.0,,,
2026-09-08 04:20:15.075,dummy,0.258,-0.343,1.3,127.2,0.0,0.0,,,
2026-09-08 04:20:15.127,dummy,0.224,-0.298,1.3,127.1,0.0,0.0,,,
2026-09-08 04:20:15.178,dummy,0.191,-0.254,1.3,127.0,0.0,0.0,,,
2026-09-08 04:20:15.229,dummy,0.157,-0.209,1.3,127.0,0.0,0.0,,,
2026-09-08 04:20:15.281,dummy,0.122,-0.163,1.3,126.9,0.0,0.0,,,
2026-09-08 04:20:15.333,dummy,0.088,-0.118,1.3,126.9,0.0,0.0,,,
2026-09-08 04:20:15.384,dummy,0.054,-0.072,1.3,126.9,0.0,0.0,,,
2026-09-08 04:20:15.436,dummy,0.02,-0.027,1.3,126.9,0.0,0.0,,,
2026-09-08 04:20:15.488,dummy,-0.014,0.018,1.3,126.9,0.0,0.0,,,
2026-09-08 04:20:15.539,dummy,-0.048,0.064,1.3,126.9,0.0,0.0,,,
2026-09-08 04:20:15.591,dummy,-0.082,0.109,1.3,126.9,0.0,0.0,,,
2026-09-08 04:20:15.643,dummy,-0.116,0.155,1.3,126.9,0.0,0.0,,,
2026-09-08 04:20:15.694,dummy,-0.15,0.2,1.3,127.0,0.0,0.0,,,
2026-09-08 04:20:15.746,dummy,-0.184,0.245,1.3,127.0,0.0,0.0,,,
2026-09-08 04:20:15.799,dummy,-0.218,0.29,1.3,127.1,0.0,0.0,,,
2026-09-08 04:20:15.851,dummy,-0.253,0.337,1.3,127.2,0.0,0.0,,,
2026-09-08 04:20:15.902,dummy,-0.287,0.381,1.3,127.3,0.0,0.0,,,
2026-09-08 04:20:15.954,dummy,-0.321,0.426,1.3,127.4,0.0,0.0,,,
2026-09-08 04:20:16.006,dummy,-0.355,0.47,1.299,127.5,0.0,0.0,,,
2026-09-08 04:20:16.058,dummy,-0.389,0.515,1.299,127.6,0.0,0.0,,,
2026-09-08 04:20:16.110,dummy,-0.423,0.558,1.299,127.7,0.0,0.0,,,
2026-09-08 04:20:16.162,dummy,-0.457,0.602,1.299,127.9,0.0,0.0,,,
2026-09-08 04:20:16.213,dummy,-0.49,0.645,1.299,128.0,0.0,0.0,,,
2026-09-08 04:20:16.265,dummy,-0.524,0.688,1.299,128.2,0.0,0.0,,,
2026-09-08 04:20:16.316,dummy,-0.557,0.73,1.299,128.4,0.0,0.0,,,
2026-09-08 04:20:16.368,dummy,-0.591,0.773,1.299,128.6,0.0,0.0,,,
2026-09-08 04:20:16.420,dummy,-0.624,0.814,1.298,128.8,0.0,0.0,,,
2026-09-08 04:20:16.471,dummy,-0.658,0.856,1.298,129.0,0.0,0.0,,,
2026-09-08 04:20:16.523,dummy,-0.691,0.896,1.298,129.2,0.0,0.0,,,
2026-09-08 04:20:16.575,dummy,-0.724,0.937,1.298,129.5,0.0,0.0,,,
2026-09-08 04:20:16.626,dummy,-0.757,0.977,1.298,129.7,0.0,0.0,,,
2026-09-08 04:20:16.678,dummy,-0.79,1.016,1.297,130.0,0.0,0.0,,,
2026-09-08 04:20:16.729,dummy,-0.823,1.055,1.297,130.3,0.0,0.0,,,
2026-09-08 04:20:16.781,dummy,-0.856,1.093,1.297,130.6,0.0,0.0,,,
2026-09-08 04:20:16.834,dummy,-0.888,1.131,1.297,131.0,0.0,0.0,,,
2026-09-08 04:20:16.885,dummy,-0.921,1.169,1.296,131.3,0.0,0.0,,,
2026-09-08 04:20:16.937,dummy,-0.954,1.206,1.296,131.7,0.0,0.0,,,
2026-09-08 04:20:16.989,dummy,-0.986,1.242,1.296,132.1,0.0,0.0,,,
2026-09-08 04:20:17.041,dummy,-1.018,1.277,1.296,132.5,0.0,0.0,,,
2026-09-08 04:20:17.093,dummy,-1.05,1.312,1.295,132.9,0.0,0.0,,,
2026-09-08 04:20:17.144,dummy,-1.082,1.346,1.295,133.4,0.0,0.0,,,
2026-09-08 04:20:17.196,dummy,-1.114,1.379,1.295,133.9,0.0,0.0,,,
2026-09-08 04:20:17.248,dummy,-1.146,1.412,1.294,134.4,0.0,0.0,,,
2026-09-08 04:20:17.300,dummy,-1.177,1.444,1.294,134.9,0.0,0.0,,,
2026-09-08 04:20:17.351,dummy,-1.208,1.475,1.294,135.5,0.0,0.0,,,
2026-09-08 04:20:17.404,dummy,-1.24,1.505,1.293,136.1,0.0,0.0,,,
2026-09-08 04:20:17.456,dummy,-1.271,1.535,1.293,136.7,0.0,0.0,,,
2026-09-08 04:20:17.508,dummy,-1.302,1.564,1.292,137.3,0.0,0.0,,,
2026-09-08 04:20:17.560,dummy,-1.333,1.592,1.292,138.0,0.0,0.0,,,
2026-09-08 04:20:17.611,dummy,-1.364,1.619,1.292,138.7,0.0,0.0,,,
2026-09-08 04:20:17.664,dummy,-1.394,1.646,1.291,139.5,0.0,0.0,,,
2026-09-08 04:20:17.716,dummy,-1.425,1.672,1.291,140.2,0.0,0.0,,,
2026-09-08 04:20:17.767,dummy,-1.454,1.696,1.29,141.1,0.0,0.0,,,
2026-09-08 04:20:17.818,dummy,-1.484,1.72,1.29,141.9,0.0,0.0,,,
2026-09-08 04:20:17.871,dummy,-1.514,1.742,1.29,142.8,0.0,0.0,,,
2026-09-08 04:20:17.923,dummy,-1.543,1.764,1.289,143.8,0.0,0.0,,,
2026-09-08 04:20:17.975,dummy,-1.573,1.786,1.289,144.8,0.0,0.0,,,
2026-09-08 04:20:18.026,dummy,-1.601,1.805,1.288,145.8,0.0,0.0,,,
2026-09-08 04:20:18.078,dummy,-1.63,1.825,1.288,147.0,0.0,0.0,,,
2026-09-08 04:20:18.130,dummy,-1.659,1.843,1.287,148.1,0.0,0.0,,,
2026-09-08 04:20:18.181,dummy,-1.687,1.86,1.287,149.3,0.0,0.0,,,
2026-09-08 04:20:18.233,dummy,-1.715,1.876,1.286,150.6,0.0,0.0,,,
2026-09-08 04:20:18.284,dummy,-1.743,1.891,1.286,152.0,0.0,0.0,,,
2026-09-08 04:20:18.336,dummy,-1.77,1.906,1.285,153.4,0.0,0.0,,,
2026-09-08 04:20:18.387,dummy,-1.798,1.919,1.285,154.8,0.0,0.0,,,
2026-09-08 04:20:18.439,dummy,-1.825,1.931,1.284,156.4,0.0,0.0,,,
2026-09-08 04:20:18.491,dummy,-1.852,1.942,1.284,158.0,0.0,0.0,,,
2026-09-08 04:20:18.542,dummy,-1.878,1.953,1.283,159.7,0.0,0.0,,,
2026-09-08 04:20:18.597,dummy,-1.906,1.963,1.282,161.6,0.0,0.0,,,
2026-09-08 04:20:18.649,dummy,-1.933,1.971,1.282,163.5,0.0,0.0,,,
2026-09-08 04:20:18.701,dummy,-1.959,1.978,1.281,165.4,0.0,0.0,,,
2026-09-08 04:20:18.752,dummy,-1.984,1.984,1.281,167.5,0.0,0.0,,,
2026-09-08 04:20:18.804,dummy,-2.01,1.989,1.28,169.6,0.0,0.0,,,
2026-09-08 04:20:18.855,dummy,-2.035,1.994,1.279,171.8,0.0,0.0,,,
2026-09-08 04:20:18.907,dummy,-2.06,1.997,1.279,174.0,0.0,0.0,,,
2026-09-08 04:20:18.958,dummy,-2.084,1.999,1.278,176.3,0.0,0.0,,,
2026-09-08 04:20:19.010,dummy,-2.109,2.0,1.278,178.7,0.0,0.0,,,
2026-09-08 04:20:19.061,dummy,-2.133,2.0,1.277,181.2,0.0,0.0,,,
2026-09-08 04:20:19.113,dummy,-2.156,1.999,1.276,183.7,0.0,0.0,,,
2026-09-08 04:20:19.165,dummy,-2.18,1.997,1.276,186.2,0.0,0.0,,,
2026-09-08 04:20:19.218,dummy,-2.204,1.994,1.275,188.8,0.0,0.0,,,
2026-09-08 04:20:19.270,dummy,-2.227,1.99,1.274,191.5,0.0,0.0,,,
2026-09-08 04:20:19.322,dummy,-2.25,1.984,1.273,194.1,0.0,0.0,,,
2026-09-08 04:20:19.373,dummy,-2.272,1.978,1.273,196.8,0.0,0.0,,,
2026-09-08 04:20:19.424,dummy,-2.294,1.971,1.272,199.3,0.0,0.0,,,
2026-09-08 04:20:19.475,dummy,-2.316,1.963,1.271,201.9,0.0,0.0,,,
2026-09-08 04:20:19.536,dummy,-2.337,1.954,1.271,204.5,0.0,0.0,,,
2026-09-08 04:20:19.588,dummy,-2.362,1.942,1.27,207.4,0.0,0.0,,,
2026-09-08 04:20:19.641,dummy,-2.383,1.93,1.269,209.9,0.0,0.0,,,
2026-09-08 04:20:19.693,dummy,-2.404,1.917,1.268,212.4,0.0,0.0,,,
2026-09-08 04:20:19.744,dummy,-2.424,1.904,1.267,214.7,0.0,0.0,,,
2026-09-08 04:20:19.795,dummy,-2.444,1.89,1.267,217.0,0.0,0.0,,,
2026-09-08 04:20:19.847,dummy,-2.464,1.874,1.266,219.2,0.0,0.0,,,
2026-09-08 04:20:19.899,dummy,-2.483,1.858,1.265,221.3,0.0,0.0,,,
2026-09-08 04:20:19.951,dummy,-2.502,1.841,1.264,223.4,0.0,0.0,,,
2026-09-08 04:20:20.003,dummy,-2.521,1.822,1.263,225.4,0.0,0.0,,,
2026-09-08 04:20:20.054,dummy,-2.539,1.803,1.263,227.3,0.0,0.0,,,
2026-09-08 04:20:20.105,dummy,-2.557,1.783,1.262,229.1,0.0,0.0,,,
2026-09-08 04:20:20.158,dummy,-2.575,1.762,1.261,230.9,0.0,0.0,,,
2026-09-08 04:20:20.210,dummy,-2.592,1.74,1.26,232.6,0.0,0.0,,,
2026-09-08 04:20:20.261,dummy,-2.609,1.717,1.259,234.2,0.0,0.0,,,
2026-09-08 04:20:20.313,dummy,-2.626,1.693,1.258,235.7,0.0,0.0,,,
2026-09-08 04:20:20.365,dummy,-2.642,1.668,1.257,237.2,0.0,0.0,,,
2026-09-08 04:20:20.416,dummy,-2.658,1.643,1.257,238.6,0.0,0.0,,,
2026-09-08 04:20:20.468,dummy,-2.674,1.616,1.256,240.0,0.0,0.0,,,
2026-09-08 04:20:20.520,dummy,-2.689,1.589,1.255,241.3,0.0,0.0,,,
2026-09-08 04:20:20.572,dummy,-2.704,1.561,1.254,242.6,0.0,0.0,,,
2026-09-08 04:20:20.623,dummy,-2.719,1.532,1.253,243.7,0.0,0.0,,,
2026-09-08 04:20:20.675,dummy,-2.733,1.502,1.252,244.9,0.0,0.0,,,
2026-09-08 04:20:20.727,dummy,-2.747,1.472,1.251,246.0,0.0,0.0,,,
2026-09-08 04:20:20.778,dummy,-2.76,1.441,1.25,247.0,0.0,0.0,,,
2026-09-08 04:20:20.831,dummy,-2.774,1.409,1.249,248.1,0.0,0.0,,,
2026-09-08 04:20:20.883,dummy,-2.787,1.376,1.248,249.1,0.0,0.0,,,
2026-09-08 04:20:20.935,dummy,-2.799,1.342,1.247,250.0,0.0,0.0,,,
2026-09-08 04:20:20.986,dummy,-2.811,1.308,1.246,250.9,0.0,0.0,,,
2026-09-08 04:20:21.039,dummy,-2.823,1.273,1.245,251.8,0.0,0.0,,,
2026-09-08 04:20:21.091,dummy,-2.835,1.237,1.244,252.6,0.0,0.0,,,
2026-09-08 04:20:21.142,dummy,-2.846,1.202,1.243,253.5,0.0,0.0,,,
2026-09-08 04:20:21.193,dummy,-2.856,1.165,1.242,254.2,0.0,0.0,,,
2026-09-08 04:20:21.245,dummy,-2.866,1.128,1.241,255.0,0.0,0.0,,,
2026-09-08 04:20:21.298,dummy,-2.876,1.089,1.24,255.7,0.0,0.0,,,
2026-09-08 04:20:21.349,dummy,-2.886,1.051,1.239,256.5,0.0,0.0,,,
2026-09-08 04:20:21.401,dummy,-2.895,1.012,1.238,257.2,0.0,0.0,,,
2026-09-08 04:20:21.452,dummy,-2.904,0.973,1.237,257.8,0.0,0.0,,,
2026-09-08 04:20:21.504,dummy,-2.912,0.932,1.236,258.5,0.0,0.0,,,
2026-09-08 04:20:21.556,dummy,-2.92,0.892,1.235,259.1,0.0,0.0,,,
2026-09-08 04:20:21.607,dummy,-2.928,0.852,1.234,259.8,0.0,0.0,,,
2026-09-08 04:20:21.659,dummy,-2.935,0.81,1.233,260.4,0.0,0.0,,,
2026-09-08 04:20:21.710,dummy,-2.942,0.769,1.232,261.0,0.0,0.0,,,
2026-09-08 04:20:21.762,dummy,-2.948,0.727,1.231,261.5,0.0,0.0,,,
2026-09-08 04:20:21.814,dummy,-2.954,0.684,1.23,262.1,0.0,0.0,,,
2026-09-08 04:20:21.866,dummy,-2.96,0.641,1.229,262.7,0.0,0.0,,,
2026-09-08 04:20:21.917,dummy,-2.966,0.598,1.228,263.2,0.0,0.0,,,
2026-09-08 04:20:21.968,dummy,-2.97,0.554,1.226,263.8,0.0,0.0,,,
2026-09-08 04:20:22.020,dummy,-2.975,0.511,1.225,264.3,0.0,0.0,,,
2026-09-08 04:20:22.072,dummy,-2.979,0.467,1.224,264.8,0.0,0.0,,,
2026-09-08 04:20:22.123,dummy,-2.983,0.423,1.223,265.3,0.0,0.0,,,
2026-09-08 04:20:22.174,dummy,-2.986,0.378,1.222,265.8,0.0,0.0,,,
2026-09-08 04:20:22.225,dummy,-2.989,0.334,1.221,266.4,0.0,0.0,,,
2026-09-08 04:20:22.277,dummy,-2.992,0.289,1.22,266.9,0.0,0.0,,,
2026-09-08 04:20:22.329,dummy,-2.994,0.244,1.219,267.4,0.0,0.0,,,
2026-09-08 04:20:22.380,dummy,-2.996,0.199,1.217,267.8,0.0,0.0,,,
2026-09-08 04:20:22.431,dummy,-2.998,0.154,1.216,268.3,0.0,0.0,,,
2026-09-08 04:20:22.483,dummy,-2.999,0.109,1.215,268.8,0.0,0.0,,,
2026-09-08 04:20:22.534,dummy,-3.0,0.064,1.214,269.3,0.0,0.0,,,
2026-09-08 04:20:22.586,dummy,-3.0,0.018,1.213,269.8,0.0,0.0,,,
2026-09-08 04:20:22.637,dummy,-3.0,-0.027,1.211,270.3,0.0,0.0,,,
2026-09-08 04:20:22.689,dummy,-3.0,-0.072,1.21,270.8,0.0,0.0,,,
2026-09-08 04:20:22.740,dummy,-2.999,-0.117,1.209,271.3,0.0,0.0,,,
2026-09-08 04:20:22.792,dummy,-2.998,-0.163,1.208,271.8,0.0,0.0,,,
2026-09-08 04:20:22.843,dummy,-2.996,-0.208,1.207,272.2,0.0,0.0,,,
2026-09-08 04:20:22.895,dummy,-2.994,-0.253,1.205,272.7,0.0,0.0,,,
2026-09-08 04:20:22.947,dummy,-2.992,-0.298,1.204,273.2,0.0,0.0,,,
2026-09-08 04:20:22.999,dummy,-2.989,-0.343,1.203,273.7,0.0,0.0,,,
2026-09-08 04:20:23.051,dummy,-2.986,-0.388,1.202,274.3,0.0,0.0,,,
2026-09-08 04:20:23.103,dummy,-2.982,-0.433,1.2,274.8,0.0,0.0,,,
2026-09-08 04:20:23.155,dummy,-2.978,-0.478,1.199,275.3,0.0,0.0,,,
2026-09-08 04:20:23.206,dummy,-2.974,-0.522,1.198,275.8,0.0,0.0,,,
2026-09-08 04:20:23.258,dummy,-2.969,-0.565,1.196,276.4,0.0,0.0,,,
2026-09-08 04:20:23.310,dummy,-2.964,-0.609,1.195,276.9,0.0,0.0,,,
2026-09-08 04:20:23.361,dummy,-2.959,-0.652,1.194,277.5,0.0,0.0,,,
2026-09-08 04:20:23.413,dummy,-2.953,-0.695,1.193,278.0,0.0,0.0,,,
2026-09-08 04:20:23.465,dummy,-2.947,-0.737,1.191,278.6,0.0,0.0,,,
2026-09-08 04:20:23.516,dummy,-2.94,-0.779,1.19,279.2,0.0,0.0,,,
2026-09-08 04:20:23.568,dummy,-2.933,-0.821,1.189,279.8,0.0,0.0,,,
2026-09-08 04:20:23.620,dummy,-2.926,-0.863,1.187,280.4,0.0,0.0,,,
2026-09-08 04:20:23.672,dummy,-2.918,-0.903,1.186,281.0,0.0,0.0,,,
2026-09-08 04:20:23.724,dummy,-2.91,-0.944,1.185,281.7,0.0,0.0,,,
2026-09-08 04:20:23.783,dummy,-2.9,-0.99,1.183,282.5,0.0,0.0,,,
2026-09-08 04:20:23.835,dummy,-2.891,-1.029,1.182,283.1,0.0,0.0,,,
2026-09-08 04:20:23.886,dummy,-2.882,-1.067,1.18,283.8,0.0,0.0,,,
2026-09-08 04:20:23.938,dummy,-2.872,-1.106,1.179,284.6,0.0,0.0,,,
2026-09-08 04:20:23.990,dummy,-2.862,-1.143,1.178,285.3,0.0,0.0,,,
2026-09-08 04:20:24.041,dummy,-2.852,-1.18,1.176,286.1,0.0,0.0,,,
2026-09-08 04:20:24.093,dummy,-2.841,-1.217,1.175,286.9,0.0,0.0,,,
2026-09-08 04:20:24.145,dummy,-2.83,-1.253,1.173,287.7,0.0,0.0,,,
2026-09-08 04:20:24.197,dummy,-2.818,-1.288,1.172,288.6,0.0,0.0,,,
2026-09-08 04:20:24.249,dummy,-2.806,-1.323,1.171,289.5,0.0,0.0,,,
2026-09-08 04:20:24.301,dummy,-2.794,-1.357,1.169,290.4,0.0,0.0,,,
2026-09-08 04:20:24.353,dummy,-2.781,-1.39,1.168,291.4,0.0,0.0,,,
2026-09-08 04:20:24.405,dummy,-2.768,-1.422,1.166,292.3,0.0,0.0,,,
2026-09-08 04:20:24.457,dummy,-2.755,-1.454,1.165,293.4,0.0,0.0,,,
2026-09-08 04:20:24.508,dummy,-2.741,-1.485,1.163,294.5,0.0,0.0,,,
2026-09-08 04:20:24.560,dummy,-2.727,-1.515,1.162,295.6,0.0,0.0,,,
2026-09-08 04:20:24.611,dummy,-2.713,-1.544,1.161,296.7,0.0,0.0,,,
2026-09-08 04:20:24.664,dummy,-2.698,-1.573,1.159,298.0,0.0,0.0,,,
2026-09-08 04:20:24.716,dummy,-2.683,-1.601,1.158,299.2,0.0,0.0,,,
2026-09-08 04:20:24.767,dummy,-2.668,-1.627,1.156,300.6,0.0,0.0,,,
2026-09-08 04:20:24.819,dummy,-2.652,-1.654,1.155,302.0,0.0,0.0,,,
2026-09-08 04:20:24.872,dummy,-2.635,-1.679,1.153,303.4,0.0,0.0,,,
2026-09-08 04:20:24.923,dummy,-2.619,-1.704,1.152,304.9,0.0,0.0,,,
2026-09-08 04:20:24.975,dummy,-2.602,-1.727,1.15,306.5,0.0,0.0,,,
2026-09-08 04:20:25.026,dummy,-2.585,-1.749,1.149,308.1,0.0,0.0,,,
2026-09-08 04:20:25.079,dummy,-2.567,-1.771,1.147,309.9,0.0,0.0,,,
2026-09-08 04:20:25.130,dummy,-2.549,-1.792,1.146,311.7,0.0,0.0,,,
2026-09-08 04:20:25.182,dummy,-2.531,-1.811,1.144,313.5,0.0,0.0,,,
2026-09-08 04:20:25.234,dummy,-2.513,-1.83,1.143,315.5,0.0,0.0,,,
2026-09-08 04:20:25.288,dummy,-2.493,-1.849,1.141,317.6,0.0,0.0,,,
2026-09-08 04:20:25.340,dummy,-2.474,-1.866,1.14,319.7,0.0,0.0,,,
2026-09-08 04:20:25.392,dummy,-2.454,-1.882,1.138,321.9,0.0,0.0,,,
2026-09-08 04:20:25.443,dummy,-2.435,-1.897,1.137,324.1,0.0,0.0,,,
2026-09-08 04:20:25.496,dummy,-2.414,-1.911,1.135,326.4,0.0,0.0,,,
2026-09-08 04:20:25.547,dummy,-2.394,-1.924,1.134,328.8,0.0,0.0,,,
2026-09-08 04:20:25.599,dummy,-2.373,-1.936,1.132,331.3,0.0,0.0,,,
2026-09-08 04:20:25.652,dummy,-2.352,-1.947,1.131,333.8,0.0,0.0,,,
2026-09-08 04:20:25.703,dummy,-2.331,-1.957,1.129,336.3,0.0,0.0,,,
2026-09-08 04:20:25.755,dummy,-2.309,-1.966,1.128,338.9,0.0,0.0,,,
2026-09-08 04:20:25.807,dummy,-2.287,-1.974,1.126,341.5,0.0,0.0,,,
2026-09-08 04:20:25.859,dummy,-2.264,-1.98,1.124,344.2,0.0,0.0,,,
2026-09-08 04:20:25.912,dummy,-2.242,-1.986,1.123,346.8,0.0,0.0,,,
2026-09-08 04:20:25.964,dummy,-2.218,-1.991,1.121,349.5,0.0,0.0,,,
2026-09-08 04:20:26.015,dummy,-2.195,-1.995,1.12,352.1,0.0,0.0,,,
2026-09-08 04:20:26.067,dummy,-2.172,-1.998,1.118,354.7,0.0,0.0,,,
2026-09-08 04:20:26.118,dummy,-2.148,-1.999,1.117,357.2,0.0,0.0,,,
2026-09-08 04:20:26.170,dummy,-2.125,-2.0,1.115,359.7,0.0,0.0,,,
2026-09-08 04:20:26.221,dummy,-2.1,-2.0,1.113,2.1,0.0,0.0,,,
2026-09-08 04:20:26.273,dummy,-2.076,-1.998,1.112,4.5,0.0,0.0,,,
2026-09-08 04:20:26.325,dummy,-2.051,-1.996,1.11,6.8,0.0,0.0,,,
2026-09-08 04:20:26.377,dummy,-2.026,-1.992,1.109,9.0,0.0,0.0,,,
2026-09-08 04:20:26.429,dummy,-2.001,-1.988,1.107,11.2,0.0,0.0,,,
2026-09-08 04:20:26.480,dummy,-1.975,-1.982,1.105,13.3,0.0,0.0,,,
2026-09-08 04:20:26.532,dummy,-1.949,-1.976,1.104,15.3,0.0,0.0,,,
2026-09-08 04:20:26.583,dummy,-1.924,-1.968,1.102,17.2,0.0,0.0,,,
2026-09-08 04:20:26.635,dummy,-1.897,-1.96,1.101,19.0,0.0,0.0,,,
2026-09-08 04:20:26.686,dummy,-1.871,-1.95,1.099,20.8,0.0,0.0,,,
2026-09-08 04:20:26.738,dummy,-1.844,-1.939,1.097,22.5,0.0,0.0,,,
2026-09-08 04:20:26.791,dummy,-1.816,-1.927,1.096,24.1,0.0,0.0,,,
2026-09-08 04:20:26.843,dummy,-1.789,-1.915,1.094,25.6,0.0,0.0,,,
2026-09-08 04:20:26.895,dummy,-1.761,-1.901,1.093,27.1,0.0,0.0,,,
2026-09-08 04:20:26.947,dummy,-1.733,-1.886,1.091,28.5,0.0,0.0,,,
2026-09-08 04:20:26.999,dummy,-1.705,-1.871,1.089,29.8,0.0,0.0,,,
2026-09-08 04:20:27.050,dummy,-1.677,-1.854,1.088,31.1,0.0,0.0,,,
2026-09-08 04:20:27.102,dummy,-1.649,-1.837,1.086,32.3,0.0,0.0,,,
2026-09-08 04:20:27.153,dummy,-1.62,-1.818,1.084,33.4,0.0,0.0,,,
2026-09-08 04:20:27.206,dummy,-1.591,-1.798,1.083,34.5,0.0,0.0,,,
2026-09-08 04:20:27.258,dummy,-1.562,-1.778,1.081,35.6,0.0,0.0,,,
2026-09-08 04:20:27.310,dummy,-1.533,-1.757,1.079,36.6,0.0,0.0,,,
2026-09-08 04:20:27.361,dummy,-1.503,-1.735,1.078,37.5,0.0,0.0,,,
2026-09-08 04:20:27.412,dummy,-1.474,-1.712,1.076,38.4,0.0,0.0,,,
2026-09-08 04:20:27.463,dummy,-1.444,-1.688,1.075,39.2,0.0,0.0,,,
2026-09-08 04:20:27.515,dummy,-1.415,-1.663,1.073,40.0,0.0,0.0,,,
2026-09-08 04:20:27.566,dummy,-1.385,-1.638,1.071,40.8,0.0,0.0,,,
2026-09-08 04:20:27.618,dummy,-1.354,-1.611,1.07,41.5,0.0,0.0,,,
2026-09-08 04:20:27.670,dummy,-1.324,-1.584,1.068,42.2,0.0,0.0,,,
2026-09-08 04:20:27.721,dummy,-1.293,-1.556,1.066,42.9,0.0,0.0,,,
2026-09-08 04:20:27.773,dummy,-1.262,-1.527,1.065,43.5,0.0,0.0,,,
2026-09-08 04:20:27.825,dummy,-1.231,-1.497,1.063,44.1,0.0,0.0,,,
2026-09-08 04:20:27.876,dummy,-1.2,-1.467,1.061,44.7,0.0,0.0,,,
2026-09-08 04:20:27.928,dummy,-1.169,-1.435,1.06,45.2,0.0,0.0,,,
2026-09-08 04:20:27.979,dummy,-1.137,-1.403,1.058,45.8,0.0,0.0,,,
2026-09-08 04:20:28.030,dummy,-1.106,-1.371,1.056,46.2,0.0,0.0,,,
2026-09-08 04:20:28.082,dummy,-1.074,-1.337,1.055,46.7,0.0,0.0,,,
2026-09-08 04:20:28.134,dummy,-1.042,-1.303,1.053,47.2,0.0,0.0,,,
2026-09-08 04:20:28.186,dummy,-1.01,-1.268,1.051,47.6,0.0,0.0,,,
2026-09-08 04:20:28.238,dummy,-0.978,-1.233,1.05,48.0,0.0,0.0,,,
2026-09-08 04:20:28.289,dummy,-0.945,-1.196,1.048,48.4,0.0,0.0,,,
2026-09-08 04:20:28.342,dummy,-0.913,-1.16,1.046,48.8,0.0,0.0,,,
2026-09-08 04:20:28.394,dummy,-0.88,-1.122,1.044,49.1,0.0,0.0,,,
2026-09-08 04:20:28.445,dummy,-0.847,-1.084,1.043,49.4,0.0,0.0,,,
2026-09-08 04:20:28.497,dummy,-0.815,-1.045,1.041,49.7,0.0,0.0,,,
2026-09-08 04:20:28.548,dummy,-0.782,-1.007,1.039,50.0,0.0,0.0,,,
2026-09-08 04:20:28.599,dummy,-0.749,-0.967,1.038,50.3,0.0,0.0,,,
2026-09-08 04:20:28.651,dummy,-0.716,-0.928,1.036,50.6,0.0,0.0,,,
2026-09-08 04:20:28.702,dummy,-0.683,-0.887,1.034,50.8,0.0,0.0,,,
2026-09-08 04:20:28.754,dummy,-0.65,-0.846,1.033,51.1,0.0,0.0,,,
2026-09-08 04:20:28.805,dummy,-0.617,-0.805,1.031,51.3,0.0,0.0,,,
2026-09-08 04:20:28.857,dummy,-0.583,-0.763,1.029,51.5,0.0,0.0,,,
2026-09-08 04:20:28.909,dummy,-0.55,-0.721,1.028,51.7,0.0,0.0,,,
2026-09-08 04:20:28.961,dummy,-0.516,-0.678,1.026,51.9,0.0,0.0,,,
2026-09-08 04:20:29.014,dummy,-0.482,-0.634,1.024,52.0,0.0,0.0,,,
2026-09-08 04:20:29.066,dummy,-0.448,-0.591,1.022,52.2,0.0,0.0,,,
2026-09-08 04:20:29.117,dummy,-0.414,-0.547,1.021,52.3,0.0,0.0,,,
2026-09-08 04:20:29.169,dummy,-0.38,-0.503,1.019,52.5,0.0,0.0,,,
2026-09-08 04:20:29.220,dummy,-0.347,-0.459,1.017,52.6,0.0,0.0,,,
2026-09-08 04:20:29.272,dummy,-0.313,-0.415,1.016,52.7,0.0,0.0,,,
2026-09-08 04:20:29.324,dummy,-0.279,-0.37,1.014,52.8,0.0,0.0,,,
2026-09-08 04:20:29.375,dummy,-0.245,-0.326,1.012,52.9,0.0,0.0,,,
2026-09-08 04:20:29.427,dummy,-0.211,-0.281,1.011,52.9,0.0,0.0,,,
2026-09-08 04:20:29.479,dummy,-0.177,-0.235,1.009,53.0,0.0,0.0,,,
2026-09-08 04:20:29.531,dummy,-0.142,-0.19,1.007,53.0,0.0,0.0,,,
2026-09-08 04:20:29.583,dummy,-0.108,-0.144,1.005,53.1,0.0,0.0,,,
2026-09-08 04:20:29.634,dummy,-0.074,-0.099,1.004,53.1,0.0,0.0,,,
2026-09-08 04:20:29.686,dummy,-0.04,-0.054,1.002,53.1,0.0,0.0,,,
2026-09-08 04:20:29.738,dummy,-0.006,-0.008,1.0,53.1,0.0,0.0,,,
2026-09-08 04:20:29.789,dummy,0.028,0.037,0.999,53.1,0.0,0.0,,,
2026-09-08 04:20:29.840,dummy,0.062,0.082,0.997,53.1,0.0,0.0,,,
2026-09-08 04:20:29.892,dummy,0.096,0.127,0.995,53.1,0.0,0.0,,,
2026-09-08 04:20:29.944,dummy,0.13,0.173,0.994,53.1,0.0,0.0,,,
2026-09-08 04:20:29.995,dummy,0.164,0.218,0.992,53.0,0.0,0.0,,,
2026-09-08 04:20:30.046,dummy,0.198,0.263,0.99,53.0,0.0,0.0,,,
2026-09-08 04:20:30.099,dummy,0.232,0.308,0.988,52.9,0.0,0.0,,,
2026-09-08 04:20:30.150,dummy,0.266,0.353,0.987,52.8,0.0,0.0,,,
2026-09-08 04:20:30.201,dummy,0.299,0.397,0.985,52.7,0.0,0.0,,,
2026-09-08 04:20:30.253,dummy,0.333,0.442,0.983,52.6,0.0,0.0,,,
2026-09-08 04:20:30.304,dummy,0.367,0.486,0.982,52.5,0.0,0.0,,,
2026-09-08 04:20:30.355,dummy,0.401,0.529,0.98,52.4,0.0,0.0,,,
2026-09-08 04:20:30.407,dummy,0.434,0.573,0.978,52.2,0.0,0.0,,,
2026-09-08 04:20:30.459,dummy,0.468,0.616,0.977,52.1,0.0,0.0,,,
2026-09-08 04:20:30.510,dummy,0.501,0.659,0.975,51.9,0.0,0.0,,,
2026-09-08 04:20:30.561,dummy,0.535,0.702,0.973,51.8,0.0,0.0,,,
2026-09-08 04:20:30.613,dummy,0.568,0.744,0.971,51.6,0.0,0.0,,,
2026-09-08 04:20:30.664,dummy,0.602,0.786,0.97,51.4,0.0,0.0,,,
2026-09-08 04:20:30.716,dummy,0.635,0.828,0.968,51.2,0.0,0.0,,,
2026-09-08 04:20:30.768,dummy,0.668,0.869,0.966,50.9,0.0,0.0,,,
2026-09-08 04:20:30.820,dummy,0.702,0.91,0.965,50.7,0.0,0.0,,,
2026-09-08 04:20:30.872,dummy,0.735,0.95,0.963,50.4,0.0,0.0,,,
2026-09-08 04:20:30.924,dummy,0.768,0.99,0.961,50.2,0.0,0.0,,,
2026-09-08 04:20:30.975,dummy,0.801,1.029,0.96,49.9,0.0,0.0,,,
2026-09-08 04:20:31.027,dummy,0.834,1.068,0.958,49.6,0.0,0.0,,,
2026-09-08 04:20:31.078,dummy,0.866,1.106,0.956,49.2,0.0,0.0,,,
2026-09-08 04:20:31.130,dummy,0.899,1.143,0.955,48.9,0.0,0.0,,,
2026-09-08 04:20:31.181,dummy,0.931,1.18,0.953,48.6,0.0,0.0,,,
2026-09-08 04:20:31.232,dummy,0.963,1.216,0.951,48.2,0.0,0.0,,,
2026-09-08 04:20:31.284,dummy,0.995,1.252,0.95,47.8,0.0,0.0,,,
2026-09-08 04:20:31.336,dummy,1.028,1.287,0.948,47.4,0.0,0.0,,,
2026-09-08 04:20:31.388,dummy,1.06,1.322,0.946,46.9,0.0,0.0,,,
2026-09-08 04:20:31.439,dummy,1.091,1.356,0.944,46.5,0.0,0.0,,,
2026-09-08 04:20:31.492,dummy,1.124,1.389,0.943,46.0,0.0,0.0,,,
2026-09-08 04:20:31.544,dummy,1.156,1.422,0.941,45.5,0.0,0.0,,,
2026-09-08 04:20:31.596,dummy,1.187,1.453,0.939,44.9,0.0,0.0,,,
2026-09-08 04:20:31.648,dummy,1.219,1.485,0.938,44.4,0.0,0.0,,,
2026-09-08 04:20:31.700,dummy,1.25,1.515,0.936,43.8,0.0,0.0,,,
2026-09-08 04:20:31.752,dummy,1.281,1.544,0.934,43.1,0.0,0.0,,,
2026-09-08 04:20:31.804,dummy,1.312,1.573,0.933,42.5,0.0,0.0,,,
2026-09-08 04:20:31.856,dummy,1.343,1.601,0.931,41.8,0.0,0.0,,,
2026-09-08 04:20:31.907,dummy,1.373,1.628,0.929,41.1,0.0,0.0,,,
2026-09-08 04:20:31.959,dummy,1.403,1.654,0.928,40.3,0.0,0.0,,,
2026-09-08 04:20:32.011,dummy,1.433,1.679,0.926,39.5,0.0,0.0,,,
2026-09-08 04:20:32.062,dummy,1.463,1.703,0.924,38.7,0.0,0.0,,,
2026-09-08 04:20:32.113,dummy,1.492,1.726,0.923,37.8,0.0,0.0,,,
2026-09-08 04:20:32.164,dummy,1.521,1.748,0.921,36.9,0.0,0.0,,,
2026-09-08 04:20:32.216,dummy,1.55,1.77,0.92,36.0,0.0,0.0,,,
2026-09-08 04:20:32.267,dummy,1.58,1.791,0.918,34.9,0.0,0.0,,,
2026-09-08 04:20:32.319,dummy,1.608,1.81,0.916,33.9,0.0,0.0,,,
2026-09-08 04:20:32.371,dummy,1.637,1.829,0.915,32.8,0.0,0.0,,,
2026-09-08 04:20:32.422,dummy,1.666,1.847,0.913,31.6,0.0,0.0,,,
2026-09-08 04:20:32.476,dummy,1.694,1.864,0.911,30.3,0.0,0.0,,,
2026-09-08 04:20:32.528,dummy,1.723,1.881,0.91,29.0,0.0,0.0,,,
2026-09-08 04:20:32.579,dummy,1.751,1.896,0.908,27.6,0.0,0.0,,,
2026-09-08 04:20:32.630,dummy,1.778,1.909,0.906,26.2,0.0,0.0,,,
2026-09-08 04:20:32.682,dummy,1.805,1.922,0.905,24.7,0.0,0.0,,,
2026-09-08 04:20:32.733,dummy,1.832,1.934,0.903,23.1,0.0,0.0,,,
2026-09-08 04:20:32.785,dummy,1.859,1.945,0.902,21.5,0.0,0.0,,,
2026-09-08 04:20:32.836,dummy,1.886,1.955,0.9,19.8,0.0,0.0,,,
2026-09-08 04:20:32.888,dummy,1.912,1.964,0.898,18.0,0.0,0.0,,,
2026-09-08 04:20:32.941,dummy,1.939,1.973,0.897,16.1,0.0,0.0,,,
2026-09-08 04:20:32.993,dummy,1.965,1.98,0.895,14.1,0.0,0.0,,,
2026-09-08 04:20:33.045,dummy,1.991,1.986,0.894,12.0,0.0,0.0,,,
2026-09-08 04:20:33.097,dummy,2.016,1.991,0.892,9.9,0.0,0.0,,,
2026-09-08 04:20:33.149,dummy,2.042,1.995,0.89,7.6,0.0,0.0,,,
2026-09-08 04:20:33.201,dummy,2.067,1.997,0.889,5.4,0.0,0.0,,,
2026-09-08 04:20:33.253,dummy,2.091,1.999,0.887,3.0,0.0,0.0,,,
2026-09-08 04:20:33.305,dummy,2.116,2.0,0.886,0.6,0.0,0.0,,,
2026-09-08 04:20:33.356,dummy,2.14,2.0,0.884,358.1,0.0,0.0,,,
2026-09-08 04:20:33.408,dummy,2.163,1.998,0.882,355.6,0.0,0.0,,,
2026-09-08 04:20:33.460,dummy,2.187,1.996,0.881,353.0,0.0,0.0,,,
2026-09-08 04:20:33.512,dummy,2.21,1.993,0.879,350.4,0.0,0.0,,,
2026-09-08 04:20:33.564,dummy,2.233,1.988,0.878,347.8,0.0,0.0,,,
2026-09-08 04:20:33.615,dummy,2.256,1.983,0.876,345.2,0.0,0.0,,,
2026-09-08 04:20:33.667,dummy,2.278,1.976,0.875,342.5,0.0,0.0,,,
2026-09-08 04:20:33.719,dummy,2.3,1.969,0.873,339.9,0.0,0.0,,,
2026-09-08 04:20:33.770,dummy,2.322,1.96,0.872,337.3,0.0,0.0,,,
2026-09-08 04:20:33.822,dummy,2.344,1.951,0.87,334.8,0.0,0.0,,,
2026-09-08 04:20:33.873,dummy,2.365,1.94,0.868,332.3,0.0,0.0,,,
2026-09-08 04:20:33.926,dummy,2.386,1.928,0.867,329.8,0.0,0.0,,,
2026-09-08 04:20:33.978,dummy,2.406,1.916,0.865,327.4,0.0,0.0,,,
2026-09-08 04:20:34.029,dummy,2.426,1.903,0.864,325.1,0.0,0.0,,,
2026-09-08 04:20:34.080,dummy,2.446,1.888,0.862,322.8,0.0,0.0,,,
2026-09-08 04:20:34.132,dummy,2.466,1.873,0.861,320.6,0.0,0.0,,,
2026-09-08 04:20:34.184,dummy,2.485,1.856,0.859,318.5,0.0,0.0,,,
2026-09-08 04:20:34.235,dummy,2.504,1.839,0.858,316.4,0.0,0.0,,,
2026-09-08 04:20:34.287,dummy,2.523,1.82,0.856,314.4,0.0,0.0,,,
2026-09-08 04:20:34.339,dummy,2.541,1.801,0.855,312.5,0.0,0.0,,,
2026-09-08 04:20:34.391,dummy,2.559,1.781,0.853,310.7,0.0,0.0,,,
2026-09-08 04:20:34.442,dummy,2.577,1.76,0.852,309.0,0.0,0.0,,,
2026-09-08 04:20:34.494,dummy,2.594,1.738,0.85,307.3,0.0,0.0,,,
2026-09-08 04:20:34.545,dummy,2.611,1.715,0.849,305.7,0.0,0.0,,,
2026-09-08 04:20:34.597,dummy,2.627,1.691,0.847,304.1,0.0,0.0,,,
2026-09-08 04:20:34.649,dummy,2.644,1.666,0.846,302.7,0.0,0.0,,,
2026-09-08 04:20:34.700,dummy,2.659,1.641,0.845,301.3,0.0,0.0,,,
2026-09-08 04:20:34.751,dummy,2.675,1.615,0.843,299.9,0.0,0.0,,,
2026-09-08 04:20:34.802,dummy,2.69,1.588,0.842,298.6,0.0,0.0,,,
2026-09-08 04:20:34.854,dummy,2.705,1.56,0.84,297.4,0.0,0.0,,,
2026-09-08 04:20:34.905,dummy,2.719,1.531,0.839,296.2,0.0,0.0,,,
2026-09-08 04:20:34.957,dummy,2.734,1.502,0.837,295.1,0.0,0.0,,,
2026-09-08 04:20:35.008,dummy,2.747,1.471,0.836,294.0,0.0,0.0,,,
2026-09-08 04:20:35.060,dummy,2.761,1.44,0.834,292.9,0.0,0.0,,,
2026-09-08 04:20:35.112,dummy,2.774,1.408,0.833,291.9,0.0,0.0,,,
2026-09-08 04:20:35.163,dummy,2.787,1.375,0.832,290.9,0.0,0.0,,,
2026-09-08 04:20:35.215,dummy,2.799,1.342,0.83,290.0,0.0,0.0,,,
2026-09-08 04:20:35.266,dummy,2.811,1.308,0.829,289.1,0.0,0.0,,,
2026-09-08 04:20:35.318,dummy,2.823,1.274,0.827,288.2,0.0,0.0,,,
2026-09-08 04:20:35.369,dummy,2.834,1.239,0.826,287.4,0.0,0.0,,,
2026-09-08 04:20:35.421,dummy,2.845,1.202,0.825,286.6,0.0,0.0,,,
2026-09-08 04:20:35.473,dummy,2.856,1.166,0.823,285.8,0.0,0.0,,,
2026-09-08 04:20:35.524,dummy,2.866,1.129,0.822,285.0,0.0,0.0,,,
2026-09-08 04:20:35.577,dummy,2.876,1.09,0.821,284.3,0.0,0.0,,,
2026-09-08 04:20:35.628,dummy,2.886,1.052,0.819,283.6,0.0,0.0,,,
2026-09-08 04:20:35.680,dummy,2.895,1.013,0.818,282.9,0.0,0.0,,,
2026-09-08 04:20:35.731,dummy,2.904,0.973,0.816,282.2,0.0,0.0,,,
2026-09-08 04:20:35.784,dummy,2.912,0.933,0.815,281.5,0.0,0.0,,,
2026-09-08 04:20:35.835,dummy,2.92,0.893,0.814,280.9,0.0,0.0,,,
2026-09-08 04:20:35.887,dummy,2.928,0.852,0.812,280.3,0.0,0.0,,,
2026-09-08 04:20:35.939,dummy,2.935,0.81,0.811,279.6,0.0,0.0,,,
2026-09-08 04:20:35.991,dummy,2.942,0.768,0.81,279.0,0.0,0.0,,,
2026-09-08 04:20:36.043,dummy,2.948,0.726,0.808,278.5,0.0,0.0,,,
2026-09-08 04:20:36.094,dummy,2.955,0.683,0.807,277.9,0.0,0.0,,,
2026-09-08 04:20:36.145,dummy,2.96,0.641,0.806,277.3,0.0,0.0,,,
2026-09-08 04:20:36.198,dummy,2.966,0.597,0.805,276.8,0.0,0.0,,,
2026-09-08 04:20:36.250,dummy,2.971,0.554,0.803,276.2,0.0,0.0,,,
2026-09-08 04:20:36.301,dummy,2.975,0.509,0.802,275.7,0.0,0.0,,,
2026-09-08 04:20:36.352,dummy,2.979,0.466,0.801,275.2,0.0,0.0,,,
2026-09-08 04:20:36.404,dummy,2.983,0.421,0.799,274.6,0.0,0.0,,,
2026-09-08 04:20:36.456,dummy,2.987,0.377,0.798,274.1,0.0,0.0,,,
2026-09-08 04:20:36.507,dummy,2.99,0.332,0.797,273.6,0.0,0.0,,,
2026-09-08 04:20:36.559,dummy,2.992,0.288,0.796,273.1,0.0,0.0,,,
2026-09-08 04:20:36.610,dummy,2.994,0.243,0.794,272.6,0.0,0.0,,,
2026-09-08 04:20:36.662,dummy,2.996,0.198,0.793,272.1,0.0,0.0,,,
2026-09-08 04:20:36.713,dummy,2.998,0.152,0.792,271.6,0.0,0.0,,,
2026-09-08 04:20:36.765,dummy,2.999,0.107,0.791,271.2,0.0,0.0,,,
2026-09-08 04:20:36.817,dummy,3.0,0.062,0.79,270.7,0.0,0.0,,,
2026-09-08 04:20:36.868,dummy,3.0,0.016,0.788,270.2,0.0,0.0,,,
2026-09-08 04:20:36.920,dummy,3.0,-0.029,0.787,269.7,0.0,0.0,,,
2026-09-08 04:20:36.973,dummy,2.999,-0.076,0.786,269.2,0.0,0.0,,,
2026-09-08 04:20:37.024,dummy,2.999,-0.121,0.785,268.7,0.0,0.0,,,
2026-09-08 04:20:37.076,dummy,2.997,-0.166,0.783,268.2,0.0,0.0,,,
2026-09-08 04:20:37.128,dummy,2.996,-0.212,0.782,267.7,0.0,0.0,,,
2026-09-08 04:20:37.180,dummy,2.994,-0.257,0.781,267.2,0.0,0.0,,,
2026-09-08 04:20:37.231,dummy,2.991,-0.302,0.78,266.7,0.0,0.0,,,
2026-09-08 04:20:37.283,dummy,2.989,-0.347,0.779,266.2,0.0,0.0,,,
2026-09-08 04:20:37.335,dummy,2.985,-0.391,0.778,265.7,0.0,0.0,,,
2026-09-08 04:20:37.387,dummy,2.982,-0.437,0.777,265.2,0.0,0.0,,,
2026-09-08 04:20:37.439,dummy,2.978,-0.481,0.775,264.7,0.0,0.0,,,
2026-09-08 04:20:37.490,dummy,2.974,-0.525,0.774,264.1,0.0,0.0,,,
2026-09-08 04:20:37.542,dummy,2.969,-0.569,0.773,263.6,0.0,0.0,,,
2026-09-08 04:20:37.595,dummy,2.964,-0.613,0.772,263.0,0.0,0.0,,,
2026-09-08 04:20:37.647,dummy,2.958,-0.656,0.771,262.5,0.0,0.0,,,
2026-09-08 04:20:37.698,dummy,2.952,-0.699,0.77,261.9,0.0,0.0,,,
2026-09-08 04:20:37.750,dummy,2.946,-0.742,0.769,261.3,0.0,0.0,,,
2026-09-08 04:20:37.802,dummy,2.939,-0.783,0.768,260.7,0.0,0.0,,,
2026-09-08 04:20:37.853,dummy,2.932,-0.825,0.767,260.1,0.0,0.0,,,
2026-09-08 04:20:37.905,dummy,2.925,-0.866,0.765,259.5,0.0,0.0,,,
2026-09-08 04:20:37.957,dummy,2.917,-0.907,0.764,258.9,0.0,0.0,,,
2026-09-08 04:20:38.010,dummy,2.909,-0.949,0.763,258.2,0.0,0.0,,,
2026-09-08 04:20:38.063,dummy,2.9,-0.989,0.762,257.6,0.0,0.0,,,
2026-09-08 04:20:38.114,dummy,2.891,-1.029,0.761,256.9,0.0,0.0,,,
2026-09-08 04:20:38.166,dummy,2.882,-1.067,0.76,256.2,0.0,0.0,,,
2026-09-08 04:20:38.218,dummy,2.872,-1.105,0.759,255.4,0.0,0.0,,,
2026-09-08 04:20:38.269,dummy,2.862,-1.143,0.758,254.7,0.0,0.0,,,
2026-09-08 04:20:38.321,dummy,2.852,-1.18,0.757,253.9,0.0,0.0,,,
2026-09-08 04:20:38.373,dummy,2.841,-1.217,0.756,253.1,0.0,0.0,,,
2026-09-08 04:20:38.426,dummy,2.83,-1.253,0.755,252.3,0.0,0.0,,,
2026-09-08 04:20:38.478,dummy,2.818,-1.288,0.754,251.4,0.0,0.0,,,
2026-09-08 04:20:38.529,dummy,2.806,-1.323,0.753,250.5,0.0,0.0,,,
2026-09-08 04:20:38.581,dummy,2.794,-1.357,0.752,249.6,0.0,0.0,,,
2026-09-08 04:20:38.633,dummy,2.781,-1.39,0.751,248.7,0.0,0.0,,,
2026-09-08 04:20:38.684,dummy,2.768,-1.422,0.75,247.7,0.0,0.0,,,
2026-09-08 04:20:38.735,dummy,2.755,-1.453,0.749,246.6,0.0,0.0,,,
2026-09-08 04:20:38.787,dummy,2.742,-1.484,0.748,245.6,0.0,0.0,,,
2026-09-08 04:20:38.838,dummy,2.728,-1.514,0.748,244.5,0.0,0.0,,,
2026-09-08 04:20:38.889,dummy,2.714,-1.543,0.747,243.3,0.0,0.0,,,
2026-09-08 04:20:38.941,dummy,2.699,-1.571,0.746,242.1,0.0,0.0,,,
2026-09-08 04:20:38.992,dummy,2.684,-1.599,0.745,240.9,0.0,0.0,,,
2026-09-08 04:20:39.043,dummy,2.669,-1.625,0.744,239.5,0.0,0.0,,,
2026-09-08 04:20:39.094,dummy,2.653,-1.651,0.743,238.2,0.0,0.0,,,
2026-09-08 04:20:39.146,dummy,2.637,-1.677,0.742,236.7,0.0,0.0,,,
2026-09-08 04:20:39.198,dummy,2.621,-1.701,0.741,235.2,0.0,0.0,,,
2026-09-08 04:20:39.249,dummy,2.604,-1.724,0.74,233.7,0.0,0.0,,,
2026-09-08 04:20:39.301,dummy,2.587,-1.747,0.74,232.0,0.0,0.0,,,
2026-09-08 04:20:39.352,dummy,2.569,-1.769,0.739,230.3,0.0,0.0,,,
2026-09-08 04:20:39.404,dummy,2.552,-1.789,0.738,228.6,0.0,0.0,,,
2026-09-08 04:20:39.456,dummy,2.534,-1.809,0.737,226.7,0.0,0.0,,,
2026-09-08 04:20:39.509,dummy,2.515,-1.828,0.736,224.8,0.0,0.0,,,
2026-09-08 04:20:39.561,dummy,2.496,-1.847,0.735,222.7,0.0,0.0,,,
2026-09-08 04:20:39.613,dummy,2.476,-1.864,0.735,220.6,0.0,0.0,,,
2026-09-08 04:20:39.666,dummy,2.457,-1.88,0.734,218.4,0.0,0.0,,,
2026-09-08 04:20:39.718,dummy,2.437,-1.895,0.733,216.1,0.0,0.0,,,
2026-09-08 04:20:39.770,dummy,2.417,-1.909,0.732,213.8,0.0,0.0,,,
2026-09-08 04:20:39.822,dummy,2.396,-1.922,0.732,211.4,0.0,0.0,,,
2026-09-08 04:20:39.874,dummy,2.375,-1.935,0.731,209.0,0.0,0.0,,,
2026-09-08 04:20:39.926,dummy,2.354,-1.946,0.73,206.5,0.0,0.0,,,
2026-09-08 04:20:39.977,dummy,2.333,-1.956,0.729,204.0,0.0,0.0,,,
2026-09-08 04:20:40.028,dummy,2.312,-1.965,0.729,201.4,0.0,0.0,,,
2026-09-08 04:20:40.080,dummy,2.29,-1.973,0.728,198.8,0.0,0.0,,,
2026-09-08 04:20:40.132,dummy,2.268,-1.98,0.727,196.2,0.0,0.0,,,
2026-09-08 04:20:40.185,dummy,2.244,-1.986,0.726,193.5,0.0,0.0,,,
2026-09-08 04:20:40.236,dummy,2.222,-1.991,0.726,190.9,0.0,0.0,,,
2026-09-08 04:20:40.288,dummy,2.199,-1.994,0.725,188.3,0.0,0.0,,,
2026-09-08 04:20:40.339,dummy,2.175,-1.997,0.724,185.7,0.0,0.0,,,
2026-09-08 04:20:40.390,dummy,2.152,-1.999,0.724,183.2,0.0,0.0,,,
2026-09-08 04:20:40.442,dummy,2.128,-2.0,0.723,180.7,0.0,0.0,,,
2026-09-08 04:20:40.494,dummy,2.104,-2.0,0.722,178.3,0.0,0.0,,,
2026-09-08 04:20:40.546,dummy,2.079,-1.998,0.722,175.9,0.0,0.0,,,
2026-09-08 04:20:40.599,dummy,2.055,-1.996,0.721,173.6,0.0,0.0,,,
2026-09-08 04:20:40.651,dummy,2.029,-1.993,0.72,171.2,0.0,0.0,,,
2026-09-08 04:20:40.703,dummy,2.003,-1.988,0.72,169.0,0.0,0.0,,,
2026-09-08 04:20:40.755,dummy,1.978,-1.983,0.719,166.9,0.0,0.0,,,
2026-09-08 04:20:40.807,dummy,1.952,-1.976,0.719,164.9,0.0,0.0,,,
2026-09-08 04:20:40.858,dummy,1.926,-1.969,0.718,163.0,0.0,0.0,,,
2026-09-08 04:20:40.910,dummy,1.9,-1.96,0.717,161.2,0.0,0.0,,,
2026-09-08 04:20:40.962,dummy,1.873,-1.951,0.717,159.4,0.0,0.0,,,
2026-09-08 04:20:41.013,dummy,1.846,-1.94,0.716,157.7,0.0,0.0,,,
2026-09-08 04:20:41.065,dummy,1.819,-1.929,0.716,156.1,0.0,0.0,,,
2026-09-08 04:20:41.117,dummy,1.792,-1.916,0.715,154.5,0.0,0.0,,,
2026-09-08 04:20:41.169,dummy,1.764,-1.903,0.715,153.1,0.0,0.0,,,
2026-09-08 04:20:41.220,dummy,1.737,-1.888,0.714,151.7,0.0,0.0,,,
2026-09-08 04:20:41.272,dummy,1.709,-1.873,0.714,150.3,0.0,0.0,,,
2026-09-08 04:20:41.325,dummy,1.68,-1.856,0.713,149.0,0.0,0.0,,,
2026-09-08 04:20:41.377,dummy,1.651,-1.838,0.713,147.8,0.0,0.0,,,
2026-09-08 04:20:41.428,dummy,1.623,-1.82,0.712,146.7,0.0,0.0,,,
2026-09-08 04:20:41.480,dummy,1.594,-1.801,0.712,145.6,0.0,0.0,,,
2026-09-08 04:20:41.532,dummy,1.565,-1.78,0.711,144.6,0.0,0.0,,,
2026-09-08 04:20:41.584,dummy,1.536,-1.759,0.711,143.5,0.0,0.0,,,
2026-09-08 04:20:41.636,dummy,1.506,-1.737,0.71,142.6,0.0,0.0,,,
2026-09-08 04:20:41.687,dummy,1.477,-1.714,0.71,141.7,0.0,0.0,,,
2026-09-08 04:20:41.739,dummy,1.447,-1.69,0.709,140.9,0.0,0.0,,,
2026-09-08 04:20:41.791,dummy,1.417,-1.665,0.709,140.0,0.0,0.0,,,
2026-09-08 04:20:41.843,dummy,1.386,-1.639,0.709,139.3,0.0,0.0,,,
2026-09-08 04:20:41.895,dummy,1.356,-1.613,0.708,138.5,0.0,0.0,,,
2026-09-08 04:20:41.946,dummy,1.326,-1.586,0.708,137.8,0.0,0.0,,,
2026-09-08 04:20:41.998,dummy,1.295,-1.558,0.707,137.2,0.0,0.0,,,
2026-09-08 04:20:42.050,dummy,1.264,-1.529,0.707,136.5,0.0,0.0,,,
2026-09-08 04:20:42.101,dummy,1.233,-1.499,0.707,135.9,0.0,0.0,,,
2026-09-08 04:20:42.153,dummy,1.202,-1.468,0.706,135.3,0.0,0.0,,,
2026-09-08 04:20:42.204,dummy,1.171,-1.437,0.706,134.8,0.0,0.0,,,
2026-09-08 04:20:42.256,dummy,1.139,-1.405,0.706,134.3,0.0,0.0,,,
2026-09-08 04:20:42.307,dummy,1.108,-1.373,0.705,133.8,0.0,0.0,,,
2026-09-08 04:20:42.359,dummy,1.076,-1.339,0.705,133.3,0.0,0.0,,,
2026-09-08 04:20:42.410,dummy,1.044,-1.305,0.705,132.9,0.0,0.0,,,
2026-09-08 04:20:42.461,dummy,1.013,-1.271,0.704,132.4,0.0,0.0,,,
2026-09-08 04:20:42.513,dummy,0.981,-1.236,0.704,132.0,0.0,0.0,,,
2026-09-08 04:20:42.566,dummy,0.948,-1.2,0.704,131.6,0.0,0.0,,,
2026-09-08 04:20:42.618,dummy,0.915,-1.162,0.704,131.3,0.0,0.0,,,
2026-09-08 04:20:42.670,dummy,0.882,-1.124,0.703,130.9,0.0,0.0,,,
2026-09-08 04:20:42.722,dummy,0.849,-1.086,0.703,130.6,0.0,0.0,,,
2026-09-08 04:20:42.774,dummy,0.816,-1.048,0.703,130.3,0.0,0.0,,,
2026-09-08 04:20:42.828,dummy,0.784,-1.009,0.703,130.0,0.0,0.0,,,
2026-09-08 04:20:42.880,dummy,0.749,-0.967,0.702,129.7,0.0,0.0,,,
2026-09-08 04:20:42.931,dummy,0.716,-0.927,0.702,129.4,0.0,0.0,,,
2026-09-08 04:20:42.983,dummy,0.683,-0.887,0.702,129.2,0.0,0.0,,,
2026-09-08 04:20:43.043,dummy,0.645,-0.839,0.702,128.9,0.0,0.0,,,
2026-09-08 04:20:43.095,dummy,0.611,-0.797,0.702,128.7,0.0,0.0,,,
2026-09-08 04:20:43.152,dummy,0.574,-0.751,0.701,128.5,0.0,0.0,,,
2026-09-08 04:20:43.204,dummy,0.54,-0.708,0.701,128.3,0.0,0.0,,,
2026-09-08 04:20:43.256,dummy,0.506,-0.665,0.701,128.1,0.0,0.0,,,
2026-09-08 04:20:43.308,dummy,0.473,-0.622,0.701,127.9,0.0,0.0,,,
2026-09-08 04:20:43.359,dummy,0.439,-0.579,0.701,127.8,0.0,0.0,,,
2026-09-08 04:20:43.411,dummy,0.405,-0.536,0.701,127.6,0.0,0.0,,,
2026-09-08 04:20:43.462,dummy,0.372,-0.492,0.701,127.5,0.0,0.0,,,
2026-09-08 04:20:43.514,dummy,0.338,-0.447,0.7,127.4,0.0,0.0,,,
2026-09-08 04:20:43.566,dummy,0.304,-0.403,0.7,127.3,0.0,0.0,,,
2026-09-08 04:20:43.617,dummy,0.27,-0.358,0.7,127.2,0.0,0.0,,,
2026-09-08 04:20:43.668,dummy,0.236,-0.314,0.7,127.1,0.0,0.0,,,
2026-09-08 04:20:43.720,dummy,0.202,-0.269,0.7,127.1,0.0,0.0,,,
2026-09-08 04:20:43.771,dummy,0.169,-0.224,0.7,127.0,0.0,0.0,,,
2026-09-08 04:20:43.823,dummy,0.134,-0.179,0.7,127.0,0.0,0.0,,,
2026-09-08 04:20:43.875,dummy,0.1,-0.134,0.7,126.9,0.0,0.0,,,
2026-09-08 04:20:43.927,dummy,0.066,-0.088,0.7,126.9,0.0,0.0,,,
2026-09-08 04:20:43.978,dummy,0.032,-0.043,0.7,126.9,0.0,0.0,,,
2026-09-08 04:20:44.030,dummy,-0.002,0.003,0.7,126.9,0.0,0.0,,,
2026-09-08 04:20:44.082,dummy,-0.036,0.049,0.7,126.9,0.0,0.0,,,
2026-09-08 04:20:44.133,dummy,-0.07,0.094,0.7,126.9,0.0,0.0,,,
2026-09-08 04:20:44.185,dummy,-0.104,0.139,0.7,126.9,0.0,0.0,,,
2026-09-08 04:20:44.236,dummy,-0.138,0.184,0.7,127.0,0.0,0.0,,,
2026-09-08 04:20:44.288,dummy,-0.172,0.229,0.7,127.0,0.0,0.0,,,
2026-09-08 04:20:44.339,dummy,-0.206,0.274,0.7,127.1,0.0,0.0,,,
2026-09-08 04:20:44.391,dummy,-0.24,0.319,0.7,127.1,0.0,0.0,,,
2026-09-08 04:20:44.442,dummy,-0.274,0.363,0.7,127.2,0.0,0.0,,,
2026-09-08 04:20:44.493,dummy,-0.307,0.408,0.7,127.3,0.0,0.0,,,
2026-09-08 04:20:44.544,dummy,-0.341,0.451,0.7,127.4,0.0,0.0,,,
2026-09-08 04:20:44.596,dummy,-0.375,0.496,0.701,127.5,0.0,0.0,,,
2026-09-08 04:20:44.647,dummy,-0.408,0.539,0.701,127.7,0.0,0.0,,,
2026-09-08 04:20:44.698,dummy,-0.442,0.582,0.701,127.8,0.0,0.0,,,
2026-09-08 04:20:44.750,dummy,-0.475,0.626,0.701,127.9,0.0,0.0,,,
2026-09-08 04:20:44.801,dummy,-0.509,0.668,0.701,128.1,0.0,0.0,,,
2026-09-08 04:20:44.853,dummy,-0.542,0.711,0.701,128.3,0.0,0.0,,,
2026-09-08 04:20:44.904,dummy,-0.576,0.753,0.701,128.5,0.0,0.0,,,
2026-09-08 04:20:44.956,dummy,-0.609,0.795,0.702,128.7,0.0,0.0,,,
2026-09-08 04:20:45.008,dummy,-0.643,0.837,0.702,128.9,0.0,0.0,,,
2026-09-08 04:20:45.060,dummy,-0.676,0.878,0.702,129.1,0.0,0.0,,,
2026-09-08 04:20:45.112,dummy,-0.71,0.919,0.702,129.4,0.0,0.0,,,
2026-09-08 04:20:45.164,dummy,-0.743,0.96,0.702,129.6,0.0,0.0,,,
2026-09-08 04:20:45.215,dummy,-0.776,0.999,0.703,129.9,0.0,0.0,,,
2026-09-08 04:20:45.268,dummy,-0.809,1.038,0.703,130.2,0.0,0.0,,,
2026-09-08 04:20:45.319,dummy,-0.842,1.077,0.703,130.5,0.0,0.0,,,
2026-09-08 04:20:45.371,dummy,-0.874,1.115,0.703,130.8,0.0,0.0,,,
2026-09-08 04:20:45.423,dummy,-0.907,1.152,0.704,131.2,0.0,0.0,,,
2026-09-08 04:20:45.474,dummy,-0.939,1.189,0.704,131.5,0.0,0.0,,,
2026-09-08 04:20:45.526,dummy,-0.971,1.225,0.704,131.9,0.0,0.0,,,
2026-09-08 04:20:45.578,dummy,-1.004,1.261,0.704,132.3,0.0,0.0,,,
2026-09-08 04:20:45.630,dummy,-1.036,1.297,0.705,132.8,0.0,0.0,,,
2026-09-08 04:20:45.681,dummy,-1.068,1.331,0.705,133.2,0.0,0.0,,,
2026-09-08 04:20:45.733,dummy,-1.1,1.365,0.705,133.7,0.0,0.0,,,
2026-09-08 04:20:45.785,dummy,-1.132,1.397,0.706,134.2,0.0,0.0,,,
2026-09-08 04:20:45.836,dummy,-1.163,1.429,0.706,134.7,0.0,0.0,,,
2026-09-08 04:20:45.887,dummy,-1.194,1.461,0.706,135.2,0.0,0.0,,,
2026-09-08 04:20:45.958,dummy,-1.236,1.502,0.707,136.0,0.0,0.0,,,
2026-09-08 04:20:46.011,dummy,-1.268,1.533,0.707,136.6,0.0,0.0,,,
2026-09-08 04:20:46.062,dummy,-1.299,1.561,0.707,137.2,0.0,0.0,,,
2026-09-08 04:20:46.113,dummy,-1.329,1.589,0.708,137.9,0.0,0.0,,,
2026-09-08 04:20:46.165,dummy,-1.36,1.616,0.708,138.6,0.0,0.0,,,
2026-09-08 04:20:46.216,dummy,-1.39,1.642,0.709,139.3,0.0,0.0,,,
2026-09-08 04:20:46.268,dummy,-1.42,1.668,0.709,140.1,0.0,0.0,,,
2026-09-08 04:20:46.320,dummy,-1.45,1.693,0.709,140.9,0.0,0.0,,,
2026-09-08 04:20:46.371,dummy,-1.48,1.716,0.71,141.8,0.0,0.0,,,
2026-09-08 04:20:46.423,dummy,-1.509,1.739,0.71,142.7,0.0,0.0,,,
2026-09-08 04:20:46.474,dummy,-1.538,1.761,0.711,143.6,0.0,0.0,,,
2026-09-08 04:20:46.526,dummy,-1.568,1.782,0.711,144.6,0.0,0.0,,,
2026-09-08 04:20:46.578,dummy,-1.597,1.802,0.712,145.7,0.0,0.0,,,
2026-09-08 04:20:46.630,dummy,-1.626,1.822,0.712,146.8,0.0,0.0,,,
2026-09-08 04:20:46.682,dummy,-1.654,1.84,0.713,147.9,0.0,0.0,,,
2026-09-08 04:20:46.737,dummy,-1.684,1.858,0.713,149.2,0.0,0.0,,,
2026-09-08 04:20:46.791,dummy,-1.714,1.876,0.714,150.6,0.0,0.0,,,
2026-09-08 04:20:46.843,dummy,-1.742,1.891,0.714,151.9,0.0,0.0,,,
2026-09-08 04:20:46.896,dummy,-1.77,1.906,0.715,153.4,0.0,0.0,,,
2026-09-08 04:20:46.948,dummy,-1.798,1.919,0.715,154.9,0.0,0.0,,,
2026-09-08 04:20:47.000,dummy,-1.825,1.931,0.716,156.4,0.0,0.0,,,
2026-09-08 04:20:47.051,dummy,-1.852,1.943,0.716,158.1,0.0,0.0,,,
2026-09-08 04:20:47.103,dummy,-1.879,1.953,0.717,159.8,0.0,0.0,,,
2026-09-08 04:20:47.154,dummy,-1.905,1.962,0.718,161.5,0.0,0.0,,,
2026-09-08 04:20:47.205,dummy,-1.931,1.97,0.718,163.4,0.0,0.0,,,
2026-09-08 04:20:47.256,dummy,-1.957,1.978,0.719,165.3,0.0,0.0,,,
2026-09-08 04:20:47.307,dummy,-1.982,1.984,0.719,167.3,0.0,0.0,,,
2026-09-08 04:20:47.359,dummy,-2.007,1.989,0.72,169.4,0.0,0.0,,,
2026-09-08 04:20:47.410,dummy,-2.033,1.993,0.721,171.6,0.0,0.0,,,
2026-09-08 04:20:47.462,dummy,-2.057,1.996,0.721,173.8,0.0,0.0,,,
2026-09-08 04:20:47.514,dummy,-2.082,1.999,0.722,176.1,0.0,0.0,,,
2026-09-08 04:20:47.565,dummy,-2.106,2.0,0.722,178.5,0.0,0.0,,,
2026-09-08 04:20:47.617,dummy,-2.131,2.0,0.723,180.9,0.0,0.0,,,
2026-09-08 04:20:47.668,dummy,-2.154,1.999,0.724,183.4,0.0,0.0,,,
2026-09-08 04:20:47.719,dummy,-2.178,1.997,0.724,186.0,0.0,0.0,,,
2026-09-08 04:20:47.770,dummy,-2.201,1.994,0.725,188.5,0.0,0.0,,,
2026-09-08 04:20:47.821,dummy,-2.224,1.99,0.726,191.1,0.0,0.0,,,
2026-09-08 04:20:47.872,dummy,-2.246,1.985,0.726,193.7,0.0,0.0,,,
2026-09-08 04:20:47.923,dummy,-2.268,1.979,0.727,196.3,0.0,0.0,,,
2026-09-08 04:20:47.975,dummy,-2.29,1.972,0.728,198.9,0.0,0.0,,,
2026-09-08 04:20:48.027,dummy,-2.312,1.964,0.729,201.5,0.0,0.0,,,
2026-09-08 04:20:48.078,dummy,-2.334,1.955,0.729,204.0,0.0,0.0,,,
2026-09-08 04:20:48.129,dummy,-2.355,1.945,0.73,206.6,0.0,0.0,,,
2026-09-08 04:20:48.180,dummy,-2.376,1.934,0.731,209.0,0.0,0.0,,,
2026-09-08 04:20:48.231,dummy,-2.396,1.922,0.732,211.4,0.0,0.0,,,
2026-09-08 04:20:48.283,dummy,-2.416,1.91,0.732,213.8,0.0,0.0,,,
2026-09-08 04:20:48.334,dummy,-2.436,1.896,0.733,216.1,0.0,0.0,,,
2026-09-08 04:20:48.385,dummy,-2.456,1.881,0.734,218.3,0.0,0.0,,,
2026-09-08 04:20:48.436,dummy,-2.475,1.865,0.735,220.4,0.0,0.0,,,
2026-09-08 04:20:48.487,dummy,-2.494,1.849,0.735,222.5,0.0,0.0,,,
2026-09-08 04:20:48.538,dummy,-2.512,1.831,0.736,224.5,0.0,0.0,,,
2026-09-08 04:20:48.590,dummy,-2.531,1.812,0.737,226.4,0.0,0.0,,,
2026-09-08 04:20:48.641,dummy,-2.549,1.792,0.738,228.3,0.0,0.0,,,
2026-09-08 04:20:48.692,dummy,-2.566,1.772,0.739,230.1,0.0,0.0,,,
2026-09-08 04:20:48.744,dummy,-2.584,1.751,0.739,231.7,0.0,0.0,,,
2026-09-08 04:20:48.795,dummy,-2.601,1.728,0.74,233.4,0.0,0.0,,,
2026-09-08 04:20:48.846,dummy,-2.618,1.705,0.741,235.0,0.0,0.0,,,
2026-09-08 04:20:48.897,dummy,-2.634,1.681,0.742,236.5,0.0,0.0,,,
2026-09-08 04:20:48.948,dummy,-2.65,1.657,0.743,237.9,0.0,0.0,,,
2026-09-08 04:20:49.000,dummy,-2.665,1.631,0.744,239.3,0.0,0.0,,,
2026-09-08 04:20:49.051,dummy,-2.681,1.604,0.745,240.6,0.0,0.0,,,
2026-09-08 04:20:49.103,dummy,-2.696,1.577,0.746,241.9,0.0,0.0,,,
2026-09-08 04:20:49.156,dummy,-2.711,1.548,0.746,243.1,0.0,0.0,,,
2026-09-08 04:20:49.207,dummy,-2.726,1.518,0.747,244.3,0.0,0.0,,,
2026-09-08 04:20:49.259,dummy,-2.74,1.488,0.748,245.4,0.0,0.0,,,
2026-09-08 04:20:49.310,dummy,-2.753,1.458,0.749,246.5,0.0,0.0,,,
2026-09-08 04:20:49.361,dummy,-2.767,1.427,0.75,247.5,0.0,0.0,,,
2026-09-08 04:20:49.412,dummy,-2.779,1.395,0.751,248.5,0.0,0.0,,,
2026-09-08 04:20:49.463,dummy,-2.792,1.362,0.752,249.4,0.0,0.0,,,
2026-09-08 04:20:49.515,dummy,-2.804,1.329,0.753,250.4,0.0,0.0,,,
2026-09-08 04:20:49.566,dummy,-2.816,1.295,0.754,251.3,0.0,0.0,,,
2026-09-08 04:20:49.618,dummy,-2.828,1.26,0.755,252.1,0.0,0.0,,,
2026-09-08 04:20:49.669,dummy,-2.839,1.225,0.756,252.9,0.0,0.0,,,
2026-09-08 04:20:49.719,dummy,-2.849,1.189,0.757,253.7,0.0,0.0,,,
2026-09-08 04:20:49.771,dummy,-2.86,1.153,0.758,254.5,0.0,0.0,,,
2026-09-08 04:20:49.822,dummy,-2.87,1.116,0.759,255.2,0.0,0.0,,,
2026-09-08 04:20:49.873,dummy,-2.879,1.078,0.76,256.0,0.0,0.0,,,
2026-09-08 04:20:49.924,dummy,-2.889,1.039,0.761,256.7,0.0,0.0,,,
2026-09-08 04:20:49.976,dummy,-2.898,1.001,0.762,257.4,0.0,0.0,,,
2026-09-08 04:20:50.027,dummy,-2.906,0.961,0.763,258.0,0.0,0.0,,,
2026-09-08 04:20:50.078,dummy,-2.914,0.922,0.764,258.7,0.0,0.0,,,
2026-09-08 04:20:50.129,dummy,-2.922,0.882,0.765,259.3,0.0,0.0,,,
2026-09-08 04:20:50.180,dummy,-2.93,0.841,0.766,259.9,0.0,0.0,,,
2026-09-08 04:20:50.231,dummy,-2.937,0.8,0.767,260.5,0.0,0.0,,,
2026-09-08 04:20:50.282,dummy,-2.943,0.759,0.768,261.1,0.0,0.0,,,
2026-09-08 04:20:50.334,dummy,-2.95,0.716,0.769,261.7,0.0,0.0,,,
2026-09-08 04:20:50.386,dummy,-2.956,0.674,0.77,262.2,0.0,0.0,,,
2026-09-08 04:20:50.437,dummy,-2.961,0.631,0.772,262.8,0.0,0.0,,,
2026-09-08 04:20:50.488,dummy,-2.967,0.588,0.773,263.3,0.0,0.0,,,
2026-09-08 04:20:50.541,dummy,-2.972,0.544,0.774,263.9,0.0,0.0,,,
2026-09-08 04:20:50.593,dummy,-2.976,0.5,0.775,264.4,0.0,0.0,,,
2026-09-08 04:20:50.644,dummy,-2.98,0.456,0.776,264.9,0.0,0.0,,,
2026-09-08 04:20:50.695,dummy,-2.984,0.412,0.777,265.5,0.0,0.0,,,
2026-09-08 04:20:50.746,dummy,-2.987,0.368,0.778,266.0,0.0,0.0,,,
2026-09-08 04:20:50.798,dummy,-2.99,0.323,0.779,266.5,0.0,0.0,,,
2026-09-08 04:20:50.850,dummy,-2.993,0.278,0.781,267.0,0.0,0.0,,,
2026-09-08 04:20:50.901,dummy,-2.995,0.233,0.782,267.5,0.0,0.0,,,
2026-09-08 04:20:50.953,dummy,-2.997,0.188,0.783,268.0,0.0,0.0,,,
2026-09-08 04:20:51.004,dummy,-2.998,0.143,0.784,268.5,0.0,0.0,,,
2026-09-08 04:20:51.055,dummy,-2.999,0.098,0.785,268.9,0.0,0.0,,,
2026-09-08 04:20:51.106,dummy,-3.0,0.053,0.786,269.4,0.0,0.0,,,
2026-09-08 04:20:51.158,dummy,-3.0,0.008,0.788,269.9,0.0,0.0,,,
2026-09-08 04:20:51.211,dummy,-3.0,-0.038,0.789,270.4,0.0,0.0,,,
2026-09-08 04:20:51.263,dummy,-2.999,-0.085,0.79,270.9,0.0,0.0,,,
2026-09-08 04:20:51.315,dummy,-2.998,-0.13,0.791,271.4,0.0,0.0,,,
2026-09-08 04:20:51.367,dummy,-2.997,-0.176,0.793,271.9,0.0,0.0,,,
2026-09-08 04:20:51.418,dummy,-2.995,-0.221,0.794,272.4,0.0,0.0,,,
2026-09-08 04:20:51.470,dummy,-2.993,-0.266,0.795,272.9,0.0,0.0,,,
2026-09-08 04:20:51.522,dummy,-2.991,-0.311,0.796,273.4,0.0,0.0,,,
2026-09-08 04:20:51.573,dummy,-2.988,-0.356,0.798,273.9,0.0,0.0,,,
2026-09-08 04:20:51.624,dummy,-2.985,-0.4,0.799,274.4,0.0,0.0,,,
2026-09-08 04:20:51.676,dummy,-2.981,-0.445,0.8,274.9,0.0,0.0,,,
2026-09-08 04:20:51.728,dummy,-2.977,-0.489,0.801,275.4,0.0,0.0,,,
2026-09-08 04:20:51.780,dummy,-2.973,-0.533,0.803,276.0,0.0,0.0,,,
2026-09-08 04:20:51.833,dummy,-2.968,-0.577,0.804,276.5,0.0,0.0,,,
2026-09-08 04:20:51.885,dummy,-2.963,-0.622,0.805,277.1,0.0,0.0,,,
2026-09-08 04:20:51.936,dummy,-2.957,-0.665,0.807,277.6,0.0,0.0,,,
2026-09-08 04:20:51.988,dummy,-2.951,-0.707,0.808,278.2,0.0,0.0,,,
2026-09-08 04:20:52.039,dummy,-2.945,-0.749,0.809,278.8,0.0,0.0,,,
2026-09-08 04:20:52.091,dummy,-2.938,-0.791,0.81,279.4,0.0,0.0,,,
2026-09-08 04:20:52.143,dummy,-2.931,-0.833,0.812,280.0,0.0,0.0,,,
2026-09-08 04:20:52.195,dummy,-2.924,-0.874,0.813,280.6,0.0,0.0,,,
2026-09-08 04:20:52.247,dummy,-2.916,-0.915,0.815,281.2,0.0,0.0,,,
2026-09-08 04:20:52.298,dummy,-2.907,-0.955,0.816,281.9,0.0,0.0,,,
2026-09-08 04:20:52.350,dummy,-2.899,-0.995,0.817,282.5,0.0,0.0,,,
2026-09-08 04:20:52.401,dummy,-2.89,-1.034,0.819,283.2,0.0,0.0,,,
2026-09-08 04:20:52.452,dummy,-2.881,-1.072,0.82,283.9,0.0,0.0,,,
2026-09-08 04:20:52.504,dummy,-2.871,-1.11,0.821,284.7,0.0,0.0,,,
2026-09-08 04:20:52.556,dummy,-2.861,-1.148,0.823,285.4,0.0,0.0,,,
2026-09-08 04:20:52.608,dummy,-2.85,-1.185,0.824,286.2,0.0,0.0,,,
2026-09-08 04:20:52.659,dummy,-2.84,-1.221,0.825,287.0,0.0,0.0,,,
2026-09-08 04:20:52.711,dummy,-2.829,-1.257,0.827,287.8,0.0,0.0,,,
2026-09-08 04:20:52.762,dummy,-2.817,-1.292,0.828,288.7,0.0,0.0,,,
2026-09-08 04:20:52.814,dummy,-2.805,-1.326,0.83,289.5,0.0,0.0,,,
2026-09-08 04:20:52.865,dummy,-2.793,-1.359,0.831,290.5,0.0,0.0,,,
2026-09-08 04:20:52.917,dummy,-2.78,-1.392,0.832,291.4,0.0,0.0,,,
2026-09-08 04:20:52.968,dummy,-2.768,-1.424,0.834,292.4,0.0,0.0,,,
2026-09-08 04:20:53.019,dummy,-2.754,-1.456,0.835,293.4,0.0,0.0,,,
2026-09-08 04:20:53.071,dummy,-2.74,-1.487,0.837,294.5,0.0,0.0,,,
2026-09-08 04:20:53.123,dummy,-2.726,-1.517,0.838,295.6,0.0,0.0,,,
2026-09-08 04:20:53.174,dummy,-2.712,-1.546,0.839,296.8,0.0,0.0,,,
2026-09-08 04:20:53.227,dummy,-2.697,-1.574,0.841,298.0,0.0,0.0,,,
2026-09-08 04:20:53.278,dummy,-2.682,-1.602,0.842,299.3,0.0,0.0,,,
2026-09-08 04:20:53.330,dummy,-2.667,-1.629,0.844,300.6,0.0,0.0,,,
2026-09-08 04:20:53.381,dummy,-2.651,-1.655,0.845,302.0,0.0,0.0,,,
2026-09-08 04:20:53.433,dummy,-2.635,-1.68,0.847,303.4,0.0,0.0,,,
2026-09-08 04:20:53.485,dummy,-2.618,-1.704,0.848,305.0,0.0,0.0,,,
2026-09-08 04:20:53.537,dummy,-2.601,-1.728,0.85,306.6,0.0,0.0,,,
2026-09-08 04:20:53.588,dummy,-2.584,-1.75,0.851,308.2,0.0,0.0,,,
2026-09-08 04:20:53.640,dummy,-2.567,-1.772,0.853,309.9,0.0,0.0,,,
2026-09-08 04:20:53.691,dummy,-2.549,-1.792,0.854,311.7,0.0,0.0,,,
2026-09-08 04:20:53.743,dummy,-2.531,-1.812,0.856,313.6,0.0,0.0,,,
2026-09-08 04:20:53.794,dummy,-2.513,-1.83,0.857,315.5,0.0,0.0,,,
2026-09-08 04:20:53.845,dummy,-2.494,-1.848,0.859,317.5,0.0,0.0,,,
2026-09-08 04:20:53.896,dummy,-2.475,-1.865,0.86,319.5,0.0,0.0,,,
2026-09-08 04:20:53.948,dummy,-2.456,-1.881,0.862,321.7,0.0,0.0,,,
2026-09-08 04:20:53.999,dummy,-2.436,-1.896,0.863,323.9,0.0,0.0,,,
2026-09-08 04:20:54.051,dummy,-2.416,-1.91,0.865,326.2,0.0,0.0,,,
2026-09-08 04:20:54.103,dummy,-2.396,-1.923,0.866,328.6,0.0,0.0,,,
2026-09-08 04:20:54.154,dummy,-2.375,-1.935,0.868,331.0,0.0,0.0,,,
2026-09-08 04:20:54.205,dummy,-2.354,-1.946,0.869,333.5,0.0,0.0,,,
2026-09-08 04:20:54.257,dummy,-2.333,-1.956,0.871,336.0,0.0,0.0,,,
2026-09-08 04:20:54.308,dummy,-2.312,-1.965,0.872,338.6,0.0,0.0,,,
2026-09-08 04:20:54.360,dummy,-2.29,-1.973,0.874,341.2,0.0,0.0,,,
2026-09-08 04:20:54.411,dummy,-2.268,-1.98,0.875,343.8,0.0,0.0,,,
2026-09-08 04:20:54.463,dummy,-2.245,-1.986,0.877,346.4,0.0,0.0,,,
2026-09-08 04:20:54.514,dummy,-2.222,-1.99,0.878,349.0,0.0,0.0,,,
2026-09-08 04:20:54.567,dummy,-2.199,-1.994,0.88,351.6,0.0,0.0,,,
2026-09-08 04:20:54.618,dummy,-2.176,-1.997,0.882,354.3,0.0,0.0,,,
2026-09-08 04:20:54.672,dummy,-2.152,-1.999,0.883,356.8,0.0,0.0,,,
2026-09-08 04:20:54.724,dummy,-2.127,-2.0,0.885,359.4,0.0,0.0,,,
2026-09-08 04:20:54.775,dummy,-2.103,-2.0,0.886,1.8,0.0,0.0,,,
2026-09-08 04:20:54.826,dummy,-2.079,-1.998,0.888,4.2,0.0,0.0,,,
2026-09-08 04:20:54.878,dummy,-2.054,-1.996,0.89,6.5,0.0,0.0,,,
2026-09-08 04:20:54.930,dummy,-2.029,-1.993,0.891,8.7,0.0,0.0,,,
2026-09-08 04:20:54.982,dummy,-2.004,-1.988,0.893,10.9,0.0,0.0,,,
2026-09-08 04:20:55.034,dummy,-1.978,-1.983,0.894,13.0,0.0,0.0,,,
2026-09-08 04:20:55.086,dummy,-1.952,-1.976,0.896,15.0,0.0,0.0,,,
2026-09-08 04:20:55.137,dummy,-1.926,-1.969,0.898,17.0,0.0,0.0,,,
2026-09-08 04:20:55.189,dummy,-1.9,-1.961,0.899,18.8,0.0,0.0,,,
2026-09-08 04:20:55.240,dummy,-1.874,-1.951,0.901,20.6,0.0,0.0,,,
2026-09-08 04:20:55.292,dummy,-1.847,-1.941,0.902,22.2,0.0,0.0,,,
2026-09-08 04:20:55.344,dummy,-1.82,-1.929,0.904,23.9,0.0,0.0,,,
2026-09-08 04:20:55.395,dummy,-1.793,-1.917,0.906,25.4,0.0,0.0,,,
2026-09-08 04:20:55.447,dummy,-1.765,-1.903,0.907,26.9,0.0,0.0,,,
2026-09-08 04:20:55.498,dummy,-1.738,-1.889,0.909,28.3,0.0,0.0,,,
2026-09-08 04:20:55.550,dummy,-1.71,-1.873,0.91,29.6,0.0,0.0,,,
2026-09-08 04:20:55.602,dummy,-1.682,-1.857,0.912,30.9,0.0,0.0,,,
2026-09-08 04:20:55.653,dummy,-1.654,-1.84,0.914,32.1,0.0,0.0,,,
2026-09-08 04:20:55.705,dummy,-1.625,-1.821,0.915,33.2,0.0,0.0,,,
2026-09-08 04:20:55.756,dummy,-1.596,-1.802,0.917,34.3,0.0,0.0,,,
2026-09-08 04:20:55.808,dummy,-1.567,-1.782,0.919,35.4,0.0,0.0,,,
2026-09-08 04:20:55.859,dummy,-1.538,-1.761,0.92,36.4,0.0,0.0,,,
2026-09-08 04:20:55.911,dummy,-1.509,-1.739,0.922,37.3,0.0,0.0,,,
2026-09-08 04:20:55.963,dummy,-1.479,-1.716,0.924,38.2,0.0,0.0,,,
2026-09-08 04:20:56.015,dummy,-1.449,-1.692,0.925,39.1,0.0,0.0,,,
2026-09-08 04:20:56.067,dummy,-1.419,-1.667,0.927,39.9,0.0,0.0,,,
2026-09-08 04:20:56.119,dummy,-1.389,-1.641,0.928,40.7,0.0,0.0,,,
2026-09-08 04:20:56.171,dummy,-1.359,-1.615,0.93,41.4,0.0,0.0,,,
2026-09-08 04:20:56.223,dummy,-1.328,-1.587,0.932,42.1,0.0,0.0,,,
2026-09-08 04:20:56.275,dummy,-1.297,-1.559,0.933,42.8,0.0,0.0,,,
2026-09-08 04:20:56.327,dummy,-1.266,-1.53,0.935,43.4,0.0,0.0,,,
2026-09-08 04:20:56.378,dummy,-1.235,-1.501,0.937,44.0,0.0,0.0,,,
2026-09-08 04:20:56.429,dummy,-1.204,-1.471,0.938,44.6,0.0,0.0,,,
2026-09-08 04:20:56.480,dummy,-1.173,-1.44,0.94,45.2,0.0,0.0,,,
2026-09-08 04:20:56.532,dummy,-1.142,-1.408,0.942,45.7,0.0,0.0,,,
2026-09-08 04:20:56.584,dummy,-1.11,-1.375,0.943,46.2,0.0,0.0,,,
2026-09-08 04:20:56.636,dummy,-1.078,-1.341,0.945,46.7,0.0,0.0,,,
2026-09-08 04:20:56.687,dummy,-1.046,-1.308,0.947,47.1,0.0,0.0,,,
2026-09-08 04:20:56.739,dummy,-1.015,-1.273,0.949,47.5,0.0,0.0,,,
2026-09-08 04:20:56.790,dummy,-0.982,-1.238,0.95,47.9,0.0,0.0,,,
2026-09-08 04:20:56.842,dummy,-0.95,-1.202,0.952,48.3,0.0,0.0,,,
2026-09-08 04:20:56.893,dummy,-0.918,-1.165,0.954,48.7,0.0,0.0,,,
2026-09-08 04:20:56.945,dummy,-0.885,-1.128,0.955,49.1,0.0,0.0,,,
2026-09-08 04:20:56.996,dummy,-0.853,-1.09,0.957,49.4,0.0,0.0,,,
2026-09-08 04:20:57.048,dummy,-0.82,-1.052,0.959,49.7,0.0,0.0,,,
2026-09-08 04:20:57.099,dummy,-0.788,-1.013,0.96,50.0,0.0,0.0,,,
2026-09-08 04:20:57.151,dummy,-0.754,-0.974,0.962,50.3,0.0,0.0,,,
2026-09-08 04:20:57.203,dummy,-0.722,-0.934,0.964,50.5,0.0,0.0,,,
2026-09-08 04:20:57.254,dummy,-0.689,-0.894,0.965,50.8,0.0,0.0,,,
2026-09-08 04:20:57.305,dummy,-0.655,-0.853,0.967,51.0,0.0,0.0,,,
2026-09-08 04:20:57.357,dummy,-0.622,-0.812,0.969,51.2,0.0,0.0,,,
2026-09-08 04:20:57.409,dummy,-0.588,-0.769,0.97,51.5,0.0,0.0,,,
2026-09-08 04:20:57.461,dummy,-0.555,-0.727,0.972,51.6,0.0,0.0,,,
2026-09-08 04:20:57.513,dummy,-0.521,-0.685,0.974,51.8,0.0,0.0,,,
2026-09-08 04:20:57.565,dummy,-0.488,-0.641,0.976,52.0,0.0,0.0,,,
2026-09-08 04:20:57.616,dummy,-0.454,-0.598,0.977,52.2,0.0,0.0,,,
2026-09-08 04:20:57.667,dummy,-0.42,-0.555,0.979,52.3,0.0,0.0,,,
2026-09-08 04:20:57.719,dummy,-0.387,-0.512,0.981,52.4,0.0,0.0,,,
2026-09-08 04:20:57.770,dummy,-0.353,-0.468,0.982,52.5,0.0,0.0,,,
2026-09-08 04:20:57.821,dummy,-0.32,-0.424,0.984,52.7,0.0,0.0,,,
2026-09-08 04:20:57.874,dummy,-0.286,-0.38,0.986,52.8,0.0,0.0,,,
2026-09-08 04:20:57.925,dummy,-0.251,-0.334,0.987,52.8,0.0,0.0,,,
2026-09-08 04:20:57.977,dummy,-0.217,-0.289,0.989,52.9,0.0,0.0,,,
2026-09-08 04:20:58.029,dummy,-0.183,-0.244,0.991,53.0,0.0,0.0,,,
2026-09-08 04:20:58.080,dummy,-0.149,-0.199,0.993,53.0,0.0,0.0,,,
2026-09-08 04:20:58.132,dummy,-0.115,-0.154,0.994,53.1,0.0,0.0,,,
2026-09-08 04:20:58.184,dummy,-0.081,-0.108,0.996,53.1,0.0,0.0,,,
2026-09-08 04:20:58.235,dummy,-0.047,-0.063,0.998,53.1,0.0,0.0,,,
2026-09-08 04:20:58.287,dummy,-0.013,-0.017,0.999,53.1,0.0,0.0,,,
2026-09-08 04:20:58.339,dummy,0.021,0.028,1.001,53.1,0.0,0.0,,,
2026-09-08 04:20:58.391,dummy,0.055,0.074,1.003,53.1,0.0,0.0,,,
2026-09-08 04:20:58.442,dummy,0.089,0.119,1.004,53.1,0.0,0.0,,,
2026-09-08 04:20:58.493,dummy,0.123,0.164,1.006,53.1,0.0,0.0,,,
2026-09-08 04:20:58.545,dummy,0.157,0.209,1.008,53.0,0.0,0.0,,,
2026-09-08 04:20:58.597,dummy,0.191,0.254,1.01,53.0,0.0,0.0,,,
2026-09-08 04:20:58.648,dummy,0.225,0.3,1.011,52.9,0.0,0.0,,,
2026-09-08 04:20:58.700,dummy,0.259,0.344,1.013,52.8,0.0,0.0,,,
2026-09-08 04:20:58.751,dummy,0.293,0.388,1.015,52.7,0.0,0.0,,,
2026-09-08 04:20:58.802,dummy,0.326,0.433,1.016,52.6,0.0,0.0,,,
2026-09-08 04:20:58.854,dummy,0.36,0.477,1.018,52.5,0.0,0.0,,,
2026-09-08 04:20:58.906,dummy,0.394,0.521,1.02,52.4,0.0,0.0,,,
2026-09-08 04:20:58.957,dummy,0.428,0.565,1.021,52.3,0.0,0.0,,,
2026-09-08 04:20:59.009,dummy,0.462,0.608,1.023,52.1,0.0,0.0,,,
2026-09-08 04:20:59.061,dummy,0.495,0.651,1.025,52.0,0.0,0.0,,,
2026-09-08 04:20:59.113,dummy,0.529,0.695,1.027,51.8,0.0,0.0,,,
2026-09-08 04:20:59.164,dummy,0.563,0.737,1.028,51.6,0.0,0.0,,,
2026-09-08 04:20:59.216,dummy,0.596,0.779,1.03,51.4,0.0,0.0,,,
2026-09-08 04:20:59.268,dummy,0.63,0.821,1.032,51.2,0.0,0.0,,,
2026-09-08 04:20:59.320,dummy,0.663,0.862,1.033,51.0,0.0,0.0,,,
2026-09-08 04:20:59.372,dummy,0.697,0.903,1.035,50.7,0.0,0.0,,,
2026-09-08 04:20:59.424,dummy,0.73,0.944,1.037,50.5,0.0,0.0,,,
2026-09-08 04:20:59.475,dummy,0.763,0.983,1.038,50.2,0.0,0.0,,,
2026-09-08 04:20:59.527,dummy,0.795,1.023,1.04,49.9,0.0,0.0,,,
2026-09-08 04:20:59.579,dummy,0.828,1.062,1.042,49.6,0.0,0.0,,,
2026-09-08 04:20:59.631,dummy,0.861,1.1,1.044,49.3,0.0,0.0,,,
2026-09-08 04:20:59.682,dummy,0.894,1.138,1.045,49.0,0.0,0.0,,,
2026-09-08 04:20:59.734,dummy,0.926,1.175,1.047,48.6,0.0,0.0,,,
2026-09-08 04:20:59.785,dummy,0.959,1.211,1.049,48.2,0.0,0.0,,,
2026-09-08 04:20:59.837,dummy,0.991,1.247,1.05,47.8,0.0,0.0,,,
2026-09-08 04:20:59.889,dummy,1.023,1.282,1.052,47.4,0.0,0.0,,,
2026-09-08 04:20:59.940,dummy,1.055,1.317,1.054,47.0,0.0,0.0,,,
2026-09-08 04:20:59.992,dummy,1.087,1.35,1.055,46.5,0.0,0.0,,,
2026-09-08 04:21:00.043,dummy,1.119,1.384,1.057,46.1,0.0,0.0,,,
2026-09-08 04:21:00.095,dummy,1.15,1.416,1.059,45.5,0.0,0.0,,,
2026-09-08 04:21:00.147,dummy,1.181,1.448,1.06,45.0,0.0,0.0,,,
2026-09-08 04:21:00.198,dummy,1.213,1.479,1.062,44.5,0.0,0.0,,,
2026-09-08 04:21:00.250,dummy,1.244,1.509,1.064,43.9,0.0,0.0,,,
2026-09-08 04:21:00.301,dummy,1.275,1.538,1.065,43.3,0.0,0.0,,,
2026-09-08 04:21:00.353,dummy,1.305,1.567,1.067,42.6,0.0,0.0,,,
2026-09-08 04:21:00.404,dummy,1.336,1.595,1.069,41.9,0.0,0.0,,,
2026-09-08 04:21:00.455,dummy,1.366,1.622,1.07,41.2,0.0,0.0,,,
2026-09-08 04:21:00.507,dummy,1.396,1.648,1.072,40.5,0.0,0.0,,,
2026-09-08 04:21:00.558,dummy,1.426,1.673,1.074,39.7,0.0,0.0,,,
2026-09-08 04:21:00.609,dummy,1.456,1.697,1.075,38.9,0.0,0.0,,,
2026-09-08 04:21:00.661,dummy,1.485,1.721,1.077,38.0,0.0,0.0,,,
2026-09-08 04:21:00.713,dummy,1.515,1.743,1.078,37.1,0.0,0.0,,,
2026-09-08 04:21:00.764,dummy,1.544,1.765,1.08,36.2,0.0,0.0,,,
2026-09-08 04:21:00.816,dummy,1.573,1.786,1.082,35.2,0.0,0.0,,,
2026-09-08 04:21:00.868,dummy,1.602,1.806,1.083,34.1,0.0,0.0,,,
2026-09-08 04:21:00.919,dummy,1.631,1.825,1.085,33.0,0.0,0.0,,,
2026-09-08 04:21:00.971,dummy,1.659,1.843,1.087,31.9,0.0,0.0,,,
2026-09-08 04:21:01.023,dummy,1.688,1.86,1.088,30.6,0.0,0.0,,,
2026-09-08 04:21:01.074,dummy,1.716,1.876,1.09,29.4,0.0,0.0,,,
2026-09-08 04:21:01.126,dummy,1.744,1.892,1.092,28.0,0.0,0.0,,,
2026-09-08 04:21:01.177,dummy,1.771,1.906,1.093,26.6,0.0,0.0,,,
2026-09-08 04:21:01.229,dummy,1.798,1.919,1.095,25.1,0.0,0.0,,,
2026-09-08 04:21:01.280,dummy,1.826,1.932,1.096,23.5,0.0,0.0,,,
2026-09-08 04:21:01.332,dummy,1.852,1.943,1.098,21.9,0.0,0.0,,,
2026-09-08 04:21:01.383,dummy,1.879,1.953,1.1,20.2,0.0,0.0,,,
2026-09-08 04:21:01.434,dummy,1.905,1.962,1.101,18.5,0.0,0.0,,,
2026-09-08 04:21:01.486,dummy,1.931,1.971,1.103,16.6,0.0,0.0,,,
2026-09-08 04:21:01.538,dummy,1.958,1.978,1.104,14.6,0.0,0.0,,,
2026-09-08 04:21:01.589,dummy,1.983,1.984,1.106,12.6,0.0,0.0,,,
2026-09-08 04:21:01.641,dummy,2.008,1.989,1.108,10.5,0.0,0.0,,,
2026-09-08 04:21:01.692,dummy,2.034,1.993,1.109,8.4,0.0,0.0,,,
2026-09-08 04:21:01.744,dummy,2.058,1.997,1.111,6.1,0.0,0.0,,,
2026-09-08 04:21:01.795,dummy,2.083,1.999,1.112,3.8,0.0,0.0,,,
2026-09-08 04:21:01.848,dummy,2.108,2.0,1.114,1.4,0.0,0.0,,,
2026-09-08 04:21:01.900,dummy,2.132,2.0,1.115,358.9,0.0,0.0,,,
2026-09-08 04:21:01.951,dummy,2.156,1.999,1.117,356.4,0.0,0.0,,,
2026-09-08 04:21:02.002,dummy,2.179,1.997,1.119,353.9,0.0,0.0,,,
2026-09-08 04:21:02.054,dummy,2.202,1.994,1.12,351.3,0.0,0.0,,,
2026-09-08 04:21:02.105,dummy,2.225,1.99,1.122,348.7,0.0,0.0,,,
2026-09-08 04:21:02.158,dummy,2.248,1.985,1.123,346.1,0.0,0.0,,,
2026-09-08 04:21:02.210,dummy,2.271,1.979,1.125,343.4,0.0,0.0,,,
2026-09-08 04:21:02.261,dummy,2.293,1.971,1.126,340.8,0.0,0.0,,,
2026-09-08 04:21:02.313,dummy,2.315,1.963,1.128,338.2,0.0,0.0,,,
2026-09-08 04:21:02.364,dummy,2.336,1.954,1.129,335.7,0.0,0.0,,,
2026-09-08 04:21:02.418,dummy,2.359,1.943,1.131,333.0,0.0,0.0,,,
2026-09-08 04:21:02.470,dummy,2.379,1.932,1.133,330.5,0.0,0.0,,,
2026-09-08 04:21:02.522,dummy,2.4,1.92,1.134,328.1,0.0,0.0,,,
2026-09-08 04:21:02.574,dummy,2.421,1.907,1.136,325.7,0.0,0.0,,,
2026-09-08 04:21:02.626,dummy,2.441,1.892,1.137,323.4,0.0,0.0,,,
2026-09-08 04:21:02.680,dummy,2.46,1.877,1.139,321.2,0.0,0.0,,,
2026-09-08 04:21:02.731,dummy,2.481,1.86,1.14,318.9,0.0,0.0,,,
2026-09-08 04:21:02.784,dummy,2.499,1.843,1.142,316.9,0.0,0.0,,,
2026-09-08 04:21:02.837,dummy,2.519,1.824,1.143,314.8,0.0,0.0,,,
2026-09-08 04:21:02.888,dummy,2.537,1.805,1.145,312.9,0.0,0.0,,,
2026-09-08 04:21:02.940,dummy,2.555,1.785,1.146,311.1,0.0,0.0,,,
2026-09-08 04:21:02.991,dummy,2.573,1.764,1.148,309.3,0.0,0.0,,,
2026-09-08 04:21:03.043,dummy,2.59,1.742,1.149,307.6,0.0,0.0,,,
2026-09-08 04:21:03.094,dummy,2.607,1.72,1.151,306.0,0.0,0.0,,,
2026-09-08 04:21:03.145,dummy,2.624,1.696,1.152,304.5,0.0,0.0,,,
2026-09-08 04:21:03.197,dummy,2.64,1.672,1.154,303.0,0.0,0.0,,,
2026-09-08 04:21:03.248,dummy,2.656,1.647,1.155,301.6,0.0,0.0,,,
2026-09-08 04:21:03.300,dummy,2.672,1.62,1.157,300.2,0.0,0.0,,,
2026-09-08 04:21:03.352,dummy,2.687,1.593,1.158,298.9,0.0,0.0,,,
2026-09-08 04:21:03.403,dummy,2.702,1.566,1.16,297.6,0.0,0.0,,,
2026-09-08 04:21:03.454,dummy,2.717,1.537,1.161,296.4,0.0,0.0,,,
2026-09-08 04:21:03.505,dummy,2.731,1.508,1.162,295.3,0.0,0.0,,,
2026-09-08 04:21:03.557,dummy,2.744,1.478,1.164,294.2,0.0,0.0,,,
2026-09-08 04:21:03.608,dummy,2.758,1.447,1.165,293.1,0.0,0.0,,,
2026-09-08 04:21:03.660,dummy,2.771,1.415,1.167,292.1,0.0,0.0,,,
2026-09-08 04:21:03.712,dummy,2.784,1.383,1.168,291.1,0.0,0.0,,,
2026-09-08 04:21:03.763,dummy,2.797,1.35,1.169,290.2,0.0,0.0,,,
2026-09-08 04:21:03.815,dummy,2.809,1.316,1.171,289.3,0.0,0.0,,,
2026-09-08 04:21:03.866,dummy,2.82,1.281,1.172,288.4,0.0,0.0,,,
2026-09-08 04:21:03.918,dummy,2.832,1.246,1.174,287.6,0.0,0.0,,,
2026-09-08 04:21:03.970,dummy,2.843,1.21,1.175,286.7,0.0,0.0,,,
2026-09-08 04:21:04.022,dummy,2.854,1.173,1.176,285.9,0.0,0.0,,,
2026-09-08 04:21:04.073,dummy,2.864,1.136,1.178,285.2,0.0,0.0,,,
2026-09-08 04:21:04.126,dummy,2.874,1.098,1.179,284.4,0.0,0.0,,,
2026-09-08 04:21:04.178,dummy,2.884,1.06,1.181,283.7,0.0,0.0,,,
2026-09-08 04:21:04.229,dummy,2.893,1.021,1.182,283.0,0.0,0.0,,,
2026-09-08 04:21:04.281,dummy,2.902,0.981,1.183,282.3,0.0,0.0,,,
2026-09-08 04:21:04.333,dummy,2.91,0.941,1.185,281.6,0.0,0.0,,,
2026-09-08 04:21:04.385,dummy,2.919,0.901,1.186,281.0,0.0,0.0,,,
2026-09-08 04:21:04.436,dummy,2.926,0.86,1.187,280.4,0.0,0.0,,,
2026-09-08 04:21:04.488,dummy,2.934,0.819,1.189,279.8,0.0,0.0,,,
2026-09-08 04:21:04.539,dummy,2.94,0.777,1.19,279.2,0.0,0.0,,,
2026-09-08 04:21:04.592,dummy,2.947,0.735,1.191,278.6,0.0,0.0,,,
2026-09-08 04:21:04.644,dummy,2.953,0.692,1.193,278.0,0.0,0.0,,,
2026-09-08 04:21:04.695,dummy,2.959,0.65,1.194,277.4,0.0,0.0,,,
2026-09-08 04:21:04.746,dummy,2.964,0.607,1.195,276.9,0.0,0.0,,,
2026-09-08 04:21:04.798,dummy,2.969,0.563,1.196,276.3,0.0,0.0,,,
2026-09-08 04:21:04.850,dummy,2.974,0.519,1.198,275.8,0.0,0.0,,,
2026-09-08 04:21:04.908,dummy,2.979,0.471,1.199,275.2,0.0,0.0,,,
2026-09-08 04:21:04.959,dummy,2.983,0.426,1.2,274.7,0.0,0.0,,,
2026-09-08 04:21:05.011,dummy,2.986,0.381,1.202,274.2,0.0,0.0,,,
2026-09-08 04:21:05.063,dummy,2.989,0.336,1.203,273.7,0.0,0.0,,,
2026-09-08 04:21:05.115,dummy,2.992,0.291,1.204,273.2,0.0,0.0,,,
2026-09-08 04:21:05.166,dummy,2.994,0.246,1.205,272.7,0.0,0.0,,,
2026-09-08 04:21:05.218,dummy,2.996,0.201,1.207,272.2,0.0,0.0,,,
2026-09-08 04:21:05.269,dummy,2.998,0.156,1.208,271.7,0.0,0.0,,,
2026-09-08 04:21:05.321,dummy,2.999,0.111,1.209,271.2,0.0,0.0,,,
2026-09-08 04:21:05.372,dummy,3.0,0.066,1.21,270.7,0.0,0.0,,,
2026-09-08 04:21:05.423,dummy,3.0,0.02,1.212,270.2,0.0,0.0,,,
2026-09-08 04:21:05.476,dummy,3.0,-0.025,1.213,269.7,0.0,0.0,,,
2026-09-08 04:21:05.527,dummy,3.0,-0.071,1.214,269.2,0.0,0.0,,,
2026-09-08 04:21:05.579,dummy,2.999,-0.116,1.215,268.8,0.0,0.0,,,
2026-09-08 04:21:05.632,dummy,2.998,-0.162,1.216,268.2,0.0,0.0,,,
2026-09-08 04:21:05.688,dummy,2.996,-0.211,1.218,267.7,0.0,0.0,,,
2026-09-08 04:21:05.739,dummy,2.994,-0.257,1.219,267.2,0.0,0.0,,,
2026-09-08 04:21:05.791,dummy,2.991,-0.302,1.22,266.7,0.0,0.0,,,
2026-09-08 04:21:05.842,dummy,2.989,-0.346,1.221,266.2,0.0,0.0,,,
2026-09-08 04:21:05.894,dummy,2.985,-0.391,1.222,265.7,0.0,0.0,,,
2026-09-08 04:21:05.946,dummy,2.982,-0.436,1.223,265.2,0.0,0.0,,,
2026-09-08 04:21:05.997,dummy,2.978,-0.48,1.225,264.7,0.0,0.0,,,
2026-09-08 04:21:06.048,dummy,2.974,-0.523,1.226,264.1,0.0,0.0,,,
2026-09-08 04:21:06.100,dummy,2.969,-0.567,1.227,263.6,0.0,0.0,,,
2026-09-08 04:21:06.152,dummy,2.964,-0.61,1.228,263.1,0.0,0.0,,,
2026-09-08 04:21:06.203,dummy,2.959,-0.653,1.229,262.5,0.0,0.0,,,
2026-09-08 04:21:06.257,dummy,2.952,-0.698,1.23,261.9,0.0,0.0,,,
2026-09-08 04:21:06.308,dummy,2.946,-0.74,1.231,261.4,0.0,0.0,,,
2026-09-08 04:21:06.359,dummy,2.94,-0.782,1.232,260.8,0.0,0.0,,,
2026-09-08 04:21:06.411,dummy,2.933,-0.823,1.233,260.2,0.0,0.0,,,
2026-09-08 04:21:06.464,dummy,2.925,-0.865,1.234,259.5,0.0,0.0,,,
2026-09-08 04:21:06.519,dummy,2.917,-0.906,1.236,258.9,0.0,0.0,,,
2026-09-08 04:21:06.574,dummy,2.908,-0.952,1.237,258.2,0.0,0.0,,,
2026-09-08 04:21:06.626,dummy,2.9,-0.992,1.238,257.5,0.0,0.0,,,
2026-09-08 04:21:06.677,dummy,2.891,-1.031,1.239,256.8,0.0,0.0,,,
2026-09-08 04:21:06.729,dummy,2.881,-1.069,1.24,256.1,0.0,0.0,,,
2026-09-08 04:21:06.780,dummy,2.872,-1.107,1.241,255.4,0.0,0.0,,,
2026-09-08 04:21:06.831,dummy,2.862,-1.145,1.242,254.7,0.0,0.0,,,
2026-09-08 04:21:06.883,dummy,2.852,-1.181,1.243,253.9,0.0,0.0,,,
2026-09-08 04:21:06.934,dummy,2.841,-1.218,1.244,253.1,0.0,0.0,,,
2026-09-08 04:21:06.985,dummy,2.83,-1.253,1.245,252.3,0.0,0.0,,,
2026-09-08 04:21:07.037,dummy,2.818,-1.288,1.246,251.4,0.0,0.0,,,
2026-09-08 04:21:07.090,dummy,2.806,-1.323,1.247,250.5,0.0,0.0,,,
2026-09-08 04:21:07.142,dummy,2.794,-1.357,1.248,249.6,0.0,0.0,,,
2026-09-08 04:21:07.193,dummy,2.781,-1.39,1.249,248.6,0.0,0.0,,,
2026-09-08 04:21:07.245,dummy,2.768,-1.422,1.25,247.6,0.0,0.0,,,
2026-09-08 04:21:07.297,dummy,2.755,-1.454,1.251,246.6,0.0,0.0,,,
2026-09-08 04:21:07.349,dummy,2.741,-1.485,1.252,245.5,0.0,0.0,,,
2026-09-08 04:21:07.400,dummy,2.727,-1.515,1.252,244.4,0.0,0.0,,,
2026-09-08 04:21:07.452,dummy,2.713,-1.544,1.253,243.2,0.0,0.0,,,
2026-09-08 04:21:07.504,dummy,2.698,-1.573,1.254,242.0,0.0,0.0,,,
2026-09-08 04:21:07.556,dummy,2.683,-1.601,1.255,240.8,0.0,0.0,,,
2026-09-08 04:21:07.608,dummy,2.667,-1.628,1.256,239.4,0.0,0.0,,,
2026-09-08 04:21:07.659,dummy,2.652,-1.654,1.257,238.1,0.0,0.0,,,
2026-09-08 04:21:07.714,dummy,2.635,-1.68,1.258,236.5,0.0,0.0,,,
2026-09-08 04:21:07.771,dummy,2.616,-1.707,1.259,234.9,0.0,0.0,,,
2026-09-08 04:21:07.823,dummy,2.599,-1.73,1.26,233.2,0.0,0.0,,,
2026-09-08 04:21:07.875,dummy,2.582,-1.753,1.261,231.6,0.0,0.0,,,
2026-09-08 04:21:07.927,dummy,2.564,-1.774,1.261,229.8,0.0,0.0,,,
2026-09-08 04:21:07.980,dummy,2.546,-1.795,1.262,228.0,0.0,0.0,,,
2026-09-08 04:21:08.031,dummy,2.528,-1.815,1.263,226.1,0.0,0.0,,,
2026-09-08 04:21:08.083,dummy,2.509,-1.834,1.264,224.2,0.0,0.0,,,
2026-09-08 04:21:08.135,dummy,2.491,-1.851,1.265,222.2,0.0,0.0,,,
2026-09-08 04:21:08.187,dummy,2.471,-1.868,1.266,220.0,0.0,0.0,,,
2026-09-08 04:21:08.238,dummy,2.452,-1.884,1.266,217.8,0.0,0.0,,,
2026-09-08 04:21:08.290,dummy,2.432,-1.899,1.267,215.6,0.0,0.0,,,
2026-09-08 04:21:08.341,dummy,2.412,-1.912,1.268,213.3,0.0,0.0,,,
2026-09-08 04:21:08.394,dummy,2.391,-1.925,1.269,210.9,0.0,0.0,,,
2026-09-08 04:21:08.445,dummy,2.371,-1.937,1.269,208.4,0.0,0.0,,,
2026-09-08 04:21:08.504,dummy,2.347,-1.949,1.27,205.6,0.0,0.0,,,
2026-09-08 04:21:08.556,dummy,2.325,-1.959,1.271,203.0,0.0,0.0,,,
2026-09-08 04:21:08.607,dummy,2.303,-1.968,1.272,200.4,0.0,0.0,,,
2026-09-08 04:21:08.659,dummy,2.282,-1.975,1.272,197.8,0.0,0.0,,,
2026-09-08 04:21:08.717,dummy,2.259,-1.982,1.273,195.2,0.0,0.0,,,
2026-09-08 04:21:08.771,dummy,2.233,-1.988,1.274,192.2,0.0,0.0,,,
2026-09-08 04:21:08.822,dummy,2.21,-1.993,1.275,189.6,0.0,0.0,,,
2026-09-08 04:21:08.874,dummy,2.187,-1.996,1.275,187.0,0.0,0.0,,,
2026-09-08 04:21:08.925,dummy,2.164,-1.998,1.276,184.4,0.0,0.0,,,
2026-09-08 04:21:08.977,dummy,2.14,-2.0,1.277,181.9,0.0,0.0,,,
2026-09-08 04:21:09.028,dummy,2.116,-2.0,1.277,179.4,0.0,0.0,,,
2026-09-08 04:21:09.080,dummy,2.092,-1.999,1.278,177.0,0.0,0.0,,,
2026-09-08 04:21:09.132,dummy,2.067,-1.997,1.279,174.7,0.0,0.0,,,
2026-09-08 04:21:09.185,dummy,2.041,-1.995,1.279,172.3,0.0,0.0,,,
2026-09-08 04:21:09.236,dummy,2.017,-1.991,1.28,170.2,0.0,0.0,,,
2026-09-08 04:21:09.289,dummy,1.99,-1.986,1.28,168.0,0.0,0.0,,,
2026-09-08 04:21:09.341,dummy,1.965,-1.98,1.281,165.9,0.0,0.0,,,
2026-09-08 04:21:09.392,dummy,1.939,-1.973,1.282,164.0,0.0,0.0,,,
2026-09-08 04:21:09.445,dummy,1.912,-1.965,1.282,162.0,0.0,0.0,,,
2026-09-08 04:21:09.496,dummy,1.886,-1.956,1.283,160.2,0.0,0.0,,,
2026-09-08 04:21:09.548,dummy,1.859,-1.946,1.283,158.5,0.0,0.0,,,
2026-09-08 04:21:09.600,dummy,1.833,-1.935,1.284,156.9,0.0,0.0,,,
2026-09-08 04:21:09.655,dummy,1.804,-1.922,1.285,155.2,0.0,0.0,,,
2026-09-08 04:21:09.712,dummy,1.773,-1.907,1.285,153.5,0.0,0.0,,,
2026-09-08 04:21:09.764,dummy,1.745,-1.893,1.286,152.1,0.0,0.0,,,
2026-09-08 04:21:09.816,dummy,1.718,-1.878,1.286,150.7,0.0,0.0,,,
2026-09-08 04:21:09.867,dummy,1.69,-1.862,1.287,149.5,0.0,0.0,,,
2026-09-08 04:21:09.918,dummy,1.662,-1.845,1.287,148.3,0.0,0.0,,,
2026-09-08 04:21:09.970,dummy,1.633,-1.827,1.288,147.1,0.0,0.0,,,
2026-09-08 04:21:10.021,dummy,1.605,-1.808,1.288,146.0,0.0,0.0,,,
2026-09-08 04:21:10.078,dummy,1.576,-1.788,1.289,144.9,0.0,0.0,,,
2026-09-08 04:21:10.130,dummy,1.544,-1.765,1.289,143.8,0.0,0.0,,,
2026-09-08 04:21:10.181,dummy,1.515,-1.743,1.29,142.9,0.0,0.0,,,
2026-09-08 04:21:10.234,dummy,1.485,-1.72,1.29,141.9,0.0,0.0,,,
2026-09-08 04:21:10.286,dummy,1.455,-1.696,1.29,141.1,0.0,0.0,,,
2026-09-08 04:21:10.337,dummy,1.425,-1.672,1.291,140.2,0.0,0.0,,,
2026-09-08 04:21:10.388,dummy,1.395,-1.647,1.291,139.5,0.0,0.0,,,
2026-09-08 04:21:10.440,dummy,1.365,-1.621,1.292,138.7,0.0,0.0,,,
2026-09-08 04:21:10.491,dummy,1.335,-1.594,1.292,138.0,0.0,0.0,,,
2026-09-08 04:21:10.542,dummy,1.304,-1.566,1.292,137.4,0.0,0.0,,,
2026-09-08 04:21:10.594,dummy,1.273,-1.537,1.293,136.7,0.0,0.0,,,
2026-09-08 04:21:10.645,dummy,1.243,-1.508,1.293,136.1,0.0,0.0,,,
2026-09-08 04:21:10.696,dummy,1.212,-1.478,1.294,135.5,0.0,0.0,,,
2026-09-08 04:21:10.747,dummy,1.181,-1.447,1.294,135.0,0.0,0.0,,,
2026-09-08 04:21:10.799,dummy,1.15,-1.416,1.294,134.4,0.0,0.0,,,
2026-09-08 04:21:10.851,dummy,1.118,-1.383,1.295,133.9,0.0,0.0,,,
2026-09-08 04:21:10.903,dummy,1.086,-1.35,1.295,133.5,0.0,0.0,,,
2026-09-08 04:21:10.954,dummy,1.054,-1.316,1.295,133.0,0.0,0.0,,,
2026-09-08 04:21:11.006,dummy,1.023,-1.282,1.295,132.6,0.0,0.0,,,
2026-09-08 04:21:11.057,dummy,0.991,-1.247,1.296,132.2,0.0,0.0,,,
2026-09-08 04:21:11.109,dummy,0.958,-1.211,1.296,131.8,0.0,0.0,,,
2026-09-08 04:21:11.161,dummy,0.926,-1.174,1.296,131.4,0.0,0.0,,,
2026-09-08 04:21:11.212,dummy,0.893,-1.137,1.297,131.0,0.0,0.0,,,
2026-09-08 04:21:11.263,dummy,0.861,-1.1,1.297,130.7,0.0,0.0,,,
2026-09-08 04:21:11.315,dummy,0.828,-1.062,1.297,130.4,0.0,0.0,,,
2026-09-08 04:21:11.367,dummy,0.796,-1.023,1.297,130.1,0.0,0.0,,,
2026-09-08 04:21:11.419,dummy,0.762,-0.983,1.298,129.8,0.0,0.0,,,
2026-09-08 04:21:11.471,dummy,0.729,-0.943,1.298,129.5,0.0,0.0,,,
2026-09-08 04:21:11.522,dummy,0.696,-0.903,1.298,129.3,0.0,0.0,,,
2026-09-08 04:21:11.582,dummy,0.659,-0.858,1.298,129.0,0.0,0.0,,,
2026-09-08 04:21:11.634,dummy,0.624,-0.814,1.298,128.8,0.0,0.0,,,
2026-09-08 04:21:11.686,dummy,0.591,-0.772,1.299,128.6,0.0,0.0,,,
2026-09-08 04:21:11.737,dummy,0.557,-0.73,1.299,128.4,0.0,0.0,,,
2026-09-08 04:21:11.789,dummy,0.524,-0.688,1.299,128.2,0.0,0.0,,,
2026-09-08 04:21:11.840,dummy,0.49,-0.645,1.299,128.0,0.0,0.0,,,
2026-09-08 04:21:11.892,dummy,0.456,-0.601,1.299,127.9,0.0,0.0,,,
2026-09-08 04:21:11.944,dummy,0.423,-0.558,1.299,127.7,0.0,0.0,,,
2026-09-08 04:21:11.995,dummy,0.389,-0.515,1.299,127.6,0.0,0.0,,,
2026-09-08 04:21:12.046,dummy,0.356,-0.471,1.299,127.5,0.0,0.0,,,
2026-09-08 04:21:12.097,dummy,0.322,-0.427,1.3,127.4,0.0,0.0,,,
2026-09-08 04:21:12.149,dummy,0.289,-0.383,1.3,127.3,0.0,0.0,,,
2026-09-08 04:21:12.200,dummy,0.255,-0.338,1.3,127.2,0.0,0.0,,,
2026-09-08 04:21:12.252,dummy,0.221,-0.294,1.3,127.1,0.0,0.0,,,
2026-09-08 04:21:12.303,dummy,0.187,-0.249,1.3,127.0,0.0,0.0,,,
2026-09-08 04:21:12.354,dummy,0.153,-0.204,1.3,127.0,0.0,0.0,,,
2026-09-08 04:21:12.406,dummy,0.119,-0.159,1.3,126.9,0.0,0.0,,,
2026-09-08 04:21:12.458,dummy,0.085,-0.113,1.3,126.9,0.0,0.0,,,
2026-09-08 04:21:12.509,dummy,0.051,-0.068,1.3,126.9,0.0,0.0,,,
2026-09-08 04:21:12.561,dummy,0.017,-0.022,1.3,126.9,0.0,0.0,,,
2026-09-08 04:21:12.613,dummy,-0.017,0.023,1.3,126.9,0.0,0.0,,,
2026-09-08 04:21:12.665,dummy,-0.052,0.069,1.3,126.9,0.0,0.0,,,
2026-09-08 04:21:12.724,dummy,-0.091,0.121,1.3,126.9,0.0,0.0,,,
2026-09-08 04:21:12.776,dummy,-0.125,0.166,1.3,126.9,0.0,0.0,,,
2026-09-08 04:21:12.828,dummy,-0.159,0.212,1.3,127.0,0.0,0.0,,,
2026-09-08 04:21:12.880,dummy,-0.193,0.257,1.3,127.0,0.0,0.0,,,
2026-09-08 04:21:12.932,dummy,-0.228,0.303,1.3,127.1,0.0,0.0,,,
2026-09-08 04:21:12.984,dummy,-0.262,0.348,1.3,127.2,0.0,0.0,,,
2026-09-08 04:21:13.036,dummy,-0.296,0.393,1.3,127.3,0.0,0.0,,,
2026-09-08 04:21:13.087,dummy,-0.33,0.437,1.3,127.4,0.0,0.0,,,
2026-09-08 04:21:13.139,dummy,-0.364,0.481,1.299,127.5,0.0,0.0,,,
2026-09-08 04:21:13.191,dummy,-0.397,0.525,1.299,127.6,0.0,0.0,,,
2026-09-08 04:21:13.243,dummy,-0.432,0.57,1.299,127.7,0.0,0.0,,,
2026-09-08 04:21:13.295,dummy,-0.466,0.613,1.299,127.9,0.0,0.0,,,
2026-09-08 04:21:13.347,dummy,-0.5,0.657,1.299,128.1,0.0,0.0,,,
2026-09-08 04:21:13.399,dummy,-0.533,0.699,1.299,128.2,0.0,0.0,,,
2026-09-08 04:21:13.451,dummy,-0.567,0.742,1.299,128.4,0.0,0.0,,,
2026-09-08 04:21:13.503,dummy,-0.6,0.784,1.298,128.6,0.0,0.0,,,
2026-09-08 04:21:13.554,dummy,-0.634,0.826,1.298,128.8,0.0,0.0,,,
2026-09-08 04:21:13.606,dummy,-0.667,0.867,1.298,129.1,0.0,0.0,,,
2026-09-08 04:21:13.659,dummy,-0.701,0.908,1.298,129.3,0.0,0.0,,,
2026-09-08 04:21:13.711,dummy,-0.734,0.949,1.298,129.6,0.0,0.0,,,
2026-09-08 04:21:13.762,dummy,-0.767,0.989,1.297,129.8,0.0,0.0,,,
2026-09-08 04:21:13.814,dummy,-0.8,1.029,1.297,130.1,0.0,0.0,,,
2026-09-08 04:21:13.866,dummy,-0.833,1.067,1.297,130.4,0.0,0.0,,,
2026-09-08 04:21:13.920,dummy,-0.867,1.107,1.297,130.8,0.0,0.0,,,
2026-09-08 04:21:13.972,dummy,-0.9,1.144,1.297,131.1,0.0,0.0,,,
2026-09-08 04:21:14.023,dummy,-0.933,1.182,1.296,131.5,0.0,0.0,,,
2026-09-08 04:21:14.075,dummy,-0.965,1.218,1.296,131.8,0.0,0.0,,,
2026-09-08 04:21:14.127,dummy,-0.997,1.254,1.296,132.2,0.0,0.0,,,
2026-09-08 04:21:14.178,dummy,-1.029,1.289,1.295,132.7,0.0,0.0,,,
2026-09-08 04:21:14.229,dummy,-1.061,1.323,1.295,133.1,0.0,0.0,,,
2026-09-08 04:21:14.281,dummy,-1.093,1.357,1.295,133.6,0.0,0.0,,,
2026-09-08 04:21:14.333,dummy,-1.124,1.39,1.294,134.0,0.0,0.0,,,
2026-09-08 04:21:14.386,dummy,-1.156,1.423,1.294,134.6,0.0,0.0,,,
2026-09-08 04:21:14.437,dummy,-1.188,1.454,1.294,135.1,0.0,0.0,,,
2026-09-08 04:21:14.488,dummy,-1.219,1.485,1.293,135.7,0.0,0.0,,,
2026-09-08 04:21:14.540,dummy,-1.25,1.515,1.293,136.2,0.0,0.0,,,
2026-09-08 04:21:14.592,dummy,-1.281,1.544,1.293,136.9,0.0,0.0,,,
2026-09-08 04:21:14.643,dummy,-1.311,1.573,1.292,137.5,0.0,0.0,,,
2026-09-08 04:21:14.695,dummy,-1.342,1.601,1.292,138.2,0.0,0.0,,,
2026-09-08 04:21:14.747,dummy,-1.373,1.627,1.292,138.9,0.0,0.0,,,
2026-09-08 04:21:14.799,dummy,-1.403,1.654,1.291,139.7,0.0,0.0,,,
2026-09-08 04:21:14.852,dummy,-1.433,1.679,1.291,140.5,0.0,0.0,,,
2026-09-08 04:21:14.904,dummy,-1.464,1.704,1.29,141.3,0.0,0.0,,,
2026-09-08 04:21:14.955,dummy,-1.493,1.727,1.29,142.2,0.0,0.0,,,
2026-09-08 04:21:15.006,dummy,-1.523,1.749,1.289,143.1,0.0,0.0,,,
2026-09-08 04:21:15.057,dummy,-1.552,1.771,1.289,144.1,0.0,0.0,,,
2026-09-08 04:21:15.109,dummy,-1.581,1.791,1.289,145.1,0.0,0.0,,,
2026-09-08 04:21:15.160,dummy,-1.609,1.811,1.288,146.2,0.0,0.0,,,
2026-09-08 04:21:15.212,dummy,-1.638,1.83,1.288,147.3,0.0,0.0,,,
2026-09-08 04:21:15.264,dummy,-1.666,1.848,1.287,148.5,0.0,0.0,,,
2026-09-08 04:21:15.315,dummy,-1.695,1.864,1.287,149.7,0.0,0.0,,,
2026-09-08 04:21:15.367,dummy,-1.723,1.88,1.286,151.0,0.0,0.0,,,
2026-09-08 04:21:15.418,dummy,-1.75,1.895,1.286,152.3,0.0,0.0,,,
2026-09-08 04:21:15.470,dummy,-1.778,1.909,1.285,153.8,0.0,0.0,,,
2026-09-08 04:21:15.522,dummy,-1.805,1.922,1.284,155.3,0.0,0.0,,,
2026-09-08 04:21:15.573,dummy,-1.832,1.934,1.284,156.8,0.0,0.0,,,
2026-09-08 04:21:15.624,dummy,-1.859,1.945,1.283,158.5,0.0,0.0,,,
2026-09-08 04:21:15.678,dummy,-1.886,1.956,1.283,160.3,0.0,0.0,,,
2026-09-08 04:21:15.729,dummy,-1.913,1.965,1.282,162.1,0.0,0.0,,,
2026-09-08 04:21:15.781,dummy,-1.939,1.973,1.282,164.0,0.0,0.0,,,
2026-09-08 04:21:15.833,dummy,-1.965,1.98,1.281,165.9,0.0,0.0,,,
2026-09-08 04:21:15.884,dummy,-1.99,1.986,1.28,168.0,0.0,0.0,,,
2026-09-08 04:21:15.935,dummy,-2.016,1.991,1.28,170.1,0.0,0.0,,,
2026-09-08 04:21:15.987,dummy,-2.041,1.994,1.279,172.3,0.0,0.0,,,
2026-09-08 04:21:16.038,dummy,-2.065,1.997,1.279,174.5,0.0,0.0,,,
2026-09-08 04:21:16.090,dummy,-2.09,1.999,1.278,176.9,0.0,0.0,,,
2026-09-08 04:21:16.141,dummy,-2.114,2.0,1.277,179.3,0.0,0.0,,,
2026-09-08 04:21:16.193,dummy,-2.138,2.0,1.277,181.7,0.0,0.0,,,
2026-09-08 04:21:16.244,dummy,-2.162,1.999,1.276,184.2,0.0,0.0,,,
2026-09-08 04:21:16.295,dummy,-2.185,1.996,1.275,186.8,0.0,0.0,,,
2026-09-08 04:21:16.347,dummy,-2.208,1.993,1.275,189.4,0.0,0.0,,,
2026-09-08 04:21:16.398,dummy,-2.231,1.989,1.274,192.0,0.0,0.0,,,
2026-09-08 04:21:16.449,dummy,-2.253,1.983,1.273,194.5,0.0,0.0,,,
2026-09-08 04:21:16.501,dummy,-2.276,1.977,1.273,197.2,0.0,0.0,,,
2026-09-08 04:21:16.552,dummy,-2.298,1.97,1.272,199.8,0.0,0.0,,,
2026-09-08 04:21:16.603,dummy,-2.319,1.961,1.271,202.3,0.0,0.0,,,
2026-09-08 04:21:16.655,dummy,-2.341,1.952,1.27,204.9,0.0,0.0,,,
2026-09-08 04:21:16.706,dummy,-2.362,1.942,1.27,207.4,0.0,0.0,,,
2026-09-08 04:21:16.758,dummy,-2.383,1.93,1.269,209.9,0.0,0.0,,,
2026-09-08 04:21:16.810,dummy,-2.403,1.918,1.268,212.3,0.0,0.0,,,
2026-09-08 04:21:16.861,dummy,-2.423,1.905,1.267,214.6,0.0,0.0,,,
2026-09-08 04:21:16.920,dummy,-2.446,1.888,1.267,217.2,0.0,0.0,,,
2026-09-08 04:21:16.972,dummy,-2.466,1.873,1.266,219.4,0.0,0.0,,,
2026-09-08 04:21:17.024,dummy,-2.485,1.856,1.265,221.5,0.0,0.0,,,
2026-09-08 04:21:17.075,dummy,-2.504,1.839,1.264,223.6,0.0,0.0,,,
2026-09-08 04:21:17.127,dummy,-2.522,1.821,1.263,225.6,0.0,0.0,,,
2026-09-08 04:21:17.179,dummy,-2.541,1.801,1.263,227.5,0.0,0.0,,,
2026-09-08 04:21:17.231,dummy,-2.559,1.781,1.262,229.3,0.0,0.0,,,
2026-09-08 04:21:17.282,dummy,-2.576,1.76,1.261,231.0,0.0,0.0,,,
2026-09-08 04:21:17.333,dummy,-2.594,1.738,1.26,232.7,0.0,0.0,,,
2026-09-08 04:21:17.384,dummy,-2.61,1.715,1.259,234.3,0.0,0.0,,,
2026-09-08 04:21:17.435,dummy,-2.627,1.692,1.258,235.8,0.0,0.0,,,
2026-09-08 04:21:17.488,dummy,-2.643,1.667,1.257,237.3,0.0,0.0,,,
2026-09-08 04:21:17.539,dummy,-2.659,1.641,1.257,238.7,0.0,0.0,,,
2026-09-08 04:21:17.590,dummy,-2.675,1.615,1.256,240.1,0.0,0.0,,,
2026-09-08 04:21:17.642,dummy,-2.69,1.588,1.255,241.4,0.0,0.0,,,
2026-09-08 04:21:17.693,dummy,-2.705,1.56,1.254,242.6,0.0,0.0,,,
2026-09-08 04:21:17.758,dummy,-2.721,1.528,1.253,243.9,0.0,0.0,,,
2026-09-08 04:21:17.809,dummy,-2.737,1.494,1.252,245.2,0.0,0.0,,,
2026-09-08 04:21:17.861,dummy,-2.751,1.463,1.251,246.3,0.0,0.0,,,
2026-09-08 04:21:17.912,dummy,-2.764,1.433,1.25,247.3,0.0,0.0,,,
2026-09-08 04:21:17.963,dummy,-2.777,1.401,1.249,248.3,0.0,0.0,,,
2026-09-08 04:21:18.014,dummy,-2.79,1.368,1.248,249.3,0.0,0.0,,,
2026-09-08 04:21:18.065,dummy,-2.802,1.335,1.247,250.2,0.0,0.0,,,
2026-09-08 04:21:18.117,dummy,-2.814,1.301,1.246,251.1,0.0,0.0,,,
2026-09-08 04:21:18.168,dummy,-2.825,1.267,1.245,252.0,0.0,0.0,,,
2026-09-08 04:21:18.219,dummy,-2.837,1.231,1.244,252.8,0.0,0.0,,,
2026-09-08 04:21:18.270,dummy,-2.847,1.195,1.243,253.6,0.0,0.0,,,
2026-09-08 04:21:18.321,dummy,-2.858,1.159,1.242,254.4,0.0,0.0,,,
2026-09-08 04:21:18.373,dummy,-2.868,1.122,1.241,255.1,0.0,0.0,,,
2026-09-08 04:21:18.424,dummy,-2.878,1.084,1.24,255.8,0.0,0.0,,,
2026-09-08 04:21:18.476,dummy,-2.887,1.046,1.239,256.6,0.0,0.0,,,
2026-09-08 04:21:18.527,dummy,-2.896,1.007,1.238,257.2,0.0,0.0,,,
2026-09-08 04:21:18.578,dummy,-2.905,0.968,1.237,257.9,0.0,0.0,,,
2026-09-08 04:21:18.629,dummy,-2.913,0.929,1.236,258.6,0.0,0.0,,,
2026-09-08 04:21:18.680,dummy,-2.921,0.889,1.235,259.2,0.0,0.0,,,
2026-09-08 04:21:18.731,dummy,-2.928,0.848,1.234,259.8,0.0,0.0,,,
2026-09-08 04:21:18.783,dummy,-2.936,0.807,1.233,260.4,0.0,0.0,,,
2026-09-08 04:21:18.834,dummy,-2.942,0.765,1.232,261.0,0.0,0.0,,,
2026-09-08 04:21:18.886,dummy,-2.949,0.723,1.231,261.6,0.0,0.0,,,
2026-09-08 04:21:18.938,dummy,-2.955,0.68,1.23,262.2,0.0,0.0,,,
2026-09-08 04:21:18.989,dummy,-2.961,0.638,1.229,262.7,0.0,0.0,,,
2026-09-08 04:21:19.040,dummy,-2.966,0.595,1.228,263.3,0.0,0.0,,,
2026-09-08 04:21:19.091,dummy,-2.971,0.552,1.226,263.8,0.0,0.0,,,
2026-09-08 04:21:19.142,dummy,-2.975,0.508,1.225,264.3,0.0,0.0,,,
2026-09-08 04:21:19.193,dummy,-2.979,0.465,1.224,264.8,0.0,0.0,,,
2026-09-08 04:21:19.245,dummy,-2.983,0.421,1.223,265.4,0.0,0.0,,,
2026-09-08 04:21:19.296,dummy,-2.987,0.376,1.222,265.9,0.0,0.0,,,
2026-09-08 04:21:19.347,dummy,-2.99,0.332,1.221,266.4,0.0,0.0,,,
2026-09-08 04:21:19.399,dummy,-2.992,0.287,1.22,266.9,0.0,0.0,,,
2026-09-08 04:21:19.450,dummy,-2.994,0.243,1.218,267.4,0.0,0.0,,,
2026-09-08 04:21:19.502,dummy,-2.996,0.197,1.217,267.9,0.0,0.0,,,
2026-09-08 04:21:19.553,dummy,-2.998,0.153,1.216,268.4,0.0,0.0,,,
2026-09-08 04:21:19.604,dummy,-2.999,0.108,1.215,268.8,0.0,0.0,,,
2026-09-08 04:21:19.655,dummy,-3.0,0.063,1.214,269.3,0.0,0.0,,,
2026-09-08 04:21:19.707,dummy,-3.0,0.017,1.213,269.8,0.0,0.0,,,
2026-09-08 04:21:19.760,dummy,-3.0,-0.029,1.211,270.3,0.0,0.0,,,
2026-09-08 04:21:19.811,dummy,-2.999,-0.074,1.21,270.8,0.0,0.0,,,
2026-09-08 04:21:19.862,dummy,-2.999,-0.12,1.209,271.3,0.0,0.0,,,
2026-09-08 04:21:19.914,dummy,-2.997,-0.164,1.208,271.8,0.0,0.0,,,
2026-09-08 04:21:19.965,dummy,-2.996,-0.209,1.206,272.3,0.0,0.0,,,
2026-09-08 04:21:20.017,dummy,-2.994,-0.255,1.205,272.8,0.0,0.0,,,
2026-09-08 04:21:20.068,dummy,-2.992,-0.3,1.204,273.3,0.0,0.0,,,
2026-09-08 04:21:20.120,dummy,-2.989,-0.344,1.203,273.8,0.0,0.0,,,
2026-09-08 04:21:20.171,dummy,-2.986,-0.388,1.202,274.3,0.0,0.0,,,
2026-09-08 04:21:20.222,dummy,-2.982,-0.433,1.2,274.8,0.0,0.0,,,
2026-09-08 04:21:20.273,dummy,-2.978,-0.476,1.199,275.3,0.0,0.0,,,
2026-09-08 04:21:20.325,dummy,-2.974,-0.521,1.198,275.8,0.0,0.0,,,
2026-09-08 04:21:20.377,dummy,-2.969,-0.564,1.196,276.4,0.0,0.0,,,
2026-09-08 04:21:20.429,dummy,-2.964,-0.608,1.195,276.9,0.0,0.0,,,
2026-09-08 04:21:20.480,dummy,-2.959,-0.651,1.194,277.5,0.0,0.0,,,
2026-09-08 04:21:20.531,dummy,-2.953,-0.693,1.193,278.0,0.0,0.0,,,
2026-09-08 04:21:20.583,dummy,-2.947,-0.735,1.191,278.6,0.0,0.0,,,
2026-09-08 04:21:20.635,dummy,-2.94,-0.778,1.19,279.2,0.0,0.0,,,
2026-09-08 04:21:20.687,dummy,-2.933,-0.82,1.189,279.8,0.0,0.0,,,
2026-09-08 04:21:20.739,dummy,-2.926,-0.862,1.187,280.4,0.0,0.0,,,
2026-09-08 04:21:20.790,dummy,-2.918,-0.902,1.186,281.0,0.0,0.0,,,
2026-09-08 04:21:20.843,dummy,-2.91,-0.943,1.185,281.7,0.0,0.0,,,
2026-09-08 04:21:20.894,dummy,-2.902,-0.983,1.183,282.3,0.0,0.0,,,
2026-09-08 04:21:20.946,dummy,-2.893,-1.022,1.182,283.0,0.0,0.0,,,
2026-09-08 04:21:20.997,dummy,-2.884,-1.061,1.181,283.7,0.0,0.0,,,
2026-09-08 04:21:21.048,dummy,-2.874,-1.099,1.179,284.4,0.0,0.0,,,
2026-09-08 04:21:21.099,dummy,-2.864,-1.136,1.178,285.2,0.0,0.0,,,
2026-09-08 04:21:21.150,dummy,-2.854,-1.173,1.176,285.9,0.0,0.0,,,
2026-09-08 04:21:21.212,dummy,-2.843,-1.209,1.175,286.7,0.0,0.0,,,
2026-09-08 04:21:21.288,dummy,-2.825,-1.269,1.173,288.1,0.0,0.0,,,
2026-09-08 04:21:21.343,dummy,-2.813,-1.305,1.171,289.0,0.0,0.0,,,
2026-09-08 04:21:21.405,dummy,-2.798,-1.345,1.17,290.1,0.0,0.0,,,
2026-09-08 04:21:21.457,dummy,-2.785,-1.38,1.168,291.0,0.0,0.0,,,
2026-09-08 04:21:21.508,dummy,-2.773,-1.412,1.167,292.0,0.0,0.0,,,
2026-09-08 04:21:21.559,dummy,-2.759,-1.443,1.165,293.0,0.0,0.0,,,
2026-09-08 04:21:21.611,dummy,-2.746,-1.474,1.164,294.1,0.0,0.0,,,
2026-09-08 04:21:21.663,dummy,-2.732,-1.505,1.163,295.2,0.0,0.0,,,
2026-09-08 04:21:21.715,dummy,-2.718,-1.535,1.161,296.4,0.0,0.0,,,
2026-09-08 04:21:21.766,dummy,-2.703,-1.563,1.16,297.6,0.0,0.0,,,
2026-09-08 04:21:21.819,dummy,-2.688,-1.592,1.158,298.8,0.0,0.0,,,
2026-09-08 04:21:21.870,dummy,-2.673,-1.619,1.157,300.1,0.0,0.0,,,
2026-09-08 04:21:21.922,dummy,-2.657,-1.645,1.155,301.5,0.0,0.0,,,
2026-09-08 04:21:21.973,dummy,-2.641,-1.67,1.154,302.9,0.0,0.0,,,
2026-09-08 04:21:22.026,dummy,-2.624,-1.695,1.152,304.4,0.0,0.0,,,
2026-09-08 04:21:22.077,dummy,-2.608,-1.719,1.151,306.0,0.0,0.0,,,
2026-09-08 04:21:22.129,dummy,-2.591,-1.742,1.149,307.6,0.0,0.0,,,
2026-09-08 04:21:22.181,dummy,-2.573,-1.764,1.148,309.3,0.0,0.0,,,
2026-09-08 04:21:22.234,dummy,-2.555,-1.785,1.146,311.0,0.0,0.0,,,
2026-09-08 04:21:22.286,dummy,-2.537,-1.806,1.145,312.9,0.0,0.0,,,
2026-09-08 04:21:22.338,dummy,-2.518,-1.825,1.143,314.9,0.0,0.0,,,
2026-09-08 04:21:22.389,dummy,-2.5,-1.843,1.142,316.8,0.0,0.0,,,
2026-09-08 04:21:22.441,dummy,-2.481,-1.86,1.14,318.9,0.0,0.0,,,
2026-09-08 04:21:22.493,dummy,-2.461,-1.876,1.139,321.1,0.0,0.0,,,
2026-09-08 04:21:22.545,dummy,-2.442,-1.892,1.137,323.3,0.0,0.0,,,
2026-09-08 04:21:22.596,dummy,-2.422,-1.906,1.136,325.6,0.0,0.0,,,
2026-09-08 04:21:22.648,dummy,-2.401,-1.919,1.134,327.9,0.0,0.0,,,
2026-09-08 04:21:22.700,dummy,-2.381,-1.931,1.133,330.4,0.0,0.0,,,
2026-09-08 04:21:22.751,dummy,-2.36,-1.943,1.131,332.8,0.0,0.0,,,
2026-09-08 04:21:22.803,dummy,-2.339,-1.953,1.13,335.3,0.0,0.0,,,
2026-09-08 04:21:22.854,dummy,-2.317,-1.962,1.128,337.9,0.0,0.0,,,
2026-09-08 04:21:22.906,dummy,-2.296,-1.97,1.127,340.5,0.0,0.0,,,
2026-09-08 04:21:22.957,dummy,-2.274,-1.978,1.125,343.1,0.0,0.0,,,
2026-09-08 04:21:23.008,dummy,-2.251,-1.984,1.124,345.7,0.0,0.0,,,
2026-09-08 04:21:23.060,dummy,-2.229,-1.989,1.122,348.3,0.0,0.0,,,
2026-09-08 04:21:23.113,dummy,-2.205,-1.994,1.12,351.0,0.0,0.0,,,
2026-09-08 04:21:23.165,dummy,-2.182,-1.997,1.119,353.6,0.0,0.0,,,
2026-09-08 04:21:23.216,dummy,-2.158,-1.999,1.117,356.1,0.0,0.0,,,
2026-09-08 04:21:23.268,dummy,-2.135,-2.0,1.116,358.6,0.0,0.0,,,
2026-09-08 04:21:23.320,dummy,-2.11,-2.0,1.114,1.1,0.0,0.0,,,
2026-09-08 04:21:23.372,dummy,-2.086,-1.999,1.112,3.5,0.0,0.0,,,
2026-09-08 04:21:23.424,dummy,-2.061,-1.997,1.111,5.9,0.0,0.0,,,
2026-09-08 04:21:23.476,dummy,-2.036,-1.994,1.109,8.1,0.0,0.0,,,
2026-09-08 04:21:23.528,dummy,-2.011,-1.99,1.108,10.3,0.0,0.0,,,
2026-09-08 04:21:23.580,dummy,-1.985,-1.984,1.106,12.5,0.0,0.0,,,
2026-09-08 04:21:23.633,dummy,-1.959,-1.978,1.104,14.6,0.0,0.0,,,
2026-09-08 04:21:23.685,dummy,-1.933,-1.971,1.103,16.5,0.0,0.0,,,
2026-09-08 04:21:23.737,dummy,-1.906,-1.963,1.101,18.4,0.0,0.0,,,
2026-09-08 04:21:23.789,dummy,-1.88,-1.953,1.1,20.2,0.0,0.0,,,
2026-09-08 04:21:23.840,dummy,-1.853,-1.943,1.098,21.9,0.0,0.0,,,
2026-09-08 04:21:23.891,dummy,-1.826,-1.932,1.096,23.5,0.0,0.0,,,
2026-09-08 04:21:23.943,dummy,-1.799,-1.92,1.095,25.1,0.0,0.0,,,
2026-09-08 04:21:23.995,dummy,-1.772,-1.906,1.093,26.6,0.0,0.0,,,
2026-09-08 04:21:24.046,dummy,-1.744,-1.892,1.092,28.0,0.0,0.0,,,
2026-09-08 04:21:24.098,dummy,-1.716,-1.877,1.09,29.3,0.0,0.0,,,
2026-09-08 04:21:24.149,dummy,-1.688,-1.861,1.088,30.6,0.0,0.0,,,
2026-09-08 04:21:24.201,dummy,-1.66,-1.844,1.087,31.8,0.0,0.0,,,
2026-09-08 04:21:24.253,dummy,-1.632,-1.826,1.085,33.0,0.0,0.0,,,
2026-09-08 04:21:24.304,dummy,-1.603,-1.807,1.083,34.1,0.0,0.0,,,
2026-09-08 04:21:24.356,dummy,-1.574,-1.787,1.082,35.1,0.0,0.0,,,
2026-09-08 04:21:24.407,dummy,-1.545,-1.766,1.08,36.1,0.0,0.0,,,
2026-09-08 04:21:24.459,dummy,-1.516,-1.744,1.079,37.1,0.0,0.0,,,
2026-09-08 04:21:24.510,dummy,-1.486,-1.722,1.077,38.0,0.0,0.0,,,
2026-09-08 04:21:24.562,dummy,-1.457,-1.698,1.075,38.9,0.0,0.0,,,
2026-09-08 04:21:24.613,dummy,-1.427,-1.674,1.074,39.7,0.0,0.0,,,
2026-09-08 04:21:24.665,dummy,-1.397,-1.648,1.072,40.5,0.0,0.0,,,
2026-09-08 04:21:24.716,dummy,-1.367,-1.622,1.07,41.2,0.0,0.0,,,
2026-09-08 04:21:24.768,dummy,-1.337,-1.595,1.069,41.9,0.0,0.0,,,
2026-09-08 04:21:24.820,dummy,-1.306,-1.567,1.067,42.6,0.0,0.0,,,
2026-09-08 04:21:24.871,dummy,-1.275,-1.539,1.065,43.3,0.0,0.0,,,
2026-09-08 04:21:24.923,dummy,-1.244,-1.509,1.064,43.9,0.0,0.0,,,
2026-09-08 04:21:24.974,dummy,-1.213,-1.479,1.062,44.5,0.0,0.0,,,
2026-09-08 04:21:25.025,dummy,-1.182,-1.449,1.06,45.0,0.0,0.0,,,
2026-09-08 04:21:25.080,dummy,-1.151,-1.417,1.059,45.5,0.0,0.0,,,
2026-09-08 04:21:25.132,dummy,-1.117,-1.383,1.057,46.1,0.0,0.0,,,
2026-09-08 04:21:25.184,dummy,-1.085,-1.349,1.055,46.6,0.0,0.0,,,
2026-09-08 04:21:25.236,dummy,-1.054,-1.315,1.054,47.0,0.0,0.0,,,
2026-09-08 04:21:25.287,dummy,-1.022,-1.281,1.052,47.4,0.0,0.0,,,
2026-09-08 04:21:25.339,dummy,-0.989,-1.245,1.05,47.9,0.0,0.0,,,
2026-09-08 04:21:25.390,dummy,-0.957,-1.21,1.049,48.2,0.0,0.0,,,
2026-09-08 04:21:25.441,dummy,-0.925,-1.173,1.047,48.6,0.0,0.0,,,
2026-09-08 04:21:25.493,dummy,-0.893,-1.136,1.045,49.0,0.0,0.0,,,
2026-09-08 04:21:25.544,dummy,-0.861,-1.099,1.043,49.3,0.0,0.0,,,
2026-09-08 04:21:25.596,dummy,-0.828,-1.061,1.042,49.6,0.0,0.0,,,
2026-09-08 04:21:25.648,dummy,-0.795,-1.022,1.04,49.9,0.0,0.0,,,
2026-09-08 04:21:25.700,dummy,-0.762,-0.982,1.038,50.2,0.0,0.0,,,
2026-09-08 04:21:25.751,dummy,-0.729,-0.943,1.037,50.5,0.0,0.0,,,
2026-09-08 04:21:25.803,dummy,-0.696,-0.902,1.035,50.7,0.0,0.0,,,
2026-09-08 04:21:25.855,dummy,-0.662,-0.861,1.033,51.0,0.0,0.0,,,
2026-09-08 04:21:25.907,dummy,-0.629,-0.82,1.032,51.2,0.0,0.0,,,
2026-09-08 04:21:25.958,dummy,-0.596,-0.778,1.03,51.4,0.0,0.0,,,
2026-09-08 04:21:26.010,dummy,-0.562,-0.736,1.028,51.6,0.0,0.0,,,
2026-09-08 04:21:26.062,dummy,-0.529,-0.694,1.027,51.8,0.0,0.0,,,
2026-09-08 04:21:26.113,dummy,-0.495,-0.651,1.025,52.0,0.0,0.0,,,
2026-09-08 04:21:26.164,dummy,-0.462,-0.608,1.023,52.1,0.0,0.0,,,
2026-09-08 04:21:26.216,dummy,-0.428,-0.565,1.021,52.3,0.0,0.0,,,
2026-09-08 04:21:26.267,dummy,-0.394,-0.521,1.02,52.4,0.0,0.0,,,
2026-09-08 04:21:26.320,dummy,-0.36,-0.477,1.018,52.5,0.0,0.0,,,
2026-09-08 04:21:26.372,dummy,-0.326,-0.432,1.016,52.6,0.0,0.0,,,
2026-09-08 04:21:26.424,dummy,-0.292,-0.387,1.015,52.7,0.0,0.0,,,
2026-09-08 04:21:26.476,dummy,-0.258,-0.342,1.013,52.8,0.0,0.0,,,
2026-09-08 04:21:26.527,dummy,-0.224,-0.298,1.011,52.9,0.0,0.0,,,
2026-09-08 04:21:26.579,dummy,-0.19,-0.253,1.01,53.0,0.0,0.0,,,
2026-09-08 04:21:26.631,dummy,-0.156,-0.207,1.008,53.0,0.0,0.0,,,
2026-09-08 04:21:26.682,dummy,-0.122,-0.162,1.006,53.1,0.0,0.0,,,
2026-09-08 04:21:26.743,dummy,-0.086,-0.114,1.004,53.1,0.0,0.0,,,
2026-09-08 04:21:26.795,dummy,-0.048,-0.063,1.002,53.1,0.0,0.0,,,
2026-09-08 04:21:26.846,dummy,-0.013,-0.018,1.001,53.1,0.0,0.0,,,
2026-09-08 04:21:26.898,dummy,0.021,0.028,0.999,53.1,0.0,0.0,,,
2026-09-08 04:21:26.950,dummy,0.055,0.073,0.997,53.1,0.0,0.0,,,
2026-09-08 04:21:27.021,dummy,0.102,0.136,0.995,53.1,0.0,0.0,,,
2026-09-08 04:21:27.083,dummy,0.143,0.19,0.993,53.0,0.0,0.0,,,
2026-09-08 04:21:27.135,dummy,0.177,0.236,0.991,53.0,0.0,0.0,,,
2026-09-08 04:21:27.187,dummy,0.211,0.281,0.989,52.9,0.0,0.0,,,
2026-09-08 04:21:27.239,dummy,0.245,0.326,0.988,52.9,0.0,0.0,,,
2026-09-08 04:21:27.291,dummy,0.279,0.371,0.986,52.8,0.0,0.0,,,
2026-09-08 04:21:27.342,dummy,0.313,0.416,0.984,52.7,0.0,0.0,,,
2026-09-08 04:21:27.394,dummy,0.347,0.46,0.983,52.6,0.0,0.0,,,
2026-09-08 04:21:27.446,dummy,0.381,0.504,0.981,52.4,0.0,0.0,,,
2026-09-08 04:21:27.497,dummy,0.415,0.548,0.979,52.3,0.0,0.0,,,
2026-09-08 04:21:27.549,dummy,0.448,0.591,0.978,52.2,0.0,0.0,,,
2026-09-08 04:21:27.600,dummy,0.482,0.635,0.976,52.0,0.0,0.0,,,
2026-09-08 04:21:27.653,dummy,0.516,0.678,0.974,51.9,0.0,0.0,,,
2026-09-08 04:21:27.704,dummy,0.55,0.721,0.972,51.7,0.0,0.0,,,
2026-09-08 04:21:27.756,dummy,0.583,0.763,0.971,51.5,0.0,0.0,,,
2026-09-08 04:21:27.807,dummy,0.616,0.804,0.969,51.3,0.0,0.0,,,
2026-09-08 04:21:27.859,dummy,0.65,0.846,0.967,51.1,0.0,0.0,,,
2026-09-08 04:21:27.911,dummy,0.684,0.887,0.966,50.8,0.0,0.0,,,
2026-09-08 04:21:27.963,dummy,0.717,0.928,0.964,50.6,0.0,0.0,,,
2026-09-08 04:21:28.015,dummy,0.75,0.968,0.962,50.3,0.0,0.0,,,
2026-09-08 04:21:28.067,dummy,0.783,1.008,0.96,50.0,0.0,0.0,,,
2026-09-08 04:21:28.120,dummy,0.817,1.048,0.959,49.7,0.0,0.0,,,
2026-09-08 04:21:28.171,dummy,0.849,1.086,0.957,49.4,0.0,0.0,,,
2026-09-08 04:21:28.223,dummy,0.882,1.124,0.955,49.1,0.0,0.0,,,
2026-09-08 04:21:28.275,dummy,0.914,1.161,0.954,48.7,0.0,0.0,,,
2026-09-08 04:21:28.327,dummy,0.947,1.198,0.952,48.4,0.0,0.0,,,
2026-09-08 04:21:28.378,dummy,0.979,1.234,0.95,48.0,0.0,0.0,,,
2026-09-08 04:21:28.430,dummy,1.012,1.27,0.949,47.6,0.0,0.0,,,
2026-09-08 04:21:28.482,dummy,1.044,1.305,0.947,47.1,0.0,0.0,,,
2026-09-08 04:21:28.533,dummy,1.076,1.339,0.945,46.7,0.0,0.0,,,
2026-09-08 04:21:28.585,dummy,1.107,1.372,0.944,46.2,0.0,0.0,,,
2026-09-08 04:21:28.637,dummy,1.139,1.405,0.942,45.7,0.0,0.0,,,
2026-09-08 04:21:28.689,dummy,1.171,1.437,0.94,45.2,0.0,0.0,,,
2026-09-08 04:21:28.740,dummy,1.202,1.468,0.939,44.7,0.0,0.0,,,
2026-09-08 04:21:28.792,dummy,1.233,1.499,0.937,44.1,0.0,0.0,,,
2026-09-08 04:21:28.844,dummy,1.264,1.529,0.935,43.5,0.0,0.0,,,
2026-09-08 04:21:28.896,dummy,1.295,1.558,0.934,42.8,0.0,0.0,,,
2026-09-08 04:21:28.947,dummy,1.326,1.586,0.932,42.2,0.0,0.0,,,
2026-09-08 04:21:28.999,dummy,1.356,1.613,0.93,41.5,0.0,0.0,,,
2026-09-08 04:21:29.051,dummy,1.387,1.64,0.929,40.7,0.0,0.0,,,
2026-09-08 04:21:29.103,dummy,1.417,1.665,0.927,40.0,0.0,0.0,,,
2026-09-08 04:21:29.154,dummy,1.447,1.69,0.925,39.1,0.0,0.0,,,
2026-09-08 04:21:29.206,dummy,1.477,1.714,0.924,38.3,0.0,0.0,,,
2026-09-08 04:21:29.258,dummy,1.506,1.737,0.922,37.4,0.0,0.0,,,
2026-09-08 04:21:29.311,dummy,1.536,1.759,0.92,36.4,0.0,0.0,,,
2026-09-08 04:21:29.363,dummy,1.566,1.781,0.919,35.4,0.0,0.0,,,
2026-09-08 04:21:29.414,dummy,1.595,1.801,0.917,34.4,0.0,0.0,,,
2026-09-08 04:21:29.466,dummy,1.624,1.82,0.915,33.3,0.0,0.0,,,
2026-09-08 04:21:29.519,dummy,1.653,1.839,0.914,32.1,0.0,0.0,,,
2026-09-08 04:21:29.570,dummy,1.681,1.856,0.912,30.9,0.0,0.0,,,
2026-09-08 04:21:29.622,dummy,1.709,1.873,0.91,29.7,0.0,0.0,,,
2026-09-08 04:21:29.673,dummy,1.737,1.888,0.909,28.3,0.0,0.0,,,
2026-09-08 04:21:29.727,dummy,1.765,1.903,0.907,26.9,0.0,0.0,,,
2026-09-08 04:21:29.779,dummy,1.793,1.917,0.906,25.4,0.0,0.0,,,
2026-09-08 04:21:29.830,dummy,1.82,1.929,0.904,23.9,0.0,0.0,,,
2026-09-08 04:21:29.882,dummy,1.848,1.941,0.902,22.2,0.0,0.0,,,
2026-09-08 04:21:29.934,dummy,1.874,1.951,0.901,20.5,0.0,0.0,,,
2026-09-08 04:21:29.986,dummy,1.901,1.961,0.899,18.8,0.0,0.0,,,
2026-09-08 04:21:30.037,dummy,1.927,1.969,0.897,16.9,0.0,0.0,,,
2026-09-08 04:21:30.089,dummy,1.953,1.977,0.896,15.0,0.0,0.0,,,
2026-09-08 04:21:30.141,dummy,1.979,1.983,0.894,13.0,0.0,0.0,,,
2026-09-08 04:21:30.207,dummy,2.011,1.99,0.892,10.3,0.0,0.0,,,
2026-09-08 04:21:30.259,dummy,2.037,1.994,0.891,8.1,0.0,0.0,,,
2026-09-08 04:21:30.310,dummy,2.062,1.997,0.889,5.8,0.0,0.0,,,
2026-09-08 04:21:30.362,dummy,2.086,1.999,0.887,3.5,0.0,0.0,,,
2026-09-08 04:21:30.413,dummy,2.11,2.0,0.886,1.1,0.0,0.0,,,
2026-09-08 04:21:30.465,dummy,2.135,2.0,0.884,358.6,0.0,0.0,,,
2026-09-08 04:21:30.516,dummy,2.158,1.999,0.883,356.2,0.0,0.0,,,
2026-09-08 04:21:30.568,dummy,2.182,1.997,0.881,353.6,0.0,0.0,,,
2026-09-08 04:21:30.620,dummy,2.205,1.993,0.88,351.0,0.0,0.0,,,
2026-09-08 04:21:30.672,dummy,2.228,1.989,0.878,348.4,0.0,0.0,,,
2026-09-08 04:21:30.723,dummy,2.251,1.984,0.877,345.8,0.0,0.0,,,
2026-09-08 04:21:30.774,dummy,2.273,1.978,0.875,343.2,0.0,0.0,,,
2026-09-08 04:21:30.825,dummy,2.295,1.971,0.873,340.6,0.0,0.0,,,
2026-09-08 04:21:30.877,dummy,2.317,1.963,0.872,338.0,0.0,0.0,,,
2026-09-08 04:21:30.928,dummy,2.338,1.953,0.87,335.4,0.0,0.0,,,
2026-09-08 04:21:30.980,dummy,2.359,1.943,0.869,332.9,0.0,0.0,,,
2026-09-08 04:21:31.031,dummy,2.38,1.932,0.867,330.5,0.0,0.0,,,
2026-09-08 04:21:31.083,dummy,2.401,1.92,0.866,328.0,0.0,0.0,,,
2026-09-08 04:21:31.136,dummy,2.421,1.906,0.864,325.7,0.0,0.0,,,
2026-09-08 04:21:31.187,dummy,2.441,1.892,0.863,323.4,0.0,0.0,,,
2026-09-08 04:21:31.239,dummy,2.461,1.877,0.861,321.1,0.0,0.0,,,
2026-09-08 04:21:31.290,dummy,2.48,1.861,0.86,319.0,0.0,0.0,,,
2026-09-08 04:21:31.341,dummy,2.499,1.844,0.858,317.0,0.0,0.0,,,
2026-09-08 04:21:31.392,dummy,2.517,1.826,0.857,315.0,0.0,0.0,,,
2026-09-08 04:21:31.444,dummy,2.536,1.807,0.855,313.1,0.0,0.0,,,
2026-09-08 04:21:31.496,dummy,2.554,1.787,0.854,311.2,0.0,0.0,,,
2026-09-08 04:21:31.548,dummy,2.571,1.766,0.852,309.5,0.0,0.0,,,
2026-09-08 04:21:31.600,dummy,2.589,1.744,0.851,307.7,0.0,0.0,,,
2026-09-08 04:21:31.651,dummy,2.606,1.721,0.849,306.1,0.0,0.0,,,
2026-09-08 04:21:31.703,dummy,2.623,1.698,0.848,304.6,0.0,0.0,,,
2026-09-08 04:21:31.754,dummy,2.639,1.673,0.846,303.1,0.0,0.0,,,
2026-09-08 04:21:31.806,dummy,2.655,1.648,0.845,301.6,0.0,0.0,,,
2026-09-08 04:21:31.858,dummy,2.671,1.622,0.843,300.3,0.0,0.0,,,
2026-09-08 04:21:31.909,dummy,2.686,1.595,0.842,299.0,0.0,0.0,,,
2026-09-08 04:21:31.963,dummy,2.702,1.565,0.84,297.6,0.0,0.0,,,
2026-09-08 04:21:32.015,dummy,2.717,1.537,0.839,296.4,0.0,0.0,,,
2026-09-08 04:21:32.066,dummy,2.731,1.507,0.838,295.3,0.0,0.0,,,
2026-09-08 04:21:32.118,dummy,2.745,1.477,0.836,294.2,0.0,0.0,,,
2026-09-08 04:21:32.170,dummy,2.758,1.446,0.835,293.1,0.0,0.0,,,
2026-09-08 04:21:32.222,dummy,2.772,1.414,0.833,292.1,0.0,0.0,,,
2026-09-08 04:21:32.274,dummy,2.785,1.381,0.832,291.1,0.0,0.0,,,
2026-09-08 04:21:32.327,dummy,2.798,1.347,0.83,290.1,0.0,0.0,,,
2026-09-08 04:21:32.379,dummy,2.81,1.313,0.829,289.2,0.0,0.0,,,
2026-09-08 04:21:32.430,dummy,2.821,1.279,0.828,288.3,0.0,0.0,,,
2026-09-08 04:21:32.482,dummy,2.833,1.243,0.826,287.5,0.0,0.0,,,
2026-09-08 04:21:32.533,dummy,2.844,1.207,0.825,286.7,0.0,0.0,,,
2026-09-08 04:21:32.585,dummy,2.854,1.171,0.823,285.9,0.0,0.0,,,
2026-09-08 04:21:32.637,dummy,2.865,1.134,0.822,285.1,0.0,0.0,,,
2026-09-08 04:21:32.689,dummy,2.875,1.096,0.821,284.4,0.0,0.0,,,
2026-09-08 04:21:32.740,dummy,2.884,1.058,0.819,283.7,0.0,0.0,,,
2026-09-08 04:21:32.793,dummy,2.894,1.018,0.818,282.9,0.0,0.0,,,
2026-09-08 04:21:32.845,dummy,2.903,0.979,0.817,282.3,0.0,0.0,,,
2026-09-08 04:21:32.896,dummy,2.911,0.939,0.815,281.6,0.0,0.0,,,
2026-09-08 04:21:32.948,dummy,2.919,0.898,0.814,281.0,0.0,0.0,,,
2026-09-08 04:21:33.000,dummy,2.927,0.857,0.813,280.3,0.0,0.0,,,
2026-09-08 04:21:33.051,dummy,2.934,0.816,0.811,279.7,0.0,0.0,,,
2026-09-08 04:21:33.103,dummy,2.941,0.775,0.81,279.1,0.0,0.0,,,
2026-09-08 04:21:33.154,dummy,2.947,0.732,0.809,278.5,0.0,0.0,,,
2026-09-08 04:21:33.206,dummy,2.954,0.69,0.807,278.0,0.0,0.0,,,
2026-09-08 04:21:33.265,dummy,2.959,0.647,0.806,277.4,0.0,0.0,,,
2026-09-08 04:21:33.316,dummy,2.965,0.598,0.805,276.8,0.0,0.0,,,
2026-09-08 04:21:33.368,dummy,2.97,0.555,0.803,276.2,0.0,0.0,,,
2026-09-08 04:21:33.419,dummy,2.975,0.511,0.802,275.7,0.0,0.0,,,
2026-09-08 04:21:33.505,dummy,2.982,0.438,0.8,274.8,0.0,0.0,,,
2026-09-08 04:21:33.559,dummy,2.985,0.391,0.799,274.3,0.0,0.0,,,
2026-09-08 04:21:33.611,dummy,2.989,0.346,0.797,273.8,0.0,0.0,,,
2026-09-08 04:21:33.662,dummy,2.991,0.302,0.796,273.3,0.0,0.0,,,
2026-09-08 04:21:33.714,dummy,2.994,0.257,0.795,272.8,0.0,0.0,,,
2026-09-08 04:21:33.766,dummy,2.996,0.211,0.794,272.3,0.0,0.0,,,
2026-09-08 04:21:33.818,dummy,2.997,0.166,0.792,271.8,0.0,0.0,,,
2026-09-08 04:21:33.870,dummy,2.999,0.12,0.791,271.3,0.0,0.0,,,
2026-09-08 04:21:33.922,dummy,2.999,0.075,0.79,270.8,0.0,0.0,,,
2026-09-08 04:21:33.973,dummy,3.0,0.029,0.789,270.3,0.0,0.0,,,
2026-09-08 04:21:34.025,dummy,3.0,-0.016,0.787,269.8,0.0,0.0,,,
2026-09-08 04:21:34.077,dummy,3.0,-0.062,0.786,269.3,0.0,0.0,,,
2026-09-08 04:21:34.128,dummy,2.999,-0.107,0.785,268.8,0.0,0.0,,,
2026-09-08 04:21:34.181,dummy,2.998,-0.153,0.784,268.4,0.0,0.0,,,
2026-09-08 04:21:34.232,dummy,2.996,-0.198,0.783,267.9,0.0,0.0,,,
2026-09-08 04:21:34.285,dummy,2.994,-0.244,0.781,267.4,0.0,0.0,,,
2026-09-08 04:21:34.336,dummy,2.992,-0.289,0.78,266.9,0.0,0.0,,,
2026-09-08 04:21:34.388,dummy,2.989,-0.334,0.779,266.4,0.0,0.0,,,
2026-09-08 04:21:34.439,dummy,2.986,-0.379,0.778,265.8,0.0,0.0,,,
2026-09-08 04:21:34.491,dummy,2.983,-0.423,0.777,265.3,0.0,0.0,,,
2026-09-08 04:21:34.543,dummy,2.979,-0.468,0.776,264.8,0.0,0.0,,,
2026-09-08 04:21:34.594,dummy,2.975,-0.511,0.775,264.3,0.0,0.0,,,
2026-09-08 04:21:34.646,dummy,2.97,-0.555,0.773,263.8,0.0,0.0,,,
2026-09-08 04:21:34.698,dummy,2.965,-0.599,0.772,263.2,0.0,0.0,,,
2026-09-08 04:21:34.749,dummy,2.96,-0.642,0.771,262.7,0.0,0.0,,,
2026-09-08 04:21:34.801,dummy,2.954,-0.685,0.77,262.1,0.0,0.0,,,
2026-09-08 04:21:34.854,dummy,2.948,-0.728,0.769,261.5,0.0,0.0,,,
2026-09-08 04:21:34.905,dummy,2.942,-0.77,0.768,260.9,0.0,0.0,,,
2026-09-08 04:21:34.957,dummy,2.935,-0.812,0.767,260.3,0.0,0.0,,,
2026-09-08 04:21:35.009,dummy,2.927,-0.854,0.766,259.7,0.0,0.0,,,
2026-09-08 04:21:35.060,dummy,2.92,-0.894,0.765,259.1,0.0,0.0,,,
2026-09-08 04:21:35.112,dummy,2.912,-0.935,0.764,258.5,0.0,0.0,,,
2026-09-08 04:21:35.163,dummy,2.903,-0.974,0.763,257.8,0.0,0.0,,,
2026-09-08 04:21:35.215,dummy,2.895,-1.014,0.762,257.1,0.0,0.0,,,
2026-09-08 04:21:35.267,dummy,2.885,-1.053,0.761,256.4,0.0,0.0,,,
2026-09-08 04:21:35.319,dummy,2.876,-1.092,0.76,255.7,0.0,0.0,,,
2026-09-08 04:21:35.371,dummy,2.866,-1.13,0.759,255.0,0.0,0.0,,,
2026-09-08 04:21:35.422,dummy,2.856,-1.167,0.758,254.2,0.0,0.0,,,
2026-09-08 04:21:35.474,dummy,2.845,-1.203,0.757,253.4,0.0,0.0,,,
2026-09-08 04:21:35.526,dummy,2.834,-1.24,0.756,252.6,0.0,0.0,,,
2026-09-08 04:21:35.578,dummy,2.823,-1.275,0.755,251.7,0.0,0.0,,,
2026-09-08 04:21:35.629,dummy,2.811,-1.31,0.754,250.9,0.0,0.0,,,
2026-09-08 04:21:35.681,dummy,2.799,-1.344,0.753,250.0,0.0,0.0,,,
2026-09-08 04:21:35.733,dummy,2.786,-1.377,0.752,249.0,0.0,0.0,,,
2026-09-08 04:21:35.785,dummy,2.773,-1.41,0.751,248.0,0.0,0.0,,,
2026-09-08 04:21:35.836,dummy,2.76,-1.442,0.75,247.0,0.0,0.0,,,
2026-09-08 04:21:35.888,dummy,2.747,-1.473,0.749,246.0,0.0,0.0,,,
2026-09-08 04:21:35.940,dummy,2.733,-1.503,0.748,244.9,0.0,0.0,,,
2026-09-08 04:21:35.991,dummy,2.718,-1.533,0.747,243.7,0.0,0.0,,,
2026-09-08 04:21:36.043,dummy,2.704,-1.562,0.746,242.5,0.0,0.0,,,
2026-09-08 04:21:36.095,dummy,2.689,-1.59,0.745,241.3,0.0,0.0,,,
2026-09-08 04:21:36.147,dummy,2.673,-1.617,0.744,239.9,0.0,0.0,,,
2026-09-08 04:21:36.199,dummy,2.658,-1.644,0.743,238.6,0.0,0.0,,,
2026-09-08 04:21:36.251,dummy,2.642,-1.669,0.742,237.2,0.0,0.0,,,
2026-09-08 04:21:36.302,dummy,2.625,-1.694,0.742,235.7,0.0,0.0,,,
2026-09-08 04:21:36.354,dummy,2.609,-1.717,0.741,234.1,0.0,0.0,,,
2026-09-08 04:21:36.405,dummy,2.592,-1.74,0.74,232.5,0.0,0.0,,,
2026-09-08 04:21:36.457,dummy,2.575,-1.762,0.739,230.9,0.0,0.0,,,
2026-09-08 04:21:36.508,dummy,2.557,-1.783,0.738,229.1,0.0,0.0,,,
2026-09-08 04:21:36.560,dummy,2.539,-1.803,0.737,227.3,0.0,0.0,,,
2026-09-08 04:21:36.612,dummy,2.52,-1.823,0.737,225.3,0.0,0.0,,,
2026-09-08 04:21:36.664,dummy,2.502,-1.841,0.736,223.4,0.0,0.0,,,
2026-09-08 04:21:36.716,dummy,2.483,-1.858,0.735,221.3,0.0,0.0,,,
2026-09-08 04:21:36.772,dummy,2.462,-1.876,0.734,219.0,0.0,0.0,,,
2026-09-08 04:21:36.824,dummy,2.442,-1.891,0.733,216.8,0.0,0.0,,,
2026-09-08 04:21:36.875,dummy,2.422,-1.905,0.733,214.5,0.0,0.0,,,
2026-09-08 04:21:36.926,dummy,2.402,-1.919,0.732,212.1,0.0,0.0,,,
2026-09-08 04:21:36.978,dummy,2.382,-1.931,0.731,209.7,0.0,0.0,,,
2026-09-08 04:21:37.029,dummy,2.361,-1.942,0.73,207.3,0.0,0.0,,,
2026-09-08 04:21:37.081,dummy,2.34,-1.953,0.73,204.7,0.0,0.0,,,
2026-09-08 04:21:37.132,dummy,2.318,-1.962,0.729,202.2,0.0,0.0,,,
2026-09-08 04:21:37.184,dummy,2.296,-1.97,0.728,199.6,0.0,0.0,,,
2026-09-08 04:21:37.235,dummy,2.274,-1.977,0.727,197.0,0.0,0.0,,,
2026-09-08 04:21:37.287,dummy,2.252,-1.984,0.727,194.4,0.0,0.0,,,
2026-09-08 04:21:37.338,dummy,2.23,-1.989,0.726,191.8,0.0,0.0,,,
2026-09-08 04:21:37.389,dummy,2.207,-1.993,0.725,189.2,0.0,0.0,,,
2026-09-08 04:21:37.441,dummy,2.184,-1.996,0.725,186.6,0.0,0.0,,,
2026-09-08 04:21:37.492,dummy,2.16,-1.999,0.724,184.1,0.0,0.0,,,
2026-09-08 04:21:37.544,dummy,2.137,-2.0,0.723,181.6,0.0,0.0,,,
2026-09-08 04:21:37.596,dummy,2.112,-2.0,0.723,179.1,0.0,0.0,,,
2026-09-08 04:21:37.647,dummy,2.088,-1.999,0.722,176.7,0.0,0.0,,,
2026-09-08 04:21:37.699,dummy,2.064,-1.997,0.721,174.4,0.0,0.0,,,
2026-09-08 04:21:37.751,dummy,2.038,-1.994,0.721,172.1,0.0,0.0,,,
2026-09-08 04:21:37.803,dummy,2.013,-1.99,0.72,169.9,0.0,0.0,,,
2026-09-08 04:21:37.855,dummy,1.988,-1.985,0.719,167.7,0.0,0.0,,,
2026-09-08 04:21:37.906,dummy,1.962,-1.979,0.719,165.7,0.0,0.0,,,
2026-09-08 04:21:37.958,dummy,1.936,-1.972,0.718,163.8,0.0,0.0,,,
2026-09-08 04:21:38.010,dummy,1.91,-1.964,0.718,161.9,0.0,0.0,,,
2026-09-08 04:21:38.061,dummy,1.884,-1.955,0.717,160.1,0.0,0.0,,,
2026-09-08 04:21:38.113,dummy,1.857,-1.945,0.717,158.4,0.0,0.0,,,
2026-09-08 04:21:38.164,dummy,1.83,-1.934,0.716,156.7,0.0,0.0,,,
2026-09-08 04:21:38.216,dummy,1.803,-1.921,0.715,155.2,0.0,0.0,,,
2026-09-08 04:21:38.267,dummy,1.776,-1.908,0.715,153.7,0.0,0.0,,,
2026-09-08 04:21:38.319,dummy,1.748,-1.894,0.714,152.2,0.0,0.0,,,
2026-09-08 04:21:38.370,dummy,1.72,-1.879,0.714,150.9,0.0,0.0,,,
2026-09-08 04:21:38.422,dummy,1.692,-1.863,0.713,149.6,0.0,0.0,,,
2026-09-08 04:21:38.473,dummy,1.664,-1.846,0.713,148.4,0.0,0.0,,,
2026-09-08 04:21:38.525,dummy,1.636,-1.828,0.712,147.2,0.0,0.0,,,
2026-09-08 04:21:38.577,dummy,1.607,-1.809,0.712,146.1,0.0,0.0,,,
2026-09-08 04:21:38.628,dummy,1.579,-1.79,0.711,145.0,0.0,0.0,,,
2026-09-08 04:21:38.680,dummy,1.549,-1.769,0.711,144.0,0.0,0.0,,,
2026-09-08 04:21:38.731,dummy,1.52,-1.747,0.711,143.0,0.0,0.0,,,
2026-09-08 04:21:38.783,dummy,1.491,-1.725,0.71,142.1,0.0,0.0,,,
2026-09-08 04:21:38.834,dummy,1.461,-1.702,0.71,141.3,0.0,0.0,,,
2026-09-08 04:21:38.886,dummy,1.431,-1.677,0.709,140.4,0.0,0.0,,,
2026-09-08 04:21:38.938,dummy,1.401,-1.652,0.709,139.6,0.0,0.0,,,
2026-09-08 04:21:38.989,dummy,1.371,-1.626,0.708,138.9,0.0,0.0,,,
2026-09-08 04:21:39.042,dummy,1.34,-1.599,0.708,138.2,0.0,0.0,,,
2026-09-08 04:21:39.093,dummy,1.31,-1.571,0.708,137.5,0.0,0.0,,,
2026-09-08 04:21:39.145,dummy,1.279,-1.542,0.707,136.8,0.0,0.0,,,
2026-09-08 04:21:39.196,dummy,1.248,-1.513,0.707,136.2,0.0,0.0,,,
2026-09-08 04:21:39.248,dummy,1.217,-1.483,0.707,135.6,0.0,0.0,,,
2026-09-08 04:21:39.300,dummy,1.186,-1.452,0.706,135.1,0.0,0.0,,,
2026-09-08 04:21:39.352,dummy,1.154,-1.42,0.706,134.5,0.0,0.0,,,
2026-09-08 04:21:39.403,dummy,1.123,-1.388,0.706,134.0,0.0,0.0,,,
2026-09-08 04:21:39.455,dummy,1.091,-1.355,0.705,133.5,0.0,0.0,,,
2026-09-08 04:21:39.506,dummy,1.059,-1.321,0.705,133.1,0.0,0.0,,,
2026-09-08 04:21:39.558,dummy,1.027,-1.287,0.705,132.6,0.0,0.0,,,
2026-09-08 04:21:39.609,dummy,0.995,-1.252,0.704,132.2,0.0,0.0,,,
2026-09-08 04:21:39.660,dummy,0.963,-1.216,0.704,131.8,0.0,0.0,,,
2026-09-08 04:21:39.712,dummy,0.931,-1.18,0.704,131.4,0.0,0.0,,,
2026-09-08 04:21:39.764,dummy,0.899,-1.143,0.703,131.1,0.0,0.0,,,
2026-09-08 04:21:39.815,dummy,0.866,-1.106,0.703,130.8,0.0,0.0,,,
2026-09-08 04:21:39.868,dummy,0.833,-1.068,0.703,130.4,0.0,0.0,,,
2026-09-08 04:21:39.920,dummy,0.8,-1.028,0.703,130.1,0.0,0.0,,,
2026-09-08 04:21:39.984,dummy,0.762,-0.983,0.702,129.8,0.0,0.0,,,
2026-09-08 04:21:40.036,dummy,0.726,-0.939,0.702,129.5,0.0,0.0,,,
2026-09-08 04:21:40.094,dummy,0.688,-0.893,0.702,129.2,0.0,0.0,,,
2026-09-08 04:21:40.163,dummy,0.645,-0.84,0.702,128.9,0.0,0.0,,,
2026-09-08 04:21:40.215,dummy,0.611,-0.797,0.702,128.7,0.0,0.0,,,
2026-09-08 04:21:40.267,dummy,0.577,-0.755,0.701,128.5,0.0,0.0,,,
2026-09-08 04:21:40.319,dummy,0.543,-0.713,0.701,128.3,0.0,0.0,,,
2026-09-08 04:21:40.370,dummy,0.51,-0.67,0.701,128.1,0.0,0.0,,,
2026-09-08 04:21:40.421,dummy,0.477,-0.628,0.701,127.9,0.0,0.0,,,
2026-09-08 04:21:40.472,dummy,0.443,-0.584,0.701,127.8,0.0,0.0,,,
2026-09-08 04:21:40.525,dummy,0.409,-0.541,0.701,127.7,0.0,0.0,,,
2026-09-08 04:21:40.576,dummy,0.376,-0.497,0.701,127.5,0.0,0.0,,,
2026-09-08 04:21:40.627,dummy,0.342,-0.453,0.7,127.4,0.0,0.0,,,
2026-09-08 04:21:40.679,dummy,0.308,-0.409,0.7,127.3,0.0,0.0,,,
2026-09-08 04:21:40.732,dummy,0.273,-0.363,0.7,127.2,0.0,0.0,,,
2026-09-08 04:21:40.783,dummy,0.239,-0.318,0.7,127.1,0.0,0.0,,,
2026-09-08 04:21:40.835,dummy,0.206,-0.274,0.7,127.1,0.0,0.0,,,
2026-09-08 04:21:40.886,dummy,0.172,-0.229,0.7,127.0,0.0,0.0,,,
2026-09-08 04:21:40.938,dummy,0.138,-0.183,0.7,127.0,0.0,0.0,,,
2026-09-08 04:21:40.990,dummy,0.103,-0.138,0.7,126.9,0.0,0.0,,,
2026-09-08 04:21:41.042,dummy,0.069,-0.092,0.7,126.9,0.0,0.0,,,
2026-09-08 04:21:41.093,dummy,0.035,-0.047,0.7,126.9,0.0,0.0,,,
2026-09-08 04:21:41.145,dummy,0.001,-0.001,0.7,126.9,0.0,0.0,,,
2026-09-08 04:21:41.197,dummy,-0.033,0.044,0.7,126.9,0.0,0.0,,,
2026-09-08 04:21:41.248,dummy,-0.067,0.089,0.7,126.9,0.0,0.0,,,
2026-09-08 04:21:41.300,dummy,-0.101,0.135,0.7,126.9,0.0,0.0,,,
2026-09-08 04:21:41.352,dummy,-0.135,0.18,0.7,127.0,0.0,0.0,,,
2026-09-08 04:21:41.403,dummy,-0.169,0.226,0.7,127.0,0.0,0.0,,,
2026-09-08 04:21:41.455,dummy,-0.203,0.27,0.7,127.1,0.0,0.0,,,
2026-09-08 04:21:41.507,dummy,-0.237,0.316,0.7,127.1,0.0,0.0,,,
2026-09-08 04:21:41.558,dummy,-0.271,0.36,0.7,127.2,0.0,0.0,,,
2026-09-08 04:21:41.609,dummy,-0.305,0.404,0.7,127.3,0.0,0.0,,,
2026-09-08 04:21:41.661,dummy,-0.339,0.449,0.7,127.4,0.0,0.0,,,
2026-09-08 04:21:41.713,dummy,-0.373,0.493,0.701,127.5,0.0,0.0,,,
2026-09-08 04:21:41.765,dummy,-0.407,0.537,0.701,127.6,0.0,0.0,,,
2026-09-08 04:21:41.817,dummy,-0.441,0.582,0.701,127.8,0.0,0.0,,,
2026-09-08 04:21:41.869,dummy,-0.475,0.625,0.701,127.9,0.0,0.0,,,
2026-09-08 04:21:41.921,dummy,-0.509,0.668,0.701,128.1,0.0,0.0,,,
2026-09-08 04:21:41.972,dummy,-0.542,0.711,0.701,128.3,0.0,0.0,,,
2026-09-08 04:21:42.023,dummy,-0.575,0.753,0.701,128.5,0.0,0.0,,,
2026-09-08 04:21:42.075,dummy,-0.608,0.794,0.702,128.7,0.0,0.0,,,
2026-09-08 04:21:42.126,dummy,-0.642,0.836,0.702,128.9,0.0,0.0,,,
2026-09-08 04:21:42.178,dummy,-0.675,0.877,0.702,129.1,0.0,0.0,,,
2026-09-08 04:21:42.229,dummy,-0.708,0.917,0.702,129.4,0.0,0.0,,,
2026-09-08 04:21:42.281,dummy,-0.741,0.957,0.702,129.6,0.0,0.0,,,
2026-09-08 04:21:42.333,dummy,-0.774,0.997,0.703,129.9,0.0,0.0,,,
2026-09-08 04:21:42.385,dummy,-0.807,1.037,0.703,130.2,0.0,0.0,,,
2026-09-08 04:21:42.438,dummy,-0.841,1.076,0.703,130.5,0.0,0.0,,,
2026-09-08 04:21:42.489,dummy,-0.873,1.114,0.703,130.8,0.0,0.0,,,
2026-09-08 04:21:42.541,dummy,-0.906,1.152,0.704,131.2,0.0,0.0,,,
2026-09-08 04:21:42.593,dummy,-0.939,1.189,0.704,131.5,0.0,0.0,,,
2026-09-08 04:21:42.645,dummy,-0.971,1.225,0.704,131.9,0.0,0.0,,,
2026-09-08 04:21:42.696,dummy,-1.003,1.26,0.704,132.3,0.0,0.0,,,
2026-09-08 04:21:42.747,dummy,-1.035,1.295,0.705,132.7,0.0,0.0,,,
2026-09-08 04:21:42.803,dummy,-1.067,1.329,0.705,133.2,0.0,0.0,,,
2026-09-08 04:21:42.854,dummy,-1.101,1.365,0.705,133.7,0.0,0.0,,,
2026-09-08 04:21:42.906,dummy,-1.132,1.398,0.706,134.2,0.0,0.0,,,
2026-09-08 04:21:42.957,dummy,-1.164,1.43,0.706,134.7,0.0,0.0,,,
2026-09-08 04:21:43.008,dummy,-1.194,1.461,0.706,135.2,0.0,0.0,,,
2026-09-08 04:21:43.059,dummy,-1.225,1.491,0.707,135.8,0.0,0.0,,,
2026-09-08 04:21:43.111,dummy,-1.257,1.521,0.707,136.4,0.0,0.0,,,
2026-09-08 04:21:43.163,dummy,-1.288,1.551,0.707,137.0,0.0,0.0,,,
2026-09-08 04:21:43.214,dummy,-1.318,1.579,0.708,137.7,0.0,0.0,,,
2026-09-08 04:21:43.266,dummy,-1.349,1.606,0.708,138.4,0.0,0.0,,,
2026-09-08 04:21:43.318,dummy,-1.379,1.633,0.709,139.1,0.0,0.0,,,
2026-09-08 04:21:43.369,dummy,-1.409,1.659,0.709,139.8,0.0,0.0,,,
2026-09-08 04:21:43.421,dummy,-1.439,1.684,0.709,140.6,0.0,0.0,,,
2026-09-08 04:21:43.473,dummy,-1.469,1.708,0.71,141.5,0.0,0.0,,,
2026-09-08 04:21:43.524,dummy,-1.499,1.731,0.71,142.4,0.0,0.0,,,
2026-09-08 04:21:43.577,dummy,-1.529,1.754,0.711,143.3,0.0,0.0,,,
2026-09-08 04:21:43.628,dummy,-1.558,1.775,0.711,144.3,0.0,0.0,,,
2026-09-08 04:21:43.680,dummy,-1.587,1.795,0.712,145.3,0.0,0.0,,,
2026-09-08 04:21:43.732,dummy,-1.616,1.815,0.712,146.4,0.0,0.0,,,
2026-09-08 04:21:43.784,dummy,-1.644,1.834,0.713,147.5,0.0,0.0,,,
2026-09-08 04:21:43.836,dummy,-1.673,1.852,0.713,148.7,0.0,0.0,,,
2026-09-08 04:21:43.888,dummy,-1.701,1.868,0.714,150.0,0.0,0.0,,,
2026-09-08 04:21:43.939,dummy,-1.729,1.884,0.714,151.3,0.0,0.0,,,
2026-09-08 04:21:43.991,dummy,-1.757,1.899,0.715,152.7,0.0,0.0,,,
2026-09-08 04:21:44.042,dummy,-1.784,1.913,0.715,154.1,0.0,0.0,,,
2026-09-08 04:21:44.094,dummy,-1.812,1.925,0.716,155.6,0.0,0.0,,,
2026-09-08 04:21:44.146,dummy,-1.839,1.937,0.716,157.2,0.0,0.0,,,
2026-09-08 04:21:44.197,dummy,-1.866,1.948,0.717,158.9,0.0,0.0,,,
2026-09-08 04:21:44.250,dummy,-1.892,1.958,0.717,160.6,0.0,0.0,,,
2026-09-08 04:21:44.301,dummy,-1.919,1.967,0.718,162.5,0.0,0.0,,,
2026-09-08 04:21:44.355,dummy,-1.946,1.975,0.718,164.5,0.0,0.0,,,
2026-09-08 04:21:44.406,dummy,-1.972,1.981,0.719,166.5,0.0,0.0,,,
2026-09-08 04:21:44.458,dummy,-1.997,1.987,0.72,168.5,0.0,0.0,,,
2026-09-08 04:21:44.510,dummy,-2.023,1.992,0.72,170.7,0.0,0.0,,,
2026-09-08 04:21:44.561,dummy,-2.048,1.995,0.721,172.9,0.0,0.0,,,
2026-09-08 04:21:44.613,dummy,-2.072,1.998,0.722,175.2,0.0,0.0,,,
2026-09-08 04:21:44.664,dummy,-2.097,1.999,0.722,177.5,0.0,0.0,,,
2026-09-08 04:21:44.716,dummy,-2.121,2.0,0.723,180.0,0.0,0.0,,,
2026-09-08 04:21:44.768,dummy,-2.145,1.999,0.723,182.5,0.0,0.0,,,
2026-09-08 04:21:44.820,dummy,-2.169,1.998,0.724,185.0,0.0,0.0,,,
2026-09-08 04:21:44.872,dummy,-2.192,1.995,0.725,187.6,0.0,0.0,,,
2026-09-08 04:21:44.923,dummy,-2.215,1.992,0.726,190.2,0.0,0.0,,,
2026-09-08 04:21:44.982,dummy,-2.241,1.987,0.726,193.1,0.0,0.0,,,
2026-09-08 04:21:45.035,dummy,-2.264,1.98,0.727,195.8,0.0,0.0,,,
2026-09-08 04:21:45.086,dummy,-2.287,1.974,0.728,198.5,0.0,0.0,,,
2026-09-08 04:21:45.138,dummy,-2.309,1.966,0.728,201.1,0.0,0.0,,,
2026-09-08 04:21:45.190,dummy,-2.33,1.957,0.729,203.6,0.0,0.0,,,
2026-09-08 04:21:45.242,dummy,-2.352,1.947,0.73,206.2,0.0,0.0,,,
2026-09-08 04:21:45.293,dummy,-2.373,1.936,0.731,208.7,0.0,0.0,,,
2026-09-08 04:21:45.345,dummy,-2.393,1.924,0.731,211.1,0.0,0.0,,,
2026-09-08 04:21:45.396,dummy,-2.414,1.911,0.732,213.5,0.0,0.0,,,
2026-09-08 04:21:45.447,dummy,-2.434,1.897,0.733,215.8,0.0,0.0,,,
2026-09-08 04:21:45.499,dummy,-2.453,1.883,0.734,218.0,0.0,0.0,,,
2026-09-08 04:21:45.550,dummy,-2.473,1.867,0.735,220.2,0.0,0.0,,,
2026-09-08 04:21:45.602,dummy,-2.492,1.85,0.735,222.3,0.0,0.0,,,
2026-09-08 04:21:45.654,dummy,-2.511,1.832,0.736,224.3,0.0,0.0,,,
2026-09-08 04:21:45.706,dummy,-2.529,1.814,0.737,226.3,0.0,0.0,,,
2026-09-08 04:21:45.757,dummy,-2.547,1.794,0.738,228.1,0.0,0.0,,,
2026-09-08 04:21:45.809,dummy,-2.565,1.773,0.739,229.9,0.0,0.0,,,
2026-09-08 04:21:45.861,dummy,-2.583,1.752,0.739,231.7,0.0,0.0,,,
2026-09-08 04:21:45.913,dummy,-2.6,1.729,0.74,233.3,0.0,0.0,,,
2026-09-08 04:21:45.964,dummy,-2.617,1.706,0.741,234.9,0.0,0.0,,,
2026-09-08 04:21:46.016,dummy,-2.633,1.682,0.742,236.4,0.0,0.0,,,
2026-09-08 04:21:46.068,dummy,-2.65,1.657,0.743,237.9,0.0,0.0,,,
2026-09-08 04:21:46.119,dummy,-2.665,1.631,0.744,239.3,0.0,0.0,,,
2026-09-08 04:21:46.171,dummy,-2.681,1.604,0.745,240.6,0.0,0.0,,,
2026-09-08 04:21:46.222,dummy,-2.696,1.577,0.746,241.8,0.0,0.0,,,
2026-09-08 04:21:46.273,dummy,-2.71,1.549,0.746,243.1,0.0,0.0,,,
2026-09-08 04:21:46.324,dummy,-2.725,1.52,0.747,244.2,0.0,0.0,,,
2026-09-08 04:21:46.376,dummy,-2.739,1.49,0.748,245.3,0.0,0.0,,,
2026-09-08 04:21:46.427,dummy,-2.753,1.46,0.749,246.4,0.0,0.0,,,
2026-09-08 04:21:46.479,dummy,-2.766,1.428,0.75,247.5,0.0,0.0,,,
2026-09-08 04:21:46.531,dummy,-2.779,1.396,0.751,248.5,0.0,0.0,,,
2026-09-08 04:21:46.583,dummy,-2.792,1.363,0.752,249.4,0.0,0.0,,,
2026-09-08 04:21:46.635,dummy,-2.804,1.329,0.753,250.4,0.0,0.0,,,
2026-09-08 04:21:46.687,dummy,-2.816,1.294,0.754,251.3,0.0,0.0,,,
2026-09-08 04:21:46.739,dummy,-2.828,1.259,0.755,252.1,0.0,0.0,,,
2026-09-08 04:21:46.790,dummy,-2.839,1.224,0.756,253.0,0.0,0.0,,,
2026-09-08 04:21:46.843,dummy,-2.85,1.187,0.757,253.8,0.0,0.0,,,
2026-09-08 04:21:46.897,dummy,-2.86,1.15,0.758,254.5,0.0,0.0,,,
2026-09-08 04:21:46.949,dummy,-2.871,1.11,0.759,255.3,0.0,0.0,,,
2026-09-08 04:21:47.001,dummy,-2.881,1.072,0.76,256.1,0.0,0.0,,,
2026-09-08 04:21:47.052,dummy,-2.89,1.033,0.761,256.8,0.0,0.0,,,
2026-09-08 04:21:47.104,dummy,-2.899,0.995,0.762,257.5,0.0,0.0,,,
2026-09-08 04:21:47.156,dummy,-2.908,0.955,0.763,258.1,0.0,0.0,,,
2026-09-08 04:21:47.208,dummy,-2.916,0.914,0.764,258.8,0.0,0.0,,,
2026-09-08 04:21:47.259,dummy,-2.924,0.873,0.765,259.4,0.0,0.0,,,
2026-09-08 04:21:47.313,dummy,-2.931,0.831,0.766,260.1,0.0,0.0,,,
2026-09-08 04:21:47.365,dummy,-2.939,0.789,0.767,260.7,0.0,0.0,,,
2026-09-08 04:21:47.416,dummy,-2.945,0.747,0.769,261.3,0.0,0.0,,,
2026-09-08 04:21:47.468,dummy,-2.951,0.705,0.77,261.8,0.0,0.0,,,
2026-09-08 04:21:47.520,dummy,-2.957,0.662,0.771,262.4,0.0,0.0,,,
2026-09-08 04:21:47.572,dummy,-2.963,0.618,0.772,263.0,0.0,0.0,,,
2026-09-08 04:21:47.624,dummy,-2.968,0.575,0.773,263.5,0.0,0.0,,,
2026-09-08 04:21:47.677,dummy,-2.973,0.53,0.774,264.1,0.0,0.0,,,
2026-09-08 04:21:47.729,dummy,-2.977,0.486,0.775,264.6,0.0,0.0,,,
2026-09-08 04:21:47.780,dummy,-2.981,0.442,0.776,265.1,0.0,0.0,,,
2026-09-08 04:21:47.831,dummy,-2.985,0.398,0.778,265.6,0.0,0.0,,,
2026-09-08 04:21:47.883,dummy,-2.988,0.353,0.779,266.1,0.0,0.0,,,
2026-09-08 04:21:47.935,dummy,-2.991,0.308,0.78,266.6,0.0,0.0,,,
2026-09-08 04:21:47.986,dummy,-2.993,0.264,0.781,267.1,0.0,0.0,,,
2026-09-08 04:21:48.038,dummy,-2.996,0.219,0.782,267.6,0.0,0.0,,,
2026-09-08 04:21:48.089,dummy,-2.997,0.173,0.783,268.1,0.0,0.0,,,
2026-09-08 04:21:48.141,dummy,-2.998,0.128,0.784,268.6,0.0,0.0,,,
2026-09-08 04:21:48.192,dummy,-2.999,0.083,0.786,269.1,0.0,0.0,,,
2026-09-08 04:21:48.253,dummy,-3.0,0.035,0.787,269.6,0.0,0.0,,,
2026-09-08 04:21:48.304,dummy,-3.0,-0.015,0.788,270.2,0.0,0.0,,,
2026-09-08 04:21:48.356,dummy,-3.0,-0.061,0.789,270.7,0.0,0.0,,,
2026-09-08 04:21:48.407,dummy,-2.999,-0.106,0.791,271.1,0.0,0.0,,,
2026-09-08 04:21:48.459,dummy,-2.998,-0.151,0.792,271.6,0.0,0.0,,,
2026-09-08 04:21:48.511,dummy,-2.996,-0.197,0.793,272.1,0.0,0.0,,,
2026-09-08 04:21:48.563,dummy,-2.994,-0.242,0.794,272.6,0.0,0.0,,,
2026-09-08 04:21:48.614,dummy,-2.992,-0.287,0.796,273.1,0.0,0.0,,,
2026-09-08 04:21:48.666,dummy,-2.99,-0.332,0.797,273.6,0.0,0.0,,,
2026-09-08 04:21:48.718,dummy,-2.986,-0.377,0.798,274.1,0.0,0.0,,,
2026-09-08 04:21:48.769,dummy,-2.983,-0.422,0.799,274.7,0.0,0.0,,,
2026-09-08 04:21:48.821,dummy,-2.979,-0.466,0.801,275.2,0.0,0.0,,,
2026-09-08 04:21:48.873,dummy,-2.975,-0.51,0.802,275.7,0.0,0.0,,,
2026-09-08 04:21:48.925,dummy,-2.97,-0.554,0.803,276.2,0.0,0.0,,,
2026-09-08 04:21:48.996,dummy,-2.964,-0.614,0.805,277.0,0.0,0.0,,,
2026-09-08 04:21:49.071,dummy,-2.955,-0.677,0.807,277.8,0.0,0.0,,,
2026-09-08 04:21:49.130,dummy,-2.948,-0.726,0.808,278.4,0.0,0.0,,,
2026-09-08 04:21:49.182,dummy,-2.942,-0.768,0.81,279.0,0.0,0.0,,,
2026-09-08 04:21:49.233,dummy,-2.935,-0.809,0.811,279.6,0.0,0.0,,,
2026-09-08 04:21:49.285,dummy,-2.928,-0.85,0.812,280.2,0.0,0.0,,,
2026-09-08 04:21:49.337,dummy,-2.92,-0.891,0.814,280.9,0.0,0.0,,,
2026-09-08 04:21:49.388,dummy,-2.912,-0.932,0.815,281.5,0.0,0.0,,,
2026-09-08 04:21:49.440,dummy,-2.904,-0.972,0.816,282.2,0.0,0.0,,,
2026-09-08 04:21:49.491,dummy,-2.895,-1.011,0.818,282.8,0.0,0.0,,,
2026-09-08 04:21:49.543,dummy,-2.886,-1.05,0.819,283.5,0.0,0.0,,,
2026-09-08 04:21:49.594,dummy,-2.877,-1.088,0.82,284.2,0.0,0.0,,,
2026-09-08 04:21:49.645,dummy,-2.867,-1.126,0.822,285.0,0.0,0.0,,,
2026-09-08 04:21:49.698,dummy,-2.857,-1.163,0.823,285.7,0.0,0.0,,,
2026-09-08 04:21:49.749,dummy,-2.846,-1.2,0.825,286.5,0.0,0.0,,,
2026-09-08 04:21:49.800,dummy,-2.835,-1.236,0.826,287.3,0.0,0.0,,,
2026-09-08 04:21:49.853,dummy,-2.824,-1.272,0.827,288.2,0.0,0.0,,,
2026-09-08 04:21:49.905,dummy,-2.812,-1.307,0.829,289.0,0.0,0.0,,,
2026-09-08 04:21:49.957,dummy,-2.8,-1.341,0.83,290.0,0.0,0.0,,,
2026-09-08 04:21:50.009,dummy,-2.787,-1.375,0.832,290.9,0.0,0.0,,,
2026-09-08 04:21:50.060,dummy,-2.774,-1.407,0.833,291.9,0.0,0.0,,,
2026-09-08 04:21:50.112,dummy,-2.761,-1.439,0.834,292.9,0.0,0.0,,,
2026-09-08 04:21:50.171,dummy,-2.746,-1.475,0.836,294.1,0.0,0.0,,,
2026-09-08 04:21:50.223,dummy,-2.732,-1.505,0.837,295.2,0.0,0.0,,,
2026-09-08 04:21:50.274,dummy,-2.718,-1.534,0.839,296.3,0.0,0.0,,,
2026-09-08 04:21:50.326,dummy,-2.703,-1.563,0.84,297.5,0.0,0.0,,,
2026-09-08 04:21:50.377,dummy,-2.688,-1.591,0.842,298.8,0.0,0.0,,,
2026-09-08 04:21:50.429,dummy,-2.673,-1.618,0.843,300.1,0.0,0.0,,,
2026-09-08 04:21:50.480,dummy,-2.657,-1.644,0.845,301.4,0.0,0.0,,,
2026-09-08 04:21:50.532,dummy,-2.641,-1.67,0.846,302.9,0.0,0.0,,,
2026-09-08 04:21:50.584,dummy,-2.625,-1.695,0.848,304.4,0.0,0.0,,,
2026-09-08 04:21:50.636,dummy,-2.608,-1.718,0.849,305.9,0.0,0.0,,,
2026-09-08 04:21:50.688,dummy,-2.591,-1.741,0.851,307.5,0.0,0.0,,,
2026-09-08 04:21:50.740,dummy,-2.574,-1.763,0.852,309.2,0.0,0.0,,,
2026-09-08 04:21:50.791,dummy,-2.556,-1.784,0.854,311.0,0.0,0.0,,,
2026-09-08 04:21:50.843,dummy,-2.538,-1.804,0.855,312.8,0.0,0.0,,,
2026-09-08 04:21:50.894,dummy,-2.52,-1.823,0.857,314.7,0.0,0.0,,,
2026-09-08 04:21:50.946,dummy,-2.501,-1.842,0.858,316.7,0.0,0.0,,,
2026-09-08 04:21:50.998,dummy,-2.482,-1.859,0.86,318.8,0.0,0.0,,,
2026-09-08 04:21:51.051,dummy,-2.463,-1.875,0.861,320.9,0.0,0.0,,,
2026-09-08 04:21:51.102,dummy,-2.443,-1.891,0.863,323.2,0.0,0.0,,,
2026-09-08 04:21:51.154,dummy,-2.423,-1.905,0.864,325.5,0.0,0.0,,,
2026-09-08 04:21:51.205,dummy,-2.402,-1.918,0.866,327.8,0.0,0.0,,,
2026-09-08 04:21:51.257,dummy,-2.382,-1.931,0.867,330.2,0.0,0.0,,,
2026-09-08 04:21:51.309,dummy,-2.361,-1.942,0.869,332.7,0.0,0.0,,,
2026-09-08 04:21:51.361,dummy,-2.34,-1.953,0.87,335.3,0.0,0.0,,,
2026-09-08 04:21:51.413,dummy,-2.318,-1.962,0.872,337.8,0.0,0.0,,,
2026-09-08 04:21:51.464,dummy,-2.296,-1.97,0.873,340.4,0.0,0.0,,,
2026-09-08 04:21:51.516,dummy,-2.274,-1.978,0.875,343.0,0.0,0.0,,,
2026-09-08 04:21:51.568,dummy,-2.252,-1.984,0.876,345.7,0.0,0.0,,,
2026-09-08 04:21:51.620,dummy,-2.229,-1.989,0.878,348.3,0.0,0.0,,,
2026-09-08 04:21:51.672,dummy,-2.206,-1.993,0.88,350.9,0.0,0.0,,,
2026-09-08 04:21:51.724,dummy,-2.183,-1.997,0.881,353.5,0.0,0.0,,,
2026-09-08 04:21:51.775,dummy,-2.159,-1.999,0.883,356.1,0.0,0.0,,,
2026-09-08 04:21:51.826,dummy,-2.135,-2.0,0.884,358.6,0.0,0.0,,,
2026-09-08 04:21:51.878,dummy,-2.111,-2.0,0.886,1.0,0.0,0.0,,,
2026-09-08 04:21:51.931,dummy,-2.087,-1.999,0.887,3.4,0.0,0.0,,,
2026-09-08 04:21:51.993,dummy,-2.057,-1.996,0.889,6.3,0.0,0.0,,,
2026-09-08 04:21:52.045,dummy,-2.031,-1.993,0.891,8.5,0.0,0.0,,,
2026-09-08 04:21:52.097,dummy,-2.006,-1.989,0.893,10.7,0.0,0.0,,,
2026-09-08 04:21:52.149,dummy,-1.981,-1.983,0.894,12.8,0.0,0.0,,,
2026-09-08 04:21:52.201,dummy,-1.955,-1.977,0.896,14.9,0.0,0.0,,,
2026-09-08 04:21:52.253,dummy,-1.929,-1.97,0.897,16.8,0.0,0.0,,,
2026-09-08 04:21:52.304,dummy,-1.902,-1.961,0.899,18.7,0.0,0.0,,,
2026-09-08 04:21:52.356,dummy,-1.876,-1.952,0.901,20.4,0.0,0.0,,,
2026-09-08 04:21:52.408,dummy,-1.849,-1.941,0.902,22.1,0.0,0.0,,,
2026-09-08 04:21:52.460,dummy,-1.822,-1.93,0.904,23.8,0.0,0.0,,,
2026-09-08 04:21:52.512,dummy,-1.794,-1.917,0.905,25.3,0.0,0.0,,,
2026-09-08 04:21:52.564,dummy,-1.767,-1.904,0.907,26.8,0.0,0.0,,,
2026-09-08 04:21:52.615,dummy,-1.739,-1.89,0.909,28.2,0.0,0.0,,,
2026-09-08 04:21:52.667,dummy,-1.711,-1.874,0.91,29.5,0.0,0.0,,,
2026-09-08 04:21:52.718,dummy,-1.683,-1.858,0.912,30.8,0.0,0.0,,,
2026-09-08 04:21:52.770,dummy,-1.655,-1.841,0.914,32.0,0.0,0.0,,,
2026-09-08 04:21:52.821,dummy,-1.627,-1.822,0.915,33.2,0.0,0.0,,,
2026-09-08 04:21:52.873,dummy,-1.598,-1.803,0.917,34.3,0.0,0.0,,,
2026-09-08 04:21:52.924,dummy,-1.569,-1.783,0.918,35.3,0.0,0.0,,,
2026-09-08 04:21:52.975,dummy,-1.54,-1.762,0.92,36.3,0.0,0.0,,,
2026-09-08 04:21:53.027,dummy,-1.511,-1.741,0.922,37.2,0.0,0.0,,,
2026-09-08 04:21:53.078,dummy,-1.482,-1.718,0.923,38.1,0.0,0.0,,,
2026-09-08 04:21:53.130,dummy,-1.452,-1.694,0.925,39.0,0.0,0.0,,,
2026-09-08 04:21:53.182,dummy,-1.422,-1.67,0.927,39.8,0.0,0.0,,,
2026-09-08 04:21:53.234,dummy,-1.392,-1.644,0.928,40.6,0.0,0.0,,,
2026-09-08 04:21:53.285,dummy,-1.362,-1.618,0.93,41.3,0.0,0.0,,,
2026-09-08 04:21:53.338,dummy,-1.331,-1.59,0.932,42.1,0.0,0.0,,,
2026-09-08 04:21:53.390,dummy,-1.3,-1.562,0.933,42.7,0.0,0.0,,,
2026-09-08 04:21:53.441,dummy,-1.269,-1.533,0.935,43.4,0.0,0.0,,,
2026-09-08 04:21:53.493,dummy,-1.238,-1.504,0.937,44.0,0.0,0.0,,,
2026-09-08 04:21:53.545,dummy,-1.207,-1.473,0.938,44.6,0.0,0.0,,,
2026-09-08 04:21:53.596,dummy,-1.176,-1.442,0.94,45.1,0.0,0.0,,,
2026-09-08 04:21:53.648,dummy,-1.144,-1.41,0.942,45.6,0.0,0.0,,,
2026-09-08 04:21:53.700,dummy,-1.112,-1.377,0.943,46.1,0.0,0.0,,,
2026-09-08 04:21:53.752,dummy,-1.081,-1.344,0.945,46.6,0.0,0.0,,,
2026-09-08 04:21:53.804,dummy,-1.048,-1.309,0.947,47.1,0.0,0.0,,,
2026-09-08 04:21:53.856,dummy,-1.016,-1.275,0.948,47.5,0.0,0.0,,,
2026-09-08 04:21:53.907,dummy,-0.984,-1.24,0.95,47.9,0.0,0.0,,,
2026-09-08 04:21:53.959,dummy,-0.952,-1.203,0.952,48.3,0.0,0.0,,,
2026-09-08 04:21:54.011,dummy,-0.919,-1.167,0.953,48.7,0.0,0.0,,,
2026-09-08 04:21:54.063,dummy,-0.887,-1.129,0.955,49.0,0.0,0.0,,,
2026-09-08 04:21:54.130,dummy,-0.845,-1.081,0.957,49.5,0.0,0.0,,,
2026-09-08 04:21:54.187,dummy,-0.808,-1.037,0.959,49.8,0.0,0.0,,,
2026-09-08 04:21:54.239,dummy,-0.775,-0.998,0.961,50.1,0.0,0.0,,,
2026-09-08 04:21:54.290,dummy,-0.742,-0.959,0.963,50.4,0.0,0.0,,,
2026-09-08 04:21:54.342,dummy,-0.709,-0.919,0.964,50.6,0.0,0.0,,,
2026-09-08 04:21:54.398,dummy,-0.673,-0.875,0.966,50.9,0.0,0.0,,,
2026-09-08 04:21:54.450,dummy,-0.64,-0.833,0.968,51.1,0.0,0.0,,,
2026-09-08 04:21:54.501,dummy,-0.607,-0.792,0.97,51.3,0.0,0.0,,,
2026-09-08 04:21:54.553,dummy,-0.573,-0.75,0.971,51.5,0.0,0.0,,,
2026-09-08 04:21:54.604,dummy,-0.54,-0.708,0.973,51.7,0.0,0.0,,,
2026-09-08 04:21:54.656,dummy,-0.506,-0.665,0.975,51.9,0.0,0.0,,,
2026-09-08 04:21:54.707,dummy,-0.473,-0.622,0.976,52.1,0.0,0.0,,,
2026-09-08 04:21:54.759,dummy,-0.439,-0.579,0.978,52.2,0.0,0.0,,,
2026-09-08 04:21:54.811,dummy,-0.405,-0.535,0.98,52.4,0.0,0.0,,,
2026-09-08 04:21:54.863,dummy,-0.371,-0.491,0.981,52.5,0.0,0.0,,,
2026-09-08 04:21:54.914,dummy,-0.337,-0.447,0.983,52.6,0.0,0.0,,,
2026-09-08 04:21:54.966,dummy,-0.304,-0.403,0.985,52.7,0.0,0.0,,,
2026-09-08 04:21:55.017,dummy,-0.27,-0.358,0.986,52.8,0.0,0.0,,,
2026-09-08 04:21:55.075,dummy,-0.235,-0.313,0.988,52.9,0.0,0.0,,,
2026-09-08 04:21:55.127,dummy,-0.197,-0.263,0.99,53.0,0.0,0.0,,,
2026-09-08 04:21:55.179,dummy,-0.164,-0.218,0.992,53.0,0.0,0.0,,,
2026-09-08 04:21:55.231,dummy,-0.129,-0.172,0.994,53.1,0.0,0.0,,,
2026-09-08 04:21:55.283,dummy,-0.095,-0.126,0.995,53.1,0.0,0.0,,,
2026-09-08 04:21:55.335,dummy,-0.06,-0.08,0.997,53.1,0.0,0.0,,,
2026-09-08 04:21:55.387,dummy,-0.026,-0.035,0.999,53.1,0.0,0.0,,,
2026-09-08 04:21:55.439,dummy,0.008,0.011,1.0,53.1,0.0,0.0,,,
2026-09-08 04:21:55.491,dummy,0.042,0.056,1.002,53.1,0.0,0.0,,,
2026-09-08 04:21:55.542,dummy,0.076,0.102,1.004,53.1,0.0,0.0,,,
2026-09-08 04:21:55.594,dummy,0.11,0.147,1.006,53.1,0.0,0.0,,,
2026-09-08 04:21:55.645,dummy,0.144,0.192,1.007,53.0,0.0,0.0,,,
2026-09-08 04:21:55.697,dummy,0.178,0.237,1.009,53.0,0.0,0.0,,,
2026-09-08 04:21:55.748,dummy,0.212,0.282,1.011,52.9,0.0,0.0,,,
2026-09-08 04:21:55.801,dummy,0.247,0.328,1.012,52.8,0.0,0.0,,,
2026-09-08 04:21:55.853,dummy,0.281,0.373,1.014,52.8,0.0,0.0,,,
2026-09-08 04:21:55.910,dummy,0.319,0.422,1.016,52.7,0.0,0.0,,,
2026-09-08 04:21:55.962,dummy,0.353,0.467,1.018,52.5,0.0,0.0,,,
2026-09-08 04:21:56.014,dummy,0.386,0.511,1.019,52.4,0.0,0.0,,,
2026-09-08 04:21:56.066,dummy,0.42,0.555,1.021,52.3,0.0,0.0,,,
2026-09-08 04:21:56.117,dummy,0.454,0.599,1.023,52.2,0.0,0.0,,,
2026-09-08 04:21:56.169,dummy,0.488,0.642,1.024,52.0,0.0,0.0,,,
2026-09-08 04:21:56.221,dummy,0.521,0.685,1.026,51.8,0.0,0.0,,,
2026-09-08 04:21:56.272,dummy,0.555,0.727,1.028,51.6,0.0,0.0,,,
2026-09-08 04:21:56.324,dummy,0.589,0.77,1.03,51.5,0.0,0.0,,,
2026-09-08 04:21:56.376,dummy,0.622,0.811,1.031,51.2,0.0,0.0,,,
2026-09-08 04:21:56.428,dummy,0.655,0.853,1.033,51.0,0.0,0.0,,,
2026-09-08 04:21:56.479,dummy,0.689,0.894,1.035,50.8,0.0,0.0,,,
2026-09-08 04:21:56.532,dummy,0.722,0.935,1.036,50.5,0.0,0.0,,,
2026-09-08 04:21:56.585,dummy,0.755,0.975,1.038,50.3,0.0,0.0,,,
2026-09-08 04:21:56.636,dummy,0.789,1.015,1.04,50.0,0.0,0.0,,,
2026-09-08 04:21:56.688,dummy,0.822,1.054,1.041,49.7,0.0,0.0,,,
2026-09-08 04:21:56.740,dummy,0.855,1.092,1.043,49.4,0.0,0.0,,,
2026-09-08 04:21:56.791,dummy,0.887,1.13,1.045,49.0,0.0,0.0,,,
2026-09-08 04:21:56.842,dummy,0.919,1.167,1.047,48.7,0.0,0.0,,,
2026-09-08 04:21:56.893,dummy,0.951,1.203,1.048,48.3,0.0,0.0,,,
2026-09-08 04:21:56.945,dummy,0.984,1.239,1.05,47.9,0.0,0.0,,,
2026-09-08 04:21:56.996,dummy,1.016,1.274,1.052,47.5,0.0,0.0,,,
2026-09-08 04:21:57.049,dummy,1.048,1.309,1.053,47.1,0.0,0.0,,,
2026-09-08 04:21:57.100,dummy,1.08,1.343,1.055,46.6,0.0,0.0,,,
2026-09-08 04:21:57.152,dummy,1.111,1.376,1.057,46.2,0.0,0.0,,,
2026-09-08 04:21:57.203,dummy,1.143,1.409,1.058,45.7,0.0,0.0,,,
2026-09-08 04:21:57.255,dummy,1.175,1.441,1.06,45.1,0.0,0.0,,,
2026-09-08 04:21:57.307,dummy,1.206,1.473,1.062,44.6,0.0,0.0,,,
2026-09-08 04:21:57.359,dummy,1.237,1.503,1.063,44.0,0.0,0.0,,,
2026-09-08 04:21:57.411,dummy,1.268,1.533,1.065,43.4,0.0,0.0,,,
2026-09-08 04:21:57.462,dummy,1.299,1.561,1.067,42.8,0.0,0.0,,,
2026-09-08 04:21:57.514,dummy,1.33,1.589,1.068,42.1,0.0,0.0,,,
2026-09-08 04:21:57.565,dummy,1.36,1.616,1.07,41.4,0.0,0.0,,,
2026-09-08 04:21:57.619,dummy,1.391,1.643,1.072,40.6,0.0,0.0,,,
2026-09-08 04:21:57.670,dummy,1.421,1.669,1.073,39.8,0.0,0.0,,,
2026-09-08 04:21:57.722,dummy,1.451,1.694,1.075,39.0,0.0,0.0,,,
2026-09-08 04:21:57.773,dummy,1.481,1.717,1.077,38.2,0.0,0.0,,,
2026-09-08 04:21:57.825,dummy,1.511,1.74,1.078,37.3,0.0,0.0,,,
2026-09-08 04:21:57.877,dummy,1.54,1.762,1.08,36.3,0.0,0.0,,,
2026-09-08 04:21:57.928,dummy,1.569,1.783,1.082,35.3,0.0,0.0,,,
2026-09-08 04:21:57.980,dummy,1.598,1.803,1.083,34.3,0.0,0.0,,,
2026-09-08 04:21:58.032,dummy,1.627,1.822,1.085,33.2,0.0,0.0,,,
2026-09-08 04:21:58.083,dummy,1.655,1.841,1.086,32.0,0.0,0.0,,,
2026-09-08 04:21:58.135,dummy,1.684,1.858,1.088,30.8,0.0,0.0,,,
2026-09-08 04:21:58.187,dummy,1.712,1.875,1.09,29.5,0.0,0.0,,,
2026-09-08 04:21:58.239,dummy,1.74,1.89,1.091,28.2,0.0,0.0,,,
2026-09-08 04:21:58.290,dummy,1.768,1.904,1.093,26.8,0.0,0.0,,,
2026-09-08 04:21:58.342,dummy,1.795,1.918,1.095,25.3,0.0,0.0,,,
2026-09-08 04:21:58.397,dummy,1.824,1.931,1.096,23.7,0.0,0.0,,,
2026-09-08 04:21:58.448,dummy,1.851,1.942,1.098,22.0,0.0,0.0,,,
2026-09-08 04:21:58.500,dummy,1.877,1.952,1.099,20.3,0.0,0.0,,,
2026-09-08 04:21:58.552,dummy,1.904,1.962,1.101,18.5,0.0,0.0,,,
2026-09-08 04:21:58.604,dummy,1.93,1.97,1.103,16.7,0.0,0.0,,,
2026-09-08 04:21:58.656,dummy,1.957,1.978,1.104,14.7,0.0,0.0,,,
2026-09-08 04:21:58.708,dummy,1.982,1.984,1.106,12.7,0.0,0.0,,,
2026-09-08 04:21:58.760,dummy,2.008,1.989,1.108,10.6,0.0,0.0,,,
2026-09-08 04:21:58.812,dummy,2.033,1.993,1.109,8.4,0.0,0.0,,,
2026-09-08 04:21:58.863,dummy,2.058,1.997,1.111,6.1,0.0,0.0,,,
2026-09-08 04:21:58.915,dummy,2.083,1.999,1.112,3.8,0.0,0.0,,,
2026-09-08 04:21:58.967,dummy,2.107,2.0,1.114,1.4,0.0,0.0,,,
2026-09-08 04:21:59.019,dummy,2.132,2.0,1.115,359.0,0.0,0.0,,,
2026-09-08 04:21:59.071,dummy,2.156,1.999,1.117,356.4,0.0,0.0,,,
2026-09-08 04:21:59.122,dummy,2.179,1.997,1.119,353.9,0.0,0.0,,,
2026-09-08 04:21:59.173,dummy,2.202,1.994,1.12,351.3,0.0,0.0,,,
2026-09-08 04:21:59.225,dummy,2.225,1.99,1.122,348.7,0.0,0.0,,,
2026-09-08 04:21:59.276,dummy,2.248,1.985,1.123,346.1,0.0,0.0,,,
2026-09-08 04:21:59.330,dummy,2.271,1.979,1.125,343.4,0.0,0.0,,,
2026-09-08 04:21:59.381,dummy,2.293,1.971,1.126,340.8,0.0,0.0,,,
2026-09-08 04:21:59.432,dummy,2.315,1.963,1.128,338.2,0.0,0.0,,,
2026-09-08 04:21:59.484,dummy,2.336,1.954,1.129,335.7,0.0,0.0,,,
2026-09-08 04:21:59.536,dummy,2.358,1.944,1.131,333.1,0.0,0.0,,,
2026-09-08 04:21:59.588,dummy,2.378,1.933,1.133,330.6,0.0,0.0,,,
2026-09-08 04:21:59.639,dummy,2.399,1.921,1.134,328.2,0.0,0.0,,,
2026-09-08 04:21:59.691,dummy,2.419,1.907,1.136,325.9,0.0,0.0,,,
2026-09-08 04:21:59.743,dummy,2.44,1.893,1.137,323.5,0.0,0.0,,,
2026-09-08 04:21:59.794,dummy,2.459,1.878,1.139,321.3,0.0,0.0,,,
2026-09-08 04:21:59.846,dummy,2.478,1.862,1.14,319.2,0.0,0.0,,,
2026-09-08 04:21:59.897,dummy,2.497,1.845,1.142,317.1,0.0,0.0,,,
2026-09-08 04:21:59.949,dummy,2.516,1.827,1.143,315.1,0.0,0.0,,,
2026-09-08 04:22:00.000,dummy,2.534,1.808,1.145,313.2,0.0,0.0,,,
2026-09-08 04:22:00.052,dummy,2.552,1.788,1.146,311.4,0.0,0.0,,,
2026-09-08 04:22:00.103,dummy,2.57,1.768,1.148,309.6,0.0,0.0,,,
2026-09-08 04:22:00.155,dummy,2.588,1.746,1.149,307.9,0.0,0.0,,,
2026-09-08 04:22:00.207,dummy,2.605,1.723,1.151,306.3,0.0,0.0,,,
2026-09-08 04:22:00.259,dummy,2.622,1.699,1.152,304.7,0.0,0.0,,,
2026-09-08 04:22:00.311,dummy,2.638,1.675,1.154,303.1,0.0,0.0,,,
2026-09-08 04:22:00.363,dummy,2.654,1.649,1.155,301.7,0.0,0.0,,,
2026-09-08 04:22:00.414,dummy,2.67,1.623,1.156,300.3,0.0,0.0,,,
2026-09-08 04:22:00.466,dummy,2.685,1.596,1.158,299.0,0.0,0.0,,,
2026-09-08 04:22:00.518,dummy,2.7,1.569,1.159,297.8,0.0,0.0,,,
2026-09-08 04:22:00.569,dummy,2.715,1.54,1.161,296.6,0.0,0.0,,,
2026-09-08 04:22:00.621,dummy,2.729,1.511,1.162,295.4,0.0,0.0,,,
2026-09-08 04:22:00.673,dummy,2.743,1.48,1.164,294.3,0.0,0.0,,,
2026-09-08 04:22:00.726,dummy,2.757,1.449,1.165,293.2,0.0,0.0,,,
2026-09-08 04:22:00.777,dummy,2.77,1.417,1.167,292.2,0.0,0.0,,,
2026-09-08 04:22:00.830,dummy,2.784,1.384,1.168,291.2,0.0,0.0,,,
2026-09-08 04:22:00.882,dummy,2.796,1.351,1.169,290.2,0.0,0.0,,,
2026-09-08 04:22:00.933,dummy,2.808,1.317,1.171,289.3,0.0,0.0,,,
2026-09-08 04:22:00.985,dummy,2.82,1.282,1.172,288.4,0.0,0.0,,,
2026-09-08 04:22:01.036,dummy,2.832,1.247,1.174,287.6,0.0,0.0,,,
2026-09-08 04:22:01.088,dummy,2.843,1.211,1.175,286.8,0.0,0.0,,,
2026-09-08 04:22:01.139,dummy,2.853,1.175,1.176,286.0,0.0,0.0,,,
2026-09-08 04:22:01.192,dummy,2.864,1.138,1.178,285.2,0.0,0.0,,,
2026-09-08 04:22:01.243,dummy,2.874,1.1,1.179,284.5,0.0,0.0,,,
2026-09-08 04:22:01.295,dummy,2.883,1.062,1.18,283.7,0.0,0.0,,,
2026-09-08 04:22:01.346,dummy,2.893,1.023,1.182,283.0,0.0,0.0,,,
2026-09-08 04:22:01.398,dummy,2.901,0.984,1.183,282.4,0.0,0.0,,,
2026-09-08 04:22:01.449,dummy,2.91,0.944,1.185,281.7,0.0,0.0,,,
2026-09-08 04:22:01.515,dummy,2.92,0.893,1.186,280.9,0.0,0.0,,,
2026-09-08 04:22:01.567,dummy,2.928,0.852,1.188,280.3,0.0,0.0,,,
2026-09-08 04:22:01.618,dummy,2.935,0.811,1.189,279.6,0.0,0.0,,,
2026-09-08 04:22:01.670,dummy,2.942,0.769,1.19,279.0,0.0,0.0,,,
2026-09-08 04:22:01.721,dummy,2.948,0.727,1.192,278.5,0.0,0.0,,,
2026-09-08 04:22:01.773,dummy,2.954,0.684,1.193,277.9,0.0,0.0,,,
2026-09-08 04:22:01.825,dummy,2.96,0.641,1.194,277.3,0.0,0.0,,,
2026-09-08 04:22:01.880,dummy,2.965,0.598,1.195,276.8,0.0,0.0,,,
2026-09-08 04:22:01.932,dummy,2.971,0.551,1.197,276.2,0.0,0.0,,,
2026-09-08 04:22:01.984,dummy,2.975,0.507,1.198,275.7,0.0,0.0,,,
2026-09-08 04:22:02.035,dummy,2.98,0.463,1.199,275.1,0.0,0.0,,,
2026-09-08 04:22:02.087,dummy,2.983,0.419,1.201,274.6,0.0,0.0,,,
2026-09-08 04:22:02.138,dummy,2.987,0.375,1.202,274.1,0.0,0.0,,,
2026-09-08 04:22:02.192,dummy,2.99,0.329,1.203,273.6,0.0,0.0,,,
2026-09-08 04:22:02.243,dummy,2.992,0.283,1.204,273.1,0.0,0.0,,,
2026-09-08 04:22:02.296,dummy,2.995,0.238,1.206,272.6,0.0,0.0,,,
2026-09-08 04:22:02.347,dummy,2.997,0.193,1.207,272.1,0.0,0.0,,,
2026-09-08 04:22:02.399,dummy,2.998,0.148,1.208,271.6,0.0,0.0,,,
2026-09-08 04:22:02.450,dummy,2.999,0.102,1.209,271.1,0.0,0.0,,,
2026-09-08 04:22:02.503,dummy,3.0,0.056,1.211,270.6,0.0,0.0,,,
2026-09-08 04:22:02.554,dummy,3.0,0.011,1.212,270.1,0.0,0.0,,,
2026-09-08 04:22:02.606,dummy,3.0,-0.035,1.213,269.6,0.0,0.0,,,
2026-09-08 04:22:02.657,dummy,2.999,-0.08,1.214,269.1,0.0,0.0,,,
2026-09-08 04:22:02.708,dummy,2.999,-0.125,1.215,268.7,0.0,0.0,,,
2026-09-08 04:22:02.760,dummy,2.997,-0.17,1.217,268.2,0.0,0.0,,,
2026-09-08 04:22:02.811,dummy,2.996,-0.215,1.218,267.7,0.0,0.0,,,
2026-09-08 04:22:02.862,dummy,2.994,-0.259,1.219,267.2,0.0,0.0,,,
2026-09-08 04:22:02.914,dummy,2.991,-0.304,1.22,266.7,0.0,0.0,,,
2026-09-08 04:22:02.965,dummy,2.988,-0.349,1.221,266.2,0.0,0.0,,,
2026-09-08 04:22:03.017,dummy,2.985,-0.394,1.222,265.7,0.0,0.0,,,
2026-09-08 04:22:03.068,dummy,2.982,-0.438,1.224,265.2,0.0,0.0,,,
2026-09-08 04:22:03.120,dummy,2.978,-0.482,1.225,264.6,0.0,0.0,,,
2026-09-08 04:22:03.172,dummy,2.973,-0.526,1.226,264.1,0.0,0.0,,,
2026-09-08 04:22:03.223,dummy,2.969,-0.57,1.227,263.6,0.0,0.0,,,
2026-09-08 04:22:03.275,dummy,2.964,-0.613,1.228,263.0,0.0,0.0,,,
2026-09-08 04:22:03.326,dummy,2.958,-0.656,1.229,262.5,0.0,0.0,,,
2026-09-08 04:22:03.378,dummy,2.952,-0.699,1.23,261.9,0.0,0.0,,,
2026-09-08 04:22:03.429,dummy,2.946,-0.741,1.231,261.3,0.0,0.0,,,
2026-09-08 04:22:03.481,dummy,2.94,-0.783,1.232,260.8,0.0,0.0,,,
2026-09-08 04:22:03.532,dummy,2.933,-0.824,1.233,260.2,0.0,0.0,,,
2026-09-08 04:22:03.584,dummy,2.925,-0.865,1.234,259.5,0.0,0.0,,,
2026-09-08 04:22:03.636,dummy,2.917,-0.906,1.236,258.9,0.0,0.0,,,
2026-09-08 04:22:03.687,dummy,2.909,-0.947,1.237,258.3,0.0,0.0,,,
2026-09-08 04:22:03.739,dummy,2.901,-0.986,1.238,257.6,0.0,0.0,,,
2026-09-08 04:22:03.790,dummy,2.892,-1.025,1.239,256.9,0.0,0.0,,,
2026-09-08 04:22:03.842,dummy,2.883,-1.064,1.24,256.2,0.0,0.0,,,
2026-09-08 04:22:03.894,dummy,2.873,-1.103,1.241,255.5,0.0,0.0,,,
2026-09-08 04:22:03.948,dummy,2.862,-1.142,1.242,254.7,0.0,0.0,,,
2026-09-08 04:22:04.001,dummy,2.852,-1.18,1.243,253.9,0.0,0.0,,,
2026-09-08 04:22:04.052,dummy,2.841,-1.216,1.244,253.1,0.0,0.0,,,
2026-09-08 04:22:04.103,dummy,2.83,-1.252,1.245,252.3,0.0,0.0,,,
2026-09-08 04:22:04.155,dummy,2.819,-1.287,1.246,251.5,0.0,0.0,,,
2026-09-08 04:22:04.206,dummy,2.807,-1.321,1.247,250.6,0.0,0.0,,,
2026-09-08 04:22:04.258,dummy,2.795,-1.355,1.248,249.7,0.0,0.0,,,
2026-09-08 04:22:04.310,dummy,2.782,-1.388,1.249,248.7,0.0,0.0,,,
2026-09-08 04:22:04.361,dummy,2.769,-1.42,1.25,247.7,0.0,0.0,,,
2026-09-08 04:22:04.413,dummy,2.756,-1.452,1.251,246.7,0.0,0.0,,,
2026-09-08 04:22:04.466,dummy,2.742,-1.483,1.252,245.6,0.0,0.0,,,
2026-09-08 04:22:04.517,dummy,2.728,-1.513,1.252,244.5,0.0,0.0,,,
2026-09-08 04:22:04.569,dummy,2.713,-1.543,1.253,243.3,0.0,0.0,,,
2026-09-08 04:22:04.621,dummy,2.699,-1.571,1.254,242.1,0.0,0.0,,,
2026-09-08 04:22:04.672,dummy,2.684,-1.599,1.255,240.8,0.0,0.0,,,
2026-09-08 04:22:04.724,dummy,2.668,-1.626,1.256,239.5,0.0,0.0,,,
2026-09-08 04:22:04.776,dummy,2.653,-1.652,1.257,238.1,0.0,0.0,,,
2026-09-08 04:22:04.827,dummy,2.636,-1.677,1.258,236.7,0.0,0.0,,,
2026-09-08 04:22:04.879,dummy,2.62,-1.702,1.259,235.2,0.0,0.0,,,
2026-09-08 04:22:04.931,dummy,2.603,-1.725,1.26,233.6,0.0,0.0,,,
2026-09-08 04:22:04.983,dummy,2.586,-1.748,1.26,232.0,0.0,0.0,,,
2026-09-08 04:22:05.034,dummy,2.569,-1.769,1.261,230.3,0.0,0.0,,,
2026-09-08 04:22:05.086,dummy,2.551,-1.79,1.262,228.5,0.0,0.0,,,
2026-09-08 04:22:05.137,dummy,2.533,-1.81,1.263,226.6,0.0,0.0,,,
2026-09-08 04:22:05.189,dummy,2.514,-1.829,1.264,224.7,0.0,0.0,,,
2026-09-08 04:22:05.241,dummy,2.495,-1.847,1.265,222.7,0.0,0.0,,,
2026-09-08 04:22:05.294,dummy,2.476,-1.864,1.265,220.6,0.0,0.0,,,
2026-09-08 04:22:05.345,dummy,2.457,-1.88,1.266,218.4,0.0,0.0,,,
2026-09-08 04:22:05.397,dummy,2.437,-1.895,1.267,216.2,0.0,0.0,,,
2026-09-08 04:22:05.449,dummy,2.417,-1.909,1.268,213.8,0.0,0.0,,,
2026-09-08 04:22:05.501,dummy,2.396,-1.922,1.268,211.5,0.0,0.0,,,
2026-09-08 04:22:05.552,dummy,2.376,-1.934,1.269,209.1,0.0,0.0,,,
2026-09-08 04:22:05.604,dummy,2.355,-1.945,1.27,206.5,0.0,0.0,,,
2026-09-08 04:22:05.656,dummy,2.333,-1.955,1.271,204.0,0.0,0.0,,,
2026-09-08 04:22:05.708,dummy,2.312,-1.964,1.271,201.4,0.0,0.0,,,
2026-09-08 04:22:05.759,dummy,2.29,-1.972,1.272,198.8,0.0,0.0,,,
2026-09-08 04:22:05.811,dummy,2.268,-1.979,1.273,196.2,0.0,0.0,,,
2026-09-08 04:22:05.863,dummy,2.245,-1.986,1.274,193.6,0.0,0.0,,,
2026-09-08 04:22:05.914,dummy,2.222,-1.99,1.274,191.0,0.0,0.0,,,
2026-09-08 04:22:05.983,dummy,2.195,-1.995,1.275,187.8,0.0,0.0,,,
2026-09-08 04:22:06.035,dummy,2.168,-1.998,1.276,184.9,0.0,0.0,,,
2026-09-08 04:22:06.086,dummy,2.145,-2.0,1.277,182.4,0.0,0.0,,,
2026-09-08 04:22:06.140,dummy,2.12,-2.0,1.277,179.8,0.0,0.0,,,
2026-09-08 04:22:06.191,dummy,2.096,-1.999,1.278,177.4,0.0,0.0,,,
2026-09-08 04:22:06.243,dummy,2.071,-1.998,1.278,175.1,0.0,0.0,,,
2026-09-08 04:22:06.294,dummy,2.047,-1.995,1.279,172.8,0.0,0.0,,,
2026-09-08 04:22:06.345,dummy,2.022,-1.992,1.28,170.6,0.0,0.0,,,
2026-09-08 04:22:06.396,dummy,1.997,-1.987,1.28,168.5,0.0,0.0,,,
2026-09-08 04:22:06.448,dummy,1.971,-1.981,1.281,166.4,0.0,0.0,,,
2026-09-08 04:22:06.500,dummy,1.945,-1.974,1.282,164.4,0.0,0.0,,,
2026-09-08 04:22:06.553,dummy,1.919,-1.967,1.282,162.5,0.0,0.0,,,
2026-09-08 04:22:06.605,dummy,1.892,-1.958,1.283,160.6,0.0,0.0,,,
2026-09-08 04:22:06.656,dummy,1.866,-1.948,1.283,158.9,0.0,0.0,,,
2026-09-08 04:22:06.707,dummy,1.839,-1.937,1.284,157.2,0.0,0.0,,,
2026-09-08 04:22:06.759,dummy,1.812,-1.926,1.284,155.7,0.0,0.0,,,
2026-09-08 04:22:06.810,dummy,1.785,-1.913,1.285,154.2,0.0,0.0,,,
2026-09-08 04:22:06.862,dummy,1.757,-1.899,1.285,152.7,0.0,0.0,,,
2026-09-08 04:22:06.913,dummy,1.73,-1.884,1.286,151.3,0.0,0.0,,,
2026-09-08 04:22:06.965,dummy,1.701,-1.868,1.286,150.0,0.0,0.0,,,
2026-09-08 04:22:07.017,dummy,1.674,-1.852,1.287,148.8,0.0,0.0,,,
2026-09-08 04:22:07.069,dummy,1.645,-1.834,1.287,147.6,0.0,0.0,,,
2026-09-08 04:22:07.121,dummy,1.616,-1.815,1.288,146.4,0.0,0.0,,,
2026-09-08 04:22:07.172,dummy,1.587,-1.796,1.288,145.3,0.0,0.0,,,
2026-09-08 04:22:07.223,dummy,1.559,-1.776,1.289,144.3,0.0,0.0,,,
2026-09-08 04:22:07.274,dummy,1.53,-1.754,1.289,143.3,0.0,0.0,,,
2026-09-08 04:22:07.326,dummy,1.501,-1.732,1.29,142.4,0.0,0.0,,,
2026-09-08 04:22:07.377,dummy,1.471,-1.709,1.29,141.5,0.0,0.0,,,
2026-09-08 04:22:07.429,dummy,1.441,-1.685,1.291,140.7,0.0,0.0,,,
2026-09-08 04:22:07.480,dummy,1.411,-1.66,1.291,139.9,0.0,0.0,,,
2026-09-08 04:22:07.541,dummy,1.376,-1.63,1.292,139.0,0.0,0.0,,,
2026-09-08 04:22:07.592,dummy,1.346,-1.603,1.292,138.3,0.0,0.0,,,
2026-09-08 04:22:07.644,dummy,1.315,-1.576,1.292,137.6,0.0,0.0,,,
2026-09-08 04:22:07.695,dummy,1.285,-1.548,1.293,136.9,0.0,0.0,,,
2026-09-08 04:22:07.746,dummy,1.254,-1.519,1.293,136.3,0.0,0.0,,,
2026-09-08 04:22:07.798,dummy,1.223,-1.489,1.293,135.7,0.0,0.0,,,
2026-09-08 04:22:07.850,dummy,1.192,-1.458,1.294,135.2,0.0,0.0,,,
2026-09-08 04:22:07.901,dummy,1.16,-1.427,1.294,134.6,0.0,0.0,,,
2026-09-08 04:22:07.953,dummy,1.129,-1.395,1.294,134.1,0.0,0.0,,,
2026-09-08 04:22:08.004,dummy,1.097,-1.362,1.295,133.6,0.0,0.0,,,
2026-09-08 04:22:08.056,dummy,1.065,-1.328,1.295,133.2,0.0,0.0,,,
2026-09-08 04:22:08.108,dummy,1.034,-1.294,1.295,132.7,0.0,0.0,,,
2026-09-08 04:22:08.160,dummy,1.001,-1.259,1.296,132.3,0.0,0.0,,,
2026-09-08 04:22:08.211,dummy,0.969,-1.223,1.296,131.9,0.0,0.0,,,
2026-09-08 04:22:08.262,dummy,0.937,-1.187,1.296,131.5,0.0,0.0,,,
2026-09-08 04:22:08.315,dummy,0.904,-1.15,1.296,131.2,0.0,0.0,,,
2026-09-08 04:22:08.366,dummy,0.872,-1.112,1.297,130.8,0.0,0.0,,,
2026-09-08 04:22:08.426,dummy,0.837,-1.072,1.297,130.5,0.0,0.0,,,
2026-09-08 04:22:08.478,dummy,0.801,-1.029,1.297,130.1,0.0,0.0,,,
2026-09-08 04:22:08.531,dummy,0.768,-0.99,1.297,129.8,0.0,0.0,,,
2026-09-08 04:22:08.588,dummy,0.731,-0.945,1.298,129.5,0.0,0.0,,,
2026-09-08 04:22:08.642,dummy,0.697,-0.904,1.298,129.3,0.0,0.0,,,
2026-09-08 04:22:08.693,dummy,0.663,-0.862,1.298,129.0,0.0,0.0,,,
2026-09-08 04:22:08.745,dummy,0.63,-0.821,1.298,128.8,0.0,0.0,,,
2026-09-08 04:22:08.798,dummy,0.596,-0.778,1.299,128.6,0.0,0.0,,,
2026-09-08 04:22:08.849,dummy,0.562,-0.736,1.299,128.4,0.0,0.0,,,
2026-09-08 04:22:08.901,dummy,0.529,-0.694,1.299,128.2,0.0,0.0,,,
2026-09-08 04:22:08.952,dummy,0.495,-0.651,1.299,128.0,0.0,0.0,,,
2026-09-08 04:22:09.004,dummy,0.462,-0.609,1.299,127.9,0.0,0.0,,,
2026-09-08 04:22:09.055,dummy,0.428,-0.565,1.299,127.7,0.0,0.0,,,
2026-09-08 04:22:09.107,dummy,0.394,-0.521,1.299,127.6,0.0,0.0,,,
2026-09-08 04:22:09.158,dummy,0.361,-0.478,1.299,127.5,0.0,0.0,,,
2026-09-08 04:22:09.210,dummy,0.327,-0.434,1.3,127.4,0.0,0.0,,,
2026-09-08 04:22:09.261,dummy,0.294,-0.389,1.3,127.3,0.0,0.0,,,
2026-09-08 04:22:09.312,dummy,0.26,-0.345,1.3,127.2,0.0,0.0,,,
2026-09-08 04:22:09.364,dummy,0.226,-0.3,1.3,127.1,0.0,0.0,,,
2026-09-08 04:22:09.415,dummy,0.192,-0.255,1.3,127.0,0.0,0.0,,,
2026-09-08 04:22:09.467,dummy,0.158,-0.211,1.3,127.0,0.0,0.0,,,
2026-09-08 04:22:09.518,dummy,0.124,-0.166,1.3,126.9,0.0,0.0,,,
2026-09-08 04:22:09.570,dummy,0.09,-0.121,1.3,126.9,0.0,0.0,,,
2026-09-08 04:22:09.621,dummy,0.056,-0.075,1.3,126.9,0.0,0.0,,,
2026-09-08 04:22:09.672,dummy,0.022,-0.03,1.3,126.9,0.0,0.0,,,
2026-09-08 04:22:09.723,dummy,-0.011,0.015,1.3,126.9,0.0,0.0,,,
2026-09-08 04:22:09.774,dummy,-0.045,0.06,1.3,126.9,0.0,0.0,,,
2026-09-08 04:22:09.826,dummy,-0.079,0.105,1.3,126.9,0.0,0.0,,,
2026-09-08 04:22:09.877,dummy,-0.113,0.15,1.3,126.9,0.0,0.0,,,
2026-09-08 04:22:09.929,dummy,-0.147,0.195,1.3,127.0,0.0,0.0,,,
2026-09-08 04:22:09.982,dummy,-0.182,0.242,1.3,127.0,0.0,0.0,,,
2026-09-08 04:22:10.033,dummy,-0.215,0.286,1.3,127.1,0.0,0.0,,,
2026-09-08 04:22:10.084,dummy,-0.249,0.331,1.3,127.2,0.0,0.0,,,
2026-09-08 04:22:10.135,dummy,-0.283,0.375,1.3,127.2,0.0,0.0,,,
2026-09-08 04:22:10.187,dummy,-0.316,0.42,1.3,127.3,0.0,0.0,,,
2026-09-08 04:22:10.238,dummy,-0.35,0.464,1.299,127.4,0.0,0.0,,,
2026-09-08 04:22:10.289,dummy,-0.384,0.507,1.299,127.6,0.0,0.0,,,
2026-09-08 04:22:10.340,dummy,-0.417,0.55,1.299,127.7,0.0,0.0,,,
2026-09-08 04:22:10.391,dummy,-0.45,0.594,1.299,127.8,0.0,0.0,,,
2026-09-08 04:22:10.442,dummy,-0.484,0.636,1.299,128.0,0.0,0.0,,,
2026-09-08 04:22:10.494,dummy,-0.517,0.679,1.299,128.1,0.0,0.0,,,
2026-09-08 04:22:10.545,dummy,-0.551,0.722,1.299,128.3,0.0,0.0,,,
2026-09-08 04:22:10.596,dummy,-0.584,0.763,1.299,128.5,0.0,0.0,,,
2026-09-08 04:22:10.648,dummy,-0.617,0.805,1.298,128.7,0.0,0.0,,,
2026-09-08 04:22:10.699,dummy,-0.65,0.846,1.298,128.9,0.0,0.0,,,
2026-09-08 04:22:10.750,dummy,-0.683,0.886,1.298,129.2,0.0,0.0,,,
2026-09-08 04:22:10.801,dummy,-0.715,0.926,1.298,129.4,0.0,0.0,,,
2026-09-08 04:22:10.852,dummy,-0.748,0.966,1.298,129.7,0.0,0.0,,,
2026-09-08 04:22:10.903,dummy,-0.781,1.005,1.297,130.0,0.0,0.0,,,
2026-09-08 04:22:10.956,dummy,-0.814,1.045,1.297,130.2,0.0,0.0,,,
2026-09-08 04:22:11.007,dummy,-0.847,1.083,1.297,130.6,0.0,0.0,,,
2026-09-08 04:22:11.059,dummy,-0.879,1.121,1.297,130.9,0.0,0.0,,,
2026-09-08 04:22:11.110,dummy,-0.912,1.158,1.296,131.2,0.0,0.0,,,
2026-09-08 04:22:11.161,dummy,-0.944,1.195,1.296,131.6,0.0,0.0,,,
2026-09-08 04:22:11.213,dummy,-0.976,1.231,1.296,132.0,0.0,0.0,,,
2026-09-08 04:22:11.264,dummy,-1.008,1.266,1.296,132.4,0.0,0.0,,,
2026-09-08 04:22:11.315,dummy,-1.04,1.3,1.295,132.8,0.0,0.0,,,
2026-09-08 04:22:11.367,dummy,-1.072,1.335,1.295,133.2,0.0,0.0,,,
2026-09-08 04:22:11.418,dummy,-1.103,1.368,1.295,133.7,0.0,0.0,,,
2026-09-08 04:22:11.470,dummy,-1.135,1.4,1.294,134.2,0.0,0.0,,,
2026-09-08 04:22:11.522,dummy,-1.167,1.433,1.294,134.7,0.0,0.0,,,
2026-09-08 04:22:11.576,dummy,-1.199,1.465,1.294,135.3,0.0,0.0,,,
2026-09-08 04:22:11.629,dummy,-1.231,1.496,1.293,135.9,0.0,0.0,,,
2026-09-08 04:22:11.682,dummy,-1.263,1.527,1.293,136.5,0.0,0.0,,,
2026-09-08 04:22:11.733,dummy,-1.294,1.556,1.293,137.1,0.0,0.0,,,
2026-09-08 04:22:11.785,dummy,-1.324,1.584,1.292,137.8,0.0,0.0,,,
2026-09-08 04:22:11.837,dummy,-1.355,1.612,1.292,138.5,0.0,0.0,,,
2026-09-08 04:22:11.889,dummy,-1.386,1.639,1.291,139.2,0.0,0.0,,,
2026-09-08 04:22:11.940,dummy,-1.415,1.664,1.291,140.0,0.0,0.0,,,
2026-09-08 04:22:11.994,dummy,-1.447,1.69,1.291,140.9,0.0,0.0,,,
2026-09-08 04:22:12.046,dummy,-1.477,1.714,1.29,141.7,0.0,0.0,,,
2026-09-08 04:22:12.098,dummy,-1.506,1.737,1.29,142.6,0.0,0.0,,,
2026-09-08 04:22:12.149,dummy,-1.536,1.759,1.289,143.5,0.0,0.0,,,
2026-09-08 04:22:12.202,dummy,-1.565,1.78,1.289,144.6,0.0,0.0,,,
2026-09-08 04:22:12.253,dummy,-1.594,1.801,1.288,145.6,0.0,0.0,,,
2026-09-08 04:22:12.305,dummy,-1.623,1.82,1.288,146.7,0.0,0.0,,,
2026-09-08 04:22:12.356,dummy,-1.651,1.838,1.287,147.8,0.0,0.0,,,
2026-09-08 04:22:12.407,dummy,-1.679,1.856,1.287,149.0,0.0,0.0,,,
2026-09-08 04:22:12.458,dummy,-1.707,1.872,1.286,150.3,0.0,0.0,,,
2026-09-08 04:22:12.510,dummy,-1.735,1.887,1.286,151.6,0.0,0.0,,,
2026-09-08 04:22:12.561,dummy,-1.763,1.902,1.285,153.0,0.0,0.0,,,
2026-09-08 04:22:12.613,dummy,-1.79,1.915,1.285,154.4,0.0,0.0,,,
2026-09-08 04:22:12.664,dummy,-1.817,1.928,1.284,156.0,0.0,0.0,,,
2026-09-08 04:22:12.716,dummy,-1.844,1.939,1.284,157.6,0.0,0.0,,,
2026-09-08 04:22:12.767,dummy,-1.871,1.95,1.283,159.2,0.0,0.0,,,
2026-09-08 04:22:12.820,dummy,-1.898,1.96,1.283,161.1,0.0,0.0,,,
2026-09-08 04:22:12.872,dummy,-1.924,1.968,1.282,162.9,0.0,0.0,,,
2026-09-08 04:22:12.924,dummy,-1.95,1.976,1.281,164.8,0.0,0.0,,,
2026-09-08 04:22:12.975,dummy,-1.976,1.982,1.281,166.8,0.0,0.0,,,
2026-09-08 04:22:13.027,dummy,-2.002,1.988,1.28,168.9,0.0,0.0,,,
2026-09-08 04:22:13.078,dummy,-2.027,1.992,1.28,171.0,0.0,0.0,,,
2026-09-08 04:22:13.130,dummy,-2.052,1.996,1.279,173.3,0.0,0.0,,,
2026-09-08 04:22:13.181,dummy,-2.076,1.998,1.278,175.6,0.0,0.0,,,
2026-09-08 04:22:13.233,dummy,-2.101,2.0,1.278,178.0,0.0,0.0,,,
2026-09-08 04:22:13.284,dummy,-2.125,2.0,1.277,180.4,0.0,0.0,,,
2026-09-08 04:22:13.336,dummy,-2.149,1.999,1.276,182.9,0.0,0.0,,,
2026-09-08 04:22:13.391,dummy,-2.174,1.997,1.276,185.5,0.0,0.0,,,
2026-09-08 04:22:13.443,dummy,-2.197,1.995,1.275,188.1,0.0,0.0,,,
2026-09-08 04:22:13.494,dummy,-2.221,1.991,1.274,190.7,0.0,0.0,,,
2026-09-08 04:22:13.546,dummy,-2.243,1.986,1.274,193.3,0.0,0.0,,,
2026-09-08 04:22:13.598,dummy,-2.266,1.98,1.273,196.0,0.0,0.0,,,
2026-09-08 04:22:13.657,dummy,-2.291,1.972,1.272,199.0,0.0,0.0,,,
2026-09-08 04:22:13.708,dummy,-2.313,1.964,1.271,201.6,0.0,0.0,,,
2026-09-08 04:22:13.761,dummy,-2.335,1.955,1.271,204.2,0.0,0.0,,,
2026-09-08 04:22:13.813,dummy,-2.356,1.945,1.27,206.7,0.0,0.0,,,
2026-09-08 04:22:13.864,dummy,-2.377,1.933,1.269,209.2,0.0,0.0,,,
2026-09-08 04:22:13.916,dummy,-2.398,1.921,1.268,211.6,0.0,0.0,,,
2026-09-08 04:22:13.967,dummy,-2.418,1.908,1.268,214.0,0.0,0.0,,,
2026-09-08 04:22:14.019,dummy,-2.438,1.894,1.267,216.3,0.0,0.0,,,
2026-09-08 04:22:14.070,dummy,-2.458,1.879,1.266,218.5,0.0,0.0,,,
2026-09-08 04:22:14.122,dummy,-2.477,1.863,1.265,220.7,0.0,0.0,,,
2026-09-08 04:22:14.174,dummy,-2.496,1.846,1.264,222.8,0.0,0.0,,,
2026-09-08 04:22:14.226,dummy,-2.515,1.828,1.264,224.8,0.0,0.0,,,
2026-09-08 04:22:14.277,dummy,-2.534,1.809,1.263,226.7,0.0,0.0,,,
2026-09-08 04:22:14.329,dummy,-2.552,1.789,1.262,228.6,0.0,0.0,,,
2026-09-08 04:22:14.381,dummy,-2.569,1.768,1.261,230.4,0.0,0.0,,,
2026-09-08 04:22:14.433,dummy,-2.587,1.747,1.26,232.1,0.0,0.0,,,
2026-09-08 04:22:14.484,dummy,-2.604,1.724,1.26,233.7,0.0,0.0,,,
2026-09-08 04:22:14.536,dummy,-2.621,1.701,1.259,235.3,0.0,0.0,,,
2026-09-08 04:22:14.588,dummy,-2.637,1.676,1.258,236.8,0.0,0.0,,,
2026-09-08 04:22:14.640,dummy,-2.653,1.651,1.257,238.2,0.0,0.0,,,
2026-09-08 04:22:14.692,dummy,-2.669,1.624,1.256,239.6,0.0,0.0,,,
2026-09-08 04:22:14.743,dummy,-2.685,1.598,1.255,240.9,0.0,0.0,,,
2026-09-08 04:22:14.795,dummy,-2.7,1.57,1.254,242.2,0.0,0.0,,,
2026-09-08 04:22:14.846,dummy,-2.714,1.542,1.253,243.4,0.0,0.0,,,
2026-09-08 04:22:14.897,dummy,-2.728,1.513,1.252,244.5,0.0,0.0,,,
2026-09-08 04:22:14.950,dummy,-2.742,1.482,1.251,245.6,0.0,0.0,,,
2026-09-08 04:22:15.002,dummy,-2.756,1.451,1.251,246.7,0.0,0.0,,,
2026-09-08 04:22:15.053,dummy,-2.769,1.42,1.25,247.7,0.0,0.0,,,
2026-09-08 04:22:15.104,dummy,-2.782,1.387,1.249,248.7,0.0,0.0,,,
2026-09-08 04:22:15.156,dummy,-2.795,1.354,1.248,249.7,0.0,0.0,,,
2026-09-08 04:22:15.207,dummy,-2.807,1.321,1.247,250.6,0.0,0.0,,,
2026-09-08 04:22:15.259,dummy,-2.819,1.286,1.246,251.5,0.0,0.0,,,
2026-09-08 04:22:15.310,dummy,-2.83,1.251,1.245,252.3,0.0,0.0,,,
2026-09-08 04:22:15.363,dummy,-2.842,1.215,1.244,253.2,0.0,0.0,,,
2026-09-08 04:22:15.414,dummy,-2.852,1.179,1.243,253.9,0.0,0.0,,,
2026-09-08 04:22:15.466,dummy,-2.863,1.142,1.242,254.7,0.0,0.0,,,
2026-09-08 04:22:15.522,dummy,-2.873,1.104,1.241,255.5,0.0,0.0,,,
2026-09-08 04:22:15.574,dummy,-2.883,1.062,1.24,256.3,0.0,0.0,,,
2026-09-08 04:22:15.625,dummy,-2.892,1.024,1.239,256.9,0.0,0.0,,,
2026-09-08 04:22:15.676,dummy,-2.901,0.985,1.238,257.6,0.0,0.0,,,
2026-09-08 04:22:15.728,dummy,-2.91,0.945,1.237,258.3,0.0,0.0,,,
2026-09-08 04:22:15.779,dummy,-2.918,0.905,1.236,258.9,0.0,0.0,,,
2026-09-08 04:22:15.831,dummy,-2.925,0.865,1.234,259.6,0.0,0.0,,,
2026-09-08 04:22:15.883,dummy,-2.933,0.823,1.233,260.2,0.0,0.0,,,
2026-09-08 04:22:15.935,dummy,-2.94,0.781,1.232,260.8,0.0,0.0,,,
2026-09-08 04:22:15.987,dummy,-2.946,0.739,1.231,261.4,0.0,0.0,,,
2026-09-08 04:22:16.038,dummy,-2.953,0.697,1.23,261.9,0.0,0.0,,,
2026-09-08 04:22:16.089,dummy,-2.958,0.654,1.229,262.5,0.0,0.0,,,
2026-09-08 04:22:16.140,dummy,-2.964,0.612,1.228,263.0,0.0,0.0,,,
2026-09-08 04:22:16.192,dummy,-2.969,0.568,1.227,263.6,0.0,0.0,,,
2026-09-08 04:22:16.244,dummy,-2.974,0.524,1.226,264.1,0.0,0.0,,,
2026-09-08 04:22:16.295,dummy,-2.978,0.481,1.225,264.7,0.0,0.0,,,
2026-09-08 04:22:16.346,dummy,-2.982,0.437,1.223,265.2,0.0,0.0,,,
2026-09-08 04:22:16.398,dummy,-2.985,0.392,1.222,265.7,0.0,0.0,,,
2026-09-08 04:22:16.450,dummy,-2.989,0.348,1.221,266.2,0.0,0.0,,,
2026-09-08 04:22:16.501,dummy,-2.991,0.303,1.22,266.7,0.0,0.0,,,
2026-09-08 04:22:16.556,dummy,-2.994,0.257,1.219,267.2,0.0,0.0,,,
2026-09-08 04:22:16.614,dummy,-2.996,0.204,1.217,267.8,0.0,0.0,,,
2026-09-08 04:22:16.667,dummy,-2.998,0.158,1.216,268.3,0.0,0.0,,,
2026-09-08 04:22:16.718,dummy,-2.999,0.113,1.215,268.8,0.0,0.0,,,
2026-09-08 04:22:16.770,dummy,-3.0,0.068,1.214,269.3,0.0,0.0,,,
2026-09-08 04:22:16.821,dummy,-3.0,0.022,1.213,269.8,0.0,0.0,,,
2026-09-08 04:22:16.878,dummy,-3.0,-0.023,1.212,270.2,0.0,0.0,,,
2026-09-08 04:22:16.929,dummy,-3.0,-0.073,1.21,270.8,0.0,0.0,,,
2026-09-08 04:22:16.981,dummy,-2.999,-0.118,1.209,271.3,0.0,0.0,,,
2026-09-08 04:22:17.033,dummy,-2.997,-0.164,1.208,271.8,0.0,0.0,,,
2026-09-08 04:22:17.084,dummy,-2.996,-0.209,1.207,272.3,0.0,0.0,,,
2026-09-08 04:22:17.173,dummy,-2.992,-0.286,1.204,273.1,0.0,0.0,,,
2026-09-08 04:22:17.227,dummy,-2.989,-0.333,1.203,273.6,0.0,0.0,,,
2026-09-08 04:22:17.279,dummy,-2.986,-0.378,1.202,274.1,0.0,0.0,,,
2026-09-08 04:22:17.330,dummy,-2.983,-0.422,1.201,274.7,0.0,0.0,,,
2026-09-08 04:22:17.382,dummy,-2.979,-0.466,1.199,275.2,0.0,0.0,,,
2026-09-08 04:22:17.433,dummy,-2.975,-0.511,1.198,275.7,0.0,0.0,,,
2026-09-08 04:22:17.485,dummy,-2.97,-0.554,1.197,276.2,0.0,0.0,,,
2026-09-08 04:22:17.536,dummy,-2.966,-0.598,1.195,276.8,0.0,0.0,,,
2026-09-08 04:22:17.588,dummy,-2.96,-0.641,1.194,277.3,0.0,0.0,,,
2026-09-08 04:22:17.639,dummy,-2.954,-0.684,1.193,277.9,0.0,0.0,,,
2026-09-08 04:22:17.691,dummy,-2.948,-0.726,1.192,278.5,0.0,0.0,,,
2026-09-08 04:22:17.743,dummy,-2.942,-0.768,1.19,279.0,0.0,0.0,,,
2026-09-08 04:22:17.794,dummy,-2.935,-0.81,1.189,279.6,0.0,0.0,,,
2026-09-08 04:22:17.846,dummy,-2.928,-0.851,1.188,280.2,0.0,0.0,,,
2026-09-08 04:22:17.897,dummy,-2.92,-0.892,1.186,280.9,0.0,0.0,,,
2026-09-08 04:22:17.949,dummy,-2.912,-0.933,1.185,281.5,0.0,0.0,,,
2026-09-08 04:22:18.001,dummy,-2.904,-0.973,1.184,282.2,0.0,0.0,,,
2026-09-08 04:22:18.052,dummy,-2.895,-1.012,1.182,282.8,0.0,0.0,,,
2026-09-08 04:22:18.103,dummy,-2.886,-1.051,1.181,283.5,0.0,0.0,,,
2026-09-08 04:22:18.155,dummy,-2.877,-1.089,1.18,284.2,0.0,0.0,,,
2026-09-08 04:22:18.207,dummy,-2.867,-1.127,1.178,285.0,0.0,0.0,,,
2026-09-08 04:22:18.258,dummy,-2.856,-1.164,1.177,285.7,0.0,0.0,,,
2026-09-08 04:22:18.310,dummy,-2.846,-1.201,1.175,286.5,0.0,0.0,,,
2026-09-08 04:22:18.361,dummy,-2.835,-1.236,1.174,287.3,0.0,0.0,,,
2026-09-08 04:22:18.413,dummy,-2.824,-1.272,1.173,288.2,0.0,0.0,,,
2026-09-08 04:22:18.464,dummy,-2.812,-1.306,1.171,289.0,0.0,0.0,,,
2026-09-08 04:22:18.516,dummy,-2.8,-1.341,1.17,289.9,0.0,0.0,,,
2026-09-08 04:22:18.568,dummy,-2.787,-1.374,1.168,290.9,0.0,0.0,,,
2026-09-08 04:22:18.620,dummy,-2.775,-1.407,1.167,291.9,0.0,0.0,,,
2026-09-08 04:22:18.671,dummy,-2.761,-1.439,1.166,292.9,0.0,0.0,,,
2026-09-08 04:22:18.723,dummy,-2.748,-1.47,1.164,293.9,0.0,0.0,,,
2026-09-08 04:22:18.775,dummy,-2.734,-1.5,1.163,295.0,0.0,0.0,,,
2026-09-08 04:22:18.826,dummy,-2.72,-1.53,1.161,296.2,0.0,0.0,,,
2026-09-08 04:22:18.877,dummy,-2.705,-1.559,1.16,297.3,0.0,0.0,,,
2026-09-08 04:22:18.929,dummy,-2.69,-1.587,1.158,298.6,0.0,0.0,,,
2026-09-08 04:22:18.981,dummy,-2.675,-1.614,1.157,299.9,0.0,0.0,,,
2026-09-08 04:22:19.032,dummy,-2.66,-1.64,1.156,301.2,0.0,0.0,,,
2026-09-08 04:22:19.084,dummy,-2.644,-1.666,1.154,302.7,0.0,0.0,,,
2026-09-08 04:22:19.136,dummy,-2.627,-1.691,1.153,304.1,0.0,0.0,,,
2026-09-08 04:22:19.188,dummy,-2.611,-1.715,1.151,305.7,0.0,0.0,,,
2026-09-08 04:22:19.239,dummy,-2.594,-1.738,1.15,307.3,0.0,0.0,,,
2026-09-08 04:22:19.290,dummy,-2.577,-1.76,1.148,308.9,0.0,0.0,,,
2026-09-08 04:22:19.342,dummy,-2.559,-1.781,1.147,310.7,0.0,0.0,,,
2026-09-08 04:22:19.393,dummy,-2.541,-1.801,1.145,312.5,0.0,0.0,,,
2026-09-08 04:22:19.444,dummy,-2.523,-1.82,1.144,314.4,0.0,0.0,,,
2026-09-08 04:22:19.496,dummy,-2.505,-1.838,1.142,316.3,0.0,0.0,,,
2026-09-08 04:22:19.547,dummy,-2.486,-1.855,1.141,318.4,0.0,0.0,,,
2026-09-08 04:22:19.605,dummy,-2.467,-1.872,1.139,320.5,0.0,0.0,,,
2026-09-08 04:22:19.656,dummy,-2.445,-1.889,1.138,322.9,0.0,0.0,,,
2026-09-08 04:22:19.708,dummy,-2.425,-1.904,1.136,325.2,0.0,0.0,,,
2026-09-08 04:22:19.759,dummy,-2.405,-1.917,1.135,327.6,0.0,0.0,,,
2026-09-08 04:22:19.811,dummy,-2.384,-1.929,1.133,329.9,0.0,0.0,,,
2026-09-08 04:22:19.862,dummy,-2.364,-1.941,1.131,332.4,0.0,0.0,,,
2026-09-08 04:22:19.915,dummy,-2.342,-1.951,1.13,334.9,0.0,0.0,,,
2026-09-08 04:22:19.966,dummy,-2.321,-1.961,1.128,337.5,0.0,0.0,,,
2026-09-08 04:22:20.018,dummy,-2.299,-1.969,1.127,340.1,0.0,0.0,,,
2026-09-08 04:22:20.070,dummy,-2.277,-1.977,1.125,342.7,0.0,0.0,,,
2026-09-08 04:22:20.122,dummy,-2.254,-1.983,1.124,345.3,0.0,0.0,,,
2026-09-08 04:22:20.174,dummy,-2.231,-1.989,1.122,348.0,0.0,0.0,,,
2026-09-08 04:22:20.227,dummy,-2.208,-1.993,1.121,350.7,0.0,0.0,,,
2026-09-08 04:22:20.279,dummy,-2.185,-1.996,1.119,353.3,0.0,0.0,,,
2026-09-08 04:22:20.330,dummy,-2.161,-1.999,1.117,355.8,0.0,0.0,,,
2026-09-08 04:22:20.382,dummy,-2.138,-2.0,1.116,358.3,0.0,0.0,,,
2026-09-08 04:22:20.433,dummy,-2.114,-2.0,1.114,0.8,0.0,0.0,,,
2026-09-08 04:22:20.484,dummy,-2.089,-1.999,1.113,3.2,0.0,0.0,,,
2026-09-08 04:22:20.535,dummy,-2.065,-1.997,1.111,5.5,0.0,0.0,,,
2026-09-08 04:22:20.587,dummy,-2.04,-1.994,1.11,7.8,0.0,0.0,,,
2026-09-08 04:22:20.639,dummy,-2.015,-1.99,1.108,10.0,0.0,0.0,,,
2026-09-08 04:22:20.691,dummy,-1.99,-1.985,1.106,12.1,0.0,0.0,,,
2026-09-08 04:22:20.743,dummy,-1.964,-1.979,1.105,14.2,0.0,0.0,,,
2026-09-08 04:22:20.795,dummy,-1.938,-1.972,1.103,16.1,0.0,0.0,,,
2026-09-08 04:22:20.846,dummy,-1.912,-1.964,1.102,18.0,0.0,0.0,,,
2026-09-08 04:22:20.897,dummy,-1.885,-1.955,1.1,19.8,0.0,0.0,,,
2026-09-08 04:22:20.948,dummy,-1.859,-1.945,1.098,21.5,0.0,0.0,,,
2026-09-08 04:22:21.000,dummy,-1.832,-1.934,1.097,23.2,0.0,0.0,,,
2026-09-08 04:22:21.052,dummy,-1.805,-1.922,1.095,24.7,0.0,0.0,,,
2026-09-08 04:22:21.105,dummy,-1.777,-1.909,1.094,26.3,0.0,0.0,,,
2026-09-08 04:22:21.156,dummy,-1.75,-1.895,1.092,27.7,0.0,0.0,,,
2026-09-08 04:22:21.208,dummy,-1.722,-1.88,1.09,29.1,0.0,0.0,,,
2026-09-08 04:22:21.260,dummy,-1.694,-1.864,1.089,30.4,0.0,0.0,,,
2026-09-08 04:22:21.311,dummy,-1.666,-1.847,1.087,31.6,0.0,0.0,,,
2026-09-08 04:22:21.362,dummy,-1.637,-1.829,1.085,32.7,0.0,0.0,,,
2026-09-08 04:22:21.414,dummy,-1.609,-1.811,1.084,33.9,0.0,0.0,,,
2026-09-08 04:22:21.466,dummy,-1.58,-1.791,1.082,34.9,0.0,0.0,,,
2026-09-08 04:22:21.518,dummy,-1.55,-1.77,1.08,36.0,0.0,0.0,,,
2026-09-08 04:22:21.569,dummy,-1.521,-1.748,1.079,36.9,0.0,0.0,,,
2026-09-08 04:22:21.629,dummy,-1.487,-1.722,1.077,38.0,0.0,0.0,,,
2026-09-08 04:22:21.681,dummy,-1.457,-1.698,1.075,38.8,0.0,0.0,,,
2026-09-08 04:22:21.732,dummy,-1.428,-1.674,1.074,39.7,0.0,0.0,,,
2026-09-08 04:22:21.783,dummy,-1.398,-1.649,1.072,40.5,0.0,0.0,,,
2026-09-08 04:22:21.835,dummy,-1.368,-1.623,1.07,41.2,0.0,0.0,,,
2026-09-08 04:22:21.887,dummy,-1.337,-1.596,1.069,41.9,0.0,0.0,,,
2026-09-08 04:22:21.938,dummy,-1.307,-1.568,1.067,42.6,0.0,0.0,,,
2026-09-08 04:22:21.990,dummy,-1.276,-1.54,1.065,43.2,0.0,0.0,,,
2026-09-08 04:22:22.041,dummy,-1.245,-1.51,1.064,43.9,0.0,0.0,,,
2026-09-08 04:22:22.092,dummy,-1.214,-1.48,1.062,44.4,0.0,0.0,,,
2026-09-08 04:22:22.144,dummy,-1.183,-1.45,1.06,45.0,0.0,0.0,,,
2026-09-08 04:22:22.195,dummy,-1.152,-1.418,1.059,45.5,0.0,0.0,,,
2026-09-08 04:22:22.247,dummy,-1.12,-1.386,1.057,46.0,0.0,0.0,,,
2026-09-08 04:22:22.298,dummy,-1.089,-1.353,1.055,46.5,0.0,0.0,,,
2026-09-08 04:22:22.350,dummy,-1.057,-1.319,1.054,47.0,0.0,0.0,,,
2026-09-08 04:22:22.401,dummy,-1.025,-1.285,1.052,47.4,0.0,0.0,,,
2026-09-08 04:22:22.453,dummy,-0.993,-1.25,1.05,47.8,0.0,0.0,,,
2026-09-08 04:22:22.504,dummy,-0.961,-1.214,1.049,48.2,0.0,0.0,,,
2026-09-08 04:22:22.555,dummy,-0.929,-1.178,1.047,48.6,0.0,0.0,,,
2026-09-08 04:22:22.607,dummy,-0.897,-1.141,1.045,48.9,0.0,0.0,,,
2026-09-08 04:22:22.658,dummy,-0.864,-1.103,1.044,49.3,0.0,0.0,,,
2026-09-08 04:22:22.711,dummy,-0.831,-1.065,1.042,49.6,0.0,0.0,,,
2026-09-08 04:22:22.762,dummy,-0.798,-1.026,1.04,49.9,0.0,0.0,,,
2026-09-08 04:22:22.814,dummy,-0.765,-0.987,1.039,50.2,0.0,0.0,,,
2026-09-08 04:22:22.866,dummy,-0.732,-0.947,1.037,50.5,0.0,0.0,,,
2026-09-08 04:22:22.917,dummy,-0.699,-0.907,1.035,50.7,0.0,0.0,,,
2026-09-08 04:22:22.969,dummy,-0.666,-0.866,1.034,50.9,0.0,0.0,,,
2026-09-08 04:22:23.020,dummy,-0.633,-0.825,1.032,51.2,0.0,0.0,,,
2026-09-08 04:22:23.071,dummy,-0.6,-0.784,1.03,51.4,0.0,0.0,,,
2026-09-08 04:22:23.123,dummy,-0.566,-0.742,1.028,51.6,0.0,0.0,,,
2026-09-08 04:22:23.174,dummy,-0.533,-0.699,1.027,51.8,0.0,0.0,,,
2026-09-08 04:22:23.227,dummy,-0.499,-0.656,1.025,51.9,0.0,0.0,,,
2026-09-08 04:22:23.280,dummy,-0.465,-0.612,1.023,52.1,0.0,0.0,,,
2026-09-08 04:22:23.333,dummy,-0.43,-0.568,1.022,52.3,0.0,0.0,,,
2026-09-08 04:22:23.384,dummy,-0.396,-0.524,1.02,52.4,0.0,0.0,,,
2026-09-08 04:22:23.436,dummy,-0.363,-0.48,1.018,52.5,0.0,0.0,,,
2026-09-08 04:22:23.487,dummy,-0.329,-0.436,1.016,52.6,0.0,0.0,,,
2026-09-08 04:22:23.541,dummy,-0.294,-0.39,1.015,52.7,0.0,0.0,,,
2026-09-08 04:22:23.592,dummy,-0.26,-0.345,1.013,52.8,0.0,0.0,,,
2026-09-08 04:22:23.644,dummy,-0.226,-0.301,1.011,52.9,0.0,0.0,,,
2026-09-08 04:22:23.715,dummy,-0.192,-0.256,1.01,53.0,0.0,0.0,,,
2026-09-08 04:22:23.767,dummy,-0.145,-0.193,1.007,53.0,0.0,0.0,,,
2026-09-08 04:22:23.818,dummy,-0.111,-0.148,1.006,53.1,0.0,0.0,,,
2026-09-08 04:22:23.870,dummy,-0.077,-0.103,1.004,53.1,0.0,0.0,,,
2026-09-08 04:22:23.921,dummy,-0.043,-0.057,1.002,53.1,0.0,0.0,,,
2026-09-08 04:22:23.974,dummy,-0.009,-0.012,1.0,53.1,0.0,0.0,,,
2026-09-08 04:22:24.031,dummy,0.03,0.039,0.999,53.1,0.0,0.0,,,
2026-09-08 04:22:24.083,dummy,0.064,0.085,0.997,53.1,0.0,0.0,,,
2026-09-08 04:22:24.135,dummy,0.098,0.13,0.995,53.1,0.0,0.0,,,
2026-09-08 04:22:24.187,dummy,0.132,0.176,0.993,53.0,0.0,0.0,,,
2026-09-08 04:22:24.238,dummy,0.166,0.221,0.992,53.0,0.0,0.0,,,
2026-09-08 04:22:24.289,dummy,0.2,0.266,0.99,52.9,0.0,0.0,,,
2026-09-08 04:22:24.340,dummy,0.233,0.31,0.988,52.9,0.0,0.0,,,
2026-09-08 04:22:24.391,dummy,0.267,0.354,0.987,52.8,0.0,0.0,,,
2026-09-08 04:22:24.442,dummy,0.3,0.398,0.985,52.7,0.0,0.0,,,
2026-09-08 04:22:24.494,dummy,0.334,0.443,0.983,52.6,0.0,0.0,,,
2026-09-08 04:22:24.545,dummy,0.368,0.487,0.982,52.5,0.0,0.0,,,
2026-09-08 04:22:24.597,dummy,0.402,0.531,0.98,52.4,0.0,0.0,,,
2026-09-08 04:22:24.648,dummy,0.435,0.574,0.978,52.2,0.0,0.0,,,
2026-09-08 04:22:24.700,dummy,0.469,0.618,0.976,52.1,0.0,0.0,,,
2026-09-08 04:22:24.752,dummy,0.503,0.661,0.975,51.9,0.0,0.0,,,
2026-09-08 04:22:24.804,dummy,0.536,0.704,0.973,51.8,0.0,0.0,,,
2026-09-08 04:22:24.855,dummy,0.57,0.746,0.971,51.6,0.0,0.0,,,
2026-09-08 04:22:24.906,dummy,0.603,0.787,0.97,51.4,0.0,0.0,,,
2026-09-08 04:22:24.958,dummy,0.636,0.829,0.968,51.2,0.0,0.0,,,
2026-09-08 04:22:25.009,dummy,0.669,0.87,0.966,50.9,0.0,0.0,,,
2026-09-08 04:22:25.061,dummy,0.703,0.911,0.965,50.7,0.0,0.0,,,
2026-09-08 04:22:25.113,dummy,0.736,0.951,0.963,50.4,0.0,0.0,,,
2026-09-08 04:22:25.164,dummy,0.769,0.99,0.961,50.2,0.0,0.0,,,
2026-09-08 04:22:25.216,dummy,0.802,1.03,0.96,49.9,0.0,0.0,,,
2026-09-08 04:22:25.267,dummy,0.834,1.068,0.958,49.6,0.0,0.0,,,
2026-09-08 04:22:25.319,dummy,0.867,1.106,0.956,49.2,0.0,0.0,,,
2026-09-08 04:22:25.370,dummy,0.899,1.144,0.955,48.9,0.0,0.0,,,
2026-09-08 04:22:25.422,dummy,0.932,1.181,0.953,48.5,0.0,0.0,,,
2026-09-08 04:22:25.473,dummy,0.964,1.217,0.951,48.2,0.0,0.0,,,
2026-09-08 04:22:25.525,dummy,0.996,1.253,0.949,47.8,0.0,0.0,,,
2026-09-08 04:22:25.576,dummy,1.028,1.287,0.948,47.4,0.0,0.0,,,
2026-09-08 04:22:25.627,dummy,1.059,1.322,0.946,46.9,0.0,0.0,,,
2026-09-08 04:22:25.679,dummy,1.091,1.355,0.944,46.5,0.0,0.0,,,
2026-09-08 04:22:25.730,dummy,1.123,1.388,0.943,46.0,0.0,0.0,,,
2026-09-08 04:22:25.782,dummy,1.154,1.421,0.941,45.5,0.0,0.0,,,
2026-09-08 04:22:25.834,dummy,1.186,1.452,0.939,44.9,0.0,0.0,,,
2026-09-08 04:22:25.885,dummy,1.217,1.483,0.938,44.4,0.0,0.0,,,
2026-09-08 04:22:25.936,dummy,1.248,1.513,0.936,43.8,0.0,0.0,,,
2026-09-08 04:22:25.987,dummy,1.278,1.542,0.935,43.2,0.0,0.0,,,
2026-09-08 04:22:26.038,dummy,1.309,1.57,0.933,42.5,0.0,0.0,,,
2026-09-08 04:22:26.090,dummy,1.339,1.598,0.931,41.9,0.0,0.0,,,
2026-09-08 04:22:26.141,dummy,1.37,1.625,0.93,41.2,0.0,0.0,,,
2026-09-08 04:22:26.193,dummy,1.4,1.651,0.928,40.4,0.0,0.0,,,
2026-09-08 04:22:26.244,dummy,1.43,1.676,0.926,39.6,0.0,0.0,,,
2026-09-08 04:22:26.296,dummy,1.46,1.7,0.925,38.8,0.0,0.0,,,
2026-09-08 04:22:26.347,dummy,1.489,1.724,0.923,37.9,0.0,0.0,,,
2026-09-08 04:22:26.399,dummy,1.519,1.746,0.921,37.0,0.0,0.0,,,
2026-09-08 04:22:26.450,dummy,1.548,1.768,0.92,36.1,0.0,0.0,,,
2026-09-08 04:22:26.502,dummy,1.577,1.789,0.918,35.0,0.0,0.0,,,
2026-09-08 04:22:26.553,dummy,1.605,1.808,0.916,34.0,0.0,0.0,,,
2026-09-08 04:22:26.604,dummy,1.634,1.827,0.915,32.9,0.0,0.0,,,
2026-09-08 04:22:26.656,dummy,1.662,1.845,0.913,31.7,0.0,0.0,,,
2026-09-08 04:22:26.707,dummy,1.69,1.862,0.912,30.5,0.0,0.0,,,
2026-09-08 04:22:26.759,dummy,1.718,1.878,0.91,29.2,0.0,0.0,,,
2026-09-08 04:22:26.810,dummy,1.746,1.893,0.908,27.9,0.0,0.0,,,
2026-09-08 04:22:26.861,dummy,1.773,1.907,0.907,26.5,0.0,0.0,,,
2026-09-08 04:22:26.913,dummy,1.801,1.92,0.905,25.0,0.0,0.0,,,
2026-09-08 04:22:26.964,dummy,1.828,1.932,0.903,23.4,0.0,0.0,,,
2026-09-08 04:22:27.015,dummy,1.854,1.944,0.902,21.8,0.0,0.0,,,
2026-09-08 04:22:27.067,dummy,1.881,1.954,0.9,20.1,0.0,0.0,,,
2026-09-08 04:22:27.119,dummy,1.907,1.963,0.899,18.3,0.0,0.0,,,
2026-09-08 04:22:27.170,dummy,1.934,1.971,0.897,16.4,0.0,0.0,,,
2026-09-08 04:22:27.222,dummy,1.96,1.978,0.895,14.5,0.0,0.0,,,
2026-09-08 04:22:27.274,dummy,1.985,1.985,0.894,12.4,0.0,0.0,,,
2026-09-08 04:22:27.326,dummy,2.011,1.99,0.892,10.3,0.0,0.0,,,
2026-09-08 04:22:27.377,dummy,2.036,1.994,0.891,8.1,0.0,0.0,,,
2026-09-08 04:22:27.429,dummy,2.061,1.997,0.889,5.9,0.0,0.0,,,
2026-09-08 04:22:27.480,dummy,2.085,1.999,0.888,3.6,0.0,0.0,,,
2026-09-08 04:22:27.531,dummy,2.11,2.0,0.886,1.2,0.0,0.0,,,
2026-09-08 04:22:27.582,dummy,2.134,2.0,0.884,358.7,0.0,0.0,,,
2026-09-08 04:22:27.634,dummy,2.157,1.999,0.883,356.3,0.0,0.0,,,
2026-09-08 04:22:27.685,dummy,2.18,1.997,0.881,353.7,0.0,0.0,,,
2026-09-08 04:22:27.737,dummy,2.204,1.994,0.88,351.1,0.0,0.0,,,
2026-09-08 04:22:27.791,dummy,2.227,1.99,0.878,348.5,0.0,0.0,,,
2026-09-08 04:22:27.842,dummy,2.25,1.984,0.877,345.8,0.0,0.0,,,
2026-09-08 04:22:27.894,dummy,2.273,1.978,0.875,343.2,0.0,0.0,,,
2026-09-08 04:22:27.946,dummy,2.295,1.971,0.873,340.6,0.0,0.0,,,
2026-09-08 04:22:27.998,dummy,2.317,1.962,0.872,337.9,0.0,0.0,,,
2026-09-08 04:22:28.050,dummy,2.339,1.953,0.87,335.4,0.0,0.0,,,
2026-09-08 04:22:28.101,dummy,2.36,1.943,0.869,332.9,0.0,0.0,,,
2026-09-08 04:22:28.153,dummy,2.381,1.932,0.867,330.4,0.0,0.0,,,
2026-09-08 04:22:28.205,dummy,2.401,1.919,0.866,327.9,0.0,0.0,,,
2026-09-08 04:22:28.257,dummy,2.422,1.906,0.864,325.6,0.0,0.0,,,
