2026-09-08 04:13:22.671,1500,1500,1500,1500,1500,1500,1500,1500,1500,0,0.0,0.0,0.0,,,,N/A,,,,N/A
2026-09-08 04:13:23.236,1500,1500,1500,1500,1500,1500,1500,1500,1500,0,0.0,0.0,0.0,,,,N/A,,,,N/A
2026-09-08 04:13:23.806,1500,1500,1500,1500,1500,1500,1500,1500,1500,0,0.0,0.0,0.0,,,,N/A,,,,N/A
2026-09-08 04:13:24.403,1500,1500,1500,1500,1500,1500,1500,1500,1500,0,0.0,0.0,0.0,,,,N/A,,,,N/A
2026-09-08 04:13:24.977,1500,1500,1500,1500,1500,1500,1500,1500,1500,0,0.0,0.0,0.0,,,,N/A,,,,N/A
2026-09-08 04:13:25.493,1500,1500,1500,1500,1500,1500,1500,1500,1500,0,0.0,0.0,0.0,,,,N/A,,,,N/A
2026-09-08 04:13:26.029,1500,1500,1500,1500,1500,1500,1500,1500,1500,0,0.0,0.0,0.0,,,,N/A,,,,N/A
2026-09-08 04:13:26.543,1500,1500,1500,1500,1500,1500,1500,1500,1500,0,0.0,0.0,0.0,,,,N/A,,,,N/A
2026-09-08 04:13:27.074,1500,1500,1500,1500,1500,1500,1500,1500,1500,0,0.0,0.0,0.0,,,,N/A,,,,N/A
2026-09-08 04:13:27.649,1500,1500,1500,1500,1500,1500,1500,1500,1500,0,0.0,0.0,0.0,,,,N/A,,,,N/A
2026-09-08 04:13:28.209,1500,1500,1500,1500,1500,1500,1500,1500,1500,0,0.0,0.0,0.0,,,,N/A,,,,N/A
2026-09-08 04:13:28.773,1500,1500,1500,1500,1500,1500,1500,1500,1500,0,0.0,0.0,0.0,,,,N/A,,,,N/A
2026-09-08 04:13:29.370,1500,1500,1500,1500,1500,1500,1500,1500,1500,0,0.0,0.0,0.0,,,,N/A,,,,N/A
2026-09-08 04:13:29.914,1500,1500,1500,1500,1500,1500,1500,1500,1500,0,0.0,0.0,0.0,,,,N/A,,,,N/A
2026-09-08 04:13:30.448,1500,1500,1500,1500,1500,1500,1500,1500,1500,0,0.0,0.0,0.0,,,,N/A,,,,N/A
2026-09-08 04:13:30.954,1500,1500,1500,1500,1500,1500,1500,1500,1500,0,0.0,0.0,0.0,,,,N/A,,,,N/A
2026-09-08 04:13:31.520,1500,1500,1500,1500,1500,1500,1500,1500,1500,0,0.0,0.0,0.0,,,,N/A,,,,N/A
2026-09-08 04:13:32.041,1500,1500,1500,1500,1500,1500,1500,1500,1500,0,0.0,0.0,0.0,,,,N/A,,,,N/A
2026-09-08 04:13:32.572,1500,1500,1500,1500,1500,1500,1500,1500,1500,0,0.0,0.0,0.0,,,,N/A,,,,N/A
2026-09-08 04:13:33.133,1500,1500,1500,1500,1500,1500,1500,1500,1500,0,0.0,0.0,0.0,,,,N/A,,,,N/A
2026-09-08 04:13:33.679,1500,1500,1500,1500,1500,1500,1500,1500,1500,0,0.0,0.0,0.0,,,,N/A,,,,N/A
2026-09-08 04:13:34.255,1500,1500,1500,1500,1500,1500,1500,1500,1500,0,0.0,0.0,0.0,,,,N/A,,,,N/A
2026-09-08 04:13:34.761,1500,1500,1500,1500,1500,1500,1500,1500,1500,0,0.0,0.0,0.0,,,,N/A,,,,N/A
2026-09-08 04:13:35.305,1500,1500,1500,1500,1500,1500,1500,1500,1500,0,0.0,0.0,0.0,,,,N/A,,,,N/A
2026-09-08 04:13:35.829,1500,1500,1500,1500,1500,1500,1500,1500,1500,0,0.0,0.0,0.0,,,,N/A,,,,N/A
2026-09-08 04:13:36.407,1500,1500,1500,1500,1500,1500,1500,1500,1500,0,0.0,0.0,0.0,,,,N/A,,,,N/A
2026-09-08 04:13:36.976,1500,1500,1500,1500,1500,1500,1500,1500,1500,0,0.0,0.0,0.0,,,,N/A,,,,N/A
2026-09-08 04:13:37.506,1500,1500,1500,1500,1500,1500,1500,1500,1500,0,0.0,0.0,0.0,,,,N/A,,,,N/A
2026-09-08 04:13:38.034,1500,1500,1500,1500,1500,1500,1500,1500,1500,0,0.0,0.0,0.0,,,,N/A,,,,N/A
2026-09-08 04:13:38.537,1500,1500,1500,1500,1500,1500,1500,1500,1500,0,0.0,0.0,0.0,,,,N/A,,,,N/A
2026-09-08 04:13:39.054,1500,1500,1500,1500,1500,1500,1500,1500,1500,0,0.0,0.0,0.0,,,,N/A,,,,N/A
2026-09-08 04:13:39.612,1500,1500,1500,1500,1500,1500,1500,1500,1500,0,0.0,0.0,0.0,,,,N/A,,,,N/A
2026-09-08 04:13:40.133,1500,1500,1500,1500,1500,1500,1500,1500,1500,0,0.0,0.0,0.0,,,,N/A,,,,N/A
2026-09-08 04:13:40.657,1500,1500,1500,1500,1500,1500,1500,1500,1500,0,0.0,0.0,0.0,,,,N/A,,,,N/A
2026-09-08 04:13:41.171,1500,1500,1500,1500,1500,1500,1500,1500,1500,0,0.0,0.0,0.0,,,,N/A,,,,N/A
2026-09-08 04:13:41.716,1500,1500,1500,1500,1500,1500,1500,1500,1500,0,0.0,0.0,0.0,,,,N/A,,,,N/A
2026-09-08 04:13:42.239,1500,1500,1500,1500,1500,1500,1500,1500,1500,0,0.0,0.0,0.0,,,,N/A,,,,N/A
2026-09-08 04:13:42.756,1500,1500,1500,1500,1500,1500,1500,1500,1500,0,0.0,0.0,0.0,,,,N/A,,,,N/A
2026-09-08 04:13:43.301,1500,1500,1500,1500,1500,1500,1500,1500,1500,0,0.0,0.0,0.0,,,,N/A,,,,N/A
2026-09-08 04:13:43.873,1500,1500,1500,1500,1500,1500,1500,1500,1500,0,0.0,0.0,0.0,,,,N/A,,,,N/A
2026-09-08 04:13:44.375,1500,1500,1500,1500,1500,1500,1500,1500,1500,0,0.0,0.0,0.0,,,,N/A,,,,N/A
2026-09-08 04:13:44.946,1500,1500,1500,1500,1500,1500,1500,1500,1500,0,0.0,0.0,0.0,,,,N/A,,,,N/A
2026-09-08 04:13:45.462,1500,1500,1500,1500,1500,1500,1500,1500,1500,0,0.0,0.0,0.0,,,,N/A,,,,N/A
2026-09-08 04:13:45.974,1500,1500,1500,1500,1500,1500,1500,1500,1500,0,0.0,0.0,0.0,,,,N/A,,,,N/A
2026-09-08 04:13:46.506,1500,1500,1500,1500,1500,1500,1500,1500,1500,0,0.0,0.0,0.0,,,,N/A,,,,N/A
2026-09-08 04:13:47.016,1500,1500,1500,1500,1500,1500,1500,1500,1500,0,0.0,0.0,0.0,,,,N/A,,,,N/A
2026-09-08 04:13:47.519,1500,1500,1500,1500,1500,1500,1500,1500,1500,0,0.0,0.0,0.0,,,,N/A,,,,N/A
2026-09-08 04:13:48.081,1500,1500,1500,1500,1500,1500,1500,1500,1500,0,0.0,0.0,0.0,,,,N/A,,,,N/A
2026-09-08 04:13:48.647,1500,1500,1500,1500,1500,1500,1500,1500,1500,0,0.0,0.0,0.0,,,,N/A,,,,N/A
2026-09-08 04:13:49.177,1500,1500,1500,1500,1500,1500,1500,1500,1500,0,0.0,0.0,0.0,,,,N/A,,,,N/A
2026-09-08 04:13:49.723,1500,1500,1500,1500,1500,1500,1500,1500,1500,0,0.0,0.0,0.0,,,,N/A,,,,N/A
2026-09-08 04:13:50.251,1500,1500,1500,1500,1500,1500,1500,1500,1500,0,0.0,0.0,0.0,,,,N/A,,,,N/A
2026-09-08 04:13:50.778,1500,1500,1500,1500,1500,1500,1500,1500,1500,0,0.0,0.0,0.0,,,,N/A,,,,N/A
2026-09-08 04:13:51.342,1500,1500,1500,1500,1500,1500,1500,1500,1500,0,0.0,0.0,0.0,,,,N/A,,,,N/A
2026-09-08 04:13:51.899,1500,1500,1500,1500,1500,1500,1500,1500,1500,0,0.0,0.0,0.0,,,,N/A,,,,N/A
2026-09-08 04:13:52.403,1500,1500,1500,1500,1500,1500,1500,1500,1500,0,0.0,0.0,0.0,,,,N/A,,,,N/A
2026-09-08 04:13:52.962,1500,1500,1500,1500,1500,1500,1500,1500,1500,0,0.0,0.0,0.0,,,,N/A,,,,N/A
2026-09-08 04:13:53.488,1500,1500,1500,1500,1500,1500,1500,1500,1500,0,0.0,0.0,0.0,,,,N/A,,,,N/A
2026-09-08 04:13:54.077,1500,1500,1500,1500,1500,1500,1500,1500,1500,0,0.0,0.0,0.0,,,,N/A,,,,N/A
2026-09-08 04:13:54.634,1500,1500,1500,1500,1500,1500,1500,1500,1500,0,0.0,0.0,0.0,,,,N/A,,,,N/A
2026-09-08 04:13:55.203,1500,1500,1500,1500,1500,1500,1500,1500,1500,0,0.0,0.0,0.0,,,,N/A,,,,N/A
2026-09-08 04:13:55.758,1500,1500,1500,1500,1500,1500,1500,1500,1500,0,0.0,0.0,0.0,,,,N/A,,,,N/A
2026-09-08 04:13:56.331,1500,1500,1500,1500,1500,1500,1500,1500,1500,0,0.0,0.0,0.0,,,,N/A,,,,N/A
2026-09-08 04:13:56.892,1500,1500,1500,1500,1500,1500,1500,1500,1500,0,0.0,0.0,0.0,,,,N/A,,,,N/A
2026-09-08 04:13:57.422,1500,1500,1500,1500,1500,1500,1500,1500,1500,0,0.0,0.0,0.0,,,,N/A,,,,N/A
2026-09-08 04:13:57.972,1500,1500,1500,1500,1500,1500,1500,1500,1500,0,0.0,0.0,0.0,,,,N/A,,,,N/A
2026-09-08 04:13:58.483,1500,1500,1500,1500,1500,1500,1500,1500,1500,0,0.0,0.0,0.0,,,,N/A,,,,N/A
2026-09-08 04:13:58.997,1500,1500,1500,1500,1500,1500,1500,1500,1500,0,0.0,0.0,0.0,,,,N/A,,,,N/A
2026-09-08 04:13:59.567,1500,1500,1500,1500,1500,1500,1500,1500,1500,0,0.0,0.0,0.0,,,,N/A,,,,N/A
2026-09-08 04:14:00.121,1500,1500,1500,1500,1500,1500,1500,1500,1500,0,0.0,0.0,0.0,,,,N/A,,,,N/A
2026-09-08 04:14:00.706,1500,1500,1500,1500,1500,1500,1500,1500,1500,0,0.0,0.0,0.0,,,,N/A,,,,N/A
2026-09-08 04:14:01.207,1500,1500,1500,1500,1500,1500,1500,1500,1500,0,0.0,0.0,0.0,,,,N/A,,,,N/A
2026-09-08 04:14:01.753,1500,1500,1500,1500,1500,1500,1500,1500,1500,0,0.0,0.0,0.0,,,,N/A,,,,N/A
2026-09-08 04:14:02.267,1500,1500,1500,1500,1500,1500,1500,1500,1500,0,0.0,0.0,0.0,,,,N/A,,,,N/A
2026-09-08 04:14:02.781,1500,1500,1500,1500,1500,1500,1500,1500,1500,0,0.0,0.0,0.0,,,,N/A,,,,N/A
2026-09-08 04:14:03.310,1500,1500,1500,1500,1500,1500,1500,1500,1500,0,0.0,0.0,0.0,,,,N/A,,,,N/A
2026-09-08 04:14:03.823,1500,1500,1500,1500,1500,1500,1500,1500,1500,0,0.0,0.0,0.0,,,,N/A,,,,N/A
2026-09-08 04:14:04.395,1500,1500,1500,1500,1500,1500,1500,1500,1500,0,0.0,0.0,0.0,,,,N/A,,,,N/A
2026-09-08 04:14:04.898,1500,1500,1500,1500,1500,1500,1500,1500,1500,0,0.0,0.0,0.0,,,,N/A,,,,N/A
2026-09-08 04:14:05.425,1500,1500,1500,1500,1500,1500,1500,1500,1500,0,0.0,0.0,0.0,,,,N/A,,,,N/A
2026-09-08 04:14:05.975,1500,1500,1500,1500,1500,1500,1500,1500,1500,0,0.0,0.0,0.0,,,,N/A,,,,N/A
2026-09-08 04:14:06.506,1500,1500,1500,1500,1500,1500,1500,1500,1500,0,0.0,0.0,0.0,,,,N/A,,,,N/A
2026-09-08 04:14:07.049,1500,1500,1500,1500,1500,1500,1500,1500,1500,0,0.0,0.0,0.0,,,,N/A,,,,N/A
2026-09-08 04:14:07.561,1500,1500,1500,1500,1500,1500,1500,1500,1500,0,0.0,0.0,0.0,,,,N/A,,,,N/A
2026-09-08 04:14:08.061,1500,1500,1500,1500,1500,1500,1500,1500,1500,0,0.0,0.0,0.0,,,,N/A,,,,N/A
2026-09-08 04:14:08.620,1500,1500,1500,1500,1500,1500,1500,1500,1500,0,0.0,0.0,0.0,,,,N/A,,,,N/A
2026-09-08 04:14:09.156,1500,1500,1500,1500,1500,1500,1500,1500,1500,0,0.0,0.0,0.0,,,,N/A,,,,N/A
2026-09-08 04:14:09.700,1500,1500,1500,1500,1500,1500,1500,1500,1500,0,0.0,0.0,0.0,,,,N/A,,,,N/A
2026-09-08 04:14:10.223,1500,1500,1500,1500,1500,1500,1500,1500,1500,0,0.0,0.0,0.0,,,,N/A,,,,N/A
2026-09-08 04:14:10.753,1500,1500,1500,1500,1500,1500,1500,1500,1500,0,0.0,0.0,0.0,,,,N/A,,,,N/A
2026-09-08 04:14:11.287,1500,1500,1500,1500,1500,1500,1500,1500,1500,0,0.0,0.0,0.0,,,,N/A,,,,N/A
2026-09-08 04:14:11.788,1500,1500,1500,1500,1500,1500,1500,1500,1500,0,0.0,0.0,0.0,,,,N/A,,,,N/A
2026-09-08 04:14:12.314,1500,1500,1500,1500,1500,1500,1500,1500,1500,0,0.0,0.0,0.0,,,,N/A,,,,N/A
2026-09-08 04:14:12.893,1500,1500,1500,1500,1500,1500,1500,1500,1500,0,0.0,0.0,0.0,,,,N/A,,,,N/A
2026-09-08 04:14:13.394,1500,1500,1500,1500,1500,1500,1500,1500,1500,0,0.0,0.0,0.0,,,,N/A,,,,N/A
2026-09-08 04:14:13.894,1500,1500,1500,1500,1500,1500,1500,1500,1500,0,0.0,0.0,0.0,,,,N/A,,,,N/A
2026-09-08 04:14:14.472,1500,1500,1500,1500,1500,1500,1500,1500,1500,0,0.0,0.0,0.0,,,,N/A,,,,N/A
2026-09-08 04:14:15.037,1500,1500,1500,1500,1500,1500,1500,1500,1500,0,0.0,0.0,0.0,,,,N/A,,,,N/A
2026-09-08 04:14:15.601,1500,1500,1500,1500,1500,1500,1500,1500,1500,0,0.0,0.0,0.0,,,,N/A,,,,N/A
2026-09-08 04:14:16.181,1500,1500,1500,1500,1500,1500,1500,1500,1500,0,0.0,0.0,0.0,,,,N/A,,,,N/A
2026-09-08 04:14:16.735,1500,1500,1500,1500,1500,1500,1500,1500,1500,0,0.0,0.0,0.0,,,,N/A,,,,N/A
2026-09-08 04:14:17.240,1500,1500,1500,1500,1500,1500,1500,1500,1500,0,0.0,0.0,0.0,,,,N/A,,,,N/A
2026-09-08 04:14:17.774,1500,1500,1500,1500,1500,1500,1500,1500,1500,0,0.0,0.0,0.0,,,,N/A,,,,N/A
2026-09-08 04:14:18.280,1500,1500,1500,1500,1500,1500,1500,1500,1500,0,0.0,0.0,0.0,,,,N/A,,,,N/A
2026-09-08 04:14:18.810,1500,1500,1500,1500,1500,1500,1500,1500,1500,0,0.0,0.0,0.0,,,,N/A,,,,N/A
2026-09-08 04:14:19.357,1500,1500,1500,1500,1500,1500,1500,1500,1500,0,0.0,0.0,0.0,,,,N/A,,,,N/A
2026-09-08 04:14:19.958,1500,1500,1500,1500,1500,1500,1500,1500,1500,0,0.0,0.0,0.0,,,,N/A,,,,N/A
2026-09-08 04:14:20.462,1500,1500,1500,1500,1500,1500,1500,1500,1500,0,0.0,0.0,0.0,,,,N/A,,,,N/A
2026-09-08 04:14:21.006,1500,1500,1500,1500,1500,1500,1500,1500,1500,0,0.0,0.0,0.0,,,,N/A,,,,N/A
2026-09-08 04:14:21.521,1500,1500,1500,1500,1500,1500,1500,1500,1500,0,0.0,0.0,0.0,,,,N/A,,,,N/A
2026-09-08 04:14:22.040,1500,1500,1500,1500,1500,1500,1500,1500,1500,0,0.0,0.0,0.0,,,,N/A,,,,N/A
2026-09-08 04:14:22.579,1500,1500,1500,1500,1500,1500,1500,1500,1500,0,0.0,0.0,0.0,,,,N/A,,,,N/A
2026-09-08 04:14:23.101,1500,1500,1500,1500,1500,1500,1500,1500,1500,0,0.0,0.0,0.0,,,,N/A,,,,N/A
2026-09-08 04:14:23.607,1500,1500,1500,1500,1500,1500,1500,1500,1500,0,0.0,0.0,0.0,,,,N/A,,,,N/A
2026-09-08 04:14:24.111,1500,1500,1500,1500,1500,1500,1500,1500,1500,0,0.0,0.0,0.0,,,,N/A,,,,N/A
2026-09-08 04:14:24.677,1500,1500,1500,1500,1500,1500,1500,1500,1500,0,0.0,0.0,0.0,,,,N/A,,,,N/A
2026-09-08 04:14:25.224,1500,1500,1500,1500,1500,1500,1500,1500,1500,0,0.0,0.0,0.0,,,,N/A,,,,N/A
2026-09-08 04:14:25.785,1500,1500,1500,1500,1500,1500,1500,1500,1500,0,0.0,0.0,0.0,,,,N/A,,,,N/A
2026-09-08 04:14:26.300,1500,1500,1500,1500,1500,1500,1500,1500,1500,0,0.0,0.0,0.0,,,,N/A,,,,N/A
2026-09-08 04:14:26.827,1500,1500,1500,1500,1500,1500,1500,1500,1500,0,0.0,0.0,0.0,,,,N/A,,,,N/A
2026-09-08 04:14:27.450,1500,1500,1500,1500,1500,1500,1500,1500,1500,0,0.0,0.0,0.0,,,,N/A,,,,N/A
2026-09-08 04:14:28.039,1500,1500,1500,1500,1500,1500,1500,1500,1500,0,0.0,0.0,0.0,,,,N/A,,,,N/A
2026-09-08 04:14:28.623,1500,1500,1500,1500,1500,1500,1500,1500,1500,0,0.0,0.0,0.0,,,,N/A,,,,N/A
2026-09-08 04:14:29.161,1500,1500,1500,1500,1500,1500,1500,1500,1500,0,0.0,0.0,0.0,,,,N/A,,,,N/A
2026-09-08 04:14:29.732,1500,1500,1500,1500,1500,1500,1500,1500,1500,0,0.0,0.0,0.0,,,,N/A,,,,N/A
2026-09-08 04:14:30.264,1500,1500,1500,1500,1500,1500,1500,1500,1500,0,0.0,0.0,0.0,,,,N/A,,,,N/A
2026-09-08 04:14:30.855,1500,1500,1500,1500,1500,1500,1500,1500,1500,0,0.0,0.0,0.0,,,,N/A,,,,N/A
2026-09-08 04:14:31.446,1500,1500,1500,1500,1500,1500,1500,1500,1500,0,0.0,0.0,0.0,,,,N/A,,,,N/A
2026-09-08 04:14:32.037,1500,1500,1500,1500,1500,1500,1500,1500,1500,0,0.0,0.0,0.0,,,,N/A,,,,N/A
2026-09-08 04:14:32.600,1500,1500,1500,1500,1500,1500,1500,1500,1500,0,0.0,0.0,0.0,,,,N/A,,,,N/A
2026-09-08 04:14:33.154,1500,1500,1500,1500,1500,1500,1500,1500,1500,0,0.0,0.0,0.0,,,,N/A,,,,N/A
2026-09-08 04:14:33.715,1500,1500,1500,1500,1500,1500,1500,1500,1500,0,0.0,0.0,0.0,,,,N/A,,,,N/A
2026-09-08 04:14:34.279,1500,1500,1500,1500,1500,1500,1500,1500,1500,0,0.0,0.0,0.0,,,,N/A,,,,N/A
2026-09-08 04:14:34.784,1500,1500,1500,1500,1500,1500,1500,1500,1500,0,0.0,0.0,0.0,,,,N/A,,,,N/A
2026-09-08 04:14:35.333,1500,1500,1500,1500,1500,1500,1500,1500,1500,0,0.0,0.0,0.0,,,,N/A,,,,N/A
2026-09-08 04:14:35.907,1500,1500,1500,1500,1500,1500,1500,1500,1500,0,0.0,0.0,0.0,,,,N/A,,,,N/A
2026-09-08 04:14:36.428,1500,1500,1500,1500,1500,1500,1500,1500,1500,0,0.0,0.0,0.0,,,,N/A,,,,N/A
2026-09-08 04:14:36.938,1500,1500,1500,1500,1500,1500,1500,1500,1500,0,0.0,0.0,0.0,,,,N/A,,,,N/A
2026-09-08 04:14:37.471,1500,1500,1500,1500,1500,1500,1500,1500,1500,0,0.0,0.0,0.0,,,,N/A,,,,N/A
2026-09-08 04:14:38.020,1500,1500,1500,1500,1500,1500,1500,1500,1500,0,0.0,0.0,0.0,,,,N/A,,,,N/A
2026-09-08 04:14:38.597,1500,1500,1500,1500,1500,1500,1500,1500,1500,0,0.0,0.0,0.0,439.29,4392.9,160.7,VALID,298.53,2985.3,301.5,VALID
2026-09-08 04:14:39.143,1500,1500,1500,1500,1500,1500,1500,1500,1500,0,0.0,0.0,0.0,439.28,4392.8,160.7,VALID,300.42,3004.2,299.6,VALID
2026-09-08 04:14:39.662,1500,1500,1500,1500,1500,1500,1500,1500,1500,0,0.0,0.0,0.0,441.71,4417.1,158.3,VALID,299.23,2992.3,300.8,VALID
2026-09-08 04:14:40.164,1500,1500,1500,1500,1500,1500,1500,1500,1500,0,0.0,0.0,0.0,440.34,4403.4,159.7,VALID,300.25,3002.5,299.8,VALID
2026-09-08 04:14:40.724,1500,1500,1500,1500,1500,1500,1500,1500,1500,0,0.0,0.0,0.0,439.96,4399.6,160.0,VALID,301.09,3010.9,298.9,VALID
2026-09-08 04:14:41.243,1500,1500,1500,1500,1500,1500,1500,1500,1500,0,0.0,0.0,0.0,440.73,4407.3,159.3,VALID,299.85,2998.5,300.1,VALID
2026-09-08 04:14:41.756,1500,1500,1500,1500,1500,1500,1500,1500,1500,0,0.0,0.0,0.0,439.92,4399.2,160.1,VALID,299.93,2999.3,300.1,VALID
2026-09-08 04:14:42.287,1500,1500,1500,1500,1500,1500,1500,1500,1500,0,0.0,0.0,0.0,439.25,4392.5,160.8,VALID,299.02,2990.2,301.0,VALID
2026-09-08 04:14:42.791,1500,1500,1500,1500,1500,1500,1500,1500,1500,0,0.0,0.0,0.0,440.15,4401.5,159.9,VALID,298.65,2986.5,301.4,VALID
2026-09-08 04:14:43.334,1500,1500,1500,1500,1500,1500,1500,1500,1500,0,0.0,0.0,0.0,438.8,4388.0,161.2,VALID,300.14,3001.4,299.9,VALID
2026-09-08 04:14:43.924,1500,1500,1500,1500,1500,1500,1500,1500,1500,0,0.0,0.0,0.0,441.18,4411.8,158.8,VALID,301.05,3010.5,298.9,VALID
2026-09-08 04:14:44.493,1500,1500,1500,1500,1500,1500,1500,1500,1500,0,0.0,0.0,0.0,439.52,4395.2,160.5,VALID,299.17,2991.7,300.8,VALID
2026-09-08 04:14:45.002,1500,1500,1500,1500,1500,1500,1500,1500,1500,0,0.0,0.0,0.0,440.43,4404.3,159.6,VALID,301.17,3011.7,298.8,VALID
2026-09-08 04:14:45.540,1500,1500,1500,1500,1500,1500,1500,1500,1500,0,0.0,0.0,0.0,440.43,4404.3,159.6,VALID,301.17,3011.7,298.8,VALID
2026-09-08 04:14:46.059,1500,1500,1500,1500,1500,1500,1500,1500,1500,0,0.0,0.0,0.0,440.43,4404.3,159.6,VALID,301.17,3011.7,298.8,VALID
2026-09-08 04:14:46.576,1500,1500,1500,1500,1500,1500,1500,1500,1500,0,0.0,0.0,0.0,440.43,4404.3,159.6,VALID,301.17,3011.7,298.8,VALID
2026-09-08 04:14:47.092,1500,1500,1500,1500,1500,1500,1500,1500,1500,0,0.0,0.0,0.0,440.43,4404.3,159.6,VALID,301.17,3011.7,298.8,VALID
2026-09-08 04:14:47.608,1500,1500,1500,1500,1500,1500,1500,1500,1500,0,0.0,0.0,0.0,440.43,4404.3,159.6,VALID,301.17,3011.7,298.8,VALID
2026-09-08 04:14:48.136,1500,1500,1500,1500,1500,1500,1500,1500,1500,0,0.0,0.0,0.0,440.43,4404.3,159.6,VALID,301.17,3011.7,298.8,VALID
2026-09-08 04:14:48.651,1500,1500,1500,1500,1500,1500,1500,1500,1500,0,0.0,0.0,0.0,440.43,4404.3,159.6,VALID,301.17,3011.7,298.8,VALID
2026-09-08 04:14:49.197,1500,1500,1500,1500,1500,1500,1500,1500,1500,0,0.0,0.0,0.0,440.43,4404.3,159.6,VALID,301.17,3011.7,298.8,VALID
2026-09-08 04:14:49.702,1500,1500,1500,1500,1500,1500,1500,1500,1500,0,0.0,0.0,0.0,440.43,4404.3,159.6,VALID,301.17,3011.7,298.8,VALID
2026-09-08 04:14:50.272,1500,1500,1500,1500,1500,1500,1500,1500,1500,0,0.0,0.0,0.0,440.43,4404.3,159.6,VALID,301.17,3011.7,298.8,VALID
2026-09-08 04:14:50.799,1500,1500,1500,1500,1500,1500,1500,1500,1500,0,0.0,0.0,0.0,440.43,4404.3,159.6,VALID,301.17,3011.7,298.8,VALID
2026-09-08 04:14:51.322,1500,1500,1500,1500,1500,1500,1500,1500,1500,0,0.0,0.0,0.0,440.43,4404.3,159.6,VALID,301.17,3011.7,298.8,VALID
2026-09-08 04:14:51.865,1500,1500,1500,1500,1500,1500,1500,1500,1500,0,0.0,0.0,0.0,440.43,4404.3,159.6,VALID,301.17,3011.7,298.8,VALID
2026-09-08 04:14:52.373,1500,1500,1500,1500,1500,1500,1500,1500,1500,0,0.0,0.0,0.0,440.43,4404.3,159.6,VALID,301.17,3011.7,298.8,VALID
2026-09-08 04:14:52.877,1500,1500,1500,1500,1500,1500,1500,1500,1500,0,0.0,0.0,0.0,440.43,4404.3,159.6,VALID,301.17,3011.7,298.8,VALID
2026-09-08 04:14:53.386,1500,1500,1500,1500,1500,1500,1500,1500,1500,0,0.0,0.0,0.0,440.43,4404.3,159.6,VALID,301.17,3011.7,298.8,VALID
2026-09-08 04:14:53.891,1500,1500,1500,1500,1500,1500,1500,1500,1500,0,0.0,0.0,0.0,440.43,4404.3,159.6,VALID,301.17,3011.7,298.8,VALID
2026-09-08 04:14:54.431,1500,1500,1500,1500,1500,1500,1500,1500,1500,0,0.0,0.0,0.0,440.43,4404.3,159.6,VALID,301.17,3011.7,298.8,VALID
2026-09-08 04:14:54.957,1500,1500,1500,1500,1500,1500,1500,1500,1500,0,0.0,0.0,0.0,441.43,4414.3,158.6,VALID,300.58,3005.8,299.4,VALID
2026-09-08 04:14:55.497,1500,1500,1500,1500,1500,1500,1500,1500,1500,0,0.0,0.0,0.0,440.14,4401.4,159.9,VALID,299.39,2993.9,300.6,VALID
2026-09-08 04:14:56.032,1500,1500,1500,1500,1500,1500,1500,1500,1500,0,0.0,0.0,0.0,439.6,4396.0,160.4,VALID,299.03,2990.3,301.0,VALID
2026-09-08 04:14:56.550,1500,1500,1500,1500,1500,1500,1500,1500,1500,0,0.0,0.0,0.0,439.53,4395.3,160.5,VALID,299.61,2996.1,300.4,VALID
2026-09-08 04:14:57.062,1500,1500,1500,1500,1500,1500,1500,1500,1500,0,0.0,0.0,0.0,440.62,4406.2,159.4,VALID,301.1,3011.0,298.9,VALID
2026-09-08 04:14:57.638,1500,1500,1500,1500,1500,1500,1500,1500,1500,0,0.0,0.0,0.0,442.61,4426.1,157.4,VALID,299.69,2996.9,300.3,VALID
2026-09-08 04:14:58.217,1500,1500,1500,1500,1500,1500,1500,1500,1500,0,0.0,0.0,0.0,439.86,4398.6,160.1,VALID,301.45,3014.5,298.6,VALID
2026-09-08 04:14:58.775,1500,1500,1500,1500,1500,1500,1500,1500,1500,0,0.0,0.0,0.0,437.49,4374.9,162.5,VALID,300.54,3005.4,299.5,VALID
2026-09-08 04:14:59.332,1500,1500,1500,1500,1500,1500,1500,1500,1500,0,0.0,0.0,0.0,440.34,4403.4,159.7,VALID,301.34,3013.4,298.7,VALID
2026-09-08 04:14:59.868,1500,1500,1500,1500,1500,1500,1500,1500,1500,0,0.0,0.0,0.0,440.32,4403.2,159.7,VALID,301.66,3016.6,298.3,VALID
2026-09-08 04:15:00.370,1500,1500,1500,1500,1500,1500,1500,1500,1500,0,0.0,0.0,0.0,440.14,4401.4,159.9,VALID,298.93,2989.3,301.1,VALID
2026-09-08 04:15:00.875,1500,1500,1500,1500,1500,1500,1500,1500,1500,0,0.0,0.0,0.0,441.76,4417.6,158.2,VALID,299.06,2990.6,300.9,VALID
2026-09-08 04:15:01.397,1500,1500,1500,1500,1500,1500,1500,1500,1500,0,0.0,0.0,0.0,441.66,4416.6,158.3,VALID,301.01,3010.1,299.0,VALID
2026-09-08 04:15:01.901,1500,1500,1500,1500,1500,1500,1500,1500,1500,0,0.0,0.0,0.0,439.4,4394.0,160.6,VALID,297.73,2977.3,302.3,VALID
2026-09-08 04:15:02.406,1500,1500,1500,1500,1500,1500,1500,1500,1500,0,0.0,0.0,0.0,440.52,4405.2,159.5,VALID,298.97,2989.7,301.0,VALID
2026-09-08 04:15:02.933,1500,1500,1500,1500,1500,1500,1500,1500,1500,0,0.0,0.0,0.0,439.62,4396.2,160.4,VALID,299.69,2996.9,300.3,VALID
2026-09-08 04:15:03.480,1500,1500,1500,1500,1500,1500,1500,1500,1500,0,0.0,0.0,0.0,440.6,4406.0,159.4,VALID,302.71,3027.1,297.3,VALID
2026-09-08 04:15:03.994,1500,1500,1500,1500,1500,1500,1500,1500,1500,0,0.0,0.0,0.0,438.92,4389.2,161.1,VALID,299.5,2995.0,300.5,VALID
2026-09-08 04:15:04.499,1500,1500,1500,1500,1500,1500,1500,1500,1500,0,0.0,0.0,0.0,442.92,4429.2,157.1,VALID,300.68,3006.8,299.3,VALID
2026-09-08 04:15:05.074,1500,1500,1500,1500,1500,1500,1500,1500,1500,0,0.0,0.0,0.0,438.56,4385.6,161.4,VALID,300.53,3005.3,299.5,VALID
2026-09-08 04:15:05.680,1500,1500,1500,1500,1500,1500,1500,1500,1500,0,0.0,0.0,0.0,440.41,4404.1,159.6,VALID,300.65,3006.5,299.4,VALID
2026-09-08 04:15:06.254,1500,1500,1500,1500,1500,1500,1500,1500,1500,0,0.0,0.0,0.0,440.58,4405.8,159.4,VALID,300.52,3005.2,299.5,VALID
2026-09-08 04:15:06.770,1500,1500,1500,1500,1500,1500,1500,1500,1500,0,0.0,0.0,0.0,437.51,4375.1,162.5,VALID,298.93,2989.3,301.1,VALID
2026-09-08 04:15:07.290,1500,1500,1500,1500,1500,1500,1500,1500,1500,0,0.0,0.0,0.0,437.08,4370.8,162.9,VALID,299.82,2998.2,300.2,VALID
2026-09-08 04:15:07.792,1500,1500,1500,1500,1500,1500,1500,1500,1500,0,0.0,0.0,0.0,439.91,4399.1,160.1,VALID,300.14,3001.4,299.9,VALID
2026-09-08 04:15:08.307,1500,1500,1500,1500,1500,1500,1500,1500,1500,0,0.0,0.0,0.0,442.38,4423.8,157.6,VALID,298.2,2982.0,301.8,VALID
2026-09-08 04:15:08.815,1500,1500,1500,1500,1500,1500,1500,1500,1500,0,0.0,0.0,0.0,438.94,4389.4,161.1,VALID,300.79,3007.9,299.2,VALID
2026-09-08 04:15:09.373,1500,1500,1500,1500,1500,1500,1500,1500,1500,0,0.0,0.0,0.0,439.57,4395.7,160.4,VALID,297.86,2978.6,302.1,VALID
2026-09-08 04:15:09.939,1500,1500,1500,1500,1500,1500,1500,1500,1500,0,0.0,0.0,0.0,438.33,4383.3,161.7,VALID,301.25,3012.5,298.8,VALID
2026-09-08 04:15:10.516,1500,1500,1500,1500,1500,1500,1500,1500,1500,0,0.0,0.0,0.0,439.81,4398.1,160.2,VALID,300.5,3005.0,299.5,VALID
2026-09-08 04:15:11.029,1500,1500,1500,1500,1500,1500,1500,1500,1500,0,0.0,0.0,0.0,438.98,4389.8,161.0,VALID,301.13,3011.3,298.9,VALID
2026-09-08 04:15:11.589,1500,1500,1500,1500,1500,1500,1500,1500,1500,0,0.0,0.0,0.0,437.78,4377.8,162.2,VALID,299.43,2994.3,300.6,VALID
2026-09-08 04:15:12.148,1500,1500,1500,1500,1500,1500,1500,1500,1500,0,0.0,0.0,0.0,441.34,4413.4,158.7,VALID,299.98,2999.8,300.0,VALID
2026-09-08 04:15:12.655,1500,1500,1500,1500,1500,1500,1500,1500,1500,0,0.0,0.0,0.0,443.3,4433.0,156.7,VALID,298.28,2982.8,301.7,VALID
2026-09-08 04:15:13.158,1500,1500,1500,1500,1500,1500,1500,1500,1500,0,0.0,0.0,0.0,440.04,4400.4,160.0,VALID,302.05,3020.5,297.9,VALID
2026-09-08 04:15:13.676,1500,1500,1500,1500,1500,1500,1500,1500,1500,0,0.0,0.0,0.0,440.38,4403.8,159.6,VALID,301.01,3010.1,299.0,VALID
2026-09-08 04:15:14.190,1500,1500,1500,1500,1500,1500,1500,1500,1500,0,0.0,0.0,0.0,439.85,4398.5,160.1,VALID,298.05,2980.5,301.9,VALID
2026-09-08 04:15:14.763,1500,1500,1500,1500,1500,1500,1500,1500,1500,0,0.0,0.0,0.0,439.5,4395.0,160.5,VALID,302.71,3027.1,297.3,VALID
2026-09-08 04:15:15.362,1500,1500,1500,1500,1500,1500,1500,1500,1500,0,0.0,0.0,0.0,441.78,4417.8,158.2,VALID,300.44,3004.4,299.6,VALID
2026-09-08 04:15:15.868,1500,1500,1500,1500,1500,1500,1500,1500,1500,0,0.0,0.0,0.0,439.05,4390.5,160.9,VALID,299.89,2998.9,300.1,VALID
2026-09-08 04:15:16.407,1500,1500,1500,1500,1500,1500,1500,1500,1500,0,0.0,0.0,0.0,440.78,4407.8,159.2,VALID,300.86,3008.6,299.1,VALID
2026-09-08 04:15:16.953,1500,1500,1500,1500,1500,1500,1500,1500,1500,0,0.0,0.0,0.0,437.53,4375.3,162.5,VALID,297.7,2977.0,302.3,VALID
2026-09-08 04:15:17.466,1500,1500,1500,1500,1500,1500,1500,1500,1500,0,0.0,0.0,0.0,442.01,4420.1,158.0,VALID,299.56,2995.6,300.4,VALID
2026-09-08 04:15:18.028,1500,1500,1500,1500,1500,1500,1500,1500,1500,0,0.0,0.0,0.0,441.98,4419.8,158.0,VALID,301.61,3016.1,298.4,VALID
2026-09-08 04:15:18.558,1500,1500,1500,1500,1500,1500,1500,1500,1500,0,0.0,0.0,0.0,439.69,4396.9,160.3,VALID,300.8,3008.0,299.2,VALID
2026-09-08 04:15:19.134,1500,1500,1500,1500,1500,1500,1500,1500,1500,0,0.0,0.0,0.0,442.57,4425.7,157.4,VALID,300.0,3000.0,300.0,VALID
2026-09-08 04:15:19.647,1500,1500,1500,1500,1500,1500,1500,1500,1500,0,0.0,0.0,0.0,438.8,4388.0,161.2,VALID,300.3,3003.0,299.7,VALID
2026-09-08 04:15:20.159,1500,1500,1500,1500,1500,1500,1500,1500,1500,0,0.0,0.0,0.0,442.33,4423.3,157.7,VALID,299.15,2991.5,300.9,VALID
2026-09-08 04:15:20.665,1500,1500,1500,1500,1500,1500,1500,1500,1500,0,0.0,0.0,0.0,439.58,4395.8,160.4,VALID,299.8,2998.0,300.2,VALID
2026-09-08 04:15:21.211,1500,1500,1500,1500,1500,1500,1500,1500,1500,0,0.0,0.0,0.0,438.83,4388.3,161.2,VALID,299.9,2999.0,300.1,VALID
2026-09-08 04:15:21.758,1500,1500,1500,1500,1500,1500,1500,1500,1500,0,0.0,0.0,0.0,439.79,4397.9,160.2,VALID,301.24,3012.4,298.8,VALID
2026-09-08 04:15:22.259,1500,1500,1500,1500,1500,1500,1500,1500,1500,0,0.0,0.0,0.0,439.46,4394.6,160.5,VALID,299.43,2994.3,300.6,VALID
2026-09-08 04:15:22.810,1500,1500,1500,1500,1500,1500,1500,1500,1500,0,0.0,0.0,0.0,440.37,4403.7,159.6,VALID,299.61,2996.1,300.4,VALID
2026-09-08 04:15:23.313,1500,1500,1500,1500,1500,1500,1500,1500,1500,0,0.0,0.0,0.0,439.14,4391.4,160.9,VALID,300.67,3006.7,299.3,VALID
2026-09-08 04:15:23.859,1500,1500,1500,1500,1500,1500,1500,1500,1500,0,0.0,0.0,0.0,444.99,4449.9,155.0,VALID,299.52,2995.2,300.5,VALID
2026-09-08 04:15:24.374,1500,1500,1500,1500,1500,1500,1500,1500,1500,0,0.0,0.0,0.0,441.57,4415.7,158.4,VALID,300.74,3007.4,299.3,VALID
2026-09-08 04:15:24.885,1500,1500,1500,1500,1500,1500,1500,1500,1500,0,0.0,0.0,0.0,439.03,4390.3,161.0,VALID,299.75,2997.5,300.2,VALID
2026-09-08 04:15:25.386,1500,1500,1500,1500,1500,1500,1500,1500,1500,0,0.0,0.0,0.0,439.54,4395.4,160.5,VALID,300.35,3003.5,299.6,VALID
2026-09-08 04:15:25.916,1500,1500,1500,1500,1500,1500,1500,1500,1500,0,0.0,0.0,0.0,439.54,4395.4,160.5,VALID,300.35,3003.5,299.6,VALID
2026-09-08 04:15:26.439,1500,1500,1500,1500,1500,1500,1500,1500,1500,0,0.0,0.0,0.0,439.54,4395.4,160.5,VALID,300.35,3003.5,299.6,VALID
2026-09-08 04:15:26.942,1500,1500,1500,1500,1500,1500,1500,1500,1500,0,0.0,0.0,0.0,439.54,4395.4,160.5,VALID,300.35,3003.5,299.6,VALID
2026-09-08 04:15:27.507,1500,1500,1500,1500,1500,1500,1500,1500,1500,0,0.0,0.0,0.0,439.54,4395.4,160.5,VALID,300.35,3003.5,299.6,VALID
2026-09-08 04:15:28.021,1500,1500,1500,1500,1500,1500,1500,1500,1500,0,0.0,0.0,0.0,439.54,4395.4,160.5,VALID,300.35,3003.5,299.6,VALID
2026-09-08 04:15:28.627,1500,1500,1500,1500,1500,1500,1500,1500,1500,0,0.0,0.0,0.0,439.54,4395.4,160.5,VALID,300.35,3003.5,299.6,VALID
2026-09-08 04:15:29.200,1500,1500,1500,1500,1500,1500,1500,1500,1500,0,0.0,0.0,0.0,439.54,4395.4,160.5,VALID,300.35,3003.5,299.6,VALID
2026-09-08 04:15:29.701,1500,1500,1500,1500,1500,1500,1500,1500,1500,0,0.0,0.0,0.0,439.54,4395.4,160.5,VALID,300.35,3003.5,299.6,VALID
2026-09-08 04:15:30.238,1500,1500,1500,1500,1500,1500,1500,1500,1500,0,0.0,0.0,0.0,439.54,4395.4,160.5,VALID,300.35,3003.5,299.6,VALID
2026-09-08 04:15:30.815,1500,1500,1500,1500,1500,1500,1500,1500,1500,0,0.0,0.0,0.0,439.54,4395.4,160.5,VALID,300.35,3003.5,299.6,VALID
2026-09-08 04:15:31.350,1500,1500,1500,1500,1500,1500,1500,1500,1500,0,0.0,0.0,0.0,439.54,4395.4,160.5,VALID,300.35,3003.5,299.6,VALID
2026-09-08 04:15:31.883,1500,1500,1500,1500,1500,1500,1500,1500,1500,0,0.0,0.0,0.0,439.54,4395.4,160.5,VALID,300.35,3003.5,299.6,VALID
2026-09-08 04:15:32.410,1500,1500,1500,1500,1500,1500,1500,1500,1500,0,0.0,0.0,0.0,439.54,4395.4,160.5,VALID,300.35,3003.5,299.6,VALID
2026-09-08 04:15:32.910,1500,1500,1500,1500,1500,1500,1500,1500,1500,0,0.0,0.0,0.0,439.54,4395.4,160.5,VALID,300.35,3003.5,299.6,VALID
2026-09-08 04:15:33.410,1500,1500,1500,1500,1500,1500,1500,1500,1500,0,0.0,0.0,0.0,439.54,4395.4,160.5,VALID,300.35,3003.5,299.6,VALID
2026-09-08 04:15:33.923,1500,1500,1500,1500,1500,1500,1500,1500,1500,0,0.0,0.0,0.0,439.54,4395.4,160.5,VALID,300.35,3003.5,299.6,VALID
2026-09-08 04:15:34.438,1500,1500,1500,1500,1500,1500,1500,1500,1500,0,0.0,0.0,0.0,439.54,4395.4,160.5,VALID,300.35,3003.5,299.6,VALID
2026-09-08 04:15:34.978,1500,1500,1500,1500,1500,1500,1500,1500,1500,0,0.0,0.0,0.0,439.54,4395.4,160.5,VALID,300.35,3003.5,299.6,VALID
2026-09-08 04:15:35.496,1500,1500,1500,1500,1500,1500,1500,1500,1500,0,0.0,0.0,0.0,439.54,4395.4,160.5,VALID,300.35,3003.5,299.6,VALID
2026-09-08 04:15:36.050,1500,1500,1500,1500,1500,1500,1500,1500,1500,0,0.0,0.0,0.0,439.54,4395.4,160.5,VALID,300.35,3003.5,299.6,VALID
2026-09-08 04:15:36.570,1500,1500,1500,1500,1500,1500,1500,1500,1500,0,0.0,0.0,0.0,439.54,4395.4,160.5,VALID,300.35,3003.5,299.6,VALID
2026-09-08 04:15:37.083,1500,1500,1500,1500,1500,1500,1500,1500,1500,0,0.0,0.0,0.0,439.54,4395.4,160.5,VALID,300.35,3003.5,299.6,VALID
2026-09-08 04:15:37.649,1500,1500,1500,1500,1500,1500,1500,1500,1500,0,0.0,0.0,0.0,439.54,4395.4,160.5,VALID,300.35,3003.5,299.6,VALID
2026-09-08 04:15:38.199,1500,1500,1500,1500,1500,1500,1500,1500,1500,0,0.0,0.0,0.0,439.54,4395.4,160.5,VALID,300.35,3003.5,299.6,VALID
2026-09-08 04:15:38.775,1500,1500,1500,1500,1500,1500,1500,1500,1500,0,0.0,0.0,0.0,439.54,4395.4,160.5,VALID,300.35,3003.5,299.6,VALID
2026-09-08 04:15:39.346,1500,1500,1500,1500,1500,1500,1500,1500,1500,0,0.0,0.0,0.0,439.54,4395.4,160.5,VALID,300.35,3003.5,299.6,VALID
2026-09-08 04:15:39.918,1500,1500,1500,1500,1500,1500,1500,1500,1500,0,0.0,0.0,0.0,439.54,4395.4,160.5,VALID,300.35,3003.5,299.6,VALID
2026-09-08 04:15:40.481,1500,1500,1500,1500,1500,1500,1500,1500,1500,0,0.0,0.0,0.0,439.54,4395.4,160.5,VALID,300.35,3003.5,299.6,VALID
2026-09-08 04:15:41.054,1500,1500,1500,1500,1500,1500,1500,1500,1500,0,0.0,0.0,0.0,439.54,4395.4,160.5,VALID,300.35,3003.5,299.6,VALID
2026-09-08 04:15:41.575,1500,1500,1500,1500,1500,1500,1500,1500,1500,0,0.0,0.0,0.0,439.54,4395.4,160.5,VALID,300.35,3003.5,299.6,VALID
2026-09-08 04:15:42.102,1500,1500,1500,1500,1500,1500,1500,1500,1500,0,0.0,0.0,0.0,439.54,4395.4,160.5,VALID,300.35,3003.5,299.6,VALID
2026-09-08 04:15:42.662,1500,1500,1500,1500,1500,1500,1500,1500,1500,0,0.0,0.0,0.0,439.54,4395.4,160.5,VALID,300.35,3003.5,299.6,VALID
2026-09-08 04:15:43.163,1500,1500,1500,1500,1500,1500,1500,1500,1500,0,0.0,0.0,0.0,439.54,4395.4,160.5,VALID,300.35,3003.5,299.6,VALID
2026-09-08 04:15:43.692,1500,1500,1500,1500,1500,1500,1500,1500,1500,0,0.0,0.0,0.0,439.54,4395.4,160.5,VALID,300.35,3003.5,299.6,VALID
2026-09-08 04:15:44.234,1500,1500,1500,1500,1500,1500,1500,1500,1500,0,0.0,0.0,0.0,439.54,4395.4,160.5,VALID,300.35,3003.5,299.6,VALID
2026-09-08 04:15:44.801,1500,1500,1500,1500,1500,1500,1500,1500,1500,0,0.0,0.0,0.0,439.54,4395.4,160.5,VALID,300.35,3003.5,299.6,VALID
2026-09-08 04:15:45.356,1500,1500,1500,1500,1500,1500,1500,1500,1500,0,0.0,0.0,0.0,439.54,4395.4,160.5,VALID,300.35,3003.5,299.6,VALID
2026-09-08 04:15:45.866,1500,1500,1500,1500,1500,1500,1500,1500,1500,0,0.0,0.0,0.0,439.54,4395.4,160.5,VALID,300.35,3003.5,299.6,VALID
2026-09-08 04:15:46.395,1500,1500,1500,1500,1500,1500,1500,1500,1500,0,0.0,0.0,0.0,439.54,4395.4,160.5,VALID,300.35,3003.5,299.6,VALID
2026-09-08 04:15:46.943,1500,1500,1500,1500,1500,1500,1500,1500,1500,0,0.0,0.0,0.0,439.54,4395.4,160.5,VALID,300.35,3003.5,299.6,VALID
2026-09-08 04:15:47.526,1500,1500,1500,1500,1500,1500,1500,1500,1500,0,0.0,0.0,0.0,439.54,4395.4,160.5,VALID,300.35,3003.5,299.6,VALID
2026-09-08 04:15:48.078,1500,1500,1500,1500,1500,1500,1500,1500,1500,0,0.0,0.0,0.0,439.54,4395.4,160.5,VALID,300.35,3003.5,299.6,VALID
2026-09-08 04:15:48.622,1500,1500,1500,1500,1500,1500,1500,1500,1500,0,0.0,0.0,0.0,439.54,4395.4,160.5,VALID,300.35,3003.5,299.6,VALID
2026-09-08 04:15:49.125,1500,1500,1500,1500,1500,1500,1500,1500,1500,0,0.0,0.0,0.0,439.54,4395.4,160.5,VALID,300.35,3003.5,299.6,VALID
2026-09-08 04:15:49.646,1500,1500,1500,1500,1500,1500,1500,1500,1500,0,0.0,0.0,0.0,439.54,4395.4,160.5,VALID,300.35,3003.5,299.6,VALID
2026-09-08 04:15:50.177,1500,1500,1500,1500,1500,1500,1500,1500,1500,0,0.0,0.0,0.0,439.54,4395.4,160.5,VALID,300.35,3003.5,299.6,VALID
2026-09-08 04:15:50.741,1500,1500,1500,1500,1500,1500,1500,1500,1500,0,0.0,0.0,0.0,439.54,4395.4,160.5,VALID,300.35,3003.5,299.6,VALID
2026-09-08 04:15:51.276,1500,1500,1500,1500,1500,1500,1500,1500,1500,0,0.0,0.0,0.0,439.54,4395.4,160.5,VALID,300.35,3003.5,299.6,VALID
2026-09-08 04:15:51.846,1500,1500,1500,1500,1500,1500,1500,1500,1500,0,0.0,0.0,0.0,439.54,4395.4,160.5,VALID,300.35,3003.5,299.6,VALID
2026-09-08 04:15:52.361,1500,1500,1500,1500,1500,1500,1500,1500,1500,0,0.0,0.0,0.0,439.54,4395.4,160.5,VALID,300.35,3003.5,299.6,VALID
2026-09-08 04:15:52.937,1500,1500,1500,1500,1500,1500,1500,1500,1500,0,0.0,0.0,0.0,439.54,4395.4,160.5,VALID,300.35,3003.5,299.6,VALID
2026-09-08 04:15:53.511,1500,1500,1500,1500,1500,1500,1500,1500,1500,0,0.0,0.0,0.0,439.54,4395.4,160.5,VALID,300.35,3003.5,299.6,VALID
2026-09-08 04:15:54.102,1500,1500,1500,1500,1500,1500,1500,1500,1500,0,0.0,0.0,0.0,439.54,4395.4,160.5,VALID,300.35,3003.5,299.6,VALID
2026-09-08 04:15:54.664,1500,1500,1500,1500,1500,1500,1500,1500,1500,0,0.0,0.0,0.0,439.54,4395.4,160.5,VALID,300.35,3003.5,299.6,VALID
2026-09-08 04:15:55.179,1500,1500,1500,1500,1500,1500,1500,1500,1500,0,0.0,0.0,0.0,439.54,4395.4,160.5,VALID,300.35,3003.5,299.6,VALID
2026-09-08 04:15:55.696,1500,1500,1500,1500,1500,1500,1500,1500,1500,0,0.0,0.0,0.0,439.54,4395.4,160.5,VALID,300.35,3003.5,299.6,VALID
2026-09-08 04:15:56.271,1500,1500,1500,1500,1500,1500,1500,1500,1500,0,0.0,0.0,0.0,439.54,4395.4,160.5,VALID,300.35,3003.5,299.6,VALID
2026-09-08 04:15:56.863,1500,1500,1500,1500,1500,1500,1500,1500,1500,0,0.0,0.0,0.0,439.54,4395.4,160.5,VALID,300.35,3003.5,299.6,VALID
2026-09-08 04:15:57.442,1500,1500,1500,1500,1500,1500,1500,1500,1500,0,0.0,0.0,0.0,439.54,4395.4,160.5,VALID,300.35,3003.5,299.6,VALID
2026-09-08 04:15:58.033,1500,1500,1500,1500,1500,1500,1500,1500,1500,0,0.0,0.0,0.0,439.54,4395.4,160.5,VALID,300.35,3003.5,299.6,VALID
2026-09-08 04:15:58.535,1500,1500,1500,1500,1500,1500,1500,1500,1500,0,0.0,0.0,0.0,439.54,4395.4,160.5,VALID,300.35,3003.5,299.6,VALID
2026-09-08 04:15:59.090,1500,1500,1500,1500,1500,1500,1500,1500,1500,0,0.0,0.0,0.0,439.54,4395.4,160.5,VALID,300.35,3003.5,299.6,VALID
2026-09-08 04:15:59.611,1500,1500,1500,1500,1500,1500,1500,1500,1500,0,0.0,0.0,0.0,439.54,4395.4,160.5,VALID,300.35,3003.5,299.6,VALID
2026-09-08 04:16:00.156,1500,1500,1500,1500,1500,1500,1500,1500,1500,0,0.0,0.0,0.0,439.54,4395.4,160.5,VALID,300.35,3003.5,299.6,VALID
2026-09-08 04:16:00.674,1500,1500,1500,1500,1500,1500,1500,1500,1500,0,0.0,0.0,0.0,439.54,4395.4,160.5,VALID,300.35,3003.5,299.6,VALID
2026-09-08 04:16:01.234,1500,1500,1500,1500,1500,1500,1500,1500,1500,0,0.0,0.0,0.0,439.54,4395.4,160.5,VALID,300.35,3003.5,299.6,VALID
2026-09-08 04:16:01.738,1500,1500,1500,1500,1500,1500,1500,1500,1500,0,0.0,0.0,0.0,439.54,4395.4,160.5,VALID,300.35,3003.5,299.6,VALID
2026-09-08 04:16:02.281,1500,1500,1500,1500,1500,1500,1500,1500,1500,0,0.0,0.0,0.0,439.54,4395.4,160.5,VALID,300.35,3003.5,299.6,VALID
2026-09-08 04:16:02.820,1500,1500,1500,1500,1500,1500,1500,1500,1500,0,0.0,0.0,0.0,439.54,4395.4,160.5,VALID,300.35,3003.5,299.6,VALID
2026-09-08 04:16:03.379,1500,1500,1500,1500,1500,1500,1500,1500,1500,0,0.0,0.0,0.0,439.54,4395.4,160.5,VALID,300.35,3003.5,299.6,VALID
2026-09-08 04:16:03.926,1500,1500,1500,1500,1500,1500,1500,1500,1500,0,0.0,0.0,0.0,439.54,4395.4,160.5,VALID,300.35,3003.5,299.6,VALID
2026-09-08 04:16:04.438,1500,1500,1500,1500,1500,1500,1500,1500,1500,0,0.0,0.0,0.0,439.54,4395.4,160.5,VALID,300.35,3003.5,299.6,VALID
2026-09-08 04:16:04.999,1500,1500,1500,1500,1500,1500,1500,1500,1500,0,0.0,0.0,0.0,439.54,4395.4,160.5,VALID,300.35,3003.5,299.6,VALID
2026-09-08 04:16:05.587,1500,1500,1500,1500,1500,1500,1500,1500,1500,0,0.0,0.0,0.0,439.54,4395.4,160.5,VALID,300.35,3003.5,299.6,VALID
2026-09-08 04:16:06.136,1500,1500,1500,1500,1500,1500,1500,1500,1500,0,0.0,0.0,0.0,439.54,4395.4,160.5,VALID,300.35,3003.5,299.6,VALID
2026-09-08 04:16:06.656,1500,1500,1500,1500,1500,1500,1500,1500,1500,0,0.0,0.0,0.0,439.54,4395.4,160.5,VALID,300.35,3003.5,299.6,VALID
2026-09-08 04:16:07.226,1500,1500,1500,1500,1500,1500,1500,1500,1500,0,0.0,0.0,0.0,439.54,4395.4,160.5,VALID,300.35,3003.5,299.6,VALID
2026-09-08 04:16:07.737,1500,1500,1500,1500,1500,1500,1500,1500,1500,0,0.0,0.0,0.0,439.54,4395.4,160.5,VALID,300.35,3003.5,299.6,VALID
2026-09-08 04:16:08.238,1500,1500,1500,1500,1500,1500,1500,1500,1500,0,0.0,0.0,0.0,439.54,4395.4,160.5,VALID,300.35,3003.5,299.6,VALID
2026-09-08 04:16:08.740,1500,1500,1500,1500,1500,1500,1500,1500,1500,0,0.0,0.0,0.0,439.54,4395.4,160.5,VALID,300.35,3003.5,299.6,VALID
2026-09-08 04:16:09.250,1500,1500,1500,1500,1500,1500,1500,1500,1500,0,0.0,0.0,0.0,439.54,4395.4,160.5,VALID,300.35,3003.5,299.6,VALID
2026-09-08 04:16:09.812,1500,1500,1500,1500,1500,1500,1500,1500,1500,0,0.0,0.0,0.0,439.54,4395.4,160.5,VALID,300.35,3003.5,299.6,VALID
2026-09-08 04:16:10.314,1500,1500,1500,1500,1500,1500,1500,1500,1500,0,0.0,0.0,0.0,439.54,4395.4,160.5,VALID,300.35,3003.5,299.6,VALID
2026-09-08 04:16:10.861,1500,1500,1500,1500,1500,1500,1500,1500,1500,0,0.0,0.0,0.0,439.54,4395.4,160.5,VALID,300.35,3003.5,299.6,VALID
2026-09-08 04:16:11.393,1500,1500,1500,1500,1500,1500,1500,1500,1500,0,0.0,0.0,0.0,439.54,4395.4,160.5,VALID,300.35,3003.5,299.6,VALID
2026-09-08 04:16:11.926,1500,1500,1500,1500,1500,1500,1500,1500,1500,0,0.0,0.0,0.0,439.54,4395.4,160.5,VALID,300.35,3003.5,299.6,VALID
2026-09-08 04:16:12.440,1500,1500,1500,1500,1500,1500,1500,1500,1500,0,0.0,0.0,0.0,439.54,4395.4,160.5,VALID,300.35,3003.5,299.6,VALID
2026-09-08 04:16:12.954,1500,1500,1500,1500,1500,1500,1500,1500,1500,0,0.0,0.0,0.0,439.54,4395.4,160.5,VALID,300.35,3003.5,299.6,VALID
2026-09-08 04:16:13.454,1500,1500,1500,1500,1500,1500,1500,1500,1500,0,0.0,0.0,0.0,439.54,4395.4,160.5,VALID,300.35,3003.5,299.6,VALID
2026-09-08 04:16:13.981,1500,1500,1500,1500,1500,1500,1500,1500,1500,0,0.0,0.0,0.0,439.54,4395.4,160.5,VALID,300.35,3003.5,299.6,VALID
2026-09-08 04:16:14.483,1500,1500,1500,1500,1500,1500,1500,1500,1500,0,0.0,0.0,0.0,439.54,4395.4,160.5,VALID,300.35,3003.5,299.6,VALID
2026-09-08 04:16:14.993,1500,1500,1500,1500,1500,1500,1500,1500,1500,0,0.0,0.0,0.0,439.54,4395.4,160.5,VALID,300.35,3003.5,299.6,VALID
2026-09-08 04:16:15.494,1500,1500,1500,1500,1500,1500,1500,1500,1500,0,0.0,0.0,0.0,439.54,4395.4,160.5,VALID,300.35,3003.5,299.6,VALID
2026-09-08 04:16:15.995,1500,1500,1500,1500,1500,1500,1500,1500,1500,0,0.0,0.0,0.0,439.54,4395.4,160.5,VALID,300.35,3003.5,299.6,VALID
2026-09-08 04:16:16.507,1500,1500,1500,1500,1500,1500,1500,1500,1500,0,0.0,0.0,0.0,439.54,4395.4,160.5,VALID,300.35,3003.5,299.6,VALID
2026-09-08 04:16:17.049,1500,1500,1500,1500,1500,1500,1500,1500,1500,0,0.0,0.0,0.0,439.54,4395.4,160.5,VALID,300.35,3003.5,299.6,VALID
2026-09-08 04:16:17.576,1500,1500,1500,1500,1500,1500,1500,1500,1500,0,0.0,0.0,0.0,439.54,4395.4,160.5,VALID,300.35,3003.5,299.6,VALID
2026-09-08 04:16:18.123,1500,1500,1500,1500,1500,1500,1500,1500,1500,0,0.0,0.0,0.0,439.54,4395.4,160.5,VALID,300.35,3003.5,299.6,VALID
2026-09-08 04:16:18.647,1500,1500,1500,1500,1500,1500,1500,1500,1500,0,0.0,0.0,0.0,439.54,4395.4,160.5,VALID,300.35,3003.5,299.6,VALID
2026-09-08 04:16:19.202,1500,1500,1500,1500,1500,1500,1500,1500,1500,0,0.0,0.0,0.0,439.54,4395.4,160.5,VALID,300.35,3003.5,299.6,VALID
2026-09-08 04:16:19.706,1500,1500,1500,1500,1500,1500,1500,1500,1500,0,0.0,0.0,0.0,439.54,4395.4,160.5,VALID,300.35,3003.5,299.6,VALID
2026-09-08 04:16:20.206,1500,1500,1500,1500,1500,1500,1500,1500,1500,0,0.0,0.0,0.0,439.54,4395.4,160.5,VALID,300.35,3003.5,299.6,VALID
2026-09-08 04:16:20.720,1500,1500,1500,1500,1500,1500,1500,1500,1500,0,0.0,0.0,0.0,439.54,4395.4,160.5,VALID,300.35,3003.5,299.6,VALID
2026-09-08 04:16:21.246,1500,1500,1500,1500,1500,1500,1500,1500,1500,0,0.0,0.0,0.0,439.54,4395.4,160.5,VALID,300.35,3003.5,299.6,VALID
2026-09-08 04:16:21.849,1500,1500,1500,1500,1500,1500,1500,1500,1500,0,0.0,0.0,0.0,439.54,4395.4,160.5,VALID,300.35,3003.5,299.6,VALID
2026-09-08 04:16:22.350,1500,1500,1500,1500,1500,1500,1500,1500,1500,0,0.0,0.0,0.0,439.54,4395.4,160.5,VALID,300.35,3003.5,299.6,VALID
2026-09-08 04:16:22.851,1500,1500,1500,1500,1500,1500,1500,1500,1500,0,0.0,0.0,0.0,439.54,4395.4,160.5,VALID,300.35,3003.5,299.6,VALID
2026-09-08 04:16:23.428,1500,1500,1500,1500,1500,1500,1500,1500,1500,0,0.0,0.0,0.0,439.54,4395.4,160.5,VALID,300.35,3003.5,299.6,VALID
2026-09-08 04:16:23.932,1500,1500,1500,1500,1500,1500,1500,1500,1500,0,0.0,0.0,0.0,439.54,4395.4,160.5,VALID,300.35,3003.5,299.6,VALID
2026-09-08 04:16:24.444,1500,1500,1500,1500,1500,1500,1500,1500,1500,0,0.0,0.0,0.0,439.54,4395.4,160.5,VALID,300.35,3003.5,299.6,VALID
2026-09-08 04:16:24.959,1500,1500,1500,1500,1500,1500,1500,1500,1500,0,0.0,0.0,0.0,439.54,4395.4,160.5,VALID,300.35,3003.5,299.6,VALID
2026-09-08 04:16:25.534,1500,1500,1500,1500,1500,1500,1500,1500,1500,0,0.0,0.0,0.0,439.54,4395.4,160.5,VALID,300.35,3003.5,299.6,VALID
2026-09-08 04:16:26.051,1500,1500,1500,1500,1500,1500,1500,1500,1500,0,0.0,0.0,0.0,439.54,4395.4,160.5,VALID,300.35,3003.5,299.6,VALID
2026-09-08 04:16:26.579,1500,1500,1500,1500,1500,1500,1500,1500,1500,0,0.0,0.0,0.0,439.54,4395.4,160.5,VALID,300.35,3003.5,299.6,VALID
2026-09-08 04:16:27.152,1500,1500,1500,1500,1500,1500,1500,1500,1500,0,0.0,0.0,0.0,439.54,4395.4,160.5,VALID,300.35,3003.5,299.6,VALID
2026-09-08 04:16:27.655,1500,1500,1500,1500,1500,1500,1500,1500,1500,0,0.0,0.0,0.0,439.54,4395.4,160.5,VALID,300.35,3003.5,299.6,VALID
2026-09-08 04:16:28.232,1500,1500,1500,1500,1500,1500,1500,1500,1500,0,0.0,0.0,0.0,439.54,4395.4,160.5,VALID,300.35,3003.5,299.6,VALID
2026-09-08 04:16:28.737,1500,1500,1500,1500,1500,1500,1500,1500,1500,0,0.0,0.0,0.0,439.54,4395.4,160.5,VALID,300.35,3003.5,299.6,VALID
2026-09-08 04:16:29.284,1500,1500,1500,1500,1500,1500,1500,1500,1500,0,0.0,0.0,0.0,439.54,4395.4,160.5,VALID,300.35,3003.5,299.6,VALID
2026-09-08 04:16:29.809,1500,1500,1500,1500,1500,1500,1500,1500,1500,0,0.0,0.0,0.0,439.54,4395.4,160.5,VALID,300.35,3003.5,299.6,VALID
2026-09-08 04:16:30.378,1500,1500,1500,1500,1500,1500,1500,1500,1500,0,0.0,0.0,0.0,439.54,4395.4,160.5,VALID,300.35,3003.5,299.6,VALID
2026-09-08 04:16:30.891,1500,1500,1500,1500,1500,1500,1500,1500,1500,0,0.0,0.0,0.0,439.54,4395.4,160.5,VALID,300.35,3003.5,299.6,VALID
2026-09-08 04:16:31.406,1500,1500,1500,1500,1500,1500,1500,1500,1500,0,0.0,0.0,0.0,439.54,4395.4,160.5,VALID,300.35,3003.5,299.6,VALID
2026-09-08 04:16:31.949,1500,1500,1500,1500,1500,1500,1500,1500,1500,0,0.0,0.0,0.0,439.54,4395.4,160.5,VALID,300.35,3003.5,299.6,VALID
2026-09-08 04:16:32.489,1500,1500,1500,1500,1500,1500,1500,1500,1500,0,0.0,0.0,0.0,439.54,4395.4,160.5,VALID,300.35,3003.5,299.6,VALID
2026-09-08 04:16:32.990,1500,1500,1500,1500,1500,1500,1500,1500,1500,0,0.0,0.0,0.0,439.54,4395.4,160.5,VALID,300.35,3003.5,299.6,VALID
2026-09-08 04:16:33.548,1500,1500,1500,1500,1500,1500,1500,1500,1500,0,0.0,0.0,0.0,439.54,4395.4,160.5,VALID,300.35,3003.5,299.6,VALID
2026-09-08 04:16:34.118,1500,1500,1500,1500,1500,1500,1500,1500,1500,0,0.0,0.0,0.0,439.54,4395.4,160.5,VALID,300.35,3003.5,299.6,VALID
2026-09-08 04:16:34.705,1500,1500,1500,1500,1500,1500,1500,1500,1500,0,0.0,0.0,0.0,439.54,4395.4,160.5,VALID,300.35,3003.5,299.6,VALID
2026-09-08 04:16:35.250,1500,1500,1500,1500,1500,1500,1500,1500,1500,0,0.0,0.0,0.0,439.54,4395.4,160.5,VALID,300.35,3003.5,299.6,VALID
2026-09-08 04:16:35.755,1500,1500,1500,1500,1500,1500,1500,1500,1500,0,0.0,0.0,0.0,439.54,4395.4,160.5,VALID,300.35,3003.5,299.6,VALID
2026-09-08 04:16:36.283,1500,1500,1500,1500,1500,1500,1500,1500,1500,0,0.0,0.0,0.0,439.54,4395.4,160.5,VALID,300.35,3003.5,299.6,VALID
2026-09-08 04:16:36.845,1500,1500,1500,1500,1500,1500,1500,1500,1500,0,0.0,0.0,0.0,439.54,4395.4,160.5,VALID,300.35,3003.5,299.6,VALID
2026-09-08 04:16:37.359,1500,1500,1500,1500,1500,1500,1500,1500,1500,0,0.0,0.0,0.0,439.54,4395.4,160.5,VALID,300.35,3003.5,299.6,VALID
2026-09-08 04:16:37.894,1500,1500,1500,1500,1500,1500,1500,1500,1500,0,0.0,0.0,0.0,439.54,4395.4,160.5,VALID,300.35,3003.5,299.6,VALID
2026-09-08 04:16:38.408,1500,1500,1500,1500,1500,1500,1500,1500,1500,0,0.0,0.0,0.0,439.54,4395.4,160.5,VALID,300.35,3003.5,299.6,VALID
2026-09-08 04:16:38.951,1500,1500,1500,1500,1500,1500,1500,1500,1500,0,0.0,0.0,0.0,439.54,4395.4,160.5,VALID,300.35,3003.5,299.6,VALID
2026-09-08 04:16:39.465,1500,1500,1500,1500,1500,1500,1500,1500,1500,0,0.0,0.0,0.0,439.54,4395.4,160.5,VALID,300.35,3003.5,299.6,VALID
2026-09-08 04:16:39.980,1500,1500,1500,1500,1500,1500,1500,1500,1500,0,0.0,0.0,0.0,439.54,4395.4,160.5,VALID,300.35,3003.5,299.6,VALID
2026-09-08 04:16:40.492,1500,1500,1500,1500,1500,1500,1500,1500,1500,0,0.0,0.0,0.0,439.54,4395.4,160.5,VALID,300.35,3003.5,299.6,VALID
2026-09-08 04:16:41.045,1500,1500,1500,1500,1500,1500,1500,1500,1500,0,0.0,0.0,0.0,439.54,4395.4,160.5,VALID,300.35,3003.5,299.6,VALID
2026-09-08 04:16:41.555,1500,1500,1500,1500,1500,1500,1500,1500,1500,0,0.0,0.0,0.0,439.54,4395.4,160.5,VALID,300.35,3003.5,299.6,VALID
2026-09-08 04:16:42.095,1500,1500,1500,1500,1500,1500,1500,1500,1500,0,0.0,0.0,0.0,439.54,4395.4,160.5,VALID,300.35,3003.5,299.6,VALID
2026-09-08 04:16:42.610,1500,1500,1500,1500,1500,1500,1500,1500,1500,0,0.0,0.0,0.0,439.54,4395.4,160.5,VALID,300.35,3003.5,299.6,VALID
2026-09-08 04:16:43.185,1500,1500,1500,1500,1500,1500,1500,1500,1500,0,0.0,0.0,0.0,439.54,4395.4,160.5,VALID,300.35,3003.5,299.6,VALID
2026-09-08 04:16:43.715,1500,1500,1500,1500,1500,1500,1500,1500,1500,0,0.0,0.0,0.0,439.54,4395.4,160.5,VALID,300.35,3003.5,299.6,VALID
2026-09-08 04:16:44.263,1500,1500,1500,1500,1500,1500,1500,1500,1500,0,0.0,0.0,0.0,439.54,4395.4,160.5,VALID,300.35,3003.5,299.6,VALID
2026-09-08 04:16:44.832,1500,1500,1500,1500,1500,1500,1500,1500,1500,0,0.0,0.0,0.0,439.54,4395.4,160.5,VALID,300.35,3003.5,299.6,VALID
2026-09-08 04:16:45.380,1500,1500,1500,1500,1500,1500,1500,1500,1500,0,0.0,0.0,0.0,439.54,4395.4,160.5,VALID,300.35,3003.5,299.6,VALID
2026-09-08 04:16:45.881,1500,1500,1500,1500,1500,1500,1500,1500,1500,0,0.0,0.0,0.0,439.54,4395.4,160.5,VALID,300.35,3003.5,299.6,VALID
2026-09-08 04:16:46.443,1500,1500,1500,1500,1500,1500,1500,1500,1500,0,0.0,0.0,0.0,439.54,4395.4,160.5,VALID,300.35,3003.5,299.6,VALID
2026-09-08 04:16:46.954,1500,1500,1500,1500,1500,1500,1500,1500,1500,0,0.0,0.0,0.0,439.54,4395.4,160.5,VALID,300.35,3003.5,299.6,VALID
2026-09-08 04:16:47.477,1500,1500,1500,1500,1500,1500,1500,1500,1500,0,0.0,0.0,0.0,439.54,4395.4,160.5,VALID,300.35,3003.5,299.6,VALID
2026-09-08 04:16:48.020,1500,1500,1500,1500,1500,1500,1500,1500,1500,0,0.0,0.0,0.0,439.54,4395.4,160.5,VALID,300.35,3003.5,299.6,VALID
2026-09-08 04:16:48.547,1500,1500,1500,1500,1500,1500,1500,1500,1500,0,0.0,0.0,0.0,439.54,4395.4,160.5,VALID,300.35,3003.5,299.6,VALID
2026-09-08 04:16:49.059,1500,1500,1500,1500,1500,1500,1500,1500,1500,0,0.0,0.0,0.0,439.54,4395.4,160.5,VALID,300.35,3003.5,299.6,VALID
2026-09-08 04:16:49.605,1500,1500,1500,1500,1500,1500,1500,1500,1500,0,0.0,0.0,0.0,439.54,4395.4,160.5,VALID,300.35,3003.5,299.6,VALID
2026-09-08 04:16:50.105,1500,1500,1500,1500,1500,1500,1500,1500,1500,0,0.0,0.0,0.0,439.54,4395.4,160.5,VALID,300.35,3003.5,299.6,VALID
2026-09-08 04:16:50.647,1500,1500,1500,1500,1500,1500,1500,1500,1500,0,0.0,0.0,0.0,439.54,4395.4,160.5,VALID,300.35,3003.5,299.6,VALID
2026-09-08 04:16:51.147,1500,1500,1500,1500,1500,1500,1500,1500,1500,0,0.0,0.0,0.0,439.54,4395.4,160.5,VALID,300.35,3003.5,299.6,VALID
2026-09-08 04:16:51.692,1500,1500,1500,1500,1500,1500,1500,1500,1500,0,0.0,0.0,0.0,439.54,4395.4,160.5,VALID,300.35,3003.5,299.6,VALID
2026-09-08 04:16:52.250,1500,1500,1500,1500,1500,1500,1500,1500,1500,0,0.0,0.0,0.0,439.54,4395.4,160.5,VALID,300.35,3003.5,299.6,VALID
2026-09-08 04:16:52.783,1500,1500,1500,1500,1500,1500,1500,1500,1500,0,0.0,0.0,0.0,439.54,4395.4,160.5,VALID,300.35,3003.5,299.6,VALID
2026-09-08 04:16:53.302,1500,1500,1500,1500,1500,1500,1500,1500,1500,0,0.0,0.0,0.0,439.54,4395.4,160.5,VALID,300.35,3003.5,299.6,VALID
2026-09-08 04:16:53.843,1500,1500,1500,1500,1500,1500,1500,1500,1500,0,0.0,0.0,0.0,439.54,4395.4,160.5,VALID,300.35,3003.5,299.6,VALID
2026-09-08 04:16:54.406,1500,1500,1500,1500,1500,1500,1500,1500,1500,0,0.0,0.0,0.0,439.54,4395.4,160.5,VALID,300.35,3003.5,299.6,VALID
2026-09-08 04:16:54.969,1500,1500,1500,1500,1500,1500,1500,1500,1500,0,0.0,0.0,0.0,439.54,4395.4,160.5,VALID,300.35,3003.5,299.6,VALID
2026-09-08 04:16:55.477,1500,1500,1500,1500,1500,1500,1500,1500,1500,0,0.0,0.0,0.0,439.54,4395.4,160.5,VALID,300.35,3003.5,299.6,VALID
2026-09-08 04:16:55.980,1500,1500,1500,1500,1500,1500,1500,1500,1500,0,0.0,0.0,0.0,439.54,4395.4,160.5,VALID,300.35,3003.5,299.6,VALID
2026-09-08 04:16:56.526,1500,1500,1500,1500,1500,1500,1500,1500,1500,0,0.0,0.0,0.0,439.54,4395.4,160.5,VALID,300.35,3003.5,299.6,VALID
2026-09-08 04:16:57.039,1500,1500,1500,1500,1500,1500,1500,1500,1500,0,0.0,0.0,0.0,439.54,4395.4,160.5,VALID,300.35,3003.5,299.6,VALID
2026-09-08 04:16:57.586,1500,1500,1500,1500,1500,1500,1500,1500,1500,0,0.0,0.0,0.0,439.54,4395.4,160.5,VALID,300.35,3003.5,299.6,VALID
2026-09-08 04:16:58.185,1500,1500,1500,1500,1500,1500,1500,1500,1500,0,0.0,0.0,0.0,439.54,4395.4,160.5,VALID,300.35,3003.5,299.6,VALID
2026-09-08 04:16:58.700,1500,1500,1500,1500,1500,1500,1500,1500,1500,0,0.0,0.0,0.0,439.54,4395.4,160.5,VALID,300.35,3003.5,299.6,VALID
2026-09-08 04:16:59.213,1500,1500,1500,1500,1500,1500,1500,1500,1500,0,0.0,0.0,0.0,439.54,4395.4,160.5,VALID,300.35,3003.5,299.6,VALID
2026-09-08 04:16:59.790,1500,1500,1500,1500,1500,1500,1500,1500,1500,0,0.0,0.0,0.0,439.54,4395.4,160.5,VALID,300.35,3003.5,299.6,VALID
2026-09-08 04:17:00.292,1500,1500,1500,1500,1500,1500,1500,1500,1500,0,0.0,0.0,0.0,439.54,4395.4,160.5,VALID,300.35,3003.5,299.6,VALID
2026-09-08 04:17:00.839,1500,1500,1500,1500,1500,1500,1500,1500,1500,0,0.0,0.0,0.0,439.54,4395.4,160.5,VALID,300.35,3003.5,299.6,VALID
2026-09-08 04:17:01.382,1500,1500,1500,1500,1500,1500,1500,1500,1500,0,0.0,0.0,0.0,439.54,4395.4,160.5,VALID,300.35,3003.5,299.6,VALID
2026-09-08 04:17:01.931,1500,1500,1500,1500,1500,1500,1500,1500,1500,0,0.0,0.0,0.0,439.54,4395.4,160.5,VALID,300.35,3003.5,299.6,VALID
2026-09-08 04:17:02.449,1500,1500,1500,1500,1500,1500,1500,1500,1500,0,0.0,0.0,0.0,439.54,4395.4,160.5,VALID,300.35,3003.5,299.6,VALID
2026-09-08 04:17:02.964,1500,1500,1500,1500,1500,1500,1500,1500,1500,0,0.0,0.0,0.0,439.54,4395.4,160.5,VALID,300.35,3003.5,299.6,VALID
2026-09-08 04:17:03.510,1500,1500,1500,1500,1500,1500,1500,1500,1500,0,0.0,0.0,0.0,439.54,4395.4,160.5,VALID,300.35,3003.5,299.6,VALID
2026-09-08 04:17:04.023,1500,1500,1500,1500,1500,1500,1500,1500,1500,0,0.0,0.0,0.0,439.54,4395.4,160.5,VALID,300.35,3003.5,299.6,VALID
2026-09-08 04:17:04.567,1500,1500,1500,1500,1500,1500,1500,1500,1500,0,0.0,0.0,0.0,439.54,4395.4,160.5,VALID,300.35,3003.5,299.6,VALID
2026-09-08 04:17:05.070,1500,1500,1500,1500,1500,1500,1500,1500,1500,0,0.0,0.0,0.0,439.54,4395.4,160.5,VALID,300.35,3003.5,299.6,VALID
2026-09-08 04:17:05.580,1500,1500,1500,1500,1500,1500,1500,1500,1500,0,0.0,0.0,0.0,439.54,4395.4,160.5,VALID,300.35,3003.5,299.6,VALID
2026-09-08 04:17:06.140,1500,1500,1500,1500,1500,1500,1500,1500,1500,0,0.0,0.0,0.0,439.54,4395.4,160.5,VALID,300.35,3003.5,299.6,VALID
2026-09-08 04:17:06.722,1500,1500,1500,1500,1500,1500,1500,1500,1500,0,0.0,0.0,0.0,439.54,4395.4,160.5,VALID,300.35,3003.5,299.6,VALID
2026-09-08 04:17:07.275,1500,1500,1500,1500,1500,1500,1500,1500,1500,0,0.0,0.0,0.0,439.54,4395.4,160.5,VALID,300.35,3003.5,299.6,VALID
2026-09-08 04:17:07.785,1500,1500,1500,1500,1500,1500,1500,1500,1500,0,0.0,0.0,0.0,439.54,4395.4,160.5,VALID,300.35,3003.5,299.6,VALID
2026-09-08 04:17:08.338,1500,1500,1500,1500,1500,1500,1500,1500,1500,0,0.0,0.0,0.0,439.54,4395.4,160.5,VALID,300.35,3003.5,299.6,VALID
2026-09-08 04:17:08.847,1500,1500,1500,1500,1500,1500,1500,1500,1500,0,0.0,0.0,0.0,439.54,4395.4,160.5,VALID,300.35,3003.5,299.6,VALID
2026-09-08 04:17:09.349,1500,1500,1500,1500,1500,1500,1500,1500,1500,0,0.0,0.0,0.0,439.54,4395.4,160.5,VALID,300.35,3003.5,299.6,VALID
2026-09-08 04:17:09.881,1500,1500,1500,1500,1500,1500,1500,1500,1500,0,0.0,0.0,0.0,439.54,4395.4,160.5,VALID,300.35,3003.5,299.6,VALID
2026-09-08 04:17:10.382,1500,1500,1500,1500,1500,1500,1500,1500,1500,0,0.0,0.0,0.0,439.54,4395.4,160.5,VALID,300.35,3003.5,299.6,VALID
2026-09-08 04:17:10.889,1500,1500,1500,1500,1500,1500,1500,1500,1500,0,0.0,0.0,0.0,439.54,4395.4,160.5,VALID,300.35,3003.5,299.6,VALID
2026-09-08 04:17:11.402,1500,1500,1500,1500,1500,1500,1500,1500,1500,0,0.0,0.0,0.0,439.54,4395.4,160.5,VALID,300.35,3003.5,299.6,VALID
2026-09-08 04:17:11.915,1500,1500,1500,1500,1500,1500,1500,1500,1500,0,0.0,0.0,0.0,439.54,4395.4,160.5,VALID,300.35,3003.5,299.6,VALID
2026-09-08 04:17:12.463,1500,1500,1500,1500,1500,1500,1500,1500,1500,0,0.0,0.0,0.0,439.54,4395.4,160.5,VALID,300.35,3003.5,299.6,VALID
2026-09-08 04:17:12.982,1500,1500,1500,1500,1500,1500,1500,1500,1500,0,0.0,0.0,0.0,439.54,4395.4,160.5,VALID,300.35,3003.5,299.6,VALID
2026-09-08 04:17:13.576,1500,1500,1500,1500,1500,1500,1500,1500,1500,0,0.0,0.0,0.0,439.54,4395.4,160.5,VALID,300.35,3003.5,299.6,VALID
2026-09-08 04:17:14.078,1500,1500,1500,1500,1500,1500,1500,1500,1500,0,0.0,0.0,0.0,439.54,4395.4,160.5,VALID,300.35,3003.5,299.6,VALID
2026-09-08 04:17:14.606,1500,1500,1500,1500,1500,1500,1500,1500,1500,0,0.0,0.0,0.0,439.54,4395.4,160.5,VALID,300.35,3003.5,299.6,VALID
2026-09-08 04:17:15.180,1500,1500,1500,1500,1500,1500,1500,1500,1500,0,0.0,0.0,0.0,439.54,4395.4,160.5,VALID,300.35,3003.5,299.6,VALID
2026-09-08 04:17:15.710,1500,1500,1500,1500,1500,1500,1500,1500,1500,0,0.0,0.0,0.0,439.54,4395.4,160.5,VALID,300.35,3003.5,299.6,VALID
2026-09-08 04:17:16.234,1500,1500,1500,1500,1500,1500,1500,1500,1500,0,0.0,0.0,0.0,439.54,4395.4,160.5,VALID,300.35,3003.5,299.6,VALID
2026-09-08 04:17:16.735,1500,1500,1500,1500,1500,1500,1500,1500,1500,0,0.0,0.0,0.0,439.54,4395.4,160.5,VALID,300.35,3003.5,299.6,VALID
2026-09-08 04:17:17.296,1500,1500,1500,1500,1500,1500,1500,1500,1500,0,0.0,0.0,0.0,439.54,4395.4,160.5,VALID,300.35,3003.5,299.6,VALID
2026-09-08 04:17:17.842,1500,1500,1500,1500,1500,1500,1500,1500,1500,0,0.0,0.0,0.0,439.54,4395.4,160.5,VALID,300.35,3003.5,299.6,VALID
2026-09-08 04:17:18.382,1500,1500,1500,1500,1500,1500,1500,1500,1500,0,0.0,0.0,0.0,439.54,4395.4,160.5,VALID,300.35,3003.5,299.6,VALID
2026-09-08 04:17:18.897,1500,1500,1500,1500,1500,1500,1500,1500,1500,0,0.0,0.0,0.0,439.54,4395.4,160.5,VALID,300.35,3003.5,299.6,VALID
2026-09-08 04:17:19.457,1500,1500,1500,1500,1500,1500,1500,1500,1500,0,0.0,0.0,0.0,439.54,4395.4,160.5,VALID,300.35,3003.5,299.6,VALID
2026-09-08 04:17:20.001,1500,1500,1500,1500,1500,1500,1500,1500,1500,0,0.0,0.0,0.0,439.54,4395.4,160.5,VALID,300.35,3003.5,299.6,VALID
2026-09-08 04:17:20.549,1500,1500,1500,1500,1500,1500,1500,1500,1500,0,0.0,0.0,0.0,439.54,4395.4,160.5,VALID,300.35,3003.5,299.6,VALID
2026-09-08 04:17:21.065,1500,1500,1500,1500,1500,1500,1500,1500,1500,0,0.0,0.0,0.0,439.54,4395.4,160.5,VALID,300.35,3003.5,299.6,VALID
2026-09-08 04:17:21.608,1500,1500,1500,1500,1500,1500,1500,1500,1500,0,0.0,0.0,0.0,439.54,4395.4,160.5,VALID,300.35,3003.5,299.6,VALID
2026-09-08 04:17:22.122,1500,1500,1500,1500,1500,1500,1500,1500,1500,0,0.0,0.0,0.0,439.54,4395.4,160.5,VALID,300.35,3003.5,299.6,VALID
2026-09-08 04:17:22.636,1500,1500,1500,1500,1500,1500,1500,1500,1500,0,0.0,0.0,0.0,439.54,4395.4,160.5,VALID,300.35,3003.5,299.6,VALID
2026-09-08 04:17:23.179,1500,1500,1500,1500,1500,1500,1500,1500,1500,0,0.0,0.0,0.0,439.54,4395.4,160.5,VALID,300.35,3003.5,299.6,VALID
2026-09-08 04:17:23.766,1500,1500,1500,1500,1500,1500,1500,1500,1500,0,0.0,0.0,0.0,439.54,4395.4,160.5,VALID,300.35,3003.5,299.6,VALID
2026-09-08 04:17:24.267,1500,1500,1500,1500,1500,1500,1500,1500,1500,0,0.0,0.0,0.0,439.54,4395.4,160.5,VALID,300.35,3003.5,299.6,VALID
2026-09-08 04:17:24.837,1500,1500,1500,1500,1500,1500,1500,1500,1500,0,0.0,0.0,0.0,439.54,4395.4,160.5,VALID,300.35,3003.5,299.6,VALID
2026-09-08 04:17:25.375,1500,1500,1500,1500,1500,1500,1500,1500,1500,0,0.0,0.0,0.0,439.54,4395.4,160.5,VALID,300.35,3003.5,299.6,VALID
2026-09-08 04:17:25.893,1500,1500,1500,1500,1500,1500,1500,1500,1500,0,0.0,0.0,0.0,439.54,4395.4,160.5,VALID,300.35,3003.5,299.6,VALID
2026-09-08 04:17:26.436,1500,1500,1500,1500,1500,1500,1500,1500,1500,0,0.0,0.0,0.0,439.54,4395.4,160.5,VALID,300.35,3003.5,299.6,VALID
2026-09-08 04:17:26.937,1500,1500,1500,1500,1500,1500,1500,1500,1500,0,0.0,0.0,0.0,439.54,4395.4,160.5,VALID,300.35,3003.5,299.6,VALID
2026-09-08 04:17:27.437,1500,1500,1500,1500,1500,1500,1500,1500,1500,0,0.0,0.0,0.0,439.54,4395.4,160.5,VALID,300.35,3003.5,299.6,VALID
2026-09-08 04:17:28.042,1500,1500,1500,1500,1500,1500,1500,1500,1500,0,0.0,0.0,0.0,439.54,4395.4,160.5,VALID,300.35,3003.5,299.6,VALID
2026-09-08 04:17:28.544,1500,1500,1500,1500,1500,1500,1500,1500,1500,0,0.0,0.0,0.0,439.54,4395.4,160.5,VALID,300.35,3003.5,299.6,VALID
2026-09-08 04:17:29.084,1500,1500,1500,1500,1500,1500,1500,1500,1500,0,0.0,0.0,0.0,439.54,4395.4,160.5,VALID,300.35,3003.5,299.6,VALID
2026-09-08 04:17:29.619,1500,1500,1500,1500,1500,1500,1500,1500,1500,0,0.0,0.0,0.0,439.54,4395.4,160.5,VALID,300.35,3003.5,299.6,VALID
2026-09-08 04:17:30.162,1500,1500,1500,1500,1500,1500,1500,1500,1500,0,0.0,0.0,0.0,439.54,4395.4,160.5,VALID,300.35,3003.5,299.6,VALID
2026-09-08 04:17:30.690,1500,1500,1500,1500,1500,1500,1500,1500,1500,0,0.0,0.0,0.0,439.54,4395.4,160.5,VALID,300.35,3003.5,299.6,VALID
2026-09-08 04:17:31.206,1500,1500,1500,1500,1500,1500,1500,1500,1500,0,0.0,0.0,0.0,439.54,4395.4,160.5,VALID,300.35,3003.5,299.6,VALID
2026-09-08 04:17:31.755,1500,1500,1500,1500,1500,1500,1500,1500,1500,0,0.0,0.0,0.0,439.54,4395.4,160.5,VALID,300.35,3003.5,299.6,VALID
2026-09-08 04:17:32.286,1500,1500,1500,1500,1500,1500,1500,1500,1500,0,0.0,0.0,0.0,439.54,4395.4,160.5,VALID,300.35,3003.5,299.6,VALID
2026-09-08 04:17:32.798,1500,1500,1500,1500,1500,1500,1500,1500,1500,0,0.0,0.0,0.0,439.54,4395.4,160.5,VALID,300.35,3003.5,299.6,VALID
2026-09-08 04:17:33.301,1500,1500,1500,1500,1500,1500,1500,1500,1500,0,0.0,0.0,0.0,439.54,4395.4,160.5,VALID,300.35,3003.5,299.6,VALID
2026-09-08 04:17:33.874,1500,1500,1500,1500,1500,1500,1500,1500,1500,0,0.0,0.0,0.0,439.54,4395.4,160.5,VALID,300.35,3003.5,299.6,VALID
2026-09-08 04:17:34.431,1500,1500,1500,1500,1500,1500,1500,1500,1500,0,0.0,0.0,0.0,439.54,4395.4,160.5,VALID,300.35,3003.5,299.6,VALID
2026-09-08 04:17:34.982,1500,1500,1500,1500,1500,1500,1500,1500,1500,0,0.0,0.0,0.0,439.54,4395.4,160.5,VALID,300.35,3003.5,299.6,VALID
2026-09-08 04:17:35.499,1500,1500,1500,1500,1500,1500,1500,1500,1500,0,0.0,0.0,0.0,439.54,4395.4,160.5,VALID,300.35,3003.5,299.6,VALID
2026-09-08 04:17:36.009,1500,1500,1500,1500,1500,1500,1500,1500,1500,0,0.0,0.0,0.0,439.54,4395.4,160.5,VALID,300.35,3003.5,299.6,VALID
2026-09-08 04:17:36.512,1500,1500,1500,1500,1500,1500,1500,1500,1500,0,0.0,0.0,0.0,439.54,4395.4,160.5,VALID,300.35,3003.5,299.6,VALID
2026-09-08 04:17:37.013,1500,1500,1500,1500,1500,1500,1500,1500,1500,0,0.0,0.0,0.0,439.54,4395.4,160.5,VALID,300.35,3003.5,299.6,VALID
2026-09-08 04:17:37.523,1500,1500,1500,1500,1500,1500,1500,1500,1500,0,0.0,0.0,0.0,439.54,4395.4,160.5,VALID,300.35,3003.5,299.6,VALID
2026-09-08 04:17:38.025,1500,1500,1500,1500,1500,1500,1500,1500,1500,0,0.0,0.0,0.0,439.54,4395.4,160.5,VALID,300.35,3003.5,299.6,VALID
2026-09-08 04:17:38.558,1500,1500,1500,1500,1500,1500,1500,1500,1500,0,0.0,0.0,0.0,439.54,4395.4,160.5,VALID,300.35,3003.5,299.6,VALID
2026-09-08 04:17:39.118,1500,1500,1500,1500,1500,1500,1500,1500,1500,0,0.0,0.0,0.0,439.54,4395.4,160.5,VALID,300.35,3003.5,299.6,VALID
2026-09-08 04:17:39.633,1500,1500,1500,1500,1500,1500,1500,1500,1500,0,0.0,0.0,0.0,439.54,4395.4,160.5,VALID,300.35,3003.5,299.6,VALID
2026-09-08 04:17:40.199,1500,1500,1500,1500,1500,1500,1500,1500,1500,0,0.0,0.0,0.0,439.54,4395.4,160.5,VALID,300.35,3003.5,299.6,VALID
2026-09-08 04:17:40.700,1500,1500,1500,1500,1500,1500,1500,1500,1500,0,0.0,0.0,0.0,439.54,4395.4,160.5,VALID,300.35,3003.5,299.6,VALID
2026-09-08 04:17:41.211,1500,1500,1500,1500,1500,1500,1500,1500,1500,0,0.0,0.0,0.0,439.54,4395.4,160.5,VALID,300.35,3003.5,299.6,VALID
2026-09-08 04:17:41.742,1500,1500,1500,1500,1500,1500,1500,1500,1500,0,0.0,0.0,0.0,439.54,4395.4,160.5,VALID,300.35,3003.5,299.6,VALID
2026-09-08 04:17:42.264,1500,1500,1500,1500,1500,1500,1500,1500,1500,0,0.0,0.0,0.0,439.54,4395.4,160.5,VALID,300.35,3003.5,299.6,VALID
2026-09-08 04:17:42.776,1500,1500,1500,1500,1500,1500,1500,1500,1500,0,0.0,0.0,0.0,439.54,4395.4,160.5,VALID,300.35,3003.5,299.6,VALID
2026-09-08 04:17:43.320,1500,1500,1500,1500,1500,1500,1500,1500,1500,0,0.0,0.0,0.0,439.54,4395.4,160.5,VALID,300.35,3003.5,299.6,VALID
2026-09-08 04:17:43.880,1500,1500,1500,1500,1500,1500,1500,1500,1500,0,0.0,0.0,0.0,439.54,4395.4,160.5,VALID,300.35,3003.5,299.6,VALID
2026-09-08 04:17:44.431,1500,1500,1500,1500,1500,1500,1500,1500,1500,0,0.0,0.0,0.0,439.54,4395.4,160.5,VALID,300.35,3003.5,299.6,VALID
2026-09-08 04:17:45.001,1500,1500,1500,1500,1500,1500,1500,1500,1500,0,0.0,0.0,0.0,439.54,4395.4,160.5,VALID,300.35,3003.5,299.6,VALID
2026-09-08 04:17:45.568,1500,1500,1500,1500,1500,1500,1500,1500,1500,0,0.0,0.0,0.0,439.54,4395.4,160.5,VALID,300.35,3003.5,299.6,VALID
2026-09-08 04:17:46.075,1500,1500,1500,1500,1500,1500,1500,1500,1500,0,0.0,0.0,0.0,439.54,4395.4,160.5,VALID,300.35,3003.5,299.6,VALID
2026-09-08 04:17:46.631,1500,1500,1500,1500,1500,1500,1500,1500,1500,0,0.0,0.0,0.0,439.54,4395.4,160.5,VALID,300.35,3003.5,299.6,VALID
2026-09-08 04:17:47.136,1500,1500,1500,1500,1500,1500,1500,1500,1500,0,0.0,0.0,0.0,439.54,4395.4,160.5,VALID,300.35,3003.5,299.6,VALID
2026-09-08 04:17:47.711,1500,1500,1500,1500,1500,1500,1500,1500,1500,0,0.0,0.0,0.0,439.54,4395.4,160.5,VALID,300.35,3003.5,299.6,VALID
2026-09-08 04:17:48.241,1500,1500,1500,1500,1500,1500,1500,1500,1500,0,0.0,0.0,0.0,439.54,4395.4,160.5,VALID,300.35,3003.5,299.6,VALID
2026-09-08 04:17:48.774,1500,1500,1500,1500,1500,1500,1500,1500,1500,0,0.0,0.0,0.0,439.54,4395.4,160.5,VALID,300.35,3003.5,299.6,VALID
2026-09-08 04:17:49.284,1500,1500,1500,1500,1500,1500,1500,1500,1500,0,0.0,0.0,0.0,439.54,4395.4,160.5,VALID,300.35,3003.5,299.6,VALID
2026-09-08 04:17:49.829,1500,1500,1500,1500,1500,1500,1500,1500,1500,0,0.0,0.0,0.0,439.54,4395.4,160.5,VALID,300.35,3003.5,299.6,VALID
2026-09-08 04:17:50.331,1500,1500,1500,1500,1500,1500,1500,1500,1500,0,0.0,0.0,0.0,439.54,4395.4,160.5,VALID,300.35,3003.5,299.6,VALID
2026-09-08 04:17:50.842,1500,1500,1500,1500,1500,1500,1500,1500,1500,0,0.0,0.0,0.0,439.54,4395.4,160.5,VALID,300.35,3003.5,299.6,VALID
2026-09-08 04:17:51.343,1500,1500,1500,1500,1500,1500,1500,1500,1500,0,0.0,0.0,0.0,439.54,4395.4,160.5,VALID,300.35,3003.5,299.6,VALID
2026-09-08 04:17:51.854,1500,1500,1500,1500,1500,1500,1500,1500,1500,0,0.0,0.0,0.0,439.54,4395.4,160.5,VALID,300.35,3003.5,299.6,VALID
2026-09-08 04:17:52.384,1500,1500,1500,1500,1500,1500,1500,1500,1500,0,0.0,0.0,0.0,439.54,4395.4,160.5,VALID,300.35,3003.5,299.6,VALID
2026-09-08 04:17:52.941,1500,1500,1500,1500,1500,1500,1500,1500,1500,0,0.0,0.0,0.0,439.54,4395.4,160.5,VALID,300.35,3003.5,299.6,VALID
2026-09-08 04:17:53.499,1500,1500,1500,1500,1500,1500,1500,1500,1500,0,0.0,0.0,0.0,439.54,4395.4,160.5,VALID,300.35,3003.5,299.6,VALID
2026-09-08 04:17:54.038,1500,1500,1500,1500,1500,1500,1500,1500,1500,0,0.0,0.0,0.0,439.54,4395.4,160.5,VALID,300.35,3003.5,299.6,VALID
2026-09-08 04:17:54.588,1500,1500,1500,1500,1500,1500,1500,1500,1500,0,0.0,0.0,0.0,439.54,4395.4,160.5,VALID,300.35,3003.5,299.6,VALID
2026-09-08 04:17:55.100,1500,1500,1500,1500,1500,1500,1500,1500,1500,0,0.0,0.0,0.0,439.54,4395.4,160.5,VALID,300.35,3003.5,299.6,VALID
2026-09-08 04:17:55.604,1500,1500,1500,1500,1500,1500,1500,1500,1500,0,0.0,0.0,0.0,439.54,4395.4,160.5,VALID,300.35,3003.5,299.6,VALID
2026-09-08 04:17:56.106,1500,1500,1500,1500,1500,1500,1500,1500,1500,0,0.0,0.0,0.0,439.54,4395.4,160.5,VALID,300.35,3003.5,299.6,VALID
2026-09-08 04:17:56.614,1500,1500,1500,1500,1500,1500,1500,1500,1500,0,0.0,0.0,0.0,439.54,4395.4,160.5,VALID,300.35,3003.5,299.6,VALID
2026-09-08 04:17:57.119,1500,1500,1500,1500,1500,1500,1500,1500,1500,0,0.0,0.0,0.0,439.54,4395.4,160.5,VALID,300.35,3003.5,299.6,VALID
2026-09-08 04:17:57.621,1500,1500,1500,1500,1500,1500,1500,1500,1500,0,0.0,0.0,0.0,439.54,4395.4,160.5,VALID,300.35,3003.5,299.6,VALID
2026-09-08 04:17:58.172,1500,1500,1500,1500,1500,1500,1500,1500,1500,0,0.0,0.0,0.0,439.54,4395.4,160.5,VALID,300.35,3003.5,299.6,VALID
2026-09-08 04:17:58.686,1500,1500,1500,1500,1500,1500,1500,1500,1500,0,0.0,0.0,0.0,439.54,4395.4,160.5,VALID,300.35,3003.5,299.6,VALID
2026-09-08 04:17:59.196,1500,1500,1500,1500,1500,1500,1500,1500,1500,0,0.0,0.0,0.0,439.54,4395.4,160.5,VALID,300.35,3003.5,299.6,VALID
2026-09-08 04:17:59.743,1500,1500,1500,1500,1500,1500,1500,1500,1500,0,0.0,0.0,0.0,439.54,4395.4,160.5,VALID,300.35,3003.5,299.6,VALID
2026-09-08 04:18:00.247,1500,1500,1500,1500,1500,1500,1500,1500,1500,0,0.0,0.0,0.0,439.54,4395.4,160.5,VALID,300.35,3003.5,299.6,VALID
2026-09-08 04:18:00.835,1500,1500,1500,1500,1500,1500,1500,1500,1500,0,0.0,0.0,0.0,439.54,4395.4,160.5,VALID,300.35,3003.5,299.6,VALID
2026-09-08 04:18:01.434,1500,1500,1500,1500,1500,1500,1500,1500,1500,0,0.0,0.0,0.0,439.54,4395.4,160.5,VALID,300.35,3003.5,299.6,VALID
2026-09-08 04:18:01.995,1500,1500,1500,1500,1500,1500,1500,1500,1500,0,0.0,0.0,0.0,439.54,4395.4,160.5,VALID,300.35,3003.5,299.6,VALID
2026-09-08 04:18:02.501,1500,1500,1500,1500,1500,1500,1500,1500,1500,0,0.0,0.0,0.0,439.54,4395.4,160.5,VALID,300.35,3003.5,299.6,VALID
2026-09-08 04:18:03.040,1500,1500,1500,1500,1500,1500,1500,1500,1500,0,0.0,0.0,0.0,439.54,4395.4,160.5,VALID,300.35,3003.5,299.6,VALID
2026-09-08 04:18:03.571,1500,1500,1500,1500,1500,1500,1500,1500,1500,0,0.0,0.0,0.0,439.54,4395.4,160.5,VALID,300.35,3003.5,299.6,VALID
2026-09-08 04:18:04.079,1500,1500,1500,1500,1500,1500,1500,1500,1500,0,0.0,0.0,0.0,439.54,4395.4,160.5,VALID,300.35,3003.5,299.6,VALID
2026-09-08 04:18:04.639,1500,1500,1500,1500,1500,1500,1500,1500,1500,0,0.0,0.0,0.0,439.54,4395.4,160.5,VALID,300.35,3003.5,299.6,VALID
2026-09-08 04:18:05.219,1500,1500,1500,1500,1500,1500,1500,1500,1500,0,0.0,0.0,0.0,439.54,4395.4,160.5,VALID,300.35,3003.5,299.6,VALID
2026-09-08 04:18:05.785,1500,1500,1500,1500,1500,1500,1500,1500,1500,0,0.0,0.0,0.0,439.54,4395.4,160.5,VALID,300.35,3003.5,299.6,VALID
2026-09-08 04:18:06.365,1500,1500,1500,1500,1500,1500,1500,1500,1500,0,0.0,0.0,0.0,439.54,4395.4,160.5,VALID,300.35,3003.5,299.6,VALID
2026-09-08 04:18:06.877,1500,1500,1500,1500,1500,1500,1500,1500,1500,0,0.0,0.0,0.0,439.54,4395.4,160.5,VALID,300.35,3003.5,299.6,VALID
2026-09-08 04:18:07.390,1500,1500,1500,1500,1500,1500,1500,1500,1500,0,0.0,0.0,0.0,439.54,4395.4,160.5,VALID,300.35,3003.5,299.6,VALID
2026-09-08 04:18:07.911,1500,1500,1500,1500,1500,1500,1500,1500,1500,0,0.0,0.0,0.0,439.54,4395.4,160.5,VALID,300.35,3003.5,299.6,VALID
2026-09-08 04:18:08.458,1500,1500,1500,1500,1500,1500,1500,1500,1500,0,0.0,0.0,0.0,439.54,4395.4,160.5,VALID,300.35,3003.5,299.6,VALID
2026-09-08 04:18:09.003,1500,1500,1500,1500,1500,1500,1500,1500,1500,0,0.0,0.0,0.0,439.54,4395.4,160.5,VALID,300.35,3003.5,299.6,VALID
2026-09-08 04:18:09.512,1500,1500,1500,1500,1500,1500,1500,1500,1500,0,0.0,0.0,0.0,439.54,4395.4,160.5,VALID,300.35,3003.5,299.6,VALID
2026-09-08 04:18:10.061,1500,1500,1500,1500,1500,1500,1500,1500,1500,0,0.0,0.0,0.0,439.54,4395.4,160.5,VALID,300.35,3003.5,299.6,VALID
2026-09-08 04:18:10.572,1500,1500,1500,1500,1500,1500,1500,1500,1500,0,0.0,0.0,0.0,439.54,4395.4,160.5,VALID,300.35,3003.5,299.6,VALID
2026-09-08 04:18:11.120,1500,1500,1500,1500,1500,1500,1500,1500,1500,0,0.0,0.0,0.0,439.54,4395.4,160.5,VALID,300.35,3003.5,299.6,VALID
2026-09-08 04:18:11.624,1500,1500,1500,1500,1500,1500,1500,1500,1500,0,0.0,0.0,0.0,439.54,4395.4,160.5,VALID,300.35,3003.5,299.6,VALID
2026-09-08 04:18:12.143,1500,1500,1500,1500,1500,1500,1500,1500,1500,0,0.0,0.0,0.0,439.54,4395.4,160.5,VALID,300.35,3003.5,299.6,VALID
2026-09-08 04:18:12.667,1500,1500,1500,1500,1500,1500,1500,1500,1500,0,0.0,0.0,0.0,439.54,4395.4,160.5,VALID,300.35,3003.5,299.6,VALID
2026-09-08 04:18:13.210,1500,1500,1500,1500,1500,1500,1500,1500,1500,0,0.0,0.0,0.0,439.54,4395.4,160.5,VALID,300.35,3003.5,299.6,VALID
2026-09-08 04:18:13.725,1500,1500,1500,1500,1500,1500,1500,1500,1500,0,0.0,0.0,0.0,439.54,4395.4,160.5,VALID,300.35,3003.5,299.6,VALID
2026-09-08 04:18:14.286,1500,1500,1500,1500,1500,1500,1500,1500,1500,0,0.0,0.0,0.0,439.54,4395.4,160.5,VALID,300.35,3003.5,299.6,VALID
2026-09-08 04:18:14.848,1500,1500,1500,1500,1500,1500,1500,1500,1500,0,0.0,0.0,0.0,439.54,4395.4,160.5,VALID,300.35,3003.5,299.6,VALID
2026-09-08 04:18:15.427,1500,1500,1500,1500,1500,1500,1500,1500,1500,0,0.0,0.0,0.0,439.54,4395.4,160.5,VALID,300.35,3003.5,299.6,VALID
2026-09-08 04:18:15.929,1500,1500,1500,1500,1500,1500,1500,1500,1500,0,0.0,0.0,0.0,439.54,4395.4,160.5,VALID,300.35,3003.5,299.6,VALID
2026-09-08 04:18:16.430,1500,1500,1500,1500,1500,1500,1500,1500,1500,0,0.0,0.0,0.0,439.54,4395.4,160.5,VALID,300.35,3003.5,299.6,VALID
2026-09-08 04:18:16.990,1500,1500,1500,1500,1500,1500,1500,1500,1500,0,0.0,0.0,0.0,439.54,4395.4,160.5,VALID,300.35,3003.5,299.6,VALID
2026-09-08 04:18:17.581,1500,1500,1500,1500,1500,1500,1500,1500,1500,0,0.0,0.0,0.0,439.54,4395.4,160.5,VALID,300.35,3003.5,299.6,VALID
2026-09-08 04:18:18.085,1500,1500,1500,1500,1500,1500,1500,1500,1500,0,0.0,0.0,0.0,439.54,4395.4,160.5,VALID,300.35,3003.5,299.6,VALID
2026-09-08 04:18:18.627,1500,1500,1500,1500,1500,1500,1500,1500,1500,0,0.0,0.0,0.0,439.54,4395.4,160.5,VALID,300.35,3003.5,299.6,VALID
2026-09-08 04:18:19.129,1500,1500,1500,1500,1500,1500,1500,1500,1500,0,0.0,0.0,0.0,439.54,4395.4,160.5,VALID,300.35,3003.5,299.6,VALID
2026-09-08 04:18:19.707,1500,1500,1500,1500,1500,1500,1500,1500,1500,0,0.0,0.0,0.0,439.54,4395.4,160.5,VALID,300.35,3003.5,299.6,VALID
2026-09-08 04:18:20.237,1500,1500,1500,1500,1500,1500,1500,1500,1500,0,0.0,0.0,0.0,439.54,4395.4,160.5,VALID,300.35,3003.5,299.6,VALID
2026-09-08 04:18:20.783,1500,1500,1500,1500,1500,1500,1500,1500,1500,0,0.0,0.0,0.0,439.54,4395.4,160.5,VALID,300.35,3003.5,299.6,VALID
2026-09-08 04:18:21.303,1500,1500,1500,1500,1500,1500,1500,1500,1500,0,0.0,0.0,0.0,439.54,4395.4,160.5,VALID,300.35,3003.5,299.6,VALID
2026-09-08 04:18:21.851,1500,1500,1500,1500,1500,1500,1500,1500,1500,0,0.0,0.0,0.0,439.54,4395.4,160.5,VALID,300.35,3003.5,299.6,VALID
2026-09-08 04:18:22.427,1500,1500,1500,1500,1500,1500,1500,1500,1500,0,0.0,0.0,0.0,439.54,4395.4,160.5,VALID,300.35,3003.5,299.6,VALID
2026-09-08 04:18:22.939,1500,1500,1500,1500,1500,1500,1500,1500,1500,0,0.0,0.0,0.0,439.54,4395.4,160.5,VALID,300.35,3003.5,299.6,VALID
2026-09-08 04:18:23.444,1500,1500,1500,1500,1500,1500,1500,1500,1500,0,0.0,0.0,0.0,439.54,4395.4,160.5,VALID,300.35,3003.5,299.6,VALID
2026-09-08 04:18:23.947,1500,1500,1500,1500,1500,1500,1500,1500,1500,0,0.0,0.0,0.0,439.54,4395.4,160.5,VALID,300.35,3003.5,299.6,VALID
2026-09-08 04:18:24.488,1500,1500,1500,1500,1500,1500,1500,1500,1500,0,0.0,0.0,0.0,439.54,4395.4,160.5,VALID,300.35,3003.5,299.6,VALID
2026-09-08 04:18:25.095,1500,1500,1500,1500,1500,1500,1500,1500,1500,0,0.0,0.0,0.0,439.54,4395.4,160.5,VALID,300.35,3003.5,299.6,VALID
2026-09-08 04:18:25.662,1500,1500,1500,1500,1500,1500,1500,1500,1500,0,0.0,0.0,0.0,439.54,4395.4,160.5,VALID,300.35,3003.5,299.6,VALID
2026-09-08 04:18:26.242,1500,1500,1500,1500,1500,1500,1500,1500,1500,0,0.0,0.0,0.0,439.54,4395.4,160.5,VALID,300.35,3003.5,299.6,VALID
2026-09-08 04:18:26.798,1500,1500,1500,1500,1500,1500,1500,1500,1500,0,0.0,0.0,0.0,439.54,4395.4,160.5,VALID,300.35,3003.5,299.6,VALID
2026-09-08 04:18:27.362,1500,1500,1500,1500,1500,1500,1500,1500,1500,0,0.0,0.0,0.0,439.54,4395.4,160.5,VALID,300.35,3003.5,299.6,VALID
2026-09-08 04:18:27.919,1500,1500,1500,1500,1500,1500,1500,1500,1500,0,0.0,0.0,0.0,439.54,4395.4,160.5,VALID,300.35,3003.5,299.6,VALID
2026-09-08 04:18:28.464,1500,1500,1500,1500,1500,1500,1500,1500,1500,0,0.0,0.0,0.0,439.54,4395.4,160.5,VALID,300.35,3003.5,299.6,VALID
2026-09-08 04:18:28.968,1500,1500,1500,1500,1500,1500,1500,1500,1500,0,0.0,0.0,0.0,439.54,4395.4,160.5,VALID,300.35,3003.5,299.6,VALID
2026-09-08 04:18:29.560,1500,1500,1500,1500,1500,1500,1500,1500,1500,0,0.0,0.0,0.0,439.54,4395.4,160.5,VALID,300.35,3003.5,299.6,VALID
2026-09-08 04:18:30.107,1500,1500,1500,1500,1500,1500,1500,1500,1500,0,0.0,0.0,0.0,439.54,4395.4,160.5,VALID,300.35,3003.5,299.6,VALID
2026-09-08 04:18:30.621,1500,1500,1500,1500,1500,1500,1500,1500,1500,0,0.0,0.0,0.0,439.54,4395.4,160.5,VALID,300.35,3003.5,299.6,VALID
2026-09-08 04:18:31.144,1500,1500,1500,1500,1500,1500,1500,1500,1500,0,0.0,0.0,0.0,439.54,4395.4,160.5,VALID,300.35,3003.5,299.6,VALID
2026-09-08 04:18:31.682,1500,1500,1500,1500,1500,1500,1500,1500,1500,0,0.0,0.0,0.0,439.54,4395.4,160.5,VALID,300.35,3003.5,299.6,VALID
2026-09-08 04:18:32.225,1500,1500,1500,1500,1500,1500,1500,1500,1500,0,0.0,0.0,0.0,439.54,4395.4,160.5,VALID,300.35,3003.5,299.6,VALID
2026-09-08 04:18:32.725,1500,1500,1500,1500,1500,1500,1500,1500,1500,0,0.0,0.0,0.0,439.54,4395.4,160.5,VALID,300.35,3003.5,299.6,VALID
2026-09-08 04:18:33.271,1500,1500,1500,1500,1500,1500,1500,1500,1500,0,0.0,0.0,0.0,439.54,4395.4,160.5,VALID,300.35,3003.5,299.6,VALID
2026-09-08 04:18:33.866,1500,1500,1500,1500,1500,1500,1500,1500,1500,0,0.0,0.0,0.0,439.54,4395.4,160.5,VALID,300.35,3003.5,299.6,VALID
2026-09-08 04:18:34.442,1500,1500,1500,1500,1500,1500,1500,1500,1500,0,0.0,0.0,0.0,439.54,4395.4,160.5,VALID,300.35,3003.5,299.6,VALID
2026-09-08 04:18:34.974,1500,1500,1500,1500,1500,1500,1500,1500,1500,0,0.0,0.0,0.0,439.54,4395.4,160.5,VALID,300.35,3003.5,299.6,VALID
2026-09-08 04:18:35.519,1500,1500,1500,1500,1500,1500,1500,1500,1500,0,0.0,0.0,0.0,439.54,4395.4,160.5,VALID,300.35,3003.5,299.6,VALID
2026-09-08 04:18:36.077,1500,1500,1500,1500,1500,1500,1500,1500,1500,0,0.0,0.0,0.0,439.54,4395.4,160.5,VALID,300.35,3003.5,299.6,VALID
2026-09-08 04:18:36.581,1500,1500,1500,1500,1500,1500,1500,1500,1500,0,0.0,0.0,0.0,439.54,4395.4,160.5,VALID,300.35,3003.5,299.6,VALID
2026-09-08 04:18:37.097,1500,1500,1500,1500,1500,1500,1500,1500,1500,0,0.0,0.0,0.0,439.54,4395.4,160.5,VALID,300.35,3003.5,299.6,VALID
2026-09-08 04:18:37.597,1500,1500,1500,1500,1500,1500,1500,1500,1500,0,0.0,0.0,0.0,439.54,4395.4,160.5,VALID,300.35,3003.5,299.6,VALID
2026-09-08 04:18:38.189,1500,1500,1500,1500,1500,1500,1500,1500,1500,0,0.0,0.0,0.0,439.54,4395.4,160.5,VALID,300.35,3003.5,299.6,VALID
2026-09-08 04:18:38.734,1500,1500,1500,1500,1500,1500,1500,1500,1500,0,0.0,0.0,0.0,439.54,4395.4,160.5,VALID,300.35,3003.5,299.6,VALID
2026-09-08 04:18:39.250,1500,1500,1500,1500,1500,1500,1500,1500,1500,0,0.0,0.0,0.0,439.54,4395.4,160.5,VALID,300.35,3003.5,299.6,VALID
2026-09-08 04:18:39.756,1500,1500,1500,1500,1500,1500,1500,1500,1500,0,0.0,0.0,0.0,439.54,4395.4,160.5,VALID,300.35,3003.5,299.6,VALID
2026-09-08 04:18:40.278,1500,1500,1500,1500,1500,1500,1500,1500,1500,0,0.0,0.0,0.0,439.54,4395.4,160.5,VALID,300.35,3003.5,299.6,VALID
2026-09-08 04:18:40.805,1500,1500,1500,1500,1500,1500,1500,1500,1500,0,0.0,0.0,0.0,439.54,4395.4,160.5,VALID,300.35,3003.5,299.6,VALID
2026-09-08 04:18:41.305,1500,1500,1500,1500,1500,1500,1500,1500,1500,0,0.0,0.0,0.0,439.54,4395.4,160.5,VALID,300.35,3003.5,299.6,VALID
2026-09-08 04:18:41.881,1500,1500,1500,1500,1500,1500,1500,1500,1500,0,0.0,0.0,0.0,439.54,4395.4,160.5,VALID,300.35,3003.5,299.6,VALID
2026-09-08 04:18:42.474,1500,1500,1500,1500,1500,1500,1500,1500,1500,0,0.0,0.0,0.0,439.54,4395.4,160.5,VALID,300.35,3003.5,299.6,VALID
2026-09-08 04:18:43.051,1500,1500,1500,1500,1500,1500,1500,1500,1500,0,0.0,0.0,0.0,439.54,4395.4,160.5,VALID,300.35,3003.5,299.6,VALID
2026-09-08 04:18:43.625,1500,1500,1500,1500,1500,1500,1500,1500,1500,0,0.0,0.0,0.0,439.54,4395.4,160.5,VALID,300.35,3003.5,299.6,VALID
2026-09-08 04:18:44.160,1500,1500,1500,1500,1500,1500,1500,1500,1500,0,0.0,0.0,0.0,439.54,4395.4,160.5,VALID,300.35,3003.5,299.6,VALID
2026-09-08 04:18:44.719,1500,1500,1500,1500,1500,1500,1500,1500,1500,0,0.0,0.0,0.0,439.54,4395.4,160.5,VALID,300.35,3003.5,299.6,VALID
2026-09-08 04:18:45.228,1500,1500,1500,1500,1500,1500,1500,1500,1500,0,0.0,0.0,0.0,439.54,4395.4,160.5,VALID,300.35,3003.5,299.6,VALID
2026-09-08 04:18:45.792,1500,1500,1500,1500,1500,1500,1500,1500,1500,0,0.0,0.0,0.0,439.54,4395.4,160.5,VALID,300.35,3003.5,299.6,VALID
2026-09-08 04:18:46.312,1500,1500,1500,1500,1500,1500,1500,1500,1500,0,0.0,0.0,0.0,439.54,4395.4,160.5,VALID,300.35,3003.5,299.6,VALID
2026-09-08 04:18:46.831,1500,1500,1500,1500,1500,1500,1500,1500,1500,0,0.0,0.0,0.0,439.54,4395.4,160.5,VALID,300.35,3003.5,299.6,VALID
2026-09-08 04:18:47.339,1500,1500,1500,1500,1500,1500,1500,1500,1500,0,0.0,0.0,0.0,439.54,4395.4,160.5,VALID,300.35,3003.5,299.6,VALID
2026-09-08 04:18:47.887,1500,1500,1500,1500,1500,1500,1500,1500,1500,0,0.0,0.0,0.0,439.54,4395.4,160.5,VALID,300.35,3003.5,299.6,VALID
2026-09-08 04:18:48.419,1500,1500,1500,1500,1500,1500,1500,1500,1500,0,0.0,0.0,0.0,439.54,4395.4,160.5,VALID,300.35,3003.5,299.6,VALID
2026-09-08 04:18:48.985,1500,1500,1500,1500,1500,1500,1500,1500,1500,0,0.0,0.0,0.0,439.54,4395.4,160.5,VALID,300.35,3003.5,299.6,VALID
2026-09-08 04:18:49.513,1500,1500,1500,1500,1500,1500,1500,1500,1500,0,0.0,0.0,0.0,439.54,4395.4,160.5,VALID,300.35,3003.5,299.6,VALID
2026-09-08 04:18:50.027,1500,1500,1500,1500,1500,1500,1500,1500,1500,0,0.0,0.0,0.0,439.54,4395.4,160.5,VALID,300.35,3003.5,299.6,VALID
2026-09-08 04:18:50.575,1500,1500,1500,1500,1500,1500,1500,1500,1500,0,0.0,0.0,0.0,439.54,4395.4,160.5,VALID,300.35,3003.5,299.6,VALID
2026-09-08 04:18:51.118,1500,1500,1500,1500,1500,1500,1500,1500,1500,0,0.0,0.0,0.0,439.54,4395.4,160.5,VALID,300.35,3003.5,299.6,VALID
2026-09-08 04:18:51.644,1500,1500,1500,1500,1500,1500,1500,1500,1500,0,0.0,0.0,0.0,439.54,4395.4,160.5,VALID,300.35,3003.5,299.6,VALID
2026-09-08 04:18:52.204,1500,1500,1500,1500,1500,1500,1500,1500,1500,0,0.0,0.0,0.0,439.54,4395.4,160.5,VALID,300.35,3003.5,299.6,VALID
2026-09-08 04:18:52.718,1500,1500,1500,1500,1500,1500,1500,1500,1500,0,0.0,0.0,0.0,439.54,4395.4,160.5,VALID,300.35,3003.5,299.6,VALID
2026-09-08 04:18:53.282,1500,1500,1500,1500,1500,1500,1500,1500,1500,0,0.0,0.0,0.0,439.54,4395.4,160.5,VALID,300.35,3003.5,299.6,VALID
2026-09-08 04:18:53.798,1500,1500,1500,1500,1500,1500,1500,1500,1500,0,0.0,0.0,0.0,439.54,4395.4,160.5,VALID,300.35,3003.5,299.6,VALID
2026-09-08 04:18:54.342,1500,1500,1500,1500,1500,1500,1500,1500,1500,0,0.0,0.0,0.0,439.54,4395.4,160.5,VALID,300.35,3003.5,299.6,VALID
2026-09-08 04:18:54.894,1500,1500,1500,1500,1500,1500,1500,1500,1500,0,0.0,0.0,0.0,439.54,4395.4,160.5,VALID,300.35,3003.5,299.6,VALID
2026-09-08 04:18:55.412,1500,1500,1500,1500,1500,1500,1500,1500,1500,0,0.0,0.0,0.0,439.54,4395.4,160.5,VALID,300.35,3003.5,299.6,VALID
2026-09-08 04:18:55.947,1500,1500,1500,1500,1500,1500,1500,1500,1500,0,0.0,0.0,0.0,439.54,4395.4,160.5,VALID,300.35,3003.5,299.6,VALID
2026-09-08 04:18:56.553,1500,1500,1500,1500,1500,1500,1500,1500,1500,0,0.0,0.0,0.0,439.54,4395.4,160.5,VALID,300.35,3003.5,299.6,VALID
2026-09-08 04:18:57.143,1500,1500,1500,1500,1500,1500,1500,1500,1500,0,0.0,0.0,0.0,439.54,4395.4,160.5,VALID,300.35,3003.5,299.6,VALID
2026-09-08 04:18:57.655,1500,1500,1500,1500,1500,1500,1500,1500,1500,0,0.0,0.0,0.0,439.54,4395.4,160.5,VALID,300.35,3003.5,299.6,VALID
2026-09-08 04:18:58.175,1500,1500,1500,1500,1500,1500,1500,1500,1500,0,0.0,0.0,0.0,439.54,4395.4,160.5,VALID,300.35,3003.5,299.6,VALID
2026-09-08 04:18:58.723,1500,1500,1500,1500,1500,1500,1500,1500,1500,0,0.0,0.0,0.0,439.54,4395.4,160.5,VALID,300.35,3003.5,299.6,VALID
2026-09-08 04:18:59.236,1500,1500,1500,1500,1500,1500,1500,1500,1500,0,0.0,0.0,0.0,439.54,4395.4,160.5,VALID,300.35,3003.5,299.6,VALID
2026-09-08 04:18:59.750,1500,1500,1500,1500,1500,1500,1500,1500,1500,0,0.0,0.0,0.0,439.54,4395.4,160.5,VALID,300.35,3003.5,299.6,VALID
2026-09-08 04:19:00.348,1500,1500,1500,1500,1500,1500,1500,1500,1500,0,0.0,0.0,0.0,439.54,4395.4,160.5,VALID,300.35,3003.5,299.6,VALID
2026-09-08 04:19:00.939,1500,1500,1500,1500,1500,1500,1500,1500,1500,0,0.0,0.0,0.0,439.54,4395.4,160.5,VALID,300.35,3003.5,299.6,VALID
2026-09-08 04:19:01.443,1500,1500,1500,1500,1500,1500,1500,1500,1500,0,0.0,0.0,0.0,439.54,4395.4,160.5,VALID,300.35,3003.5,299.6,VALID
2026-09-08 04:19:01.970,1500,1500,1500,1500,1500,1500,1500,1500,1500,0,0.0,0.0,0.0,439.54,4395.4,160.5,VALID,300.35,3003.5,299.6,VALID
2026-09-08 04:19:02.501,1500,1500,1500,1500,1500,1500,1500,1500,1500,0,0.0,0.0,0.0,439.54,4395.4,160.5,VALID,300.35,3003.5,299.6,VALID
2026-09-08 04:19:03.058,1500,1500,1500,1500,1500,1500,1500,1500,1500,0,0.0,0.0,0.0,439.54,4395.4,160.5,VALID,300.35,3003.5,299.6,VALID
2026-09-08 04:19:03.561,1500,1500,1500,1500,1500,1500,1500,1500,1500,0,0.0,0.0,0.0,439.54,4395.4,160.5,VALID,300.35,3003.5,299.6,VALID
2026-09-08 04:19:04.063,1500,1500,1500,1500,1500,1500,1500,1500,1500,0,0.0,0.0,0.0,439.54,4395.4,160.5,VALID,300.35,3003.5,299.6,VALID
2026-09-08 04:19:04.673,1500,1500,1500,1500,1500,1500,1500,1500,1500,0,0.0,0.0,0.0,439.54,4395.4,160.5,VALID,300.35,3003.5,299.6,VALID
2026-09-08 04:19:05.252,1500,1500,1500,1500,1500,1500,1500,1500,1500,0,0.0,0.0,0.0,439.54,4395.4,160.5,VALID,300.35,3003.5,299.6,VALID
2026-09-08 04:19:05.812,1500,1500,1500,1500,1500,1500,1500,1500,1500,0,0.0,0.0,0.0,439.54,4395.4,160.5,VALID,300.35,3003.5,299.6,VALID
2026-09-08 04:19:06.345,1500,1500,1500,1500,1500,1500,1500,1500,1500,0,0.0,0.0,0.0,439.54,4395.4,160.5,VALID,300.35,3003.5,299.6,VALID
2026-09-08 04:19:06.868,1500,1500,1500,1500,1500,1500,1500,1500,1500,0,0.0,0.0,0.0,439.54,4395.4,160.5,VALID,300.35,3003.5,299.6,VALID
2026-09-08 04:19:07.384,1500,1500,1500,1500,1500,1500,1500,1500,1500,0,0.0,0.0,0.0,439.54,4395.4,160.5,VALID,300.35,3003.5,299.6,VALID
2026-09-08 04:19:07.931,1500,1500,1500,1500,1500,1500,1500,1500,1500,0,0.0,0.0,0.0,439.54,4395.4,160.5,VALID,300.35,3003.5,299.6,VALID
2026-09-08 04:19:08.504,1500,1500,1500,1500,1500,1500,1500,1500,1500,0,0.0,0.0,0.0,439.54,4395.4,160.5,VALID,300.35,3003.5,299.6,VALID
2026-09-08 04:19:09.051,1500,1500,1500,1500,1500,1500,1500,1500,1500,0,0.0,0.0,0.0,439.54,4395.4,160.5,VALID,300.35,3003.5,299.6,VALID
2026-09-08 04:19:09.625,1500,1500,1500,1500,1500,1500,1500,1500,1500,0,0.0,0.0,0.0,439.54,4395.4,160.5,VALID,300.35,3003.5,299.6,VALID
2026-09-08 04:19:10.201,1500,1500,1500,1500,1500,1500,1500,1500,1500,0,0.0,0.0,0.0,439.54,4395.4,160.5,VALID,300.35,3003.5,299.6,VALID
2026-09-08 04:19:10.734,1500,1500,1500,1500,1500,1500,1500,1500,1500,0,0.0,0.0,0.0,439.54,4395.4,160.5,VALID,300.35,3003.5,299.6,VALID
2026-09-08 04:19:11.287,1500,1500,1500,1500,1500,1500,1500,1500,1500,0,0.0,0.0,0.0,439.54,4395.4,160.5,VALID,300.35,3003.5,299.6,VALID
2026-09-08 04:19:11.826,1500,1500,1500,1500,1500,1500,1500,1500,1500,0,0.0,0.0,0.0,439.54,4395.4,160.5,VALID,300.35,3003.5,299.6,VALID
2026-09-08 04:19:12.357,1500,1500,1500,1500,1500,1500,1500,1500,1500,0,0.0,0.0,0.0,439.54,4395.4,160.5,VALID,300.35,3003.5,299.6,VALID
2026-09-08 04:19:12.905,1500,1500,1500,1500,1500,1500,1500,1500,1500,0,0.0,0.0,0.0,439.54,4395.4,160.5,VALID,300.35,3003.5,299.6,VALID
2026-09-08 04:19:13.407,1500,1500,1500,1500,1500,1500,1500,1500,1500,0,0.0,0.0,0.0,439.54,4395.4,160.5,VALID,300.35,3003.5,299.6,VALID
2026-09-08 04:19:13.943,1500,1500,1500,1500,1500,1500,1500,1500,1500,0,0.0,0.0,0.0,439.54,4395.4,160.5,VALID,300.35,3003.5,299.6,VALID
2026-09-08 04:19:14.448,1500,1500,1500,1500,1500,1500,1500,1500,1500,0,0.0,0.0,0.0,439.54,4395.4,160.5,VALID,300.35,3003.5,299.6,VALID
2026-09-08 04:19:15.004,1500,1500,1500,1500,1500,1500,1500,1500,1500,0,0.0,0.0,0.0,439.54,4395.4,160.5,VALID,300.35,3003.5,299.6,VALID
2026-09-08 04:19:15.516,1500,1500,1500,1500,1500,1500,1500,1500,1500,0,0.0,0.0,0.0,439.54,4395.4,160.5,VALID,300.35,3003.5,299.6,VALID
2026-09-08 04:19:16.078,1500,1500,1500,1500,1500,1500,1500,1500,1500,0,0.0,0.0,0.0,439.54,4395.4,160.5,VALID,300.35,3003.5,299.6,VALID
2026-09-08 04:19:16.583,1500,1500,1500,1500,1500,1500,1500,1500,1500,0,0.0,0.0,0.0,439.54,4395.4,160.5,VALID,300.35,3003.5,299.6,VALID
2026-09-08 04:19:17.095,1500,1500,1500,1500,1500,1500,1500,1500,1500,0,0.0,0.0,0.0,439.54,4395.4,160.5,VALID,300.35,3003.5,299.6,VALID
2026-09-08 04:19:17.601,1500,1500,1500,1500,1500,1500,1500,1500,1500,0,0.0,0.0,0.0,439.54,4395.4,160.5,VALID,300.35,3003.5,299.6,VALID
2026-09-08 04:19:18.175,1500,1500,1500,1500,1500,1500,1500,1500,1500,0,0.0,0.0,0.0,439.54,4395.4,160.5,VALID,300.35,3003.5,299.6,VALID
2026-09-08 04:19:18.719,1500,1500,1500,1500,1500,1500,1500,1500,1500,0,0.0,0.0,0.0,439.54,4395.4,160.5,VALID,300.35,3003.5,299.6,VALID
2026-09-08 04:19:19.232,1500,1500,1500,1500,1500,1500,1500,1500,1500,0,0.0,0.0,0.0,439.54,4395.4,160.5,VALID,300.35,3003.5,299.6,VALID
2026-09-08 04:19:19.736,1500,1500,1500,1500,1500,1500,1500,1500,1500,0,0.0,0.0,0.0,439.54,4395.4,160.5,VALID,300.35,3003.5,299.6,VALID
2026-09-08 04:19:20.293,1500,1500,1500,1500,1500,1500,1500,1500,1500,0,0.0,0.0,0.0,439.54,4395.4,160.5,VALID,300.35,3003.5,299.6,VALID
2026-09-08 04:19:20.802,1500,1500,1500,1500,1500,1500,1500,1500,1500,0,0.0,0.0,0.0,439.54,4395.4,160.5,VALID,300.35,3003.5,299.6,VALID
2026-09-08 04:19:21.340,1500,1500,1500,1500,1500,1500,1500,1500,1500,0,0.0,0.0,0.0,439.54,4395.4,160.5,VALID,300.35,3003.5,299.6,VALID
2026-09-08 04:19:21.905,1500,1500,1500,1500,1500,1500,1500,1500,1500,0,0.0,0.0,0.0,439.54,4395.4,160.5,VALID,300.35,3003.5,299.6,VALID
2026-09-08 04:19:22.409,1500,1500,1500,1500,1500,1500,1500,1500,1500,0,0.0,0.0,0.0,439.54,4395.4,160.5,VALID,300.35,3003.5,299.6,VALID
2026-09-08 04:19:22.916,1500,1500,1500,1500,1500,1500,1500,1500,1500,0,0.0,0.0,0.0,439.54,4395.4,160.5,VALID,300.35,3003.5,299.6,VALID
2026-09-08 04:19:23.501,1500,1500,1500,1500,1500,1500,1500,1500,1500,0,0.0,0.0,0.0,439.54,4395.4,160.5,VALID,300.35,3003.5,299.6,VALID
2026-09-08 04:19:24.012,1500,1500,1500,1500,1500,1500,1500,1500,1500,0,0.0,0.0,0.0,439.54,4395.4,160.5,VALID,300.35,3003.5,299.6,VALID
2026-09-08 04:19:24.558,1500,1500,1500,1500,1500,1500,1500,1500,1500,0,0.0,0.0,0.0,439.54,4395.4,160.5,VALID,300.35,3003.5,299.6,VALID
2026-09-08 04:19:25.102,1500,1500,1500,1500,1500,1500,1500,1500,1500,0,0.0,0.0,0.0,439.54,4395.4,160.5,VALID,300.35,3003.5,299.6,VALID
2026-09-08 04:19:25.644,1500,1500,1500,1500,1500,1500,1500,1500,1500,0,0.0,0.0,0.0,439.54,4395.4,160.5,VALID,300.35,3003.5,299.6,VALID
2026-09-08 04:19:26.163,1500,1500,1500,1500,1500,1500,1500,1500,1500,0,0.0,0.0,0.0,439.54,4395.4,160.5,VALID,300.35,3003.5,299.6,VALID
2026-09-08 04:19:26.694,1500,1500,1500,1500,1500,1500,1500,1500,1500,0,0.0,0.0,0.0,439.54,4395.4,160.5,VALID,300.35,3003.5,299.6,VALID
2026-09-08 04:19:27.208,1500,1500,1500,1500,1500,1500,1500,1500,1500,0,0.0,0.0,0.0,439.54,4395.4,160.5,VALID,300.35,3003.5,299.6,VALID
2026-09-08 04:19:27.782,1500,1500,1500,1500,1500,1500,1500,1500,1500,0,0.0,0.0,0.0,439.54,4395.4,160.5,VALID,300.35,3003.5,299.6,VALID
2026-09-08 04:19:28.302,1500,1500,1500,1500,1500,1500,1500,1500,1500,0,0.0,0.0,0.0,439.54,4395.4,160.5,VALID,300.35,3003.5,299.6,VALID
2026-09-08 04:19:28.898,1500,1500,1500,1500,1500,1500,1500,1500,1500,0,0.0,0.0,0.0,439.54,4395.4,160.5,VALID,300.35,3003.5,299.6,VALID
2026-09-08 04:19:29.469,1500,1500,1500,1500,1500,1500,1500,1500,1500,0,0.0,0.0,0.0,439.54,4395.4,160.5,VALID,300.35,3003.5,299.6,VALID
2026-09-08 04:19:29.997,1500,1500,1500,1500,1500,1500,1500,1500,1500,0,0.0,0.0,0.0,439.54,4395.4,160.5,VALID,300.35,3003.5,299.6,VALID
2026-09-08 04:19:30.512,1500,1500,1500,1500,1500,1500,1500,1500,1500,0,0.0,0.0,0.0,439.54,4395.4,160.5,VALID,300.35,3003.5,299.6,VALID
2026-09-08 04:19:31.072,1500,1500,1500,1500,1500,1500,1500,1500,1500,0,0.0,0.0,0.0,439.54,4395.4,160.5,VALID,300.35,3003.5,299.6,VALID
2026-09-08 04:19:31.633,1500,1500,1500,1500,1500,1500,1500,1500,1500,0,0.0,0.0,0.0,439.54,4395.4,160.5,VALID,300.35,3003.5,299.6,VALID
2026-09-08 04:19:32.156,1500,1500,1500,1500,1500,1500,1500,1500,1500,0,0.0,0.0,0.0,439.54,4395.4,160.5,VALID,300.35,3003.5,299.6,VALID
2026-09-08 04:19:32.670,1500,1500,1500,1500,1500,1500,1500,1500,1500,0,0.0,0.0,0.0,439.54,4395.4,160.5,VALID,300.35,3003.5,299.6,VALID
2026-09-08 04:19:33.262,1500,1500,1500,1500,1500,1500,1500,1500,1500,0,0.0,0.0,0.0,439.54,4395.4,160.5,VALID,300.35,3003.5,299.6,VALID
2026-09-08 04:19:33.847,1500,1500,1500,1500,1500,1500,1500,1500,1500,0,0.0,0.0,0.0,439.54,4395.4,160.5,VALID,300.35,3003.5,299.6,VALID
2026-09-08 04:19:34.407,1500,1500,1500,1500,1500,1500,1500,1500,1500,0,0.0,0.0,0.0,439.54,4395.4,160.5,VALID,300.35,3003.5,299.6,VALID
2026-09-08 04:19:34.920,1500,1500,1500,1500,1500,1500,1500,1500,1500,0,0.0,0.0,0.0,439.54,4395.4,160.5,VALID,300.35,3003.5,299.6,VALID
2026-09-08 04:19:35.498,1500,1500,1500,1500,1500,1500,1500,1500,1500,0,0.0,0.0,0.0,439.54,4395.4,160.5,VALID,300.35,3003.5,299.6,VALID
2026-09-08 04:19:36.077,1500,1500,1500,1500,1500,1500,1500,1500,1500,0,0.0,0.0,0.0,439.54,4395.4,160.5,VALID,300.35,3003.5,299.6,VALID
2026-09-08 04:19:36.628,1500,1500,1500,1500,1500,1500,1500,1500,1500,0,0.0,0.0,0.0,439.54,4395.4,160.5,VALID,300.35,3003.5,299.6,VALID
2026-09-08 04:19:37.157,1500,1500,1500,1500,1500,1500,1500,1500,1500,0,0.0,0.0,0.0,439.54,4395.4,160.5,VALID,300.35,3003.5,299.6,VALID
2026-09-08 04:19:37.700,1500,1500,1500,1500,1500,1500,1500,1500,1500,0,0.0,0.0,0.0,439.54,4395.4,160.5,VALID,300.35,3003.5,299.6,VALID
2026-09-08 04:19:38.220,1500,1500,1500,1500,1500,1500,1500,1500,1500,0,0.0,0.0,0.0,439.54,4395.4,160.5,VALID,300.35,3003.5,299.6,VALID
2026-09-08 04:19:38.767,1500,1500,1500,1500,1500,1500,1500,1500,1500,0,0.0,0.0,0.0,439.54,4395.4,160.5,VALID,300.35,3003.5,299.6,VALID
2026-09-08 04:19:39.293,1500,1500,1500,1500,1500,1500,1500,1500,1500,0,0.0,0.0,0.0,439.54,4395.4,160.5,VALID,300.35,3003.5,299.6,VALID
2026-09-08 04:19:39.821,1500,1500,1500,1500,1500,1500,1500,1500,1500,0,0.0,0.0,0.0,439.54,4395.4,160.5,VALID,300.35,3003.5,299.6,VALID
2026-09-08 04:19:40.348,1500,1500,1500,1500,1500,1500,1500,1500,1500,0,0.0,0.0,0.0,439.54,4395.4,160.5,VALID,300.35,3003.5,299.6,VALID
2026-09-08 04:19:40.854,1500,1500,1500,1500,1500,1500,1500,1500,1500,0,0.0,0.0,0.0,439.54,4395.4,160.5,VALID,300.35,3003.5,299.6,VALID
2026-09-08 04:19:41.376,1500,1500,1500,1500,1500,1500,1500,1500,1500,0,0.0,0.0,0.0,439.54,4395.4,160.5,VALID,300.35,3003.5,299.6,VALID
2026-09-08 04:19:41.936,1500,1500,1500,1500,1500,1500,1500,1500,1500,0,0.0,0.0,0.0,439.54,4395.4,160.5,VALID,300.35,3003.5,299.6,VALID
2026-09-08 04:19:42.461,1500,1500,1500,1500,1500,1500,1500,1500,1500,0,0.0,0.0,0.0,439.54,4395.4,160.5,VALID,300.35,3003.5,299.6,VALID
2026-09-08 04:19:42.971,1500,1500,1500,1500,1500,1500,1500,1500,1500,0,0.0,0.0,0.0,439.54,4395.4,160.5,VALID,300.35,3003.5,299.6,VALID
2026-09-08 04:19:43.485,1500,1500,1500,1500,1500,1500,1500,1500,1500,0,0.0,0.0,0.0,439.54,4395.4,160.5,VALID,300.35,3003.5,299.6,VALID
2026-09-08 04:19:43.996,1500,1500,1500,1500,1500,1500,1500,1500,1500,0,0.0,0.0,0.0,439.54,4395.4,160.5,VALID,300.35,3003.5,299.6,VALID
2026-09-08 04:19:44.558,1500,1500,1500,1500,1500,1500,1500,1500,1500,0,0.0,0.0,0.0,439.54,4395.4,160.5,VALID,300.35,3003.5,299.6,VALID
2026-09-08 04:19:45.068,1500,1500,1500,1500,1500,1500,1500,1500,1500,0,0.0,0.0,0.0,439.54,4395.4,160.5,VALID,300.35,3003.5,299.6,VALID
2026-09-08 04:19:45.629,1500,1500,1500,1500,1500,1500,1500,1500,1500,0,0.0,0.0,0.0,439.54,4395.4,160.5,VALID,300.35,3003.5,299.6,VALID
2026-09-08 04:19:46.219,1500,1500,1500,1500,1500,1500,1500,1500,1500,0,0.0,0.0,0.0,439.54,4395.4,160.5,VALID,300.35,3003.5,299.6,VALID
2026-09-08 04:19:46.770,1500,1500,1500,1500,1500,1500,1500,1500,1500,0,0.0,0.0,0.0,439.54,4395.4,160.5,VALID,300.35,3003.5,299.6,VALID
2026-09-08 04:19:47.322,1500,1500,1500,1500,1500,1500,1500,1500,1500,0,0.0,0.0,0.0,439.54,4395.4,160.5,VALID,300.35,3003.5,299.6,VALID
2026-09-08 04:19:47.836,1500,1500,1500,1500,1500,1500,1500,1500,1500,0,0.0,0.0,0.0,439.54,4395.4,160.5,VALID,300.35,3003.5,299.6,VALID
2026-09-08 04:19:48.354,1500,1500,1500,1500,1500,1500,1500,1500,1500,0,0.0,0.0,0.0,439.54,4395.4,160.5,VALID,300.35,3003.5,299.6,VALID
2026-09-08 04:19:48.865,1500,1500,1500,1500,1500,1500,1500,1500,1500,0,0.0,0.0,0.0,439.54,4395.4,160.5,VALID,300.35,3003.5,299.6,VALID
2026-09-08 04:19:49.378,1500,1500,1500,1500,1500,1500,1500,1500,1500,0,0.0,0.0,0.0,439.54,4395.4,160.5,VALID,300.35,3003.5,299.6,VALID
2026-09-08 04:19:49.950,1500,1500,1500,1500,1500,1500,1500,1500,1500,0,0.0,0.0,0.0,439.54,4395.4,160.5,VALID,300.35,3003.5,299.6,VALID
2026-09-08 04:19:50.519,1500,1500,1500,1500,1500,1500,1500,1500,1500,0,0.0,0.0,0.0,439.54,4395.4,160.5,VALID,300.35,3003.5,299.6,VALID
2026-09-08 04:19:51.110,1500,1500,1500,1500,1500,1500,1500,1500,1500,0,0.0,0.0,0.0,439.54,4395.4,160.5,VALID,300.35,3003.5,299.6,VALID
2026-09-08 04:19:51.705,1500,1500,1500,1500,1500,1500,1500,1500,1500,0,0.0,0.0,0.0,439.54,4395.4,160.5,VALID,300.35,3003.5,299.6,VALID
2026-09-08 04:19:52.288,1500,1500,1500,1500,1500,1500,1500,1500,1500,0,0.0,0.0,0.0,439.54,4395.4,160.5,VALID,300.35,3003.5,299.6,VALID
2026-09-08 04:19:52.830,1500,1500,1500,1500,1500,1500,1500,1500,1500,0,0.0,0.0,0.0,439.54,4395.4,160.5,VALID,300.35,3003.5,299.6,VALID
2026-09-08 04:19:53.382,1500,1500,1500,1500,1500,1500,1500,1500,1500,0,0.0,0.0,0.0,439.54,4395.4,160.5,VALID,300.35,3003.5,299.6,VALID
2026-09-08 04:19:53.886,1500,1500,1500,1500,1500,1500,1500,1500,1500,0,0.0,0.0,0.0,439.54,4395.4,160.5,VALID,300.35,3003.5,299.6,VALID
2026-09-08 04:19:54.395,1500,1500,1500,1500,1500,1500,1500,1500,1500,0,0.0,0.0,0.0,439.54,4395.4,160.5,VALID,300.35,3003.5,299.6,VALID
2026-09-08 04:19:54.903,1500,1500,1500,1500,1500,1500,1500,1500,1500,0,0.0,0.0,0.0,439.54,4395.4,160.5,VALID,300.35,3003.5,299.6,VALID
2026-09-08 04:19:55.406,1500,1500,1500,1500,1500,1500,1500,1500,1500,0,0.0,0.0,0.0,439.54,4395.4,160.5,VALID,300.35,3003.5,299.6,VALID
2026-09-08 04:19:55.981,1500,1500,1500,1500,1500,1500,1500,1500,1500,0,0.0,0.0,0.0,439.54,4395.4,160.5,VALID,300.35,3003.5,299.6,VALID
2026-09-08 04:19:56.569,1500,1500,1500,1500,1500,1500,1500,1500,1500,0,0.0,0.0,0.0,439.54,4395.4,160.5,VALID,300.35,3003.5,299.6,VALID
2026-09-08 04:19:57.111,1500,1500,1500,1500,1500,1500,1500,1500,1500,0,0.0,0.0,0.0,439.54,4395.4,160.5,VALID,300.35,3003.5,299.6,VALID
2026-09-08 04:19:57.625,1500,1500,1500,1500,1500,1500,1500,1500,1500,0,0.0,0.0,0.0,439.54,4395.4,160.5,VALID,300.35,3003.5,299.6,VALID
2026-09-08 04:19:58.186,1500,1500,1500,1500,1500,1500,1500,1500,1500,0,0.0,0.0,0.0,439.54,4395.4,160.5,VALID,300.35,3003.5,299.6,VALID
2026-09-08 04:19:58.704,1500,1500,1500,1500,1500,1500,1500,1500,1500,0,0.0,0.0,0.0,439.54,4395.4,160.5,VALID,300.35,3003.5,299.6,VALID
2026-09-08 04:19:59.251,1500,1500,1500,1500,1500,1500,1500,1500,1500,0,0.0,0.0,0.0,439.54,4395.4,160.5,VALID,300.35,3003.5,299.6,VALID
2026-09-08 04:19:59.752,1500,1500,1500,1500,1500,1500,1500,1500,1500,0,0.0,0.0,0.0,439.54,4395.4,160.5,VALID,300.35,3003.5,299.6,VALID
2026-09-08 04:20:00.311,1500,1500,1500,1500,1500,1500,1500,1500,1500,0,0.0,0.0,0.0,439.54,4395.4,160.5,VALID,300.35,3003.5,299.6,VALID
2026-09-08 04:20:00.814,1500,1500,1500,1500,1500,1500,1500,1500,1500,0,0.0,0.0,0.0,439.54,4395.4,160.5,VALID,300.35,3003.5,299.6,VALID
2026-09-08 04:20:01.314,1500,1500,1500,1500,1500,1500,1500,1500,1500,0,0.0,0.0,0.0,439.54,4395.4,160.5,VALID,300.35,3003.5,299.6,VALID
2026-09-08 04:20:01.859,1500,1500,1500,1500,1500,1500,1500,1500,1500,0,0.0,0.0,0.0,439.54,4395.4,160.5,VALID,300.35,3003.5,299.6,VALID
2026-09-08 04:20:02.390,1500,1500,1500,1500,1500,1500,1500,1500,1500,0,0.0,0.0,0.0,439.54,4395.4,160.5,VALID,300.35,3003.5,299.6,VALID
2026-09-08 04:20:02.901,1500,1500,1500,1500,1500,1500,1500,1500,1500,0,0.0,0.0,0.0,439.54,4395.4,160.5,VALID,300.35,3003.5,299.6,VALID
2026-09-08 04:20:03.412,1500,1500,1500,1500,1500,1500,1500,1500,1500,0,0.0,0.0,0.0,439.54,4395.4,160.5,VALID,300.35,3003.5,299.6,VALID
2026-09-08 04:20:03.917,1500,1500,1500,1500,1500,1500,1500,1500,1500,0,0.0,0.0,0.0,439.54,4395.4,160.5,VALID,300.35,3003.5,299.6,VALID
2026-09-08 04:20:04.446,1500,1500,1500,1500,1500,1500,1500,1500,1500,0,0.0,0.0,0.0,439.54,4395.4,160.5,VALID,300.35,3003.5,299.6,VALID
2026-09-08 04:20:05.006,1500,1500,1500,1500,1500,1500,1500,1500,1500,0,0.0,0.0,0.0,439.54,4395.4,160.5,VALID,300.35,3003.5,299.6,VALID
2026-09-08 04:20:05.565,1500,1500,1500,1500,1500,1500,1500,1500,1500,0,0.0,0.0,0.0,439.54,4395.4,160.5,VALID,300.35,3003.5,299.6,VALID
2026-09-08 04:20:06.168,1500,1500,1500,1500,1500,1500,1500,1500,1500,0,0.0,0.0,0.0,439.54,4395.4,160.5,VALID,300.35,3003.5,299.6,VALID
2026-09-08 04:20:06.741,1500,1500,1500,1500,1500,1500,1500,1500,1500,0,0.0,0.0,0.0,439.54,4395.4,160.5,VALID,300.35,3003.5,299.6,VALID
2026-09-08 04:20:07.273,1500,1500,1500,1500,1500,1500,1500,1500,1500,0,0.0,0.0,0.0,439.54,4395.4,160.5,VALID,300.35,3003.5,299.6,VALID
2026-09-08 04:20:07.802,1500,1500,1500,1500,1500,1500,1500,1500,1500,0,0.0,0.0,0.0,439.54,4395.4,160.5,VALID,300.35,3003.5,299.6,VALID
2026-09-08 04:20:08.336,1500,1500,1500,1500,1500,1500,1500,1500,1500,0,0.0,0.0,0.0,439.54,4395.4,160.5,VALID,300.35,3003.5,299.6,VALID
2026-09-08 04:20:08.853,1500,1500,1500,1500,1500,1500,1500,1500,1500,0,0.0,0.0,0.0,439.54,4395.4,160.5,VALID,300.35,3003.5,299.6,VALID
2026-09-08 04:20:09.401,1500,1500,1500,1500,1500,1500,1500,1500,1500,0,0.0,0.0,0.0,439.54,4395.4,160.5,VALID,300.35,3003.5,299.6,VALID
2026-09-08 04:20:09.977,1500,1500,1500,1500,1500,1500,1500,1500,1500,0,0.0,0.0,0.0,439.54,4395.4,160.5,VALID,300.35,3003.5,299.6,VALID
2026-09-08 04:20:10.567,1500,1500,1500,1500,1500,1500,1500,1500,1500,0,0.0,0.0,0.0,439.54,4395.4,160.5,VALID,300.35,3003.5,299.6,VALID
2026-09-08 04:20:11.139,1500,1500,1500,1500,1500,1500,1500,1500,1500,0,0.0,0.0,0.0,439.54,4395.4,160.5,VALID,300.35,3003.5,299.6,VALID
2026-09-08 04:20:11.664,1500,1500,1500,1500,1500,1500,1500,1500,1500,0,0.0,0.0,0.0,439.54,4395.4,160.5,VALID,300.35,3003.5,299.6,VALID
2026-09-08 04:20:12.218,1500,1500,1500,1500,1500,1500,1500,1500,1500,0,0.0,0.0,0.0,439.54,4395.4,160.5,VALID,300.35,3003.5,299.6,VALID
2026-09-08 04:20:12.773,1500,1500,1500,1500,1500,1500,1500,1500,1500,0,0.0,0.0,0.0,439.54,4395.4,160.5,VALID,300.35,3003.5,299.6,VALID
2026-09-08 04:20:13.321,1500,1500,1500,1500,1500,1500,1500,1500,1500,0,0.0,0.0,0.0,439.54,4395.4,160.5,VALID,300.35,3003.5,299.6,VALID
2026-09-08 04:20:13.864,1500,1500,1500,1500,1500,1500,1500,1500,1500,0,0.0,0.0,0.0,439.54,4395.4,160.5,VALID,300.35,3003.5,299.6,VALID
2026-09-08 04:20:14.396,1500,1500,1500,1500,1500,1500,1500,1500,1500,0,0.0,0.0,0.0,439.54,4395.4,160.5,VALID,300.35,3003.5,299.6,VALID
2026-09-08 04:20:14.913,1500,1500,1500,1500,1500,1500,1500,1500,1500,0,0.0,0.0,0.0,439.54,4395.4,160.5,VALID,300.35,3003.5,299.6,VALID
2026-09-08 04:20:15.466,1500,1500,1500,1500,1500,1500,1500,1500,1500,0,0.0,0.0,0.0,439.54,4395.4,160.5,VALID,300.35,3003.5,299.6,VALID
2026-09-08 04:20:15.988,1500,1500,1500,1500,1500,1500,1500,1500,1500,0,0.0,0.0,0.0,439.54,4395.4,160.5,VALID,300.35,3003.5,299.6,VALID
2026-09-08 04:20:16.494,1500,1500,1500,1500,1500,1500,1500,1500,1500,0,0.0,0.0,0.0,439.54,4395.4,160.5,VALID,300.35,3003.5,299.6,VALID
2026-09-08 04:20:17.009,1500,1500,1500,1500,1500,1500,1500,1500,1500,0,0.0,0.0,0.0,439.54,4395.4,160.5,VALID,300.35,3003.5,299.6,VALID
2026-09-08 04:20:17.549,1500,1500,1500,1500,1500,1500,1500,1500,1500,0,0.0,0.0,0.0,439.54,4395.4,160.5,VALID,300.35,3003.5,299.6,VALID
2026-09-08 04:20:18.085,1500,1500,1500,1500,1500,1500,1500,1500,1500,0,0.0,0.0,0.0,439.54,4395.4,160.5,VALID,300.35,3003.5,299.6,VALID
2026-09-08 04:20:18.657,1500,1500,1500,1500,1500,1500,1500,1500,1500,0,0.0,0.0,0.0,439.54,4395.4,160.5,VALID,300.35,3003.5,299.6,VALID
2026-09-08 04:20:19.158,1500,1500,1500,1500,1500,1500,1500,1500,1500,0,0.0,0.0,0.0,439.54,4395.4,160.5,VALID,300.35,3003.5,299.6,VALID
2026-09-08 04:20:19.698,1500,1500,1500,1500,1500,1500,1500,1500,1500,0,0.0,0.0,0.0,439.54,4395.4,160.5,VALID,300.35,3003.5,299.6,VALID
2026-09-08 04:20:20.201,1500,1500,1500,1500,1500,1500,1500,1500,1500,0,0.0,0.0,0.0,439.54,4395.4,160.5,VALID,300.35,3003.5,299.6,VALID
2026-09-08 04:20:20.705,1500,1500,1500,1500,1500,1500,1500,1500,1500,0,0.0,0.0,0.0,439.54,4395.4,160.5,VALID,300.35,3003.5,299.6,VALID
2026-09-08 04:20:21.263,1500,1500,1500,1500,1500,1500,1500,1500,1500,0,0.0,0.0,0.0,439.54,4395.4,160.5,VALID,300.35,3003.5,299.6,VALID
2026-09-08 04:20:21.770,1500,1500,1500,1500,1500,1500,1500,1500,1500,0,0.0,0.0,0.0,439.54,4395.4,160.5,VALID,300.35,3003.5,299.6,VALID
2026-09-08 04:20:22.335,1500,1500,1500,1500,1500,1500,1500,1500,1500,0,0.0,0.0,0.0,439.54,4395.4,160.5,VALID,300.35,3003.5,299.6,VALID
2026-09-08 04:20:22.854,1500,1500,1500,1500,1500,1500,1500,1500,1500,0,0.0,0.0,0.0,439.54,4395.4,160.5,VALID,300.35,3003.5,299.6,VALID
2026-09-08 04:20:23.354,1500,1500,1500,1500,1500,1500,1500,1500,1500,0,0.0,0.0,0.0,439.54,4395.4,160.5,VALID,300.35,3003.5,299.6,VALID
2026-09-08 04:20:23.855,1500,1500,1500,1500,1500,1500,1500,1500,1500,0,0.0,0.0,0.0,439.54,4395.4,160.5,VALID,300.35,3003.5,299.6,VALID
2026-09-08 04:20:24.406,1500,1500,1500,1500,1500,1500,1500,1500,1500,0,0.0,0.0,0.0,439.54,4395.4,160.5,VALID,300.35,3003.5,299.6,VALID
2026-09-08 04:20:24.931,1500,1500,1500,1500,1500,1500,1500,1500,1500,0,0.0,0.0,0.0,439.54,4395.4,160.5,VALID,300.35,3003.5,299.6,VALID
2026-09-08 04:20:25.459,1500,1500,1500,1500,1500,1500,1500,1500,1500,0,0.0,0.0,0.0,439.54,4395.4,160.5,VALID,300.35,3003.5,299.6,VALID
2026-09-08 04:20:25.964,1500,1500,1500,1500,1500,1500,1500,1500,1500,0,0.0,0.0,0.0,439.54,4395.4,160.5,VALID,300.35,3003.5,299.6,VALID
2026-09-08 04:20:26.490,1500,1500,1500,1500,1500,1500,1500,1500,1500,0,0.0,0.0,0.0,439.54,4395.4,160.5,VALID,300.35,3003.5,299.6,VALID
2026-09-08 04:20:27.009,1500,1500,1500,1500,1500,1500,1500,1500,1500,0,0.0,0.0,0.0,439.54,4395.4,160.5,VALID,300.35,3003.5,299.6,VALID
2026-09-08 04:20:27.558,1500,1500,1500,1500,1500,1500,1500,1500,1500,0,0.0,0.0,0.0,439.54,4395.4,160.5,VALID,300.35,3003.5,299.6,VALID
2026-09-08 04:20:28.059,1500,1500,1500,1500,1500,1500,1500,1500,1500,0,0.0,0.0,0.0,439.54,4395.4,160.5,VALID,300.35,3003.5,299.6,VALID
2026-09-08 04:20:28.566,1500,1500,1500,1500,1500,1500,1500,1500,1500,0,0.0,0.0,0.0,439.54,4395.4,160.5,VALID,300.35,3003.5,299.6,VALID
2026-09-08 04:20:29.096,1500,1500,1500,1500,1500,1500,1500,1500,1500,0,0.0,0.0,0.0,439.54,4395.4,160.5,VALID,300.35,3003.5,299.6,VALID
2026-09-08 04:20:29.607,1500,1500,1500,1500,1500,1500,1500,1500,1500,0,0.0,0.0,0.0,439.54,4395.4,160.5,VALID,300.35,3003.5,299.6,VALID
2026-09-08 04:20:30.115,1500,1500,1500,1500,1500,1500,1500,1500,1500,0,0.0,0.0,0.0,439.54,4395.4,160.5,VALID,300.35,3003.5,299.6,VALID
2026-09-08 04:20:30.625,1500,1500,1500,1500,1500,1500,1500,1500,1500,0,0.0,0.0,0.0,439.54,4395.4,160.5,VALID,300.35,3003.5,299.6,VALID
2026-09-08 04:20:31.136,1500,1500,1500,1500,1500,1500,1500,1500,1500,0,0.0,0.0,0.0,439.54,4395.4,160.5,VALID,300.35,3003.5,299.6,VALID
2026-09-08 04:20:31.672,1500,1500,1500,1500,1500,1500,1500,1500,1500,0,0.0,0.0,0.0,439.54,4395.4,160.5,VALID,300.35,3003.5,299.6,VALID
2026-09-08 04:20:32.194,1500,1500,1500,1500,1500,1500,1500,1500,1500,0,0.0,0.0,0.0,439.54,4395.4,160.5,VALID,300.35,3003.5,299.6,VALID
2026-09-08 04:20:32.714,1500,1500,1500,1500,1500,1500,1500,1500,1500,0,0.0,0.0,0.0,439.54,4395.4,160.5,VALID,300.35,3003.5,299.6,VALID
2026-09-08 04:20:33.292,1500,1500,1500,1500,1500,1500,1500,1500,1500,0,0.0,0.0,0.0,439.54,4395.4,160.5,VALID,300.35,3003.5,299.6,VALID
2026-09-08 04:20:33.872,1500,1500,1500,1500,1500,1500,1500,1500,1500,0,0.0,0.0,0.0,439.54,4395.4,160.5,VALID,300.35,3003.5,299.6,VALID
2026-09-08 04:20:34.443,1500,1500,1500,1500,1500,1500,1500,1500,1500,0,0.0,0.0,0.0,439.54,4395.4,160.5,VALID,300.35,3003.5,299.6,VALID
2026-09-08 04:20:35.013,1500,1500,1500,1500,1500,1500,1500,1500,1500,0,0.0,0.0,0.0,439.54,4395.4,160.5,VALID,300.35,3003.5,299.6,VALID
2026-09-08 04:20:35.517,1500,1500,1500,1500,1500,1500,1500,1500,1500,0,0.0,0.0,0.0,439.54,4395.4,160.5,VALID,300.35,3003.5,299.6,VALID
2026-09-08 04:20:36.041,1500,1500,1500,1500,1500,1500,1500,1500,1500,0,0.0,0.0,0.0,439.54,4395.4,160.5,VALID,300.35,3003.5,299.6,VALID
2026-09-08 04:20:36.590,1500,1500,1500,1500,1500,1500,1500,1500,1500,0,0.0,0.0,0.0,439.54,4395.4,160.5,VALID,300.35,3003.5,299.6,VALID
2026-09-08 04:20:37.133,1500,1500,1500,1500,1500,1500,1500,1500,1500,0,0.0,0.0,0.0,439.54,4395.4,160.5,VALID,300.35,3003.5,299.6,VALID
2026-09-08 04:20:37.660,1500,1500,1500,1500,1500,1500,1500,1500,1500,0,0.0,0.0,0.0,439.54,4395.4,160.5,VALID,300.35,3003.5,299.6,VALID
2026-09-08 04:20:38.202,1500,1500,1500,1500,1500,1500,1500,1500,1500,0,0.0,0.0,0.0,439.54,4395.4,160.5,VALID,300.35,3003.5,299.6,VALID
2026-09-08 04:20:38.714,1500,1500,1500,1500,1500,1500,1500,1500,1500,0,0.0,0.0,0.0,439.54,4395.4,160.5,VALID,300.35,3003.5,299.6,VALID
2026-09-08 04:20:39.253,1500,1500,1500,1500,1500,1500,1500,1500,1500,0,0.0,0.0,0.0,439.54,4395.4,160.5,VALID,300.35,3003.5,299.6,VALID
2026-09-08 04:20:39.764,1500,1500,1500,1500,1500,1500,1500,1500,1500,0,0.0,0.0,0.0,439.54,4395.4,160.5,VALID,300.35,3003.5,299.6,VALID
2026-09-08 04:20:40.336,1500,1500,1500,1500,1500,1500,1500,1500,1500,0,0.0,0.0,0.0,439.54,4395.4,160.5,VALID,300.35,3003.5,299.6,VALID
2026-09-08 04:20:40.902,1500,1500,1500,1500,1500,1500,1500,1500,1500,0,0.0,0.0,0.0,439.54,4395.4,160.5,VALID,300.35,3003.5,299.6,VALID
2026-09-08 04:20:41.407,1500,1500,1500,1500,1500,1500,1500,1500,1500,0,0.0,0.0,0.0,439.54,4395.4,160.5,VALID,300.35,3003.5,299.6,VALID
2026-09-08 04:20:41.963,1500,1500,1500,1500,1500,1500,1500,1500,1500,0,0.0,0.0,0.0,439.54,4395.4,160.5,VALID,300.35,3003.5,299.6,VALID
2026-09-08 04:20:42.525,1500,1500,1500,1500,1500,1500,1500,1500,1500,0,0.0,0.0,0.0,439.54,4395.4,160.5,VALID,300.35,3003.5,299.6,VALID
2026-09-08 04:20:43.027,1500,1500,1500,1500,1500,1500,1500,1500,1500,0,0.0,0.0,0.0,439.54,4395.4,160.5,VALID,300.35,3003.5,299.6,VALID
2026-09-08 04:20:43.597,1500,1500,1500,1500,1500,1500,1500,1500,1500,0,0.0,0.0,0.0,439.54,4395.4,160.5,VALID,300.35,3003.5,299.6,VALID
2026-09-08 04:20:44.113,1500,1500,1500,1500,1500,1500,1500,1500,1500,0,0.0,0.0,0.0,439.54,4395.4,160.5,VALID,300.35,3003.5,299.6,VALID
2026-09-08 04:20:44.620,1500,1500,1500,1500,1500,1500,1500,1500,1500,0,0.0,0.0,0.0,439.54,4395.4,160.5,VALID,300.35,3003.5,299.6,VALID
2026-09-08 04:20:45.129,1500,1500,1500,1500,1500,1500,1500,1500,1500,0,0.0,0.0,0.0,439.54,4395.4,160.5,VALID,300.35,3003.5,299.6,VALID
2026-09-08 04:20:45.693,1500,1500,1500,1500,1500,1500,1500,1500,1500,0,0.0,0.0,0.0,439.54,4395.4,160.5,VALID,300.35,3003.5,299.6,VALID
2026-09-08 04:20:46.194,1500,1500,1500,1500,1500,1500,1500,1500,1500,0,0.0,0.0,0.0,439.54,4395.4,160.5,VALID,300.35,3003.5,299.6,VALID
2026-09-08 04:20:46.737,1500,1500,1500,1500,1500,1500,1500,1500,1500,0,0.0,0.0,0.0,439.54,4395.4,160.5,VALID,300.35,3003.5,299.6,VALID
2026-09-08 04:20:47.248,1500,1500,1500,1500,1500,1500,1500,1500,1500,0,0.0,0.0,0.0,439.54,4395.4,160.5,VALID,300.35,3003.5,299.6,VALID
2026-09-08 04:20:47.822,1500,1500,1500,1500,1500,1500,1500,1500,1500,0,0.0,0.0,0.0,439.54,4395.4,160.5,VALID,300.35,3003.5,299.6,VALID
2026-09-08 04:20:48.396,1500,1500,1500,1500,1500,1500,1500,1500,1500,0,0.0,0.0,0.0,439.54,4395.4,160.5,VALID,300.35,3003.5,299.6,VALID
2026-09-08 04:20:48.902,1500,1500,1500,1500,1500,1500,1500,1500,1500,0,0.0,0.0,0.0,439.54,4395.4,160.5,VALID,300.35,3003.5,299.6,VALID
2026-09-08 04:20:49.464,1500,1500,1500,1500,1500,1500,1500,1500,1500,0,0.0,0.0,0.0,439.54,4395.4,160.5,VALID,300.35,3003.5,299.6,VALID
2026-09-08 04:20:50.031,1500,1500,1500,1500,1500,1500,1500,1500,1500,0,0.0,0.0,0.0,439.54,4395.4,160.5,VALID,300.35,3003.5,299.6,VALID
2026-09-08 04:20:50.595,1500,1500,1500,1500,1500,1500,1500,1500,1500,0,0.0,0.0,0.0,439.54,4395.4,160.5,VALID,300.35,3003.5,299.6,VALID
2026-09-08 04:20:51.192,1500,1500,1500,1500,1500,1500,1500,1500,1500,0,0.0,0.0,0.0,439.54,4395.4,160.5,VALID,300.35,3003.5,299.6,VALID
2026-09-08 04:20:51.701,1500,1500,1500,1500,1500,1500,1500,1500,1500,0,0.0,0.0,0.0,439.54,4395.4,160.5,VALID,300.35,3003.5,299.6,VALID
2026-09-08 04:20:52.220,1500,1500,1500,1500,1500,1500,1500,1500,1500,0,0.0,0.0,0.0,439.54,4395.4,160.5,VALID,300.35,3003.5,299.6,VALID
2026-09-08 04:20:52.804,1500,1500,1500,1500,1500,1500,1500,1500,1500,0,0.0,0.0,0.0,439.54,4395.4,160.5,VALID,300.35,3003.5,299.6,VALID
2026-09-08 04:20:53.381,1500,1500,1500,1500,1500,1500,1500,1500,1500,0,0.0,0.0,0.0,439.54,4395.4,160.5,VALID,300.35,3003.5,299.6,VALID
2026-09-08 04:20:53.907,1500,1500,1500,1500,1500,1500,1500,1500,1500,0,0.0,0.0,0.0,439.54,4395.4,160.5,VALID,300.35,3003.5,299.6,VALID
2026-09-08 04:20:54.420,1500,1500,1500,1500,1500,1500,1500,1500,1500,0,0.0,0.0,0.0,439.54,4395.4,160.5,VALID,300.35,3003.5,299.6,VALID
2026-09-08 04:20:54.968,1500,1500,1500,1500,1500,1500,1500,1500,1500,0,0.0,0.0,0.0,439.54,4395.4,160.5,VALID,300.35,3003.5,299.6,VALID
2026-09-08 04:20:55.473,1500,1500,1500,1500,1500,1500,1500,1500,1500,0,0.0,0.0,0.0,439.54,4395.4,160.5,VALID,300.35,3003.5,299.6,VALID
2026-09-08 04:20:55.995,1500,1500,1500,1500,1500,1500,1500,1500,1500,0,0.0,0.0,0.0,439.54,4395.4,160.5,VALID,300.35,3003.5,299.6,VALID
2026-09-08 04:20:56.507,1500,1500,1500,1500,1500,1500,1500,1500,1500,0,0.0,0.0,0.0,439.54,4395.4,160.5,VALID,300.35,3003.5,299.6,VALID
2026-09-08 04:20:57.052,1500,1500,1500,1500,1500,1500,1500,1500,1500,0,0.0,0.0,0.0,439.54,4395.4,160.5,VALID,300.35,3003.5,299.6,VALID
2026-09-08 04:20:57.654,1500,1500,1500,1500,1500,1500,1500,1500,1500,0,0.0,0.0,0.0,439.54,4395.4,160.5,VALID,300.35,3003.5,299.6,VALID
2026-09-08 04:20:58.225,1500,1500,1500,1500,1500,1500,1500,1500,1500,0,0.0,0.0,0.0,439.54,4395.4,160.5,VALID,300.35,3003.5,299.6,VALID
2026-09-08 04:20:58.740,1500,1500,1500,1500,1500,1500,1500,1500,1500,0,0.0,0.0,0.0,439.54,4395.4,160.5,VALID,300.35,3003.5,299.6,VALID
2026-09-08 04:20:59.251,1500,1500,1500,1500,1500,1500,1500,1500,1500,0,0.0,0.0,0.0,439.54,4395.4,160.5,VALID,300.35,3003.5,299.6,VALID
2026-09-08 04:20:59.774,1500,1500,1500,1500,1500,1500,1500,1500,1500,0,0.0,0.0,0.0,439.54,4395.4,160.5,VALID,300.35,3003.5,299.6,VALID
2026-09-08 04:21:00.343,1500,1500,1500,1500,1500,1500,1500,1500,1500,0,0.0,0.0,0.0,439.54,4395.4,160.5,VALID,300.35,3003.5,299.6,VALID
2026-09-08 04:21:00.852,1500,1500,1500,1500,1500,1500,1500,1500,1500,0,0.0,0.0,0.0,439.54,4395.4,160.5,VALID,300.35,3003.5,299.6,VALID
2026-09-08 04:21:01.399,1500,1500,1500,1500,1500,1500,1500,1500,1500,0,0.0,0.0,0.0,439.54,4395.4,160.5,VALID,300.35,3003.5,299.6,VALID
2026-09-08 04:21:01.910,1500,1500,1500,1500,1500,1500,1500,1500,1500,0,0.0,0.0,0.0,439.54,4395.4,160.5,VALID,300.35,3003.5,299.6,VALID
2026-09-08 04:21:02.415,1500,1500,1500,1500,1500,1500,1500,1500,1500,0,0.0,0.0,0.0,439.54,4395.4,160.5,VALID,300.35,3003.5,299.6,VALID
2026-09-08 04:21:02.926,1500,1500,1500,1500,1500,1500,1500,1500,1500,0,0.0,0.0,0.0,439.54,4395.4,160.5,VALID,300.35,3003.5,299.6,VALID
2026-09-08 04:21:03.453,1500,1500,1500,1500,1500,1500,1500,1500,1500,0,0.0,0.0,0.0,439.54,4395.4,160.5,VALID,300.35,3003.5,299.6,VALID
2026-09-08 04:21:03.971,1500,1500,1500,1500,1500,1500,1500,1500,1500,0,0.0,0.0,0.0,439.54,4395.4,160.5,VALID,300.35,3003.5,299.6,VALID
2026-09-08 04:21:04.513,1500,1500,1500,1500,1500,1500,1500,1500,1500,0,0.0,0.0,0.0,439.54,4395.4,160.5,VALID,300.35,3003.5,299.6,VALID
2026-09-08 04:21:05.037,1500,1500,1500,1500,1500,1500,1500,1500,1500,0,0.0,0.0,0.0,439.54,4395.4,160.5,VALID,300.35,3003.5,299.6,VALID
2026-09-08 04:21:05.540,1500,1500,1500,1500,1500,1500,1500,1500,1500,0,0.0,0.0,0.0,439.54,4395.4,160.5,VALID,300.35,3003.5,299.6,VALID
2026-09-08 04:21:06.040,1500,1500,1500,1500,1500,1500,1500,1500,1500,0,0.0,0.0,0.0,439.54,4395.4,160.5,VALID,300.35,3003.5,299.6,VALID
2026-09-08 04:21:06.587,1500,1500,1500,1500,1500,1500,1500,1500,1500,0,0.0,0.0,0.0,439.54,4395.4,160.5,VALID,300.35,3003.5,299.6,VALID
2026-09-08 04:21:07.093,1500,1500,1500,1500,1500,1500,1500,1500,1500,0,0.0,0.0,0.0,439.54,4395.4,160.5,VALID,300.35,3003.5,299.6,VALID
2026-09-08 04:21:07.598,1500,1500,1500,1500,1500,1500,1500,1500,1500,0,0.0,0.0,0.0,439.54,4395.4,160.5,VALID,300.35,3003.5,299.6,VALID
2026-09-08 04:21:08.161,1500,1500,1500,1500,1500,1500,1500,1500,1500,0,0.0,0.0,0.0,439.54,4395.4,160.5,VALID,300.35,3003.5,299.6,VALID
2026-09-08 04:21:08.725,1500,1500,1500,1500,1500,1500,1500,1500,1500,0,0.0,0.0,0.0,439.54,4395.4,160.5,VALID,300.35,3003.5,299.6,VALID
2026-09-08 04:21:09.241,1500,1500,1500,1500,1500,1500,1500,1500,1500,0,0.0,0.0,0.0,439.54,4395.4,160.5,VALID,300.35,3003.5,299.6,VALID
2026-09-08 04:21:09.779,1500,1500,1500,1500,1500,1500,1500,1500,1500,0,0.0,0.0,0.0,439.54,4395.4,160.5,VALID,300.35,3003.5,299.6,VALID
2026-09-08 04:21:10.294,1500,1500,1500,1500,1500,1500,1500,1500,1500,0,0.0,0.0,0.0,439.54,4395.4,160.5,VALID,300.35,3003.5,299.6,VALID
2026-09-08 04:21:10.854,1500,1500,1500,1500,1500,1500,1500,1500,1500,0,0.0,0.0,0.0,439.54,4395.4,160.5,VALID,300.35,3003.5,299.6,VALID
2026-09-08 04:21:11.439,1500,1500,1500,1500,1500,1500,1500,1500,1500,0,0.0,0.0,0.0,439.54,4395.4,160.5,VALID,300.35,3003.5,299.6,VALID
2026-09-08 04:21:12.033,1500,1500,1500,1500,1500,1500,1500,1500,1500,0,0.0,0.0,0.0,439.54,4395.4,160.5,VALID,300.35,3003.5,299.6,VALID
2026-09-08 04:21:12.536,1500,1500,1500,1500,1500,1500,1500,1500,1500,0,0.0,0.0,0.0,439.54,4395.4,160.5,VALID,300.35,3003.5,299.6,VALID
2026-09-08 04:21:13.065,1500,1500,1500,1500,1500,1500,1500,1500,1500,0,0.0,0.0,0.0,439.54,4395.4,160.5,VALID,300.35,3003.5,299.6,VALID
2026-09-08 04:21:13.586,1500,1500,1500,1500,1500,1500,1500,1500,1500,0,0.0,0.0,0.0,439.54,4395.4,160.5,VALID,300.35,3003.5,299.6,VALID
2026-09-08 04:21:14.104,1500,1500,1500,1500,1500,1500,1500,1500,1500,0,0.0,0.0,0.0,439.54,4395.4,160.5,VALID,300.35,3003.5,299.6,VALID
2026-09-08 04:21:14.703,1500,1500,1500,1500,1500,1500,1500,1500,1500,0,0.0,0.0,0.0,439.54,4395.4,160.5,VALID,300.35,3003.5,299.6,VALID
2026-09-08 04:21:15.275,1500,1500,1500,1500,1500,1500,1500,1500,1500,0,0.0,0.0,0.0,439.54,4395.4,160.5,VALID,300.35,3003.5,299.6,VALID
2026-09-08 04:21:15.868,1500,1500,1500,1500,1500,1500,1500,1500,1500,0,0.0,0.0,0.0,439.54,4395.4,160.5,VALID,300.35,3003.5,299.6,VALID
2026-09-08 04:21:16.385,1500,1500,1500,1500,1500,1500,1500,1500,1500,0,0.0,0.0,0.0,439.54,4395.4,160.5,VALID,300.35,3003.5,299.6,VALID
2026-09-08 04:21:16.898,1500,1500,1500,1500,1500,1500,1500,1500,1500,0,0.0,0.0,0.0,439.54,4395.4,160.5,VALID,300.35,3003.5,299.6,VALID
2026-09-08 04:21:17.403,1500,1500,1500,1500,1500,1500,1500,1500,1500,0,0.0,0.0,0.0,439.54,4395.4,160.5,VALID,300.35,3003.5,299.6,VALID
2026-09-08 04:21:17.912,1500,1500,1500,1500,1500,1500,1500,1500,1500,0,0.0,0.0,0.0,439.54,4395.4,160.5,VALID,300.35,3003.5,299.6,VALID
2026-09-08 04:21:18.461,1500,1500,1500,1500,1500,1500,1500,1500,1500,0,0.0,0.0,0.0,439.54,4395.4,160.5,VALID,300.35,3003.5,299.6,VALID
2026-09-08 04:21:19.038,1500,1500,1500,1500,1500,1500,1500,1500,1500,0,0.0,0.0,0.0,439.54,4395.4,160.5,VALID,300.35,3003.5,299.6,VALID
2026-09-08 04:21:19.555,1500,1500,1500,1500,1500,1500,1500,1500,1500,0,0.0,0.0,0.0,439.54,4395.4,160.5,VALID,300.35,3003.5,299.6,VALID
2026-09-08 04:21:20.058,1500,1500,1500,1500,1500,1500,1500,1500,1500,0,0.0,0.0,0.0,439.54,4395.4,160.5,VALID,300.35,3003.5,299.6,VALID
2026-09-08 04:21:20.585,1500,1500,1500,1500,1500,1500,1500,1500,1500,0,0.0,0.0,0.0,439.54,4395.4,160.5,VALID,300.35,3003.5,299.6,VALID
2026-09-08 04:21:21.157,1500,1500,1500,1500,1500,1500,1500,1500,1500,0,0.0,0.0,0.0,439.54,4395.4,160.5,VALID,300.35,3003.5,299.6,VALID
2026-09-08 04:21:21.665,1500,1500,1500,1500,1500,1500,1500,1500,1500,0,0.0,0.0,0.0,439.54,4395.4,160.5,VALID,300.35,3003.5,299.6,VALID
2026-09-08 04:21:22.235,1500,1500,1500,1500,1500,1500,1500,1500,1500,0,0.0,0.0,0.0,439.54,4395.4,160.5,VALID,300.35,3003.5,299.6,VALID
2026-09-08 04:21:22.746,1500,1500,1500,1500,1500,1500,1500,1500,1500,0,0.0,0.0,0.0,439.54,4395.4,160.5,VALID,300.35,3003.5,299.6,VALID
2026-09-08 04:21:23.308,1500,1500,1500,1500,1500,1500,1500,1500,1500,0,0.0,0.0,0.0,439.54,4395.4,160.5,VALID,300.35,3003.5,299.6,VALID
2026-09-08 04:21:23.863,1500,1500,1500,1500,1500,1500,1500,1500,1500,0,0.0,0.0,0.0,439.54,4395.4,160.5,VALID,300.35,3003.5,299.6,VALID
2026-09-08 04:21:24.373,1500,1500,1500,1500,1500,1500,1500,1500,1500,0,0.0,0.0,0.0,439.54,4395.4,160.5,VALID,300.35,3003.5,299.6,VALID
2026-09-08 04:21:24.933,1500,1500,1500,1500,1500,1500,1500,1500,1500,0,0.0,0.0,0.0,439.54,4395.4,160.5,VALID,300.35,3003.5,299.6,VALID
2026-09-08 04:21:25.435,1500,1500,1500,1500,1500,1500,1500,1500,1500,0,0.0,0.0,0.0,439.54,4395.4,160.5,VALID,300.35,3003.5,299.6,VALID
2026-09-08 04:21:25.977,1500,1500,1500,1500,1500,1500,1500,1500,1500,0,0.0,0.0,0.0,439.54,4395.4,160.5,VALID,300.35,3003.5,299.6,VALID
2026-09-08 04:21:26.507,1500,1500,1500,1500,1500,1500,1500,1500,1500,0,0.0,0.0,0.0,439.54,4395.4,160.5,VALID,300.35,3003.5,299.6,VALID
2026-09-08 04:21:27.084,1500,1500,1500,1500,1500,1500,1500,1500,1500,0,0.0,0.0,0.0,439.54,4395.4,160.5,VALID,300.35,3003.5,299.6,VALID
2026-09-08 04:21:27.599,1500,1500,1500,1500,1500,1500,1500,1500,1500,0,0.0,0.0,0.0,439.54,4395.4,160.5,VALID,300.35,3003.5,299.6,VALID
2026-09-08 04:21:28.169,1500,1500,1500,1500,1500,1500,1500,1500,1500,0,0.0,0.0,0.0,439.54,4395.4,160.5,VALID,300.35,3003.5,299.6,VALID
2026-09-08 04:21:28.670,1500,1500,1500,1500,1500,1500,1500,1500,1500,0,0.0,0.0,0.0,439.54,4395.4,160.5,VALID,300.35,3003.5,299.6,VALID
2026-09-08 04:21:29.184,1500,1500,1500,1500,1500,1500,1500,1500,1500,0,0.0,0.0,0.0,439.54,4395.4,160.5,VALID,300.35,3003.5,299.6,VALID
2026-09-08 04:21:29.728,1500,1500,1500,1500,1500,1500,1500,1500,1500,0,0.0,0.0,0.0,439.54,4395.4,160.5,VALID,300.35,3003.5,299.6,VALID
2026-09-08 04:21:30.232,1500,1500,1500,1500,1500,1500,1500,1500,1500,0,0.0,0.0,0.0,439.54,4395.4,160.5,VALID,300.35,3003.5,299.6,VALID
2026-09-08 04:21:30.811,1500,1500,1500,1500,1500,1500,1500,1500,1500,0,0.0,0.0,0.0,439.54,4395.4,160.5,VALID,300.35,3003.5,299.6,VALID
2026-09-08 04:21:31.327,1500,1500,1500,1500,1500,1500,1500,1500,1500,0,0.0,0.0,0.0,439.54,4395.4,160.5,VALID,300.35,3003.5,299.6,VALID
2026-09-08 04:21:31.844,1500,1500,1500,1500,1500,1500,1500,1500,1500,0,0.0,0.0,0.0,439.54,4395.4,160.5,VALID,300.35,3003.5,299.6,VALID
2026-09-08 04:21:32.425,1500,1500,1500,1500,1500,1500,1500,1500,1500,0,0.0,0.0,0.0,439.54,4395.4,160.5,VALID,300.35,3003.5,299.6,VALID
2026-09-08 04:21:32.955,1500,1500,1500,1500,1500,1500,1500,1500,1500,0,0.0,0.0,0.0,439.54,4395.4,160.5,VALID,300.35,3003.5,299.6,VALID
2026-09-08 04:21:33.515,1500,1500,1500,1500,1500,1500,1500,1500,1500,0,0.0,0.0,0.0,439.54,4395.4,160.5,VALID,300.35,3003.5,299.6,VALID
2026-09-08 04:21:34.062,1500,1500,1500,1500,1500,1500,1500,1500,1500,0,0.0,0.0,0.0,439.54,4395.4,160.5,VALID,300.35,3003.5,299.6,VALID
2026-09-08 04:21:34.584,1500,1500,1500,1500,1500,1500,1500,1500,1500,0,0.0,0.0,0.0,439.54,4395.4,160.5,VALID,300.35,3003.5,299.6,VALID
2026-09-08 04:21:35.145,1500,1500,1500,1500,1500,1500,1500,1500,1500,0,0.0,0.0,0.0,439.54,4395.4,160.5,VALID,300.35,3003.5,299.6,VALID
2026-09-08 04:21:35.673,1500,1500,1500,1500,1500,1500,1500,1500,1500,0,0.0,0.0,0.0,439.54,4395.4,160.5,VALID,300.35,3003.5,299.6,VALID
2026-09-08 04:21:36.211,1500,1500,1500,1500,1500,1500,1500,1500,1500,0,0.0,0.0,0.0,439.54,4395.4,160.5,VALID,300.35,3003.5,299.6,VALID
2026-09-08 04:21:36.757,1500,1500,1500,1500,1500,1500,1500,1500,1500,0,0.0,0.0,0.0,439.54,4395.4,160.5,VALID,300.35,3003.5,299.6,VALID
2026-09-08 04:21:37.364,1500,1500,1500,1500,1500,1500,1500,1500,1500,0,0.0,0.0,0.0,439.54,4395.4,160.5,VALID,300.35,3003.5,299.6,VALID
2026-09-08 04:21:37.921,1500,1500,1500,1500,1500,1500,1500,1500,1500,0,0.0,0.0,0.0,439.54,4395.4,160.5,VALID,300.35,3003.5,299.6,VALID
2026-09-08 04:21:38.453,1500,1500,1500,1500,1500,1500,1500,1500,1500,0,0.0,0.0,0.0,439.54,4395.4,160.5,VALID,300.35,3003.5,299.6,VALID
2026-09-08 04:21:38.995,1500,1500,1500,1500,1500,1500,1500,1500,1500,0,0.0,0.0,0.0,439.54,4395.4,160.5,VALID,300.35,3003.5,299.6,VALID
2026-09-08 04:21:39.496,1500,1500,1500,1500,1500,1500,1500,1500,1500,0,0.0,0.0,0.0,439.54,4395.4,160.5,VALID,300.35,3003.5,299.6,VALID
2026-09-08 04:21:39.997,1500,1500,1500,1500,1500,1500,1500,1500,1500,0,0.0,0.0,0.0,439.54,4395.4,160.5,VALID,300.35,3003.5,299.6,VALID
2026-09-08 04:21:40.541,1500,1500,1500,1500,1500,1500,1500,1500,1500,0,0.0,0.0,0.0,439.54,4395.4,160.5,VALID,300.35,3003.5,299.6,VALID
2026-09-08 04:21:41.100,1500,1500,1500,1500,1500,1500,1500,1500,1500,0,0.0,0.0,0.0,439.54,4395.4,160.5,VALID,300.35,3003.5,299.6,VALID
2026-09-08 04:21:41.656,1500,1500,1500,1500,1500,1500,1500,1500,1500,0,0.0,0.0,0.0,439.54,4395.4,160.5,VALID,300.35,3003.5,299.6,VALID
2026-09-08 04:21:42.198,1500,1500,1500,1500,1500,1500,1500,1500,1500,0,0.0,0.0,0.0,439.54,4395.4,160.5,VALID,300.35,3003.5,299.6,VALID
2026-09-08 04:21:42.758,1500,1500,1500,1500,1500,1500,1500,1500,1500,0,0.0,0.0,0.0,439.54,4395.4,160.5,VALID,300.35,3003.5,299.6,VALID
2026-09-08 04:21:43.323,1500,1500,1500,1500,1500,1500,1500,1500,1500,0,0.0,0.0,0.0,439.54,4395.4,160.5,VALID,300.35,3003.5,299.6,VALID
2026-09-08 04:21:43.904,1500,1500,1500,1500,1500,1500,1500,1500,1500,0,0.0,0.0,0.0,439.54,4395.4,160.5,VALID,300.35,3003.5,299.6,VALID
2026-09-08 04:21:44.422,1500,1500,1500,1500,1500,1500,1500,1500,1500,0,0.0,0.0,0.0,439.54,4395.4,160.5,VALID,300.35,3003.5,299.6,VALID
2026-09-08 04:21:44.971,1500,1500,1500,1500,1500,1500,1500,1500,1500,0,0.0,0.0,0.0,439.54,4395.4,160.5,VALID,300.35,3003.5,299.6,VALID
2026-09-08 04:21:45.496,1500,1500,1500,1500,1500,1500,1500,1500,1500,0,0.0,0.0,0.0,439.54,4395.4,160.5,VALID,300.35,3003.5,299.6,VALID
2026-09-08 04:21:45.996,1500,1500,1500,1500,1500,1500,1500,1500,1500,0,0.0,0.0,0.0,439.54,4395.4,160.5,VALID,300.35,3003.5,299.6,VALID
2026-09-08 04:21:46.504,1500,1500,1500,1500,1500,1500,1500,1500,1500,0,0.0,0.0,0.0,439.54,4395.4,160.5,VALID,300.35,3003.5,299.6,VALID
2026-09-08 04:21:47.005,1500,1500,1500,1500,1500,1500,1500,1500,1500,0,0.0,0.0,0.0,439.54,4395.4,160.5,VALID,300.35,3003.5,299.6,VALID
2026-09-08 04:21:47.558,1500,1500,1500,1500,1500,1500,1500,1500,1500,0,0.0,0.0,0.0,439.54,4395.4,160.5,VALID,300.35,3003.5,299.6,VALID
2026-09-08 04:21:48.120,1500,1500,1500,1500,1500,1500,1500,1500,1500,0,0.0,0.0,0.0,439.54,4395.4,160.5,VALID,300.35,3003.5,299.6,VALID
2026-09-08 04:21:48.715,1500,1500,1500,1500,1500,1500,1500,1500,1500,0,0.0,0.0,0.0,439.54,4395.4,160.5,VALID,300.35,3003.5,299.6,VALID
2026-09-08 04:21:49.246,1500,1500,1500,1500,1500,1500,1500,1500,1500,0,0.0,0.0,0.0,439.54,4395.4,160.5,VALID,300.35,3003.5,299.6,VALID
2026-09-08 04:21:49.807,1500,1500,1500,1500,1500,1500,1500,1500,1500,0,0.0,0.0,0.0,439.54,4395.4,160.5,VALID,300.35,3003.5,299.6,VALID
2026-09-08 04:21:50.347,1500,1500,1500,1500,1500,1500,1500,1500,1500,0,0.0,0.0,0.0,439.54,4395.4,160.5,VALID,300.35,3003.5,299.6,VALID
2026-09-08 04:21:50.908,1500,1500,1500,1500,1500,1500,1500,1500,1500,0,0.0,0.0,0.0,439.54,4395.4,160.5,VALID,300.35,3003.5,299.6,VALID
2026-09-08 04:21:51.435,1500,1500,1500,1500,1500,1500,1500,1500,1500,0,0.0,0.0,0.0,439.54,4395.4,160.5,VALID,300.35,3003.5,299.6,VALID
2026-09-08 04:21:52.013,1500,1500,1500,1500,1500,1500,1500,1500,1500,0,0.0,0.0,0.0,439.54,4395.4,160.5,VALID,300.35,3003.5,299.6,VALID
2026-09-08 04:21:52.527,1500,1500,1500,1500,1500,1500,1500,1500,1500,0,0.0,0.0,0.0,439.54,4395.4,160.5,VALID,300.35,3003.5,299.6,VALID
2026-09-08 04:21:53.050,1500,1500,1500,1500,1500,1500,1500,1500,1500,0,0.0,0.0,0.0,439.54,4395.4,160.5,VALID,300.35,3003.5,299.6,VALID
2026-09-08 04:21:53.562,1500,1500,1500,1500,1500,1500,1500,1500,1500,0,0.0,0.0,0.0,439.54,4395.4,160.5,VALID,300.35,3003.5,299.6,VALID
2026-09-08 04:21:54.080,1500,1500,1500,1500,1500,1500,1500,1500,1500,0,0.0,0.0,0.0,439.54,4395.4,160.5,VALID,300.35,3003.5,299.6,VALID
2026-09-08 04:21:54.632,1500,1500,1500,1500,1500,1500,1500,1500,1500,0,0.0,0.0,0.0,439.54,4395.4,160.5,VALID,300.35,3003.5,299.6,VALID
2026-09-08 04:21:55.195,1500,1500,1500,1500,1500,1500,1500,1500,1500,0,0.0,0.0,0.0,439.54,4395.4,160.5,VALID,300.35,3003.5,299.6,VALID
2026-09-08 04:21:55.711,1500,1500,1500,1500,1500,1500,1500,1500,1500,0,0.0,0.0,0.0,439.54,4395.4,160.5,VALID,300.35,3003.5,299.6,VALID
2026-09-08 04:21:56.215,1500,1500,1500,1500,1500,1500,1500,1500,1500,0,0.0,0.0,0.0,439.54,4395.4,160.5,VALID,300.35,3003.5,299.6,VALID
2026-09-08 04:21:56.725,1500,1500,1500,1500,1500,1500,1500,1500,1500,0,0.0,0.0,0.0,439.54,4395.4,160.5,VALID,300.35,3003.5,299.6,VALID
2026-09-08 04:21:57.272,1500,1500,1500,1500,1500,1500,1500,1500,1500,0,0.0,0.0,0.0,439.54,4395.4,160.5,VALID,300.35,3003.5,299.6,VALID
2026-09-08 04:21:57.803,1500,1500,1500,1500,1500,1500,1500,1500,1500,0,0.0,0.0,0.0,439.54,4395.4,160.5,VALID,300.35,3003.5,299.6,VALID
2026-09-08 04:21:58.399,1500,1500,1500,1500,1500,1500,1500,1500,1500,0,0.0,0.0,0.0,439.54,4395.4,160.5,VALID,300.35,3003.5,299.6,VALID
2026-09-08 04:21:58.907,1500,1500,1500,1500,1500,1500,1500,1500,1500,0,0.0,0.0,0.0,439.54,4395.4,160.5,VALID,300.35,3003.5,299.6,VALID
2026-09-08 04:21:59.430,1500,1500,1500,1500,1500,1500,1500,1500,1500,0,0.0,0.0,0.0,439.54,4395.4,160.5,VALID,300.35,3003.5,299.6,VALID
2026-09-08 04:22:00.015,1500,1500,1500,1500,1500,1500,1500,1500,1500,0,0.0,0.0,0.0,439.54,4395.4,160.5,VALID,300.35,3003.5,299.6,VALID
2026-09-08 04:22:00.588,1500,1500,1500,1500,1500,1500,1500,1500,1500,0,0.0,0.0,0.0,439.54,4395.4,160.5,VALID,300.35,3003.5,299.6,VALID
2026-09-08 04:22:01.101,1500,1500,1500,1500,1500,1500,1500,1500,1500,0,0.0,0.0,0.0,439.54,4395.4,160.5,VALID,300.35,3003.5,299.6,VALID
2026-09-08 04:22:01.659,1500,1500,1500,1500,1500,1500,1500,1500,1500,0,0.0,0.0,0.0,439.54,4395.4,160.5,VALID,300.35,3003.5,299.6,VALID
2026-09-08 04:22:02.172,1500,1500,1500,1500,1500,1500,1500,1500,1500,0,0.0,0.0,0.0,439.54,4395.4,160.5,VALID,300.35,3003.5,299.6,VALID
2026-09-08 04:22:02.734,1500,1500,1500,1500,1500,1500,1500,1500,1500,0,0.0,0.0,0.0,439.54,4395.4,160.5,VALID,300.35,3003.5,299.6,VALID
2026-09-08 04:22:03.245,1500,1500,1500,1500,1500,1500,1500,1500,1500,0,0.0,0.0,0.0,439.54,4395.4,160.5,VALID,300.35,3003.5,299.6,VALID
2026-09-08 04:22:03.803,1500,1500,1500,1500,1500,1500,1500,1500,1500,0,0.0,0.0,0.0,439.54,4395.4,160.5,VALID,300.35,3003.5,299.6,VALID
2026-09-08 04:22:04.356,1500,1500,1500,1500,1500,1500,1500,1500,1500,0,0.0,0.0,0.0,439.54,4395.4,160.5,VALID,300.35,3003.5,299.6,VALID
2026-09-08 04:22:04.922,1500,1500,1500,1500,1500,1500,1500,1500,1500,0,0.0,0.0,0.0,439.54,4395.4,160.5,VALID,300.35,3003.5,299.6,VALID
2026-09-08 04:22:05.508,1500,1500,1500,1500,1500,1500,1500,1500,1500,0,0.0,0.0,0.0,439.54,4395.4,160.5,VALID,300.35,3003.5,299.6,VALID
2026-09-08 04:22:06.091,1500,1500,1500,1500,1500,1500,1500,1500,1500,0,0.0,0.0,0.0,439.54,4395.4,160.5,VALID,300.35,3003.5,299.6,VALID
2026-09-08 04:22:06.667,1500,1500,1500,1500,1500,1500,1500,1500,1500,0,0.0,0.0,0.0,439.54,4395.4,160.5,VALID,300.35,3003.5,299.6,VALID
2026-09-08 04:22:07.244,1500,1500,1500,1500,1500,1500,1500,1500,1500,0,0.0,0.0,0.0,439.54,4395.4,160.5,VALID,300.35,3003.5,299.6,VALID
2026-09-08 04:22:07.837,1500,1500,1500,1500,1500,1500,1500,1500,1500,0,0.0,0.0,0.0,439.54,4395.4,160.5,VALID,300.35,3003.5,299.6,VALID
2026-09-08 04:22:08.409,1500,1500,1500,1500,1500,1500,1500,1500,1500,0,0.0,0.0,0.0,439.54,4395.4,160.5,VALID,300.35,3003.5,299.6,VALID
2026-09-08 04:22:08.970,1500,1500,1500,1500,1500,1500,1500,1500,1500,0,0.0,0.0,0.0,439.54,4395.4,160.5,VALID,300.35,3003.5,299.6,VALID
2026-09-08 04:22:09.500,1500,1500,1500,1500,1500,1500,1500,1500,1500,0,0.0,0.0,0.0,439.54,4395.4,160.5,VALID,300.35,3003.5,299.6,VALID
2026-09-08 04:22:10.030,1500,1500,1500,1500,1500,1500,1500,1500,1500,0,0.0,0.0,0.0,439.54,4395.4,160.5,VALID,300.35,3003.5,299.6,VALID
2026-09-08 04:22:10.598,1500,1500,1500,1500,1500,1500,1500,1500,1500,0,0.0,0.0,0.0,439.54,4395.4,160.5,VALID,300.35,3003.5,299.6,VALID
2026-09-08 04:22:11.183,1500,1500,1500,1500,1500,1500,1500,1500,1500,0,0.0,0.0,0.0,439.54,4395.4,160.5,VALID,300.35,3003.5,299.6,VALID
2026-09-08 04:22:11.699,1500,1500,1500,1500,1500,1500,1500,1500,1500,0,0.0,0.0,0.0,439.54,4395.4,160.5,VALID,300.35,3003.5,299.6,VALID
2026-09-08 04:22:12.205,1500,1500,1500,1500,1500,1500,1500,1500,1500,0,0.0,0.0,0.0,439.54,4395.4,160.5,VALID,300.35,3003.5,299.6,VALID
2026-09-08 04:22:12.770,1500,1500,1500,1500,1500,1500,1500,1500,1500,0,0.0,0.0,0.0,439.54,4395.4,160.5,VALID,300.35,3003.5,299.6,VALID
2026-09-08 04:22:13.276,1500,1500,1500,1500,1500,1500,1500,1500,1500,0,0.0,0.0,0.0,439.54,4395.4,160.5,VALID,300.35,3003.5,299.6,VALID
2026-09-08 04:22:13.817,1500,1500,1500,1500,1500,1500,1500,1500,1500,0,0.0,0.0,0.0,439.54,4395.4,160.5,VALID,300.35,3003.5,299.6,VALID
2026-09-08 04:22:14.331,1500,1500,1500,1500,1500,1500,1500,1500,1500,0,0.0,0.0,0.0,439.54,4395.4,160.5,VALID,300.35,3003.5,299.6,VALID
2026-09-08 04:22:14.883,1500,1500,1500,1500,1500,1500,1500,1500,1500,0,0.0,0.0,0.0,439.54,4395.4,160.5,VALID,300.35,3003.5,299.6,VALID
2026-09-08 04:22:15.406,1500,1500,1500,1500,1500,1500,1500,1500,1500,0,0.0,0.0,0.0,439.54,4395.4,160.5,VALID,300.35,3003.5,299.6,VALID
2026-09-08 04:22:15.955,1500,1500,1500,1500,1500,1500,1500,1500,1500,0,0.0,0.0,0.0,439.54,4395.4,160.5,VALID,300.35,3003.5,299.6,VALID
2026-09-08 04:22:16.481,1500,1500,1500,1500,1500,1500,1500,1500,1500,0,0.0,0.0,0.0,439.54,4395.4,160.5,VALID,300.35,3003.5,299.6,VALID
2026-09-08 04:22:16.983,1500,1500,1500,1500,1500,1500,1500,1500,1500,0,0.0,0.0,0.0,439.54,4395.4,160.5,VALID,300.35,3003.5,299.6,VALID
2026-09-08 04:22:17.540,1500,1500,1500,1500,1500,1500,1500,1500,1500,0,0.0,0.0,0.0,439.54,4395.4,160.5,VALID,300.35,3003.5,299.6,VALID
2026-09-08 04:22:18.068,1500,1500,1500,1500,1500,1500,1500,1500,1500,0,0.0,0.0,0.0,439.54,4395.4,160.5,VALID,300.35,3003.5,299.6,VALID
2026-09-08 04:22:18.572,1500,1500,1500,1500,1500,1500,1500,1500,1500,0,0.0,0.0,0.0,439.54,4395.4,160.5,VALID,300.35,3003.5,299.6,VALID
2026-09-08 04:22:19.133,1500,1500,1500,1500,1500,1500,1500,1500,1500,0,0.0,0.0,0.0,439.54,4395.4,160.5,VALID,300.35,3003.5,299.6,VALID
2026-09-08 04:22:19.663,1500,1500,1500,1500,1500,1500,1500,1500,1500,0,0.0,0.0,0.0,439.54,4395.4,160.5,VALID,300.35,3003.5,299.6,VALID
2026-09-08 04:22:20.207,1500,1500,1500,1500,1500,1500,1500,1500,1500,0,0.0,0.0,0.0,439.54,4395.4,160.5,VALID,300.35,3003.5,299.6,VALID
2026-09-08 04:22:20.796,1500,1500,1500,1500,1500,1500,1500,1500,1500,0,0.0,0.0,0.0,439.54,4395.4,160.5,VALID,300.35,3003.5,299.6,VALID
2026-09-08 04:22:21.296,1500,1500,1500,1500,1500,1500,1500,1500,1500,0,0.0,0.0,0.0,439.54,4395.4,160.5,VALID,300.35,3003.5,299.6,VALID
2026-09-08 04:22:21.861,1500,1500,1500,1500,1500,1500,1500,1500,1500,0,0.0,0.0,0.0,439.54,4395.4,160.5,VALID,300.35,3003.5,299.6,VALID
2026-09-08 04:22:22.370,1500,1500,1500,1500,1500,1500,1500,1500,1500,0,0.0,0.0,0.0,439.54,4395.4,160.5,VALID,300.35,3003.5,299.6,VALID
2026-09-08 04:22:22.883,1500,1500,1500,1500,1500,1500,1500,1500,1500,0,0.0,0.0,0.0,439.54,4395.4,160.5,VALID,300.35,3003.5,299.6,VALID
2026-09-08 04:22:23.425,1500,1500,1500,1500,1500,1500,1500,1500,1500,0,0.0,0.0,0.0,439.54,4395.4,160.5,VALID,300.35,3003.5,299.6,VALID
2026-09-08 04:22:23.927,1500,1500,1500,1500,1500,1500,1500,1500,1500,0,0.0,0.0,0.0,439.54,4395.4,160.5,VALID,300.35,3003.5,299.6,VALID
2026-09-08 04:22:24.443,1500,1500,1500,1500,1500,1500,1500,1500,1500,0,0.0,0.0,0.0,439.54,4395.4,160.5,VALID,300.35,3003.5,299.6,VALID
2026-09-08 04:22:24.993,1500,1500,1500,1500,1500,1500,1500,1500,1500,0,0.0,0.0,0.0,439.54,4395.4,160.5,VALID,300.35,3003.5,299.6,VALID
2026-09-08 04:22:25.541,1500,1500,1500,1500,1500,1500,1500,1500,1500,0,0.0,0.0,0.0,439.54,4395.4,160.5,VALID,300.35,3003.5,299.6,VALID
2026-09-08 04:22:26.075,1500,1500,1500,1500,1500,1500,1500,1500,1500,0,0.0,0.0,0.0,439.54,4395.4,160.5,VALID,300.35,3003.5,299.6,VALID
2026-09-08 04:22:26.584,1500,1500,1500,1500,1500,1500,1500,1500,1500,0,0.0,0.0,0.0,439.54,4395.4,160.5,VALID,300.35,3003.5,299.6,VALID
2026-09-08 04:22:27.113,1500,1500,1500,1500,1500,1500,1500,1500,1500,0,0.0,0.0,0.0,439.54,4395.4,160.5,VALID,300.35,3003.5,299.6,VALID
2026-09-08 04:22:27.646,1500,1500,1500,1500,1500,1500,1500,1500,1500,0,0.0,0.0,0.0,439.54,4395.4,160.5,VALID,300.35,3003.5,299.6,VALID
2026-09-08 04:22:28.223,1500,1500,1500,1500,1500,1500,1500,1500,1500,0,0.0,0.0,0.0,439.54,4395.4,160.5,VALID,300.35,3003.5,299.6,VALID
